solid OpenSCAD_Model
  facet normal -0.99939 -0.0349305 0
    outer loop
      vertex -10.3167 -55.3722 0
      vertex -10.3 -55.85 0
      vertex -10.3 -55.85 9.525
    endloop
  endfacet
  facet normal -0.99939 -0.0349305 0
    outer loop
      vertex -10.3167 -55.3722 0
      vertex -10.3 -55.85 9.525
      vertex -10.3167 -55.3722 9.525
    endloop
  endfacet
  facet normal 0 0 -1
    outer loop
      vertex -10.3167 -55.3722 0
      vertex 221.789 -55.85 0
      vertex -10.3 -55.85 0
    endloop
  endfacet
  facet normal 0 0 -1
    outer loop
      vertex -10.3167 -55.3722 0
      vertex 221.806 -55.3722 0
      vertex 221.789 -55.85 0
    endloop
  endfacet
  facet normal 0 0 1
    outer loop
      vertex -10.3167 -55.3722 9.525
      vertex -10.3 -55.85 9.525
      vertex 221.789 -55.85 9.525
    endloop
  endfacet
  facet normal 0 0 1
    outer loop
      vertex -10.3167 -55.3722 9.525
      vertex 221.789 -55.85 9.525
      vertex 221.806 -55.3722 9.525
    endloop
  endfacet
  facet normal 0 0 -1
    outer loop
      vertex -10.3167 -56.3278 0
      vertex -10.3 -55.85 0
      vertex 221.789 -55.85 0
    endloop
  endfacet
  facet normal -0.99939 0.0349305 0
    outer loop
      vertex -10.3167 -56.3278 0
      vertex -10.3167 -56.3278 9.525
      vertex -10.3 -55.85 0
    endloop
  endfacet
  facet normal 0 0 -1
    outer loop
      vertex -10.3167 -56.3278 0
      vertex 221.789 -55.85 0
      vertex 221.806 -56.3278 0
    endloop
  endfacet
  facet normal -0.99939 0.0349305 0
    outer loop
      vertex -10.3167 -56.3278 9.525
      vertex -10.3 -55.85 9.525
      vertex -10.3 -55.85 0
    endloop
  endfacet
  facet normal 0 0 1
    outer loop
      vertex -10.3167 -56.3278 9.525
      vertex 221.789 -55.85 9.525
      vertex -10.3 -55.85 9.525
    endloop
  endfacet
  facet normal 0 0 1
    outer loop
      vertex -10.3167 -56.3278 9.525
      vertex 221.806 -56.3278 9.525
      vertex 221.789 -55.85 9.525
    endloop
  endfacet
  facet normal 0 0 -1
    outer loop
      vertex -10.3167 55.3722 0
      vertex -10.3 55.85 0
      vertex 221.789 55.85 0
    endloop
  endfacet
  facet normal -0.99939 0.0349305 0
    outer loop
      vertex -10.3167 55.3722 0
      vertex -10.3167 55.3722 9.525
      vertex -10.3 55.85 0
    endloop
  endfacet
  facet normal 0 0 -1
    outer loop
      vertex -10.3167 55.3722 0
      vertex 221.789 55.85 0
      vertex 221.806 55.3722 0
    endloop
  endfacet
  facet normal -0.99939 0.0349305 0
    outer loop
      vertex -10.3167 55.3722 9.525
      vertex -10.3 55.85 9.525
      vertex -10.3 55.85 0
    endloop
  endfacet
  facet normal 0 0 1
    outer loop
      vertex -10.3167 55.3722 9.525
      vertex 221.789 55.85 9.525
      vertex -10.3 55.85 9.525
    endloop
  endfacet
  facet normal 0 0 1
    outer loop
      vertex -10.3167 55.3722 9.525
      vertex 221.806 55.3722 9.525
      vertex 221.789 55.85 9.525
    endloop
  endfacet
  facet normal -0.99939 -0.0349305 0
    outer loop
      vertex -10.3167 56.3278 0
      vertex -10.3 55.85 0
      vertex -10.3 55.85 9.525
    endloop
  endfacet
  facet normal -0.99939 -0.0349305 0
    outer loop
      vertex -10.3167 56.3278 0
      vertex -10.3 55.85 9.525
      vertex -10.3167 56.3278 9.525
    endloop
  endfacet
  facet normal 0 0 -1
    outer loop
      vertex -10.3167 56.3278 0
      vertex 221.789 55.85 0
      vertex -10.3 55.85 0
    endloop
  endfacet
  facet normal 0 0 -1
    outer loop
      vertex -10.3167 56.3278 0
      vertex 221.806 56.3278 0
      vertex 221.789 55.85 0
    endloop
  endfacet
  facet normal 0 0 1
    outer loop
      vertex -10.3167 56.3278 9.525
      vertex -10.3 55.85 9.525
      vertex 221.789 55.85 9.525
    endloop
  endfacet
  facet normal 0 0 1
    outer loop
      vertex -10.3167 56.3278 9.525
      vertex 221.789 55.85 9.525
      vertex 221.806 56.3278 9.525
    endloop
  endfacet
  facet normal -0.994517 -0.104576 0
    outer loop
      vertex -10.3667 -54.8967 0
      vertex -10.3167 -55.3722 0
      vertex -10.3167 -55.3722 9.525
    endloop
  endfacet
  facet normal -0.994517 -0.104576 0
    outer loop
      vertex -10.3667 -54.8967 0
      vertex -10.3167 -55.3722 9.525
      vertex -10.3667 -54.8967 9.525
    endloop
  endfacet
  facet normal 0 0 -1
    outer loop
      vertex -10.3667 -54.8967 0
      vertex 221.806 -55.3722 0
      vertex -10.3167 -55.3722 0
    endloop
  endfacet
  facet normal 0 0 -1
    outer loop
      vertex -10.3667 -54.8967 0
      vertex 221.856 -54.8967 0
      vertex 221.806 -55.3722 0
    endloop
  endfacet
  facet normal 0 0 1
    outer loop
      vertex -10.3667 -54.8967 9.525
      vertex -10.3167 -55.3722 9.525
      vertex 221.806 -55.3722 9.525
    endloop
  endfacet
  facet normal 0 0 1
    outer loop
      vertex -10.3667 -54.8967 9.525
      vertex 221.806 -55.3722 9.525
      vertex 221.856 -54.8967 9.525
    endloop
  endfacet
  facet normal 0 0 -1
    outer loop
      vertex -10.3667 -56.8033 0
      vertex -10.3167 -56.3278 0
      vertex 221.806 -56.3278 0
    endloop
  endfacet
  facet normal -0.994517 0.104576 0
    outer loop
      vertex -10.3667 -56.8033 0
      vertex -10.3667 -56.8033 9.525
      vertex -10.3167 -56.3278 0
    endloop
  endfacet
  facet normal 0 0 -1
    outer loop
      vertex -10.3667 -56.8033 0
      vertex 221.806 -56.3278 0
      vertex 221.856 -56.8033 0
    endloop
  endfacet
  facet normal -0.994517 0.104576 0
    outer loop
      vertex -10.3667 -56.8033 9.525
      vertex -10.3167 -56.3278 9.525
      vertex -10.3167 -56.3278 0
    endloop
  endfacet
  facet normal 0 0 1
    outer loop
      vertex -10.3667 -56.8033 9.525
      vertex 221.806 -56.3278 9.525
      vertex -10.3167 -56.3278 9.525
    endloop
  endfacet
  facet normal 0 0 1
    outer loop
      vertex -10.3667 -56.8033 9.525
      vertex 221.856 -56.8033 9.525
      vertex 221.806 -56.3278 9.525
    endloop
  endfacet
  facet normal 0 0 -1
    outer loop
      vertex -10.3667 54.8967 0
      vertex -10.3167 55.3722 0
      vertex 221.806 55.3722 0
    endloop
  endfacet
  facet normal -0.994517 0.104576 0
    outer loop
      vertex -10.3667 54.8967 0
      vertex -10.3667 54.8967 9.525
      vertex -10.3167 55.3722 0
    endloop
  endfacet
  facet normal 0 0 -1
    outer loop
      vertex -10.3667 54.8967 0
      vertex 221.806 55.3722 0
      vertex 221.856 54.8967 0
    endloop
  endfacet
  facet normal -0.994517 0.104576 0
    outer loop
      vertex -10.3667 54.8967 9.525
      vertex -10.3167 55.3722 9.525
      vertex -10.3167 55.3722 0
    endloop
  endfacet
  facet normal 0 0 1
    outer loop
      vertex -10.3667 54.8967 9.525
      vertex 221.806 55.3722 9.525
      vertex -10.3167 55.3722 9.525
    endloop
  endfacet
  facet normal 0 0 1
    outer loop
      vertex -10.3667 54.8967 9.525
      vertex 221.856 54.8967 9.525
      vertex 221.806 55.3722 9.525
    endloop
  endfacet
  facet normal -0.994517 -0.104576 0
    outer loop
      vertex -10.3667 56.8033 0
      vertex -10.3167 56.3278 0
      vertex -10.3167 56.3278 9.525
    endloop
  endfacet
  facet normal -0.994517 -0.104576 0
    outer loop
      vertex -10.3667 56.8033 0
      vertex -10.3167 56.3278 9.525
      vertex -10.3667 56.8033 9.525
    endloop
  endfacet
  facet normal 0 0 -1
    outer loop
      vertex -10.3667 56.8033 0
      vertex 221.806 56.3278 0
      vertex -10.3167 56.3278 0
    endloop
  endfacet
  facet normal 0 0 -1
    outer loop
      vertex -10.3667 56.8033 0
      vertex 221.856 56.8033 0
      vertex 221.806 56.3278 0
    endloop
  endfacet
  facet normal 0 0 1
    outer loop
      vertex -10.3667 56.8033 9.525
      vertex -10.3167 56.3278 9.525
      vertex 221.806 56.3278 9.525
    endloop
  endfacet
  facet normal 0 0 1
    outer loop
      vertex -10.3667 56.8033 9.525
      vertex 221.806 56.3278 9.525
      vertex 221.856 56.8033 9.525
    endloop
  endfacet
  facet normal -0.984819 -0.173583 0
    outer loop
      vertex -10.4497 -54.4258 0
      vertex -10.3667 -54.8967 0
      vertex -10.3667 -54.8967 9.525
    endloop
  endfacet
  facet normal -0.984819 -0.173583 0
    outer loop
      vertex -10.4497 -54.4258 0
      vertex -10.3667 -54.8967 9.525
      vertex -10.4497 -54.4258 9.525
    endloop
  endfacet
  facet normal 0 0 -1
    outer loop
      vertex -10.4497 -54.4258 0
      vertex 221.856 -54.8967 0
      vertex -10.3667 -54.8967 0
    endloop
  endfacet
  facet normal 0 0 -1
    outer loop
      vertex -10.4497 -54.4258 0
      vertex 221.939 -54.4258 0
      vertex 221.856 -54.8967 0
    endloop
  endfacet
  facet normal 0 0 1
    outer loop
      vertex -10.4497 -54.4258 9.525
      vertex -10.3667 -54.8967 9.525
      vertex 221.856 -54.8967 9.525
    endloop
  endfacet
  facet normal 0 0 1
    outer loop
      vertex -10.4497 -54.4258 9.525
      vertex 221.856 -54.8967 9.525
      vertex 221.939 -54.4258 9.525
    endloop
  endfacet
  facet normal 0 0 -1
    outer loop
      vertex -10.4497 -57.2742 0
      vertex -10.3667 -56.8033 0
      vertex 221.856 -56.8033 0
    endloop
  endfacet
  facet normal -0.984819 0.173583 0
    outer loop
      vertex -10.4497 -57.2742 0
      vertex -10.4497 -57.2742 9.525
      vertex -10.3667 -56.8033 0
    endloop
  endfacet
  facet normal 0 0 -1
    outer loop
      vertex -10.4497 -57.2742 0
      vertex 221.856 -56.8033 0
      vertex 221.939 -57.2742 0
    endloop
  endfacet
  facet normal -0.984819 0.173583 0
    outer loop
      vertex -10.4497 -57.2742 9.525
      vertex -10.3667 -56.8033 9.525
      vertex -10.3667 -56.8033 0
    endloop
  endfacet
  facet normal 0 0 1
    outer loop
      vertex -10.4497 -57.2742 9.525
      vertex 221.856 -56.8033 9.525
      vertex -10.3667 -56.8033 9.525
    endloop
  endfacet
  facet normal 0 0 1
    outer loop
      vertex -10.4497 -57.2742 9.525
      vertex 221.939 -57.2742 9.525
      vertex 221.856 -56.8033 9.525
    endloop
  endfacet
  facet normal 0 0 -1
    outer loop
      vertex -10.4497 54.4258 0
      vertex -10.3667 54.8967 0
      vertex 221.856 54.8967 0
    endloop
  endfacet
  facet normal -0.984819 0.173583 0
    outer loop
      vertex -10.4497 54.4258 0
      vertex -10.4497 54.4258 9.525
      vertex -10.3667 54.8967 0
    endloop
  endfacet
  facet normal 0 0 -1
    outer loop
      vertex -10.4497 54.4258 0
      vertex 221.856 54.8967 0
      vertex 221.939 54.4258 0
    endloop
  endfacet
  facet normal -0.984819 0.173583 0
    outer loop
      vertex -10.4497 54.4258 9.525
      vertex -10.3667 54.8967 9.525
      vertex -10.3667 54.8967 0
    endloop
  endfacet
  facet normal 0 0 1
    outer loop
      vertex -10.4497 54.4258 9.525
      vertex 221.856 54.8967 9.525
      vertex -10.3667 54.8967 9.525
    endloop
  endfacet
  facet normal 0 0 1
    outer loop
      vertex -10.4497 54.4258 9.525
      vertex 221.939 54.4258 9.525
      vertex 221.856 54.8967 9.525
    endloop
  endfacet
  facet normal -0.984819 -0.173583 0
    outer loop
      vertex -10.4497 57.2742 0
      vertex -10.3667 56.8033 0
      vertex -10.3667 56.8033 9.525
    endloop
  endfacet
  facet normal -0.984819 -0.173583 0
    outer loop
      vertex -10.4497 57.2742 0
      vertex -10.3667 56.8033 9.525
      vertex -10.4497 57.2742 9.525
    endloop
  endfacet
  facet normal 0 0 -1
    outer loop
      vertex -10.4497 57.2742 0
      vertex 221.856 56.8033 0
      vertex -10.3667 56.8033 0
    endloop
  endfacet
  facet normal 0 0 -1
    outer loop
      vertex -10.4497 57.2742 0
      vertex 221.939 57.2742 0
      vertex 221.856 56.8033 0
    endloop
  endfacet
  facet normal 0 0 1
    outer loop
      vertex -10.4497 57.2742 9.525
      vertex -10.3667 56.8033 9.525
      vertex 221.856 56.8033 9.525
    endloop
  endfacet
  facet normal 0 0 1
    outer loop
      vertex -10.4497 57.2742 9.525
      vertex 221.856 56.8033 9.525
      vertex 221.939 57.2742 9.525
    endloop
  endfacet
  facet normal -0.970278 -0.241994 0
    outer loop
      vertex -10.5654 -53.9619 0
      vertex -10.4497 -54.4258 0
      vertex -10.4497 -54.4258 9.525
    endloop
  endfacet
  facet normal -0.970278 -0.241994 0
    outer loop
      vertex -10.5654 -53.9619 0
      vertex -10.4497 -54.4258 9.525
      vertex -10.5654 -53.9619 9.525
    endloop
  endfacet
  facet normal 0 0 -1
    outer loop
      vertex -10.5654 -53.9619 0
      vertex 221.939 -54.4258 0
      vertex -10.4497 -54.4258 0
    endloop
  endfacet
  facet normal 0 0 -1
    outer loop
      vertex -10.5654 -53.9619 0
      vertex 222.055 -53.9619 0
      vertex 221.939 -54.4258 0
    endloop
  endfacet
  facet normal 0 0 1
    outer loop
      vertex -10.5654 -53.9619 9.525
      vertex -10.4497 -54.4258 9.525
      vertex 221.939 -54.4258 9.525
    endloop
  endfacet
  facet normal 0 0 1
    outer loop
      vertex -10.5654 -53.9619 9.525
      vertex 221.939 -54.4258 9.525
      vertex 222.055 -53.9619 9.525
    endloop
  endfacet
  facet normal 0 0 -1
    outer loop
      vertex -10.5654 -57.7381 0
      vertex -10.4497 -57.2742 0
      vertex 221.939 -57.2742 0
    endloop
  endfacet
  facet normal -0.970278 0.241994 0
    outer loop
      vertex -10.5654 -57.7381 0
      vertex -10.5654 -57.7381 9.525
      vertex -10.4497 -57.2742 0
    endloop
  endfacet
  facet normal 0 0 -1
    outer loop
      vertex -10.5654 -57.7381 0
      vertex 221.939 -57.2742 0
      vertex 222.055 -57.7381 0
    endloop
  endfacet
  facet normal -0.970278 0.241994 0
    outer loop
      vertex -10.5654 -57.7381 9.525
      vertex -10.4497 -57.2742 9.525
      vertex -10.4497 -57.2742 0
    endloop
  endfacet
  facet normal 0 0 1
    outer loop
      vertex -10.5654 -57.7381 9.525
      vertex 221.939 -57.2742 9.525
      vertex -10.4497 -57.2742 9.525
    endloop
  endfacet
  facet normal 0 0 1
    outer loop
      vertex -10.5654 -57.7381 9.525
      vertex 222.055 -57.7381 9.525
      vertex 221.939 -57.2742 9.525
    endloop
  endfacet
  facet normal 0 0 -1
    outer loop
      vertex -10.5654 53.9619 0
      vertex -10.4497 54.4258 0
      vertex 221.939 54.4258 0
    endloop
  endfacet
  facet normal -0.970278 0.241994 0
    outer loop
      vertex -10.5654 53.9619 0
      vertex -10.5654 53.9619 9.525
      vertex -10.4497 54.4258 0
    endloop
  endfacet
  facet normal 0 0 -1
    outer loop
      vertex -10.5654 53.9619 0
      vertex 221.939 54.4258 0
      vertex 222.055 53.9619 0
    endloop
  endfacet
  facet normal -0.970278 0.241994 0
    outer loop
      vertex -10.5654 53.9619 9.525
      vertex -10.4497 54.4258 9.525
      vertex -10.4497 54.4258 0
    endloop
  endfacet
  facet normal 0 0 1
    outer loop
      vertex -10.5654 53.9619 9.525
      vertex 221.939 54.4258 9.525
      vertex -10.4497 54.4258 9.525
    endloop
  endfacet
  facet normal 0 0 1
    outer loop
      vertex -10.5654 53.9619 9.525
      vertex 222.055 53.9619 9.525
      vertex 221.939 54.4258 9.525
    endloop
  endfacet
  facet normal -0.970278 -0.241994 0
    outer loop
      vertex -10.5654 57.7381 0
      vertex -10.4497 57.2742 0
      vertex -10.4497 57.2742 9.525
    endloop
  endfacet
  facet normal -0.970278 -0.241994 0
    outer loop
      vertex -10.5654 57.7381 0
      vertex -10.4497 57.2742 9.525
      vertex -10.5654 57.7381 9.525
    endloop
  endfacet
  facet normal 0 0 -1
    outer loop
      vertex -10.5654 57.7381 0
      vertex 221.939 57.2742 0
      vertex -10.4497 57.2742 0
    endloop
  endfacet
  facet normal 0 0 -1
    outer loop
      vertex -10.5654 57.7381 0
      vertex 222.055 57.7381 0
      vertex 221.939 57.2742 0
    endloop
  endfacet
  facet normal 0 0 1
    outer loop
      vertex -10.5654 57.7381 9.525
      vertex -10.4497 57.2742 9.525
      vertex 221.939 57.2742 9.525
    endloop
  endfacet
  facet normal 0 0 1
    outer loop
      vertex -10.5654 57.7381 9.525
      vertex 221.939 57.2742 9.525
      vertex 222.055 57.7381 9.525
    endloop
  endfacet
  facet normal -0.951082 -0.308939 0
    outer loop
      vertex -10.7131 -53.5072 0
      vertex -10.5654 -53.9619 0
      vertex -10.5654 -53.9619 9.525
    endloop
  endfacet
  facet normal -0.951082 -0.308939 0
    outer loop
      vertex -10.7131 -53.5072 0
      vertex -10.5654 -53.9619 9.525
      vertex -10.7131 -53.5072 9.525
    endloop
  endfacet
  facet normal 0 0 -1
    outer loop
      vertex -10.7131 -53.5072 0
      vertex 222.055 -53.9619 0
      vertex -10.5654 -53.9619 0
    endloop
  endfacet
  facet normal 0 0 -1
    outer loop
      vertex -10.7131 -53.5072 0
      vertex 222.202 -53.5072 0
      vertex 222.055 -53.9619 0
    endloop
  endfacet
  facet normal 0 0 1
    outer loop
      vertex -10.7131 -53.5072 9.525
      vertex -10.5654 -53.9619 9.525
      vertex 222.055 -53.9619 9.525
    endloop
  endfacet
  facet normal 0 0 1
    outer loop
      vertex -10.7131 -53.5072 9.525
      vertex 222.055 -53.9619 9.525
      vertex 222.202 -53.5072 9.525
    endloop
  endfacet
  facet normal 0 0 -1
    outer loop
      vertex -10.7131 -58.1928 0
      vertex -10.5654 -57.7381 0
      vertex 222.055 -57.7381 0
    endloop
  endfacet
  facet normal -0.951082 0.308939 0
    outer loop
      vertex -10.7131 -58.1928 0
      vertex -10.7131 -58.1928 9.525
      vertex -10.5654 -57.7381 0
    endloop
  endfacet
  facet normal 0 0 -1
    outer loop
      vertex -10.7131 -58.1928 0
      vertex 222.055 -57.7381 0
      vertex 222.202 -58.1928 0
    endloop
  endfacet
  facet normal -0.951082 0.308939 0
    outer loop
      vertex -10.7131 -58.1928 9.525
      vertex -10.5654 -57.7381 9.525
      vertex -10.5654 -57.7381 0
    endloop
  endfacet
  facet normal 0 0 1
    outer loop
      vertex -10.7131 -58.1928 9.525
      vertex 222.055 -57.7381 9.525
      vertex -10.5654 -57.7381 9.525
    endloop
  endfacet
  facet normal 0 0 1
    outer loop
      vertex -10.7131 -58.1928 9.525
      vertex 222.202 -58.1928 9.525
      vertex 222.055 -57.7381 9.525
    endloop
  endfacet
  facet normal 0 0 -1
    outer loop
      vertex -10.7131 53.5072 0
      vertex -10.5654 53.9619 0
      vertex 222.055 53.9619 0
    endloop
  endfacet
  facet normal -0.951082 0.308939 0
    outer loop
      vertex -10.7131 53.5072 0
      vertex -10.7131 53.5072 9.525
      vertex -10.5654 53.9619 0
    endloop
  endfacet
  facet normal 0 0 -1
    outer loop
      vertex -10.7131 53.5072 0
      vertex 222.055 53.9619 0
      vertex 222.202 53.5072 0
    endloop
  endfacet
  facet normal -0.951082 0.308939 0
    outer loop
      vertex -10.7131 53.5072 9.525
      vertex -10.5654 53.9619 9.525
      vertex -10.5654 53.9619 0
    endloop
  endfacet
  facet normal 0 0 1
    outer loop
      vertex -10.7131 53.5072 9.525
      vertex 222.055 53.9619 9.525
      vertex -10.5654 53.9619 9.525
    endloop
  endfacet
  facet normal 0 0 1
    outer loop
      vertex -10.7131 53.5072 9.525
      vertex 222.202 53.5072 9.525
      vertex 222.055 53.9619 9.525
    endloop
  endfacet
  facet normal -0.951082 -0.308939 0
    outer loop
      vertex -10.7131 58.1928 0
      vertex -10.5654 57.7381 0
      vertex -10.5654 57.7381 9.525
    endloop
  endfacet
  facet normal -0.951082 -0.308939 0
    outer loop
      vertex -10.7131 58.1928 0
      vertex -10.5654 57.7381 9.525
      vertex -10.7131 58.1928 9.525
    endloop
  endfacet
  facet normal 0 0 -1
    outer loop
      vertex -10.7131 58.1928 0
      vertex 222.055 57.7381 0
      vertex -10.5654 57.7381 0
    endloop
  endfacet
  facet normal 0 0 -1
    outer loop
      vertex -10.7131 58.1928 0
      vertex 222.202 58.1928 0
      vertex 222.055 57.7381 0
    endloop
  endfacet
  facet normal 0 0 1
    outer loop
      vertex -10.7131 58.1928 9.525
      vertex -10.5654 57.7381 9.525
      vertex 222.055 57.7381 9.525
    endloop
  endfacet
  facet normal 0 0 1
    outer loop
      vertex -10.7131 58.1928 9.525
      vertex 222.055 57.7381 9.525
      vertex 222.202 58.1928 9.525
    endloop
  endfacet
  facet normal -0.927217 -0.374525 0
    outer loop
      vertex -10.8922 -53.0638 0
      vertex -10.7131 -53.5072 0
      vertex -10.7131 -53.5072 9.525
    endloop
  endfacet
  facet normal -0.927217 -0.374525 0
    outer loop
      vertex -10.8922 -53.0638 0
      vertex -10.7131 -53.5072 9.525
      vertex -10.8922 -53.0638 9.525
    endloop
  endfacet
  facet normal 0 0 -1
    outer loop
      vertex -10.8922 -53.0638 0
      vertex -10.8922 53.0638 0
      vertex 222.382 -53.0638 0
    endloop
  endfacet
  facet normal 0 0 -1
    outer loop
      vertex -10.8922 -53.0638 0
      vertex 222.202 -53.5072 0
      vertex -10.7131 -53.5072 0
    endloop
  endfacet
  facet normal 0 0 -1
    outer loop
      vertex -10.8922 -53.0638 0
      vertex 222.382 -53.0638 0
      vertex 222.202 -53.5072 0
    endloop
  endfacet
  facet normal 0 0 1
    outer loop
      vertex -10.8922 -53.0638 9.525
      vertex -10.7131 -53.5072 9.525
      vertex 222.202 -53.5072 9.525
    endloop
  endfacet
  facet normal 0 0 1
    outer loop
      vertex -10.8922 -53.0638 9.525
      vertex 222.202 -53.5072 9.525
      vertex 222.382 -53.0638 9.525
    endloop
  endfacet
  facet normal 0 0 1
    outer loop
      vertex -10.8922 -53.0638 9.525
      vertex 222.382 -53.0638 9.525
      vertex -10.8922 53.0638 9.525
    endloop
  endfacet
  facet normal 0 0 -1
    outer loop
      vertex -10.8922 -58.6361 0
      vertex -10.7131 -58.1928 0
      vertex 222.202 -58.1928 0
    endloop
  endfacet
  facet normal -0.927187 0.374598 0
    outer loop
      vertex -10.8922 -58.6361 0
      vertex -10.8922 -58.6361 9.525
      vertex -10.7131 -58.1928 0
    endloop
  endfacet
  facet normal 0 0 -1
    outer loop
      vertex -10.8922 -58.6361 0
      vertex 222.202 -58.1928 0
      vertex 222.382 -58.6361 0
    endloop
  endfacet
  facet normal -0.927187 0.374598 0
    outer loop
      vertex -10.8922 -58.6361 9.525
      vertex -10.7131 -58.1928 9.525
      vertex -10.7131 -58.1928 0
    endloop
  endfacet
  facet normal 0 0 1
    outer loop
      vertex -10.8922 -58.6361 9.525
      vertex 222.202 -58.1928 9.525
      vertex -10.7131 -58.1928 9.525
    endloop
  endfacet
  facet normal 0 0 1
    outer loop
      vertex -10.8922 -58.6361 9.525
      vertex 222.382 -58.6361 9.525
      vertex 222.202 -58.1928 9.525
    endloop
  endfacet
  facet normal 0 0 -1
    outer loop
      vertex -10.8922 53.0638 0
      vertex -10.7131 53.5072 0
      vertex 222.202 53.5072 0
    endloop
  endfacet
  facet normal -0.927217 0.374525 0
    outer loop
      vertex -10.8922 53.0638 0
      vertex -10.8922 53.0638 9.525
      vertex -10.7131 53.5072 0
    endloop
  endfacet
  facet normal 0 0 -1
    outer loop
      vertex -10.8922 53.0638 0
      vertex 222.202 53.5072 0
      vertex 222.382 53.0638 0
    endloop
  endfacet
  facet normal 0 0 -1
    outer loop
      vertex -10.8922 53.0638 0
      vertex 222.382 53.0638 0
      vertex 222.382 -53.0638 0
    endloop
  endfacet
  facet normal -0.927217 0.374525 0
    outer loop
      vertex -10.8922 53.0638 9.525
      vertex -10.7131 53.5072 9.525
      vertex -10.7131 53.5072 0
    endloop
  endfacet
  facet normal 0 0 1
    outer loop
      vertex -10.8922 53.0638 9.525
      vertex 222.202 53.5072 9.525
      vertex -10.7131 53.5072 9.525
    endloop
  endfacet
  facet normal 0 0 1
    outer loop
      vertex -10.8922 53.0638 9.525
      vertex 222.382 -53.0638 9.525
      vertex 222.382 53.0638 9.525
    endloop
  endfacet
  facet normal 0 0 1
    outer loop
      vertex -10.8922 53.0638 9.525
      vertex 222.382 53.0638 9.525
      vertex 222.202 53.5072 9.525
    endloop
  endfacet
  facet normal -0.927187 -0.374598 0
    outer loop
      vertex -10.8922 58.6361 0
      vertex -10.7131 58.1928 0
      vertex -10.7131 58.1928 9.525
    endloop
  endfacet
  facet normal -0.927187 -0.374598 0
    outer loop
      vertex -10.8922 58.6361 0
      vertex -10.7131 58.1928 9.525
      vertex -10.8922 58.6361 9.525
    endloop
  endfacet
  facet normal 0 0 -1
    outer loop
      vertex -10.8922 58.6361 0
      vertex 222.202 58.1928 0
      vertex -10.7131 58.1928 0
    endloop
  endfacet
  facet normal 0 0 -1
    outer loop
      vertex -10.8922 58.6361 0
      vertex 222.382 58.6361 0
      vertex 222.202 58.1928 0
    endloop
  endfacet
  facet normal 0 0 1
    outer loop
      vertex -10.8922 58.6361 9.525
      vertex -10.7131 58.1928 9.525
      vertex 222.202 58.1928 9.525
    endloop
  endfacet
  facet normal 0 0 1
    outer loop
      vertex -10.8922 58.6361 9.525
      vertex 222.202 58.1928 9.525
      vertex 222.382 58.6361 9.525
    endloop
  endfacet
  facet normal -0.898776 -0.438407 0
    outer loop
      vertex -11.1018 -52.6341 0
      vertex -10.8922 -53.0638 0
      vertex -10.8922 -53.0638 9.525
    endloop
  endfacet
  facet normal -0.898776 -0.438407 0
    outer loop
      vertex -11.1018 -52.6341 0
      vertex -10.8922 -53.0638 9.525
      vertex -11.1018 -52.6341 9.525
    endloop
  endfacet
  facet normal 0 0 -1
    outer loop
      vertex -11.1018 -52.6341 0
      vertex -11.1018 52.6341 0
      vertex -10.8922 -53.0638 0
    endloop
  endfacet
  facet normal 0 0 1
    outer loop
      vertex -11.1018 -52.6341 9.525
      vertex -10.8922 -53.0638 9.525
      vertex -11.1018 52.6341 9.525
    endloop
  endfacet
  facet normal 0 0 -1
    outer loop
      vertex -11.1018 -59.0659 0
      vertex -10.8922 -58.6361 0
      vertex 222.382 -58.6361 0
    endloop
  endfacet
  facet normal -0.898817 0.438325 0
    outer loop
      vertex -11.1018 -59.0659 0
      vertex -11.1018 -59.0659 9.525
      vertex -10.8922 -58.6361 0
    endloop
  endfacet
  facet normal 0 0 -1
    outer loop
      vertex -11.1018 -59.0659 0
      vertex 222.382 -58.6361 0
      vertex 222.591 -59.0659 0
    endloop
  endfacet
  facet normal -0.898817 0.438325 0
    outer loop
      vertex -11.1018 -59.0659 9.525
      vertex -10.8922 -58.6361 9.525
      vertex -10.8922 -58.6361 0
    endloop
  endfacet
  facet normal 0 0 1
    outer loop
      vertex -11.1018 -59.0659 9.525
      vertex 222.382 -58.6361 9.525
      vertex -10.8922 -58.6361 9.525
    endloop
  endfacet
  facet normal 0 0 1
    outer loop
      vertex -11.1018 -59.0659 9.525
      vertex 222.591 -59.0659 9.525
      vertex 222.382 -58.6361 9.525
    endloop
  endfacet
  facet normal 0 0 -1
    outer loop
      vertex -11.1018 52.6341 0
      vertex -10.8922 53.0638 0
      vertex -10.8922 -53.0638 0
    endloop
  endfacet
  facet normal -0.898776 0.438407 0
    outer loop
      vertex -11.1018 52.6341 0
      vertex -11.1018 52.6341 9.525
      vertex -10.8922 53.0638 0
    endloop
  endfacet
  facet normal 0 0 1
    outer loop
      vertex -11.1018 52.6341 9.525
      vertex -10.8922 -53.0638 9.525
      vertex -10.8922 53.0638 9.525
    endloop
  endfacet
  facet normal -0.898776 0.438407 0
    outer loop
      vertex -11.1018 52.6341 9.525
      vertex -10.8922 53.0638 9.525
      vertex -10.8922 53.0638 0
    endloop
  endfacet
  facet normal -0.898817 -0.438325 0
    outer loop
      vertex -11.1018 59.0659 0
      vertex -10.8922 58.6361 0
      vertex -10.8922 58.6361 9.525
    endloop
  endfacet
  facet normal -0.898817 -0.438325 0
    outer loop
      vertex -11.1018 59.0659 0
      vertex -10.8922 58.6361 9.525
      vertex -11.1018 59.0659 9.525
    endloop
  endfacet
  facet normal 0 0 -1
    outer loop
      vertex -11.1018 59.0659 0
      vertex 222.382 58.6361 0
      vertex -10.8922 58.6361 0
    endloop
  endfacet
  facet normal 0 0 -1
    outer loop
      vertex -11.1018 59.0659 0
      vertex 222.591 59.0659 0
      vertex 222.382 58.6361 0
    endloop
  endfacet
  facet normal 0 0 1
    outer loop
      vertex -11.1018 59.0659 9.525
      vertex -10.8922 58.6361 9.525
      vertex 222.382 58.6361 9.525
    endloop
  endfacet
  facet normal 0 0 1
    outer loop
      vertex -11.1018 59.0659 9.525
      vertex 222.382 58.6361 9.525
      vertex 222.591 59.0659 9.525
    endloop
  endfacet
  facet normal -0.866008 -0.50003 0
    outer loop
      vertex -11.3409 -52.22 0
      vertex -11.1018 -52.6341 0
      vertex -11.1018 -52.6341 9.525
    endloop
  endfacet
  facet normal -0.866008 -0.50003 0
    outer loop
      vertex -11.3409 -52.22 0
      vertex -11.1018 -52.6341 9.525
      vertex -11.3409 -52.22 9.525
    endloop
  endfacet
  facet normal 0 0 -1
    outer loop
      vertex -11.3409 -52.22 0
      vertex -11.3409 52.22 0
      vertex -11.1018 -52.6341 0
    endloop
  endfacet
  facet normal 0 0 1
    outer loop
      vertex -11.3409 -52.22 9.525
      vertex -11.1018 -52.6341 9.525
      vertex -11.3409 52.22 9.525
    endloop
  endfacet
  facet normal 0 0 -1
    outer loop
      vertex -11.3409 -59.4799 0
      vertex -11.1018 -59.0659 0
      vertex 222.591 -59.0659 0
    endloop
  endfacet
  facet normal -0.865956 0.500121 0
    outer loop
      vertex -11.3409 -59.4799 0
      vertex -11.3409 -59.4799 9.525
      vertex -11.1018 -59.0659 0
    endloop
  endfacet
  facet normal 0 0 -1
    outer loop
      vertex -11.3409 -59.4799 0
      vertex 222.591 -59.0659 0
      vertex 222.83 -59.4799 0
    endloop
  endfacet
  facet normal -0.865956 0.500121 0
    outer loop
      vertex -11.3409 -59.4799 9.525
      vertex -11.1018 -59.0659 9.525
      vertex -11.1018 -59.0659 0
    endloop
  endfacet
  facet normal 0 0 1
    outer loop
      vertex -11.3409 -59.4799 9.525
      vertex 222.591 -59.0659 9.525
      vertex -11.1018 -59.0659 9.525
    endloop
  endfacet
  facet normal 0 0 1
    outer loop
      vertex -11.3409 -59.4799 9.525
      vertex 222.83 -59.4799 9.525
      vertex 222.591 -59.0659 9.525
    endloop
  endfacet
  facet normal 0 0 -1
    outer loop
      vertex -11.3409 52.22 0
      vertex -11.1018 52.6341 0
      vertex -11.1018 -52.6341 0
    endloop
  endfacet
  facet normal -0.866008 0.50003 0
    outer loop
      vertex -11.3409 52.22 0
      vertex -11.3409 52.22 9.525
      vertex -11.1018 52.6341 0
    endloop
  endfacet
  facet normal 0 0 1
    outer loop
      vertex -11.3409 52.22 9.525
      vertex -11.1018 -52.6341 9.525
      vertex -11.1018 52.6341 9.525
    endloop
  endfacet
  facet normal -0.866008 0.50003 0
    outer loop
      vertex -11.3409 52.22 9.525
      vertex -11.1018 52.6341 9.525
      vertex -11.1018 52.6341 0
    endloop
  endfacet
  facet normal -0.865956 -0.500121 0
    outer loop
      vertex -11.3409 59.4799 0
      vertex -11.1018 59.0659 0
      vertex -11.1018 59.0659 9.525
    endloop
  endfacet
  facet normal -0.865956 -0.500121 0
    outer loop
      vertex -11.3409 59.4799 0
      vertex -11.1018 59.0659 9.525
      vertex -11.3409 59.4799 9.525
    endloop
  endfacet
  facet normal 0 0 -1
    outer loop
      vertex -11.3409 59.4799 0
      vertex 222.591 59.0659 0
      vertex -11.1018 59.0659 0
    endloop
  endfacet
  facet normal 0 0 -1
    outer loop
      vertex -11.3409 59.4799 0
      vertex 222.83 59.4799 0
      vertex 222.591 59.0659 0
    endloop
  endfacet
  facet normal 0 0 1
    outer loop
      vertex -11.3409 59.4799 9.525
      vertex -11.1018 59.0659 9.525
      vertex 222.591 59.0659 9.525
    endloop
  endfacet
  facet normal 0 0 1
    outer loop
      vertex -11.3409 59.4799 9.525
      vertex 222.591 59.0659 9.525
      vertex 222.83 59.4799 9.525
    endloop
  endfacet
  facet normal -0.829045 -0.559182 0
    outer loop
      vertex -11.6082 -51.8237 0
      vertex -11.3409 -52.22 0
      vertex -11.3409 -52.22 9.525
    endloop
  endfacet
  facet normal -0.829045 -0.559182 0
    outer loop
      vertex -11.6082 -51.8237 0
      vertex -11.3409 -52.22 9.525
      vertex -11.6082 -51.8237 9.525
    endloop
  endfacet
  facet normal 0 0 -1
    outer loop
      vertex -11.6082 -51.8237 0
      vertex -11.6082 51.8237 0
      vertex -11.3409 -52.22 0
    endloop
  endfacet
  facet normal 0 0 1
    outer loop
      vertex -11.6082 -51.8237 9.525
      vertex -11.3409 -52.22 9.525
      vertex -11.6082 51.8237 9.525
    endloop
  endfacet
  facet normal 0 0 -1
    outer loop
      vertex -11.6082 -59.8763 0
      vertex -11.3409 -59.4799 0
      vertex 222.83 -59.4799 0
    endloop
  endfacet
  facet normal -0.82911 0.559085 0
    outer loop
      vertex -11.6082 -59.8763 0
      vertex -11.6082 -59.8763 9.525
      vertex -11.3409 -59.4799 0
    endloop
  endfacet
  facet normal 0 0 -1
    outer loop
      vertex -11.6082 -59.8763 0
      vertex 222.83 -59.4799 0
      vertex 223.098 -59.8763 0
    endloop
  endfacet
  facet normal -0.82911 0.559085 0
    outer loop
      vertex -11.6082 -59.8763 9.525
      vertex -11.3409 -59.4799 9.525
      vertex -11.3409 -59.4799 0
    endloop
  endfacet
  facet normal 0 0 1
    outer loop
      vertex -11.6082 -59.8763 9.525
      vertex 222.83 -59.4799 9.525
      vertex -11.3409 -59.4799 9.525
    endloop
  endfacet
  facet normal 0 0 1
    outer loop
      vertex -11.6082 -59.8763 9.525
      vertex 223.098 -59.8763 9.525
      vertex 222.83 -59.4799 9.525
    endloop
  endfacet
  facet normal 0 0 -1
    outer loop
      vertex -11.6082 51.8237 0
      vertex -11.3409 52.22 0
      vertex -11.3409 -52.22 0
    endloop
  endfacet
  facet normal -0.829045 0.559182 0
    outer loop
      vertex -11.6082 51.8237 0
      vertex -11.6082 51.8237 9.525
      vertex -11.3409 52.22 0
    endloop
  endfacet
  facet normal 0 0 1
    outer loop
      vertex -11.6082 51.8237 9.525
      vertex -11.3409 -52.22 9.525
      vertex -11.3409 52.22 9.525
    endloop
  endfacet
  facet normal -0.829045 0.559182 0
    outer loop
      vertex -11.6082 51.8237 9.525
      vertex -11.3409 52.22 9.525
      vertex -11.3409 52.22 0
    endloop
  endfacet
  facet normal -0.82911 -0.559085 0
    outer loop
      vertex -11.6082 59.8763 0
      vertex -11.3409 59.4799 0
      vertex -11.3409 59.4799 9.525
    endloop
  endfacet
  facet normal -0.82911 -0.559085 0
    outer loop
      vertex -11.6082 59.8763 0
      vertex -11.3409 59.4799 9.525
      vertex -11.6082 59.8763 9.525
    endloop
  endfacet
  facet normal 0 0 -1
    outer loop
      vertex -11.6082 59.8763 0
      vertex 222.83 59.4799 0
      vertex -11.3409 59.4799 0
    endloop
  endfacet
  facet normal 0 0 -1
    outer loop
      vertex -11.6082 59.8763 0
      vertex 223.098 59.8763 0
      vertex 222.83 59.4799 0
    endloop
  endfacet
  facet normal 0 0 1
    outer loop
      vertex -11.6082 59.8763 9.525
      vertex -11.3409 59.4799 9.525
      vertex 222.83 59.4799 9.525
    endloop
  endfacet
  facet normal 0 0 1
    outer loop
      vertex -11.6082 59.8763 9.525
      vertex 222.83 59.4799 9.525
      vertex 223.098 59.8763 9.525
    endloop
  endfacet
  facet normal -0.787999 -0.615677 0
    outer loop
      vertex -11.9026 -51.4469 0
      vertex -11.6082 -51.8237 0
      vertex -11.6082 -51.8237 9.525
    endloop
  endfacet
  facet normal -0.787999 -0.615677 0
    outer loop
      vertex -11.9026 -51.4469 0
      vertex -11.6082 -51.8237 9.525
      vertex -11.9026 -51.4469 9.525
    endloop
  endfacet
  facet normal 0 0 -1
    outer loop
      vertex -11.9026 -51.4469 0
      vertex -11.9026 51.4469 0
      vertex -11.6082 -51.8237 0
    endloop
  endfacet
  facet normal 0 0 1
    outer loop
      vertex -11.9026 -51.4469 9.525
      vertex -11.6082 -51.8237 9.525
      vertex -11.9026 51.4469 9.525
    endloop
  endfacet
  facet normal 0 0 -1
    outer loop
      vertex -11.9026 -60.2531 0
      vertex -11.6082 -59.8763 0
      vertex 223.098 -59.8763 0
    endloop
  endfacet
  facet normal -0.787999 0.615677 0
    outer loop
      vertex -11.9026 -60.2531 0
      vertex -11.9026 -60.2531 9.525
      vertex -11.6082 -59.8763 0
    endloop
  endfacet
  facet normal 0 0 -1
    outer loop
      vertex -11.9026 -60.2531 0
      vertex 223.098 -59.8763 0
      vertex 223.392 -60.2531 0
    endloop
  endfacet
  facet normal -0.787999 0.615677 0
    outer loop
      vertex -11.9026 -60.2531 9.525
      vertex -11.6082 -59.8763 9.525
      vertex -11.6082 -59.8763 0
    endloop
  endfacet
  facet normal 0 0 1
    outer loop
      vertex -11.9026 -60.2531 9.525
      vertex 223.098 -59.8763 9.525
      vertex -11.6082 -59.8763 9.525
    endloop
  endfacet
  facet normal 0 0 1
    outer loop
      vertex -11.9026 -60.2531 9.525
      vertex 223.392 -60.2531 9.525
      vertex 223.098 -59.8763 9.525
    endloop
  endfacet
  facet normal 0 0 -1
    outer loop
      vertex -11.9026 51.4469 0
      vertex -11.6082 51.8237 0
      vertex -11.6082 -51.8237 0
    endloop
  endfacet
  facet normal -0.787999 0.615677 0
    outer loop
      vertex -11.9026 51.4469 0
      vertex -11.9026 51.4469 9.525
      vertex -11.6082 51.8237 0
    endloop
  endfacet
  facet normal 0 0 1
    outer loop
      vertex -11.9026 51.4469 9.525
      vertex -11.6082 -51.8237 9.525
      vertex -11.6082 51.8237 9.525
    endloop
  endfacet
  facet normal -0.787999 0.615677 0
    outer loop
      vertex -11.9026 51.4469 9.525
      vertex -11.6082 51.8237 9.525
      vertex -11.6082 51.8237 0
    endloop
  endfacet
  facet normal -0.787999 -0.615677 0
    outer loop
      vertex -11.9026 60.2531 0
      vertex -11.6082 59.8763 0
      vertex -11.6082 59.8763 9.525
    endloop
  endfacet
  facet normal -0.787999 -0.615677 0
    outer loop
      vertex -11.9026 60.2531 0
      vertex -11.6082 59.8763 9.525
      vertex -11.9026 60.2531 9.525
    endloop
  endfacet
  facet normal 0 0 -1
    outer loop
      vertex -11.9026 60.2531 0
      vertex 223.098 59.8763 0
      vertex -11.6082 59.8763 0
    endloop
  endfacet
  facet normal 0 0 -1
    outer loop
      vertex -11.9026 60.2531 0
      vertex 223.392 60.2531 0
      vertex 223.098 59.8763 0
    endloop
  endfacet
  facet normal 0 0 1
    outer loop
      vertex -11.9026 60.2531 9.525
      vertex -11.6082 59.8763 9.525
      vertex 223.098 59.8763 9.525
    endloop
  endfacet
  facet normal 0 0 1
    outer loop
      vertex -11.9026 60.2531 9.525
      vertex 223.098 59.8763 9.525
      vertex 223.392 60.2531 9.525
    endloop
  endfacet
  facet normal -0.743159 -0.669115 0
    outer loop
      vertex -12.2225 -51.0916 0
      vertex -11.9026 -51.4469 0
      vertex -11.9026 -51.4469 9.525
    endloop
  endfacet
  facet normal -0.743159 -0.669115 0
    outer loop
      vertex -12.2225 -51.0916 0
      vertex -11.9026 -51.4469 9.525
      vertex -12.2225 -51.0916 9.525
    endloop
  endfacet
  facet normal 0 0 -1
    outer loop
      vertex -12.2225 -51.0916 0
      vertex -12.2225 51.0916 0
      vertex -11.9026 -51.4469 0
    endloop
  endfacet
  facet normal 0 0 1
    outer loop
      vertex -12.2225 -51.0916 9.525
      vertex -11.9026 -51.4469 9.525
      vertex -12.2225 51.0916 9.525
    endloop
  endfacet
  facet normal 0 0 -1
    outer loop
      vertex -12.2225 -60.6084 0
      vertex -11.9026 -60.2531 0
      vertex 223.392 -60.2531 0
    endloop
  endfacet
  facet normal -0.743159 0.669115 0
    outer loop
      vertex -12.2225 -60.6084 0
      vertex -12.2225 -60.6084 9.525
      vertex -11.9026 -60.2531 0
    endloop
  endfacet
  facet normal 0 0 -1
    outer loop
      vertex -12.2225 -60.6084 0
      vertex 223.392 -60.2531 0
      vertex 223.712 -60.6084 0
    endloop
  endfacet
  facet normal -0.743159 0.669115 0
    outer loop
      vertex -12.2225 -60.6084 9.525
      vertex -11.9026 -60.2531 9.525
      vertex -11.9026 -60.2531 0
    endloop
  endfacet
  facet normal 0 0 1
    outer loop
      vertex -12.2225 -60.6084 9.525
      vertex 223.392 -60.2531 9.525
      vertex -11.9026 -60.2531 9.525
    endloop
  endfacet
  facet normal 0 0 1
    outer loop
      vertex -12.2225 -60.6084 9.525
      vertex 223.712 -60.6084 9.525
      vertex 223.392 -60.2531 9.525
    endloop
  endfacet
  facet normal 0 0 -1
    outer loop
      vertex -12.2225 51.0916 0
      vertex -11.9026 51.4469 0
      vertex -11.9026 -51.4469 0
    endloop
  endfacet
  facet normal -0.743159 0.669115 0
    outer loop
      vertex -12.2225 51.0916 0
      vertex -12.2225 51.0916 9.525
      vertex -11.9026 51.4469 0
    endloop
  endfacet
  facet normal 0 0 1
    outer loop
      vertex -12.2225 51.0916 9.525
      vertex -11.9026 -51.4469 9.525
      vertex -11.9026 51.4469 9.525
    endloop
  endfacet
  facet normal -0.743159 0.669115 0
    outer loop
      vertex -12.2225 51.0916 9.525
      vertex -11.9026 51.4469 9.525
      vertex -11.9026 51.4469 0
    endloop
  endfacet
  facet normal -0.743159 -0.669115 0
    outer loop
      vertex -12.2225 60.6084 0
      vertex -11.9026 60.2531 0
      vertex -11.9026 60.2531 9.525
    endloop
  endfacet
  facet normal -0.743159 -0.669115 0
    outer loop
      vertex -12.2225 60.6084 0
      vertex -11.9026 60.2531 9.525
      vertex -12.2225 60.6084 9.525
    endloop
  endfacet
  facet normal 0 0 -1
    outer loop
      vertex -12.2225 60.6084 0
      vertex 223.392 60.2531 0
      vertex -11.9026 60.2531 0
    endloop
  endfacet
  facet normal 0 0 -1
    outer loop
      vertex -12.2225 60.6084 0
      vertex 223.712 60.6084 0
      vertex 223.392 60.2531 0
    endloop
  endfacet
  facet normal 0 0 1
    outer loop
      vertex -12.2225 60.6084 9.525
      vertex -11.9026 60.2531 9.525
      vertex 223.392 60.2531 9.525
    endloop
  endfacet
  facet normal 0 0 1
    outer loop
      vertex -12.2225 60.6084 9.525
      vertex 223.392 60.2531 9.525
      vertex 223.712 60.6084 9.525
    endloop
  endfacet
  facet normal -0.694662 -0.719337 0
    outer loop
      vertex -12.5665 -50.7594 0
      vertex -12.2225 -51.0916 0
      vertex -12.2225 -51.0916 9.525
    endloop
  endfacet
  facet normal -0.694662 -0.719337 0
    outer loop
      vertex -12.5665 -50.7594 0
      vertex -12.2225 -51.0916 9.525
      vertex -12.5665 -50.7594 9.525
    endloop
  endfacet
  facet normal 0 0 -1
    outer loop
      vertex -12.5665 -50.7594 0
      vertex -12.5665 50.7594 0
      vertex -12.2225 -51.0916 0
    endloop
  endfacet
  facet normal 0 0 1
    outer loop
      vertex -12.5665 -50.7594 9.525
      vertex -12.2225 -51.0916 9.525
      vertex -12.5665 50.7594 9.525
    endloop
  endfacet
  facet normal 0 0 -1
    outer loop
      vertex -12.5665 -60.9405 0
      vertex -12.2225 -60.6084 0
      vertex 223.712 -60.6084 0
    endloop
  endfacet
  facet normal -0.694553 0.719441 0
    outer loop
      vertex -12.5665 -60.9405 0
      vertex -12.5665 -60.9405 9.525
      vertex -12.2225 -60.6084 0
    endloop
  endfacet
  facet normal 0 0 -1
    outer loop
      vertex -12.5665 -60.9405 0
      vertex 223.712 -60.6084 0
      vertex 224.056 -60.9405 0
    endloop
  endfacet
  facet normal -0.694553 0.719441 0
    outer loop
      vertex -12.5665 -60.9405 9.525
      vertex -12.2225 -60.6084 9.525
      vertex -12.2225 -60.6084 0
    endloop
  endfacet
  facet normal 0 0 1
    outer loop
      vertex -12.5665 -60.9405 9.525
      vertex 223.712 -60.6084 9.525
      vertex -12.2225 -60.6084 9.525
    endloop
  endfacet
  facet normal 0 0 1
    outer loop
      vertex -12.5665 -60.9405 9.525
      vertex 224.056 -60.9405 9.525
      vertex 223.712 -60.6084 9.525
    endloop
  endfacet
  facet normal 0 0 -1
    outer loop
      vertex -12.5665 50.7594 0
      vertex -12.2225 51.0916 0
      vertex -12.2225 -51.0916 0
    endloop
  endfacet
  facet normal -0.694662 0.719337 0
    outer loop
      vertex -12.5665 50.7594 0
      vertex -12.5665 50.7594 9.525
      vertex -12.2225 51.0916 0
    endloop
  endfacet
  facet normal 0 0 1
    outer loop
      vertex -12.5665 50.7594 9.525
      vertex -12.2225 -51.0916 9.525
      vertex -12.2225 51.0916 9.525
    endloop
  endfacet
  facet normal -0.694662 0.719337 0
    outer loop
      vertex -12.5665 50.7594 9.525
      vertex -12.2225 51.0916 9.525
      vertex -12.2225 51.0916 0
    endloop
  endfacet
  facet normal -0.694553 -0.719441 0
    outer loop
      vertex -12.5665 60.9405 0
      vertex -12.2225 60.6084 0
      vertex -12.2225 60.6084 9.525
    endloop
  endfacet
  facet normal -0.694553 -0.719441 0
    outer loop
      vertex -12.5665 60.9405 0
      vertex -12.2225 60.6084 9.525
      vertex -12.5665 60.9405 9.525
    endloop
  endfacet
  facet normal 0 0 -1
    outer loop
      vertex -12.5665 60.9405 0
      vertex 223.712 60.6084 0
      vertex -12.2225 60.6084 0
    endloop
  endfacet
  facet normal 0 0 -1
    outer loop
      vertex -12.5665 60.9405 0
      vertex 224.056 60.9405 0
      vertex 223.712 60.6084 0
    endloop
  endfacet
  facet normal 0 0 1
    outer loop
      vertex -12.5665 60.9405 9.525
      vertex -12.2225 60.6084 9.525
      vertex 223.712 60.6084 9.525
    endloop
  endfacet
  facet normal 0 0 1
    outer loop
      vertex -12.5665 60.9405 9.525
      vertex 223.712 60.6084 9.525
      vertex 224.056 60.9405 9.525
    endloop
  endfacet
  facet normal -0.642814 -0.766022 0
    outer loop
      vertex -12.9327 -50.4521 0
      vertex -12.5665 -50.7594 0
      vertex -12.5665 -50.7594 9.525
    endloop
  endfacet
  facet normal -0.642814 -0.766022 0
    outer loop
      vertex -12.9327 -50.4521 0
      vertex -12.5665 -50.7594 9.525
      vertex -12.9327 -50.4521 9.525
    endloop
  endfacet
  facet normal 0 0 -1
    outer loop
      vertex -12.9327 -50.4521 0
      vertex -12.9327 50.4521 0
      vertex -12.5665 -50.7594 0
    endloop
  endfacet
  facet normal 0 0 1
    outer loop
      vertex -12.9327 -50.4521 9.525
      vertex -12.5665 -50.7594 9.525
      vertex -12.9327 50.4521 9.525
    endloop
  endfacet
  facet normal 0 0 -1
    outer loop
      vertex -12.9327 -61.2479 0
      vertex -12.5665 -60.9405 0
      vertex 224.056 -60.9405 0
    endloop
  endfacet
  facet normal -0.642937 0.765919 0
    outer loop
      vertex -12.9327 -61.2479 0
      vertex -12.9327 -61.2479 9.525
      vertex -12.5665 -60.9405 0
    endloop
  endfacet
  facet normal 0 0 -1
    outer loop
      vertex -12.9327 -61.2479 0
      vertex 224.056 -60.9405 0
      vertex 224.422 -61.2479 0
    endloop
  endfacet
  facet normal -0.642937 0.765919 0
    outer loop
      vertex -12.9327 -61.2479 9.525
      vertex -12.5665 -60.9405 9.525
      vertex -12.5665 -60.9405 0
    endloop
  endfacet
  facet normal 0 0 1
    outer loop
      vertex -12.9327 -61.2479 9.525
      vertex 224.056 -60.9405 9.525
      vertex -12.5665 -60.9405 9.525
    endloop
  endfacet
  facet normal 0 0 1
    outer loop
      vertex -12.9327 -61.2479 9.525
      vertex 224.422 -61.2479 9.525
      vertex 224.056 -60.9405 9.525
    endloop
  endfacet
  facet normal 0 0 -1
    outer loop
      vertex -12.9327 50.4521 0
      vertex -12.5665 50.7594 0
      vertex -12.5665 -50.7594 0
    endloop
  endfacet
  facet normal -0.642814 0.766022 0
    outer loop
      vertex -12.9327 50.4521 0
      vertex -12.9327 50.4521 9.525
      vertex -12.5665 50.7594 0
    endloop
  endfacet
  facet normal 0 0 1
    outer loop
      vertex -12.9327 50.4521 9.525
      vertex -12.5665 -50.7594 9.525
      vertex -12.5665 50.7594 9.525
    endloop
  endfacet
  facet normal -0.642814 0.766022 0
    outer loop
      vertex -12.9327 50.4521 9.525
      vertex -12.5665 50.7594 9.525
      vertex -12.5665 50.7594 0
    endloop
  endfacet
  facet normal -0.642937 -0.765919 0
    outer loop
      vertex -12.9327 61.2479 0
      vertex -12.5665 60.9405 0
      vertex -12.5665 60.9405 9.525
    endloop
  endfacet
  facet normal -0.642937 -0.765919 0
    outer loop
      vertex -12.9327 61.2479 0
      vertex -12.5665 60.9405 9.525
      vertex -12.9327 61.2479 9.525
    endloop
  endfacet
  facet normal 0 0 -1
    outer loop
      vertex -12.9327 61.2479 0
      vertex 224.056 60.9405 0
      vertex -12.5665 60.9405 0
    endloop
  endfacet
  facet normal 0 0 -1
    outer loop
      vertex -12.9327 61.2479 0
      vertex 224.422 61.2479 0
      vertex 224.056 60.9405 0
    endloop
  endfacet
  facet normal 0 0 1
    outer loop
      vertex -12.9327 61.2479 9.525
      vertex -12.5665 60.9405 9.525
      vertex 224.056 60.9405 9.525
    endloop
  endfacet
  facet normal 0 0 1
    outer loop
      vertex -12.9327 61.2479 9.525
      vertex 224.056 60.9405 9.525
      vertex 224.422 61.2479 9.525
    endloop
  endfacet
  facet normal -0.587749 -0.809044 0
    outer loop
      vertex -13.3195 -50.1711 0
      vertex -12.9327 -50.4521 0
      vertex -12.9327 -50.4521 9.525
    endloop
  endfacet
  facet normal -0.587749 -0.809044 0
    outer loop
      vertex -13.3195 -50.1711 0
      vertex -12.9327 -50.4521 9.525
      vertex -13.3195 -50.1711 9.525
    endloop
  endfacet
  facet normal 0 0 -1
    outer loop
      vertex -13.3195 -50.1711 0
      vertex -13.3195 50.1711 0
      vertex -12.9327 -50.4521 0
    endloop
  endfacet
  facet normal 0 0 1
    outer loop
      vertex -13.3195 -50.1711 9.525
      vertex -12.9327 -50.4521 9.525
      vertex -13.3195 50.1711 9.525
    endloop
  endfacet
  facet normal 0 0 -1
    outer loop
      vertex -13.3195 -61.5289 0
      vertex -12.9327 -61.2479 0
      vertex 224.422 -61.2479 0
    endloop
  endfacet
  facet normal -0.587749 0.809044 0
    outer loop
      vertex -13.3195 -61.5289 0
      vertex -13.3195 -61.5289 9.525
      vertex -12.9327 -61.2479 0
    endloop
  endfacet
  facet normal 0 0 -1
    outer loop
      vertex -13.3195 -61.5289 0
      vertex 224.422 -61.2479 0
      vertex 224.809 -61.5289 0
    endloop
  endfacet
  facet normal -0.587749 0.809044 0
    outer loop
      vertex -13.3195 -61.5289 9.525
      vertex -12.9327 -61.2479 9.525
      vertex -12.9327 -61.2479 0
    endloop
  endfacet
  facet normal 0 0 1
    outer loop
      vertex -13.3195 -61.5289 9.525
      vertex 224.422 -61.2479 9.525
      vertex -12.9327 -61.2479 9.525
    endloop
  endfacet
  facet normal 0 0 1
    outer loop
      vertex -13.3195 -61.5289 9.525
      vertex 224.809 -61.5289 9.525
      vertex 224.422 -61.2479 9.525
    endloop
  endfacet
  facet normal 0 0 -1
    outer loop
      vertex -13.3195 50.1711 0
      vertex -12.9327 50.4521 0
      vertex -12.9327 -50.4521 0
    endloop
  endfacet
  facet normal -0.587749 0.809044 0
    outer loop
      vertex -13.3195 50.1711 0
      vertex -13.3195 50.1711 9.525
      vertex -12.9327 50.4521 0
    endloop
  endfacet
  facet normal 0 0 1
    outer loop
      vertex -13.3195 50.1711 9.525
      vertex -12.9327 -50.4521 9.525
      vertex -12.9327 50.4521 9.525
    endloop
  endfacet
  facet normal -0.587749 0.809044 0
    outer loop
      vertex -13.3195 50.1711 9.525
      vertex -12.9327 50.4521 9.525
      vertex -12.9327 50.4521 0
    endloop
  endfacet
  facet normal -0.587749 -0.809044 0
    outer loop
      vertex -13.3195 61.5289 0
      vertex -12.9327 61.2479 0
      vertex -12.9327 61.2479 9.525
    endloop
  endfacet
  facet normal -0.587749 -0.809044 0
    outer loop
      vertex -13.3195 61.5289 0
      vertex -12.9327 61.2479 9.525
      vertex -13.3195 61.5289 9.525
    endloop
  endfacet
  facet normal 0 0 -1
    outer loop
      vertex -13.3195 61.5289 0
      vertex 224.422 61.2479 0
      vertex -12.9327 61.2479 0
    endloop
  endfacet
  facet normal 0 0 -1
    outer loop
      vertex -13.3195 61.5289 0
      vertex 224.809 61.5289 0
      vertex 224.422 61.2479 0
    endloop
  endfacet
  facet normal 0 0 1
    outer loop
      vertex -13.3195 61.5289 9.525
      vertex -12.9327 61.2479 9.525
      vertex 224.422 61.2479 9.525
    endloop
  endfacet
  facet normal 0 0 1
    outer loop
      vertex -13.3195 61.5289 9.525
      vertex 224.422 61.2479 9.525
      vertex 224.809 61.5289 9.525
    endloop
  endfacet
  facet normal -0.529943 -0.848034 0
    outer loop
      vertex -13.725 -49.9177 0
      vertex -13.3195 -50.1711 0
      vertex -13.3195 -50.1711 9.525
    endloop
  endfacet
  facet normal -0.529943 -0.848034 0
    outer loop
      vertex -13.725 -49.9177 0
      vertex -13.3195 -50.1711 9.525
      vertex -13.725 -49.9177 9.525
    endloop
  endfacet
  facet normal 0 0 -1
    outer loop
      vertex -13.725 -49.9177 0
      vertex -13.725 49.9177 0
      vertex -13.3195 -50.1711 0
    endloop
  endfacet
  facet normal 0 0 1
    outer loop
      vertex -13.725 -49.9177 9.525
      vertex -13.3195 -50.1711 9.525
      vertex -13.725 49.9177 9.525
    endloop
  endfacet
  facet normal 0 0 -1
    outer loop
      vertex -13.725 -61.7823 0
      vertex -13.3195 -61.5289 0
      vertex 224.809 -61.5289 0
    endloop
  endfacet
  facet normal -0.529943 0.848034 0
    outer loop
      vertex -13.725 -61.7823 0
      vertex -13.725 -61.7823 9.525
      vertex -13.3195 -61.5289 0
    endloop
  endfacet
  facet normal 0 0 -1
    outer loop
      vertex -13.725 -61.7823 0
      vertex 224.809 -61.5289 0
      vertex 225.214 -61.7823 0
    endloop
  endfacet
  facet normal -0.529943 0.848034 0
    outer loop
      vertex -13.725 -61.7823 9.525
      vertex -13.3195 -61.5289 9.525
      vertex -13.3195 -61.5289 0
    endloop
  endfacet
  facet normal 0 0 1
    outer loop
      vertex -13.725 -61.7823 9.525
      vertex 224.809 -61.5289 9.525
      vertex -13.3195 -61.5289 9.525
    endloop
  endfacet
  facet normal 0 0 1
    outer loop
      vertex -13.725 -61.7823 9.525
      vertex 225.214 -61.7823 9.525
      vertex 224.809 -61.5289 9.525
    endloop
  endfacet
  facet normal 0 0 -1
    outer loop
      vertex -13.725 49.9177 0
      vertex -13.3195 50.1711 0
      vertex -13.3195 -50.1711 0
    endloop
  endfacet
  facet normal -0.529943 0.848034 0
    outer loop
      vertex -13.725 49.9177 0
      vertex -13.725 49.9177 9.525
      vertex -13.3195 50.1711 0
    endloop
  endfacet
  facet normal 0 0 1
    outer loop
      vertex -13.725 49.9177 9.525
      vertex -13.3195 -50.1711 9.525
      vertex -13.3195 50.1711 9.525
    endloop
  endfacet
  facet normal -0.529943 0.848034 0
    outer loop
      vertex -13.725 49.9177 9.525
      vertex -13.3195 50.1711 9.525
      vertex -13.3195 50.1711 0
    endloop
  endfacet
  facet normal -0.529943 -0.848034 0
    outer loop
      vertex -13.725 61.7823 0
      vertex -13.3195 61.5289 0
      vertex -13.3195 61.5289 9.525
    endloop
  endfacet
  facet normal -0.529943 -0.848034 0
    outer loop
      vertex -13.725 61.7823 0
      vertex -13.3195 61.5289 9.525
      vertex -13.725 61.7823 9.525
    endloop
  endfacet
  facet normal 0 0 -1
    outer loop
      vertex -13.725 61.7823 0
      vertex 224.809 61.5289 0
      vertex -13.3195 61.5289 0
    endloop
  endfacet
  facet normal 0 0 -1
    outer loop
      vertex -13.725 61.7823 0
      vertex 225.214 61.7823 0
      vertex 224.809 61.5289 0
    endloop
  endfacet
  facet normal 0 0 1
    outer loop
      vertex -13.725 61.7823 9.525
      vertex -13.3195 61.5289 9.525
      vertex 224.809 61.5289 9.525
    endloop
  endfacet
  facet normal 0 0 1
    outer loop
      vertex -13.725 61.7823 9.525
      vertex 224.809 61.5289 9.525
      vertex 225.214 61.7823 9.525
    endloop
  endfacet
  facet normal -0.469329 -0.883024 0
    outer loop
      vertex -14.1472 -49.6933 0
      vertex -13.725 -49.9177 0
      vertex -13.725 -49.9177 9.525
    endloop
  endfacet
  facet normal -0.469329 -0.883024 0
    outer loop
      vertex -14.1472 -49.6933 0
      vertex -13.725 -49.9177 9.525
      vertex -14.1472 -49.6933 9.525
    endloop
  endfacet
  facet normal 0 0 -1
    outer loop
      vertex -14.1472 -49.6933 0
      vertex -14.1472 49.6933 0
      vertex -13.725 -49.9177 0
    endloop
  endfacet
  facet normal 0 0 1
    outer loop
      vertex -14.1472 -49.6933 9.525
      vertex -13.725 -49.9177 9.525
      vertex -14.1472 49.6933 9.525
    endloop
  endfacet
  facet normal -0.469329 0.883024 0
    outer loop
      vertex -14.1472 -62.0067 0
      vertex -14.1472 -62.0067 9.525
      vertex -13.725 -61.7823 0
    endloop
  endfacet
  facet normal -0.469329 0.883024 0
    outer loop
      vertex -14.1472 -62.0067 9.525
      vertex -13.725 -61.7823 9.525
      vertex -13.725 -61.7823 0
    endloop
  endfacet
  facet normal 0 0 -1
    outer loop
      vertex -14.1472 49.6933 0
      vertex -13.725 49.9177 0
      vertex -13.725 -49.9177 0
    endloop
  endfacet
  facet normal -0.469329 0.883024 0
    outer loop
      vertex -14.1472 49.6933 0
      vertex -14.1472 49.6933 9.525
      vertex -13.725 49.9177 0
    endloop
  endfacet
  facet normal 0 0 1
    outer loop
      vertex -14.1472 49.6933 9.525
      vertex -13.725 -49.9177 9.525
      vertex -13.725 49.9177 9.525
    endloop
  endfacet
  facet normal -0.469329 0.883024 0
    outer loop
      vertex -14.1472 49.6933 9.525
      vertex -13.725 49.9177 9.525
      vertex -13.725 49.9177 0
    endloop
  endfacet
  facet normal -0.469329 -0.883024 0
    outer loop
      vertex -14.1472 62.0067 0
      vertex -13.725 61.7823 0
      vertex -13.725 61.7823 9.525
    endloop
  endfacet
  facet normal -0.469329 -0.883024 0
    outer loop
      vertex -14.1472 62.0067 0
      vertex -13.725 61.7823 9.525
      vertex -14.1472 62.0067 9.525
    endloop
  endfacet
  facet normal -0.406856 -0.913492 0
    outer loop
      vertex -14.5839 -49.4988 0
      vertex -14.1472 -49.6933 0
      vertex -14.1472 -49.6933 9.525
    endloop
  endfacet
  facet normal -0.406856 -0.913492 0
    outer loop
      vertex -14.5839 -49.4988 0
      vertex -14.1472 -49.6933 9.525
      vertex -14.5839 -49.4988 9.525
    endloop
  endfacet
  facet normal 0 0 -1
    outer loop
      vertex -14.5839 -49.4988 0
      vertex -14.5839 49.4988 0
      vertex -14.1472 -49.6933 0
    endloop
  endfacet
  facet normal 0 0 1
    outer loop
      vertex -14.5839 -49.4988 9.525
      vertex -14.1472 -49.6933 9.525
      vertex -14.5839 49.4988 9.525
    endloop
  endfacet
  facet normal -0.406856 0.913492 0
    outer loop
      vertex -14.5839 -62.2012 0
      vertex -14.5839 -62.2012 9.525
      vertex -14.1472 -62.0067 0
    endloop
  endfacet
  facet normal -0.406856 0.913492 0
    outer loop
      vertex -14.5839 -62.2012 9.525
      vertex -14.1472 -62.0067 9.525
      vertex -14.1472 -62.0067 0
    endloop
  endfacet
  facet normal 0 0 -1
    outer loop
      vertex -14.5839 49.4988 0
      vertex -14.1472 49.6933 0
      vertex -14.1472 -49.6933 0
    endloop
  endfacet
  facet normal -0.406856 0.913492 0
    outer loop
      vertex -14.5839 49.4988 0
      vertex -14.5839 49.4988 9.525
      vertex -14.1472 49.6933 0
    endloop
  endfacet
  facet normal 0 0 1
    outer loop
      vertex -14.5839 49.4988 9.525
      vertex -14.1472 -49.6933 9.525
      vertex -14.1472 49.6933 9.525
    endloop
  endfacet
  facet normal -0.406856 0.913492 0
    outer loop
      vertex -14.5839 49.4988 9.525
      vertex -14.1472 49.6933 9.525
      vertex -14.1472 49.6933 0
    endloop
  endfacet
  facet normal -0.406856 -0.913492 0
    outer loop
      vertex -14.5839 62.2012 0
      vertex -14.1472 62.0067 0
      vertex -14.1472 62.0067 9.525
    endloop
  endfacet
  facet normal -0.406856 -0.913492 0
    outer loop
      vertex -14.5839 62.2012 0
      vertex -14.1472 62.0067 9.525
      vertex -14.5839 62.2012 9.525
    endloop
  endfacet
  facet normal -0.341961 -0.939714 0
    outer loop
      vertex -15.0332 -49.3353 0
      vertex -14.5839 -49.4988 0
      vertex -14.5839 -49.4988 9.525
    endloop
  endfacet
  facet normal -0.341961 -0.939714 0
    outer loop
      vertex -15.0332 -49.3353 0
      vertex -14.5839 -49.4988 9.525
      vertex -15.0332 -49.3353 9.525
    endloop
  endfacet
  facet normal 0 0 -1
    outer loop
      vertex -15.0332 -49.3353 0
      vertex -15.0332 49.3353 0
      vertex -14.5839 -49.4988 0
    endloop
  endfacet
  facet normal 0 0 1
    outer loop
      vertex -15.0332 -49.3353 9.525
      vertex -14.5839 -49.4988 9.525
      vertex -15.0332 49.3353 9.525
    endloop
  endfacet
  facet normal -0.341961 0.939714 0
    outer loop
      vertex -15.0332 -62.3647 0
      vertex -15.0332 -62.3647 9.525
      vertex -14.5839 -62.2012 0
    endloop
  endfacet
  facet normal -0.341961 0.939714 0
    outer loop
      vertex -15.0332 -62.3647 9.525
      vertex -14.5839 -62.2012 9.525
      vertex -14.5839 -62.2012 0
    endloop
  endfacet
  facet normal 0 0 -1
    outer loop
      vertex -15.0332 49.3353 0
      vertex -14.5839 49.4988 0
      vertex -14.5839 -49.4988 0
    endloop
  endfacet
  facet normal -0.341961 0.939714 0
    outer loop
      vertex -15.0332 49.3353 0
      vertex -15.0332 49.3353 9.525
      vertex -14.5839 49.4988 0
    endloop
  endfacet
  facet normal 0 0 1
    outer loop
      vertex -15.0332 49.3353 9.525
      vertex -14.5839 -49.4988 9.525
      vertex -14.5839 49.4988 9.525
    endloop
  endfacet
  facet normal -0.341961 0.939714 0
    outer loop
      vertex -15.0332 49.3353 9.525
      vertex -14.5839 49.4988 9.525
      vertex -14.5839 49.4988 0
    endloop
  endfacet
  facet normal -0.341961 -0.939714 0
    outer loop
      vertex -15.0332 62.3647 0
      vertex -14.5839 62.2012 0
      vertex -14.5839 62.2012 9.525
    endloop
  endfacet
  facet normal -0.341961 -0.939714 0
    outer loop
      vertex -15.0332 62.3647 0
      vertex -14.5839 62.2012 9.525
      vertex -15.0332 62.3647 9.525
    endloop
  endfacet
  facet normal -0.27566 -0.961255 0
    outer loop
      vertex -15.4928 -49.2035 0
      vertex -15.0332 -49.3353 0
      vertex -15.0332 -49.3353 9.525
    endloop
  endfacet
  facet normal -0.27566 -0.961255 0
    outer loop
      vertex -15.4928 -49.2035 0
      vertex -15.0332 -49.3353 9.525
      vertex -15.4928 -49.2035 9.525
    endloop
  endfacet
  facet normal 0 0 -1
    outer loop
      vertex -15.4928 -49.2035 0
      vertex -15.4928 49.2035 0
      vertex -15.0332 -49.3353 0
    endloop
  endfacet
  facet normal 0 0 1
    outer loop
      vertex -15.4928 -49.2035 9.525
      vertex -15.0332 -49.3353 9.525
      vertex -15.4928 49.2035 9.525
    endloop
  endfacet
  facet normal -0.27566 0.961255 0
    outer loop
      vertex -15.4928 -62.4965 0
      vertex -15.4928 -62.4965 9.525
      vertex -15.0332 -62.3647 0
    endloop
  endfacet
  facet normal -0.27566 0.961255 0
    outer loop
      vertex -15.4928 -62.4965 9.525
      vertex -15.0332 -62.3647 9.525
      vertex -15.0332 -62.3647 0
    endloop
  endfacet
  facet normal 0 0 -1
    outer loop
      vertex -15.4928 49.2035 0
      vertex -15.0332 49.3353 0
      vertex -15.0332 -49.3353 0
    endloop
  endfacet
  facet normal -0.27566 0.961255 0
    outer loop
      vertex -15.4928 49.2035 0
      vertex -15.4928 49.2035 9.525
      vertex -15.0332 49.3353 0
    endloop
  endfacet
  facet normal 0 0 1
    outer loop
      vertex -15.4928 49.2035 9.525
      vertex -15.0332 -49.3353 9.525
      vertex -15.0332 49.3353 9.525
    endloop
  endfacet
  facet normal -0.27566 0.961255 0
    outer loop
      vertex -15.4928 49.2035 9.525
      vertex -15.0332 49.3353 9.525
      vertex -15.0332 49.3353 0
    endloop
  endfacet
  facet normal -0.27566 -0.961255 0
    outer loop
      vertex -15.4928 62.4965 0
      vertex -15.0332 62.3647 0
      vertex -15.0332 62.3647 9.525
    endloop
  endfacet
  facet normal -0.27566 -0.961255 0
    outer loop
      vertex -15.4928 62.4965 0
      vertex -15.0332 62.3647 9.525
      vertex -15.4928 62.4965 9.525
    endloop
  endfacet
  facet normal -0.207886 -0.978153 0
    outer loop
      vertex -15.9605 -49.1041 0
      vertex -15.4928 -49.2035 0
      vertex -15.4928 -49.2035 9.525
    endloop
  endfacet
  facet normal -0.207886 -0.978153 0
    outer loop
      vertex -15.9605 -49.1041 0
      vertex -15.4928 -49.2035 9.525
      vertex -15.9605 -49.1041 9.525
    endloop
  endfacet
  facet normal 0 0 -1
    outer loop
      vertex -15.9605 -49.1041 0
      vertex -15.9605 49.1041 0
      vertex -15.4928 -49.2035 0
    endloop
  endfacet
  facet normal 0 0 1
    outer loop
      vertex -15.9605 -49.1041 9.525
      vertex -15.4928 -49.2035 9.525
      vertex -15.9605 49.1041 9.525
    endloop
  endfacet
  facet normal -0.207886 0.978153 0
    outer loop
      vertex -15.9605 -62.5959 0
      vertex -15.9605 -62.5959 9.525
      vertex -15.4928 -62.4965 0
    endloop
  endfacet
  facet normal -0.207886 0.978153 0
    outer loop
      vertex -15.9605 -62.5959 9.525
      vertex -15.4928 -62.4965 9.525
      vertex -15.4928 -62.4965 0
    endloop
  endfacet
  facet normal 0 0 -1
    outer loop
      vertex -15.9605 49.1041 0
      vertex -15.4928 49.2035 0
      vertex -15.4928 -49.2035 0
    endloop
  endfacet
  facet normal -0.207886 0.978153 0
    outer loop
      vertex -15.9605 49.1041 0
      vertex -15.9605 49.1041 9.525
      vertex -15.4928 49.2035 0
    endloop
  endfacet
  facet normal 0 0 1
    outer loop
      vertex -15.9605 49.1041 9.525
      vertex -15.4928 -49.2035 9.525
      vertex -15.4928 49.2035 9.525
    endloop
  endfacet
  facet normal -0.207886 0.978153 0
    outer loop
      vertex -15.9605 49.1041 9.525
      vertex -15.4928 49.2035 9.525
      vertex -15.4928 49.2035 0
    endloop
  endfacet
  facet normal -0.207886 -0.978153 0
    outer loop
      vertex -15.9605 62.5959 0
      vertex -15.4928 62.4965 0
      vertex -15.4928 62.4965 9.525
    endloop
  endfacet
  facet normal -0.207886 -0.978153 0
    outer loop
      vertex -15.9605 62.5959 0
      vertex -15.4928 62.4965 9.525
      vertex -15.9605 62.5959 9.525
    endloop
  endfacet
  facet normal -0.139284 -0.990253 0
    outer loop
      vertex -16.434 -49.0375 0
      vertex -15.9605 -49.1041 0
      vertex -15.9605 -49.1041 9.525
    endloop
  endfacet
  facet normal -0.139284 -0.990253 0
    outer loop
      vertex -16.434 -49.0375 0
      vertex -15.9605 -49.1041 9.525
      vertex -16.434 -49.0375 9.525
    endloop
  endfacet
  facet normal 0 0 -1
    outer loop
      vertex -16.434 -49.0375 0
      vertex -16.434 49.0375 0
      vertex -15.9605 -49.1041 0
    endloop
  endfacet
  facet normal 0 0 1
    outer loop
      vertex -16.434 -49.0375 9.525
      vertex -15.9605 -49.1041 9.525
      vertex -16.434 49.0375 9.525
    endloop
  endfacet
  facet normal -0.139284 0.990253 0
    outer loop
      vertex -16.434 -62.6625 0
      vertex -16.434 -62.6625 9.525
      vertex -15.9605 -62.5959 0
    endloop
  endfacet
  facet normal -0.139284 0.990253 0
    outer loop
      vertex -16.434 -62.6625 9.525
      vertex -15.9605 -62.5959 9.525
      vertex -15.9605 -62.5959 0
    endloop
  endfacet
  facet normal 0 0 -1
    outer loop
      vertex -16.434 49.0375 0
      vertex -15.9605 49.1041 0
      vertex -15.9605 -49.1041 0
    endloop
  endfacet
  facet normal -0.139284 0.990253 0
    outer loop
      vertex -16.434 49.0375 0
      vertex -16.434 49.0375 9.525
      vertex -15.9605 49.1041 0
    endloop
  endfacet
  facet normal 0 0 1
    outer loop
      vertex -16.434 49.0375 9.525
      vertex -15.9605 -49.1041 9.525
      vertex -15.9605 49.1041 9.525
    endloop
  endfacet
  facet normal -0.139284 0.990253 0
    outer loop
      vertex -16.434 49.0375 9.525
      vertex -15.9605 49.1041 9.525
      vertex -15.9605 49.1041 0
    endloop
  endfacet
  facet normal -0.139284 -0.990253 0
    outer loop
      vertex -16.434 62.6625 0
      vertex -15.9605 62.5959 0
      vertex -15.9605 62.5959 9.525
    endloop
  endfacet
  facet normal -0.139284 -0.990253 0
    outer loop
      vertex -16.434 62.6625 0
      vertex -15.9605 62.5959 9.525
      vertex -16.434 62.6625 9.525
    endloop
  endfacet
  facet normal -0.0696564 -0.997571 0
    outer loop
      vertex -16.9109 -49.0042 0
      vertex -16.434 -49.0375 0
      vertex -16.434 -49.0375 9.525
    endloop
  endfacet
  facet normal -0.0696564 -0.997571 0
    outer loop
      vertex -16.9109 -49.0042 0
      vertex -16.434 -49.0375 9.525
      vertex -16.9109 -49.0042 9.525
    endloop
  endfacet
  facet normal 0 0 -1
    outer loop
      vertex -16.9109 -49.0042 0
      vertex -16.9109 49.0042 0
      vertex -16.434 -49.0375 0
    endloop
  endfacet
  facet normal 0 0 1
    outer loop
      vertex -16.9109 -49.0042 9.525
      vertex -16.434 -49.0375 9.525
      vertex -16.9109 49.0042 9.525
    endloop
  endfacet
  facet normal -0.0696564 0.997571 0
    outer loop
      vertex -16.9109 -62.6958 0
      vertex -16.9109 -62.6958 9.525
      vertex -16.434 -62.6625 0
    endloop
  endfacet
  facet normal -0.0696564 0.997571 0
    outer loop
      vertex -16.9109 -62.6958 9.525
      vertex -16.434 -62.6625 9.525
      vertex -16.434 -62.6625 0
    endloop
  endfacet
  facet normal 0 0 -1
    outer loop
      vertex -16.9109 49.0042 0
      vertex -16.434 49.0375 0
      vertex -16.434 -49.0375 0
    endloop
  endfacet
  facet normal -0.0696564 0.997571 0
    outer loop
      vertex -16.9109 49.0042 0
      vertex -16.9109 49.0042 9.525
      vertex -16.434 49.0375 0
    endloop
  endfacet
  facet normal 0 0 1
    outer loop
      vertex -16.9109 49.0042 9.525
      vertex -16.434 -49.0375 9.525
      vertex -16.434 49.0375 9.525
    endloop
  endfacet
  facet normal -0.0696564 0.997571 0
    outer loop
      vertex -16.9109 49.0042 9.525
      vertex -16.434 49.0375 9.525
      vertex -16.434 49.0375 0
    endloop
  endfacet
  facet normal -0.0696564 -0.997571 0
    outer loop
      vertex -16.9109 62.6958 0
      vertex -16.434 62.6625 0
      vertex -16.434 62.6625 9.525
    endloop
  endfacet
  facet normal -0.0696564 -0.997571 0
    outer loop
      vertex -16.9109 62.6958 0
      vertex -16.434 62.6625 9.525
      vertex -16.9109 62.6958 9.525
    endloop
  endfacet
  facet normal 0 -1 0
    outer loop
      vertex -17.3891 -49.0042 0
      vertex -16.9109 -49.0042 0
      vertex -16.9109 -49.0042 9.525
    endloop
  endfacet
  facet normal 0 -1 0
    outer loop
      vertex -17.3891 -49.0042 0
      vertex -16.9109 -49.0042 9.525
      vertex -17.3891 -49.0042 9.525
    endloop
  endfacet
  facet normal 0 0 -1
    outer loop
      vertex -17.3891 -49.0042 0
      vertex -17.3891 49.0042 0
      vertex -16.9109 -49.0042 0
    endloop
  endfacet
  facet normal 0 0 1
    outer loop
      vertex -17.3891 -49.0042 9.525
      vertex -16.9109 -49.0042 9.525
      vertex -17.3891 49.0042 9.525
    endloop
  endfacet
  facet normal 0 1 0
    outer loop
      vertex -17.3891 -62.6958 0
      vertex -17.3891 -62.6958 9.525
      vertex -16.9109 -62.6958 0
    endloop
  endfacet
  facet normal 0 1 0
    outer loop
      vertex -17.3891 -62.6958 9.525
      vertex -16.9109 -62.6958 9.525
      vertex -16.9109 -62.6958 0
    endloop
  endfacet
  facet normal 0 0 -1
    outer loop
      vertex -17.3891 49.0042 0
      vertex -16.9109 49.0042 0
      vertex -16.9109 -49.0042 0
    endloop
  endfacet
  facet normal 0 1 0
    outer loop
      vertex -17.3891 49.0042 0
      vertex -17.3891 49.0042 9.525
      vertex -16.9109 49.0042 0
    endloop
  endfacet
  facet normal 0 0 1
    outer loop
      vertex -17.3891 49.0042 9.525
      vertex -16.9109 -49.0042 9.525
      vertex -16.9109 49.0042 9.525
    endloop
  endfacet
  facet normal 0 1 0
    outer loop
      vertex -17.3891 49.0042 9.525
      vertex -16.9109 49.0042 9.525
      vertex -16.9109 49.0042 0
    endloop
  endfacet
  facet normal 0 -1 0
    outer loop
      vertex -17.3891 62.6958 0
      vertex -16.9109 62.6958 0
      vertex -16.9109 62.6958 9.525
    endloop
  endfacet
  facet normal 0 -1 0
    outer loop
      vertex -17.3891 62.6958 0
      vertex -16.9109 62.6958 9.525
      vertex -17.3891 62.6958 9.525
    endloop
  endfacet
  facet normal 0.0696564 -0.997571 0
    outer loop
      vertex -17.866 -49.0375 0
      vertex -17.3891 -49.0042 0
      vertex -17.3891 -49.0042 9.525
    endloop
  endfacet
  facet normal 0.0696564 -0.997571 0
    outer loop
      vertex -17.866 -49.0375 0
      vertex -17.3891 -49.0042 9.525
      vertex -17.866 -49.0375 9.525
    endloop
  endfacet
  facet normal 0 0 -1
    outer loop
      vertex -17.866 -49.0375 0
      vertex -17.866 49.0375 0
      vertex -17.3891 -49.0042 0
    endloop
  endfacet
  facet normal 0 0 1
    outer loop
      vertex -17.866 -49.0375 9.525
      vertex -17.3891 -49.0042 9.525
      vertex -17.866 49.0375 9.525
    endloop
  endfacet
  facet normal 0.0696564 0.997571 0
    outer loop
      vertex -17.866 -62.6625 0
      vertex -17.866 -62.6625 9.525
      vertex -17.3891 -62.6958 0
    endloop
  endfacet
  facet normal 0.0696564 0.997571 0
    outer loop
      vertex -17.866 -62.6625 9.525
      vertex -17.3891 -62.6958 9.525
      vertex -17.3891 -62.6958 0
    endloop
  endfacet
  facet normal 0 0 -1
    outer loop
      vertex -17.866 49.0375 0
      vertex -17.3891 49.0042 0
      vertex -17.3891 -49.0042 0
    endloop
  endfacet
  facet normal 0.0696564 0.997571 0
    outer loop
      vertex -17.866 49.0375 0
      vertex -17.866 49.0375 9.525
      vertex -17.3891 49.0042 0
    endloop
  endfacet
  facet normal 0 0 1
    outer loop
      vertex -17.866 49.0375 9.525
      vertex -17.3891 -49.0042 9.525
      vertex -17.3891 49.0042 9.525
    endloop
  endfacet
  facet normal 0.0696564 0.997571 0
    outer loop
      vertex -17.866 49.0375 9.525
      vertex -17.3891 49.0042 9.525
      vertex -17.3891 49.0042 0
    endloop
  endfacet
  facet normal 0.0696564 -0.997571 0
    outer loop
      vertex -17.866 62.6625 0
      vertex -17.3891 62.6958 0
      vertex -17.3891 62.6958 9.525
    endloop
  endfacet
  facet normal 0.0696564 -0.997571 0
    outer loop
      vertex -17.866 62.6625 0
      vertex -17.3891 62.6958 9.525
      vertex -17.866 62.6625 9.525
    endloop
  endfacet
  facet normal 0.139284 -0.990253 0
    outer loop
      vertex -18.3395 -49.1041 0
      vertex -17.866 -49.0375 0
      vertex -17.866 -49.0375 9.525
    endloop
  endfacet
  facet normal 0.139284 -0.990253 0
    outer loop
      vertex -18.3395 -49.1041 0
      vertex -17.866 -49.0375 9.525
      vertex -18.3395 -49.1041 9.525
    endloop
  endfacet
  facet normal 0 0 -1
    outer loop
      vertex -18.3395 -49.1041 0
      vertex -18.3395 49.1041 0
      vertex -17.866 -49.0375 0
    endloop
  endfacet
  facet normal 0 0 1
    outer loop
      vertex -18.3395 -49.1041 9.525
      vertex -17.866 -49.0375 9.525
      vertex -18.3395 49.1041 9.525
    endloop
  endfacet
  facet normal 0.139284 0.990253 0
    outer loop
      vertex -18.3395 -62.5959 0
      vertex -18.3395 -62.5959 9.525
      vertex -17.866 -62.6625 0
    endloop
  endfacet
  facet normal 0.139284 0.990253 0
    outer loop
      vertex -18.3395 -62.5959 9.525
      vertex -17.866 -62.6625 9.525
      vertex -17.866 -62.6625 0
    endloop
  endfacet
  facet normal 0 0 -1
    outer loop
      vertex -18.3395 49.1041 0
      vertex -17.866 49.0375 0
      vertex -17.866 -49.0375 0
    endloop
  endfacet
  facet normal 0.139284 0.990253 0
    outer loop
      vertex -18.3395 49.1041 0
      vertex -18.3395 49.1041 9.525
      vertex -17.866 49.0375 0
    endloop
  endfacet
  facet normal 0 0 1
    outer loop
      vertex -18.3395 49.1041 9.525
      vertex -17.866 -49.0375 9.525
      vertex -17.866 49.0375 9.525
    endloop
  endfacet
  facet normal 0.139284 0.990253 0
    outer loop
      vertex -18.3395 49.1041 9.525
      vertex -17.866 49.0375 9.525
      vertex -17.866 49.0375 0
    endloop
  endfacet
  facet normal 0.139284 -0.990253 0
    outer loop
      vertex -18.3395 62.5959 0
      vertex -17.866 62.6625 0
      vertex -17.866 62.6625 9.525
    endloop
  endfacet
  facet normal 0.139284 -0.990253 0
    outer loop
      vertex -18.3395 62.5959 0
      vertex -17.866 62.6625 9.525
      vertex -18.3395 62.5959 9.525
    endloop
  endfacet
  facet normal 0.207886 -0.978153 0
    outer loop
      vertex -18.8072 -49.2035 0
      vertex -18.3395 -49.1041 0
      vertex -18.3395 -49.1041 9.525
    endloop
  endfacet
  facet normal 0.207886 -0.978153 0
    outer loop
      vertex -18.8072 -49.2035 0
      vertex -18.3395 -49.1041 9.525
      vertex -18.8072 -49.2035 9.525
    endloop
  endfacet
  facet normal 0 0 -1
    outer loop
      vertex -18.8072 -49.2035 0
      vertex -18.8072 49.2035 0
      vertex -18.3395 -49.1041 0
    endloop
  endfacet
  facet normal 0 0 1
    outer loop
      vertex -18.8072 -49.2035 9.525
      vertex -18.3395 -49.1041 9.525
      vertex -18.8072 49.2035 9.525
    endloop
  endfacet
  facet normal 0.207886 0.978153 0
    outer loop
      vertex -18.8072 -62.4965 0
      vertex -18.8072 -62.4965 9.525
      vertex -18.3395 -62.5959 0
    endloop
  endfacet
  facet normal 0.207886 0.978153 0
    outer loop
      vertex -18.8072 -62.4965 9.525
      vertex -18.3395 -62.5959 9.525
      vertex -18.3395 -62.5959 0
    endloop
  endfacet
  facet normal 0 0 -1
    outer loop
      vertex -18.8072 49.2035 0
      vertex -18.3395 49.1041 0
      vertex -18.3395 -49.1041 0
    endloop
  endfacet
  facet normal 0.207886 0.978153 0
    outer loop
      vertex -18.8072 49.2035 0
      vertex -18.8072 49.2035 9.525
      vertex -18.3395 49.1041 0
    endloop
  endfacet
  facet normal 0 0 1
    outer loop
      vertex -18.8072 49.2035 9.525
      vertex -18.3395 -49.1041 9.525
      vertex -18.3395 49.1041 9.525
    endloop
  endfacet
  facet normal 0.207886 0.978153 0
    outer loop
      vertex -18.8072 49.2035 9.525
      vertex -18.3395 49.1041 9.525
      vertex -18.3395 49.1041 0
    endloop
  endfacet
  facet normal 0.207886 -0.978153 0
    outer loop
      vertex -18.8072 62.4965 0
      vertex -18.3395 62.5959 0
      vertex -18.3395 62.5959 9.525
    endloop
  endfacet
  facet normal 0.207886 -0.978153 0
    outer loop
      vertex -18.8072 62.4965 0
      vertex -18.3395 62.5959 9.525
      vertex -18.8072 62.4965 9.525
    endloop
  endfacet
  facet normal 0.27566 -0.961255 0
    outer loop
      vertex -19.2668 -49.3353 0
      vertex -18.8072 -49.2035 0
      vertex -18.8072 -49.2035 9.525
    endloop
  endfacet
  facet normal 0.27566 -0.961255 0
    outer loop
      vertex -19.2668 -49.3353 0
      vertex -18.8072 -49.2035 9.525
      vertex -19.2668 -49.3353 9.525
    endloop
  endfacet
  facet normal 0 0 -1
    outer loop
      vertex -19.2668 -49.3353 0
      vertex -19.2668 49.3353 0
      vertex -18.8072 -49.2035 0
    endloop
  endfacet
  facet normal 0 0 1
    outer loop
      vertex -19.2668 -49.3353 9.525
      vertex -18.8072 -49.2035 9.525
      vertex -19.2668 49.3353 9.525
    endloop
  endfacet
  facet normal 0.27566 0.961255 0
    outer loop
      vertex -19.2668 -62.3647 0
      vertex -19.2668 -62.3647 9.525
      vertex -18.8072 -62.4965 0
    endloop
  endfacet
  facet normal 0.27566 0.961255 0
    outer loop
      vertex -19.2668 -62.3647 9.525
      vertex -18.8072 -62.4965 9.525
      vertex -18.8072 -62.4965 0
    endloop
  endfacet
  facet normal 0 0 -1
    outer loop
      vertex -19.2668 49.3353 0
      vertex -18.8072 49.2035 0
      vertex -18.8072 -49.2035 0
    endloop
  endfacet
  facet normal 0.27566 0.961255 0
    outer loop
      vertex -19.2668 49.3353 0
      vertex -19.2668 49.3353 9.525
      vertex -18.8072 49.2035 0
    endloop
  endfacet
  facet normal 0 0 1
    outer loop
      vertex -19.2668 49.3353 9.525
      vertex -18.8072 -49.2035 9.525
      vertex -18.8072 49.2035 9.525
    endloop
  endfacet
  facet normal 0.27566 0.961255 0
    outer loop
      vertex -19.2668 49.3353 9.525
      vertex -18.8072 49.2035 9.525
      vertex -18.8072 49.2035 0
    endloop
  endfacet
  facet normal 0.27566 -0.961255 0
    outer loop
      vertex -19.2668 62.3647 0
      vertex -18.8072 62.4965 0
      vertex -18.8072 62.4965 9.525
    endloop
  endfacet
  facet normal 0.27566 -0.961255 0
    outer loop
      vertex -19.2668 62.3647 0
      vertex -18.8072 62.4965 9.525
      vertex -19.2668 62.3647 9.525
    endloop
  endfacet
  facet normal 0.342029 -0.93969 0
    outer loop
      vertex -19.716 -49.4988 0
      vertex -19.2668 -49.3353 0
      vertex -19.2668 -49.3353 9.525
    endloop
  endfacet
  facet normal 0.342029 -0.93969 0
    outer loop
      vertex -19.716 -49.4988 0
      vertex -19.2668 -49.3353 9.525
      vertex -19.716 -49.4988 9.525
    endloop
  endfacet
  facet normal 0 0 -1
    outer loop
      vertex -19.716 -49.4988 0
      vertex -19.716 49.4988 0
      vertex -19.2668 -49.3353 0
    endloop
  endfacet
  facet normal 0 0 1
    outer loop
      vertex -19.716 -49.4988 9.525
      vertex -19.2668 -49.3353 9.525
      vertex -19.716 49.4988 9.525
    endloop
  endfacet
  facet normal 0.342029 0.93969 0
    outer loop
      vertex -19.716 -62.2012 0
      vertex -19.716 -62.2012 9.525
      vertex -19.2668 -62.3647 0
    endloop
  endfacet
  facet normal 0.342029 0.93969 0
    outer loop
      vertex -19.716 -62.2012 9.525
      vertex -19.2668 -62.3647 9.525
      vertex -19.2668 -62.3647 0
    endloop
  endfacet
  facet normal 0 0 -1
    outer loop
      vertex -19.716 49.4988 0
      vertex -19.2668 49.3353 0
      vertex -19.2668 -49.3353 0
    endloop
  endfacet
  facet normal 0.342029 0.93969 0
    outer loop
      vertex -19.716 49.4988 0
      vertex -19.716 49.4988 9.525
      vertex -19.2668 49.3353 0
    endloop
  endfacet
  facet normal 0 0 1
    outer loop
      vertex -19.716 49.4988 9.525
      vertex -19.2668 -49.3353 9.525
      vertex -19.2668 49.3353 9.525
    endloop
  endfacet
  facet normal 0.342029 0.93969 0
    outer loop
      vertex -19.716 49.4988 9.525
      vertex -19.2668 49.3353 9.525
      vertex -19.2668 49.3353 0
    endloop
  endfacet
  facet normal 0.342029 -0.93969 0
    outer loop
      vertex -19.716 62.2012 0
      vertex -19.2668 62.3647 0
      vertex -19.2668 62.3647 9.525
    endloop
  endfacet
  facet normal 0.342029 -0.93969 0
    outer loop
      vertex -19.716 62.2012 0
      vertex -19.2668 62.3647 9.525
      vertex -19.716 62.2012 9.525
    endloop
  endfacet
  facet normal 0.406779 -0.913527 0
    outer loop
      vertex -20.1528 -49.6933 0
      vertex -19.716 -49.4988 0
      vertex -19.716 -49.4988 9.525
    endloop
  endfacet
  facet normal 0.406779 -0.913527 0
    outer loop
      vertex -20.1528 -49.6933 0
      vertex -19.716 -49.4988 9.525
      vertex -20.1528 -49.6933 9.525
    endloop
  endfacet
  facet normal 0 0 -1
    outer loop
      vertex -20.1528 -49.6933 0
      vertex -20.1528 49.6933 0
      vertex -19.716 -49.4988 0
    endloop
  endfacet
  facet normal 0 0 1
    outer loop
      vertex -20.1528 -49.6933 9.525
      vertex -19.716 -49.4988 9.525
      vertex -20.1528 49.6933 9.525
    endloop
  endfacet
  facet normal 0.406779 0.913527 0
    outer loop
      vertex -20.1528 -62.0067 0
      vertex -20.1528 -62.0067 9.525
      vertex -19.716 -62.2012 0
    endloop
  endfacet
  facet normal 0.406779 0.913527 0
    outer loop
      vertex -20.1528 -62.0067 9.525
      vertex -19.716 -62.2012 9.525
      vertex -19.716 -62.2012 0
    endloop
  endfacet
  facet normal 0 0 -1
    outer loop
      vertex -20.1528 49.6933 0
      vertex -19.716 49.4988 0
      vertex -19.716 -49.4988 0
    endloop
  endfacet
  facet normal 0.406779 0.913527 0
    outer loop
      vertex -20.1528 49.6933 0
      vertex -20.1528 49.6933 9.525
      vertex -19.716 49.4988 0
    endloop
  endfacet
  facet normal 0 0 1
    outer loop
      vertex -20.1528 49.6933 9.525
      vertex -19.716 -49.4988 9.525
      vertex -19.716 49.4988 9.525
    endloop
  endfacet
  facet normal 0.406779 0.913527 0
    outer loop
      vertex -20.1528 49.6933 9.525
      vertex -19.716 49.4988 9.525
      vertex -19.716 49.4988 0
    endloop
  endfacet
  facet normal 0.406779 -0.913527 0
    outer loop
      vertex -20.1528 62.0067 0
      vertex -19.716 62.2012 0
      vertex -19.716 62.2012 9.525
    endloop
  endfacet
  facet normal 0.406779 -0.913527 0
    outer loop
      vertex -20.1528 62.0067 0
      vertex -19.716 62.2012 9.525
      vertex -20.1528 62.0067 9.525
    endloop
  endfacet
  facet normal 0.469329 -0.883024 0
    outer loop
      vertex -20.575 -49.9177 0
      vertex -20.1528 -49.6933 0
      vertex -20.1528 -49.6933 9.525
    endloop
  endfacet
  facet normal 0.469329 -0.883024 0
    outer loop
      vertex -20.575 -49.9177 0
      vertex -20.1528 -49.6933 9.525
      vertex -20.575 -49.9177 9.525
    endloop
  endfacet
  facet normal 0 0 -1
    outer loop
      vertex -20.575 -49.9177 0
      vertex -20.575 49.9177 0
      vertex -20.1528 -49.6933 0
    endloop
  endfacet
  facet normal 0 0 1
    outer loop
      vertex -20.575 -49.9177 9.525
      vertex -20.1528 -49.6933 9.525
      vertex -20.575 49.9177 9.525
    endloop
  endfacet
  facet normal 0.469329 0.883024 0
    outer loop
      vertex -20.575 -61.7823 0
      vertex -20.575 -61.7823 9.525
      vertex -20.1528 -62.0067 0
    endloop
  endfacet
  facet normal 0.469329 0.883024 0
    outer loop
      vertex -20.575 -61.7823 9.525
      vertex -20.1528 -62.0067 9.525
      vertex -20.1528 -62.0067 0
    endloop
  endfacet
  facet normal 0 0 -1
    outer loop
      vertex -20.575 49.9177 0
      vertex -20.1528 49.6933 0
      vertex -20.1528 -49.6933 0
    endloop
  endfacet
  facet normal 0.469329 0.883024 0
    outer loop
      vertex -20.575 49.9177 0
      vertex -20.575 49.9177 9.525
      vertex -20.1528 49.6933 0
    endloop
  endfacet
  facet normal 0 0 1
    outer loop
      vertex -20.575 49.9177 9.525
      vertex -20.1528 -49.6933 9.525
      vertex -20.1528 49.6933 9.525
    endloop
  endfacet
  facet normal 0.469329 0.883024 0
    outer loop
      vertex -20.575 49.9177 9.525
      vertex -20.1528 49.6933 9.525
      vertex -20.1528 49.6933 0
    endloop
  endfacet
  facet normal 0.469329 -0.883024 0
    outer loop
      vertex -20.575 61.7823 0
      vertex -20.1528 62.0067 0
      vertex -20.1528 62.0067 9.525
    endloop
  endfacet
  facet normal 0.469329 -0.883024 0
    outer loop
      vertex -20.575 61.7823 0
      vertex -20.1528 62.0067 9.525
      vertex -20.575 61.7823 9.525
    endloop
  endfacet
  facet normal 0.529943 -0.848034 0
    outer loop
      vertex -20.9805 -50.1711 0
      vertex -20.575 -49.9177 0
      vertex -20.575 -49.9177 9.525
    endloop
  endfacet
  facet normal 0.529943 -0.848034 0
    outer loop
      vertex -20.9805 -50.1711 0
      vertex -20.575 -49.9177 9.525
      vertex -20.9805 -50.1711 9.525
    endloop
  endfacet
  facet normal 0 0 -1
    outer loop
      vertex -20.9805 -50.1711 0
      vertex -20.9805 50.1711 0
      vertex -20.575 -49.9177 0
    endloop
  endfacet
  facet normal 0 0 1
    outer loop
      vertex -20.9805 -50.1711 9.525
      vertex -20.575 -49.9177 9.525
      vertex -20.9805 50.1711 9.525
    endloop
  endfacet
  facet normal 0.529943 0.848034 0
    outer loop
      vertex -20.9805 -61.5289 0
      vertex -20.9805 -61.5289 9.525
      vertex -20.575 -61.7823 0
    endloop
  endfacet
  facet normal 0.529943 0.848034 0
    outer loop
      vertex -20.9805 -61.5289 9.525
      vertex -20.575 -61.7823 9.525
      vertex -20.575 -61.7823 0
    endloop
  endfacet
  facet normal 0 0 -1
    outer loop
      vertex -20.9805 50.1711 0
      vertex -20.575 49.9177 0
      vertex -20.575 -49.9177 0
    endloop
  endfacet
  facet normal 0.529943 0.848034 0
    outer loop
      vertex -20.9805 50.1711 0
      vertex -20.9805 50.1711 9.525
      vertex -20.575 49.9177 0
    endloop
  endfacet
  facet normal 0 0 1
    outer loop
      vertex -20.9805 50.1711 9.525
      vertex -20.575 -49.9177 9.525
      vertex -20.575 49.9177 9.525
    endloop
  endfacet
  facet normal 0.529943 0.848034 0
    outer loop
      vertex -20.9805 50.1711 9.525
      vertex -20.575 49.9177 9.525
      vertex -20.575 49.9177 0
    endloop
  endfacet
  facet normal 0.529943 -0.848034 0
    outer loop
      vertex -20.9805 61.5289 0
      vertex -20.575 61.7823 0
      vertex -20.575 61.7823 9.525
    endloop
  endfacet
  facet normal 0.529943 -0.848034 0
    outer loop
      vertex -20.9805 61.5289 0
      vertex -20.575 61.7823 9.525
      vertex -20.9805 61.5289 9.525
    endloop
  endfacet
  facet normal 0.587749 -0.809044 0
    outer loop
      vertex -21.3673 -50.4521 0
      vertex -20.9805 -50.1711 0
      vertex -20.9805 -50.1711 9.525
    endloop
  endfacet
  facet normal 0.587749 -0.809044 0
    outer loop
      vertex -21.3673 -50.4521 0
      vertex -20.9805 -50.1711 9.525
      vertex -21.3673 -50.4521 9.525
    endloop
  endfacet
  facet normal 0 0 -1
    outer loop
      vertex -21.3673 -50.4521 0
      vertex -21.3673 50.4521 0
      vertex -20.9805 -50.1711 0
    endloop
  endfacet
  facet normal 0 0 1
    outer loop
      vertex -21.3673 -50.4521 9.525
      vertex -20.9805 -50.1711 9.525
      vertex -21.3673 50.4521 9.525
    endloop
  endfacet
  facet normal 0.587749 0.809044 0
    outer loop
      vertex -21.3673 -61.2479 0
      vertex -21.3673 -61.2479 9.525
      vertex -20.9805 -61.5289 0
    endloop
  endfacet
  facet normal 0.587749 0.809044 0
    outer loop
      vertex -21.3673 -61.2479 9.525
      vertex -20.9805 -61.5289 9.525
      vertex -20.9805 -61.5289 0
    endloop
  endfacet
  facet normal 0 0 -1
    outer loop
      vertex -21.3673 50.4521 0
      vertex -20.9805 50.1711 0
      vertex -20.9805 -50.1711 0
    endloop
  endfacet
  facet normal 0.587749 0.809044 0
    outer loop
      vertex -21.3673 50.4521 0
      vertex -21.3673 50.4521 9.525
      vertex -20.9805 50.1711 0
    endloop
  endfacet
  facet normal 0 0 1
    outer loop
      vertex -21.3673 50.4521 9.525
      vertex -20.9805 -50.1711 9.525
      vertex -20.9805 50.1711 9.525
    endloop
  endfacet
  facet normal 0.587749 0.809044 0
    outer loop
      vertex -21.3673 50.4521 9.525
      vertex -20.9805 50.1711 9.525
      vertex -20.9805 50.1711 0
    endloop
  endfacet
  facet normal 0.587749 -0.809044 0
    outer loop
      vertex -21.3673 61.2479 0
      vertex -20.9805 61.5289 0
      vertex -20.9805 61.5289 9.525
    endloop
  endfacet
  facet normal 0.587749 -0.809044 0
    outer loop
      vertex -21.3673 61.2479 0
      vertex -20.9805 61.5289 9.525
      vertex -21.3673 61.2479 9.525
    endloop
  endfacet
  facet normal 0.642814 -0.766022 0
    outer loop
      vertex -21.7335 -50.7594 0
      vertex -21.3673 -50.4521 0
      vertex -21.3673 -50.4521 9.525
    endloop
  endfacet
  facet normal 0.642814 -0.766022 0
    outer loop
      vertex -21.7335 -50.7594 0
      vertex -21.3673 -50.4521 9.525
      vertex -21.7335 -50.7594 9.525
    endloop
  endfacet
  facet normal 0 0 -1
    outer loop
      vertex -21.7335 -50.7594 0
      vertex -21.7335 50.7594 0
      vertex -21.3673 -50.4521 0
    endloop
  endfacet
  facet normal 0 0 1
    outer loop
      vertex -21.7335 -50.7594 9.525
      vertex -21.3673 -50.4521 9.525
      vertex -21.7335 50.7594 9.525
    endloop
  endfacet
  facet normal 0.642937 0.765919 0
    outer loop
      vertex -21.7335 -60.9405 0
      vertex -21.7335 -60.9405 9.525
      vertex -21.3673 -61.2479 0
    endloop
  endfacet
  facet normal 0.642937 0.765919 0
    outer loop
      vertex -21.7335 -60.9405 9.525
      vertex -21.3673 -61.2479 9.525
      vertex -21.3673 -61.2479 0
    endloop
  endfacet
  facet normal 0 0 -1
    outer loop
      vertex -21.7335 50.7594 0
      vertex -21.3673 50.4521 0
      vertex -21.3673 -50.4521 0
    endloop
  endfacet
  facet normal 0.642814 0.766022 0
    outer loop
      vertex -21.7335 50.7594 0
      vertex -21.7335 50.7594 9.525
      vertex -21.3673 50.4521 0
    endloop
  endfacet
  facet normal 0 0 1
    outer loop
      vertex -21.7335 50.7594 9.525
      vertex -21.3673 -50.4521 9.525
      vertex -21.3673 50.4521 9.525
    endloop
  endfacet
  facet normal 0.642814 0.766022 0
    outer loop
      vertex -21.7335 50.7594 9.525
      vertex -21.3673 50.4521 9.525
      vertex -21.3673 50.4521 0
    endloop
  endfacet
  facet normal 0.642937 -0.765919 0
    outer loop
      vertex -21.7335 60.9405 0
      vertex -21.3673 61.2479 0
      vertex -21.3673 61.2479 9.525
    endloop
  endfacet
  facet normal 0.642937 -0.765919 0
    outer loop
      vertex -21.7335 60.9405 0
      vertex -21.3673 61.2479 9.525
      vertex -21.7335 60.9405 9.525
    endloop
  endfacet
  facet normal 0.694662 -0.719337 0
    outer loop
      vertex -22.0775 -51.0916 0
      vertex -21.7335 -50.7594 0
      vertex -21.7335 -50.7594 9.525
    endloop
  endfacet
  facet normal 0.694662 -0.719337 0
    outer loop
      vertex -22.0775 -51.0916 0
      vertex -21.7335 -50.7594 9.525
      vertex -22.0775 -51.0916 9.525
    endloop
  endfacet
  facet normal 0 0 -1
    outer loop
      vertex -22.0775 -51.0916 0
      vertex -22.0775 51.0916 0
      vertex -21.7335 -50.7594 0
    endloop
  endfacet
  facet normal 0 0 1
    outer loop
      vertex -22.0775 -51.0916 9.525
      vertex -21.7335 -50.7594 9.525
      vertex -22.0775 51.0916 9.525
    endloop
  endfacet
  facet normal 0.694553 0.719441 0
    outer loop
      vertex -22.0775 -60.6084 0
      vertex -22.0775 -60.6084 9.525
      vertex -21.7335 -60.9405 0
    endloop
  endfacet
  facet normal 0.694553 0.719441 0
    outer loop
      vertex -22.0775 -60.6084 9.525
      vertex -21.7335 -60.9405 9.525
      vertex -21.7335 -60.9405 0
    endloop
  endfacet
  facet normal 0 0 -1
    outer loop
      vertex -22.0775 51.0916 0
      vertex -21.7335 50.7594 0
      vertex -21.7335 -50.7594 0
    endloop
  endfacet
  facet normal 0.694662 0.719337 0
    outer loop
      vertex -22.0775 51.0916 0
      vertex -22.0775 51.0916 9.525
      vertex -21.7335 50.7594 0
    endloop
  endfacet
  facet normal 0 0 1
    outer loop
      vertex -22.0775 51.0916 9.525
      vertex -21.7335 -50.7594 9.525
      vertex -21.7335 50.7594 9.525
    endloop
  endfacet
  facet normal 0.694662 0.719337 0
    outer loop
      vertex -22.0775 51.0916 9.525
      vertex -21.7335 50.7594 9.525
      vertex -21.7335 50.7594 0
    endloop
  endfacet
  facet normal 0.694553 -0.719441 0
    outer loop
      vertex -22.0775 60.6084 0
      vertex -21.7335 60.9405 0
      vertex -21.7335 60.9405 9.525
    endloop
  endfacet
  facet normal 0.694553 -0.719441 0
    outer loop
      vertex -22.0775 60.6084 0
      vertex -21.7335 60.9405 9.525
      vertex -22.0775 60.6084 9.525
    endloop
  endfacet
  facet normal 0.743159 -0.669115 0
    outer loop
      vertex -22.3974 -51.4469 0
      vertex -22.0775 -51.0916 0
      vertex -22.0775 -51.0916 9.525
    endloop
  endfacet
  facet normal 0.743159 -0.669115 0
    outer loop
      vertex -22.3974 -51.4469 0
      vertex -22.0775 -51.0916 9.525
      vertex -22.3974 -51.4469 9.525
    endloop
  endfacet
  facet normal 0 0 -1
    outer loop
      vertex -22.3974 -51.4469 0
      vertex -22.3974 51.4469 0
      vertex -22.0775 -51.0916 0
    endloop
  endfacet
  facet normal 0 0 1
    outer loop
      vertex -22.3974 -51.4469 9.525
      vertex -22.0775 -51.0916 9.525
      vertex -22.3974 51.4469 9.525
    endloop
  endfacet
  facet normal 0.743159 0.669115 0
    outer loop
      vertex -22.3974 -60.2531 0
      vertex -22.3974 -60.2531 9.525
      vertex -22.0775 -60.6084 0
    endloop
  endfacet
  facet normal 0.743159 0.669115 0
    outer loop
      vertex -22.3974 -60.2531 9.525
      vertex -22.0775 -60.6084 9.525
      vertex -22.0775 -60.6084 0
    endloop
  endfacet
  facet normal 0 0 -1
    outer loop
      vertex -22.3974 51.4469 0
      vertex -22.0775 51.0916 0
      vertex -22.0775 -51.0916 0
    endloop
  endfacet
  facet normal 0.743159 0.669115 0
    outer loop
      vertex -22.3974 51.4469 0
      vertex -22.3974 51.4469 9.525
      vertex -22.0775 51.0916 0
    endloop
  endfacet
  facet normal 0 0 1
    outer loop
      vertex -22.3974 51.4469 9.525
      vertex -22.0775 -51.0916 9.525
      vertex -22.0775 51.0916 9.525
    endloop
  endfacet
  facet normal 0.743159 0.669115 0
    outer loop
      vertex -22.3974 51.4469 9.525
      vertex -22.0775 51.0916 9.525
      vertex -22.0775 51.0916 0
    endloop
  endfacet
  facet normal 0.743159 -0.669115 0
    outer loop
      vertex -22.3974 60.2531 0
      vertex -22.0775 60.6084 0
      vertex -22.0775 60.6084 9.525
    endloop
  endfacet
  facet normal 0.743159 -0.669115 0
    outer loop
      vertex -22.3974 60.2531 0
      vertex -22.0775 60.6084 9.525
      vertex -22.3974 60.2531 9.525
    endloop
  endfacet
  facet normal 0.787999 -0.615677 0
    outer loop
      vertex -22.6918 -51.8237 0
      vertex -22.3974 -51.4469 0
      vertex -22.3974 -51.4469 9.525
    endloop
  endfacet
  facet normal 0.787999 -0.615677 0
    outer loop
      vertex -22.6918 -51.8237 0
      vertex -22.3974 -51.4469 9.525
      vertex -22.6918 -51.8237 9.525
    endloop
  endfacet
  facet normal 0 0 -1
    outer loop
      vertex -22.6918 -51.8237 0
      vertex -22.6918 51.8237 0
      vertex -22.3974 -51.4469 0
    endloop
  endfacet
  facet normal 0 0 1
    outer loop
      vertex -22.6918 -51.8237 9.525
      vertex -22.3974 -51.4469 9.525
      vertex -22.6918 51.8237 9.525
    endloop
  endfacet
  facet normal 0.787999 0.615677 0
    outer loop
      vertex -22.6918 -59.8763 0
      vertex -22.6918 -59.8763 9.525
      vertex -22.3974 -60.2531 0
    endloop
  endfacet
  facet normal 0.787999 0.615677 0
    outer loop
      vertex -22.6918 -59.8763 9.525
      vertex -22.3974 -60.2531 9.525
      vertex -22.3974 -60.2531 0
    endloop
  endfacet
  facet normal 0 0 -1
    outer loop
      vertex -22.6918 51.8237 0
      vertex -22.3974 51.4469 0
      vertex -22.3974 -51.4469 0
    endloop
  endfacet
  facet normal 0.787999 0.615677 0
    outer loop
      vertex -22.6918 51.8237 0
      vertex -22.6918 51.8237 9.525
      vertex -22.3974 51.4469 0
    endloop
  endfacet
  facet normal 0 0 1
    outer loop
      vertex -22.6918 51.8237 9.525
      vertex -22.3974 -51.4469 9.525
      vertex -22.3974 51.4469 9.525
    endloop
  endfacet
  facet normal 0.787999 0.615677 0
    outer loop
      vertex -22.6918 51.8237 9.525
      vertex -22.3974 51.4469 9.525
      vertex -22.3974 51.4469 0
    endloop
  endfacet
  facet normal 0.787999 -0.615677 0
    outer loop
      vertex -22.6918 59.8763 0
      vertex -22.3974 60.2531 0
      vertex -22.3974 60.2531 9.525
    endloop
  endfacet
  facet normal 0.787999 -0.615677 0
    outer loop
      vertex -22.6918 59.8763 0
      vertex -22.3974 60.2531 9.525
      vertex -22.6918 59.8763 9.525
    endloop
  endfacet
  facet normal 0.829045 -0.559182 0
    outer loop
      vertex -22.9591 -52.22 0
      vertex -22.6918 -51.8237 0
      vertex -22.6918 -51.8237 9.525
    endloop
  endfacet
  facet normal 0.829045 -0.559182 0
    outer loop
      vertex -22.9591 -52.22 0
      vertex -22.6918 -51.8237 9.525
      vertex -22.9591 -52.22 9.525
    endloop
  endfacet
  facet normal 0 0 -1
    outer loop
      vertex -22.9591 -52.22 0
      vertex -22.9591 52.22 0
      vertex -22.6918 -51.8237 0
    endloop
  endfacet
  facet normal 0 0 1
    outer loop
      vertex -22.9591 -52.22 9.525
      vertex -22.6918 -51.8237 9.525
      vertex -22.9591 52.22 9.525
    endloop
  endfacet
  facet normal 0.82911 0.559085 0
    outer loop
      vertex -22.9591 -59.4799 0
      vertex -22.9591 -59.4799 9.525
      vertex -22.6918 -59.8763 0
    endloop
  endfacet
  facet normal 0.82911 0.559085 0
    outer loop
      vertex -22.9591 -59.4799 9.525
      vertex -22.6918 -59.8763 9.525
      vertex -22.6918 -59.8763 0
    endloop
  endfacet
  facet normal 0 0 -1
    outer loop
      vertex -22.9591 52.22 0
      vertex -22.6918 51.8237 0
      vertex -22.6918 -51.8237 0
    endloop
  endfacet
  facet normal 0.829045 0.559182 0
    outer loop
      vertex -22.9591 52.22 0
      vertex -22.9591 52.22 9.525
      vertex -22.6918 51.8237 0
    endloop
  endfacet
  facet normal 0 0 1
    outer loop
      vertex -22.9591 52.22 9.525
      vertex -22.6918 -51.8237 9.525
      vertex -22.6918 51.8237 9.525
    endloop
  endfacet
  facet normal 0.829045 0.559182 0
    outer loop
      vertex -22.9591 52.22 9.525
      vertex -22.6918 51.8237 9.525
      vertex -22.6918 51.8237 0
    endloop
  endfacet
  facet normal 0.82911 -0.559085 0
    outer loop
      vertex -22.9591 59.4799 0
      vertex -22.6918 59.8763 0
      vertex -22.6918 59.8763 9.525
    endloop
  endfacet
  facet normal 0.82911 -0.559085 0
    outer loop
      vertex -22.9591 59.4799 0
      vertex -22.6918 59.8763 9.525
      vertex -22.9591 59.4799 9.525
    endloop
  endfacet
  facet normal 0.866008 -0.50003 0
    outer loop
      vertex -23.1982 -52.6341 0
      vertex -22.9591 -52.22 0
      vertex -22.9591 -52.22 9.525
    endloop
  endfacet
  facet normal 0.866008 -0.50003 0
    outer loop
      vertex -23.1982 -52.6341 0
      vertex -22.9591 -52.22 9.525
      vertex -23.1982 -52.6341 9.525
    endloop
  endfacet
  facet normal 0 0 -1
    outer loop
      vertex -23.1982 -52.6341 0
      vertex -23.1982 52.6341 0
      vertex -22.9591 -52.22 0
    endloop
  endfacet
  facet normal 0 0 1
    outer loop
      vertex -23.1982 -52.6341 9.525
      vertex -22.9591 -52.22 9.525
      vertex -23.1982 52.6341 9.525
    endloop
  endfacet
  facet normal 0.865956 0.500121 0
    outer loop
      vertex -23.1982 -59.0659 0
      vertex -23.1982 -59.0659 9.525
      vertex -22.9591 -59.4799 0
    endloop
  endfacet
  facet normal 0.865956 0.500121 0
    outer loop
      vertex -23.1982 -59.0659 9.525
      vertex -22.9591 -59.4799 9.525
      vertex -22.9591 -59.4799 0
    endloop
  endfacet
  facet normal 0 0 -1
    outer loop
      vertex -23.1982 52.6341 0
      vertex -22.9591 52.22 0
      vertex -22.9591 -52.22 0
    endloop
  endfacet
  facet normal 0.866008 0.50003 0
    outer loop
      vertex -23.1982 52.6341 0
      vertex -23.1982 52.6341 9.525
      vertex -22.9591 52.22 0
    endloop
  endfacet
  facet normal 0 0 1
    outer loop
      vertex -23.1982 52.6341 9.525
      vertex -22.9591 -52.22 9.525
      vertex -22.9591 52.22 9.525
    endloop
  endfacet
  facet normal 0.866008 0.50003 0
    outer loop
      vertex -23.1982 52.6341 9.525
      vertex -22.9591 52.22 9.525
      vertex -22.9591 52.22 0
    endloop
  endfacet
  facet normal 0.865956 -0.500121 0
    outer loop
      vertex -23.1982 59.0659 0
      vertex -22.9591 59.4799 0
      vertex -22.9591 59.4799 9.525
    endloop
  endfacet
  facet normal 0.865956 -0.500121 0
    outer loop
      vertex -23.1982 59.0659 0
      vertex -22.9591 59.4799 9.525
      vertex -23.1982 59.0659 9.525
    endloop
  endfacet
  facet normal 0.898776 -0.438407 0
    outer loop
      vertex -23.4078 -53.0638 0
      vertex -23.1982 -52.6341 0
      vertex -23.1982 -52.6341 9.525
    endloop
  endfacet
  facet normal 0.898776 -0.438407 0
    outer loop
      vertex -23.4078 -53.0638 0
      vertex -23.1982 -52.6341 9.525
      vertex -23.4078 -53.0638 9.525
    endloop
  endfacet
  facet normal 0 0 -1
    outer loop
      vertex -23.4078 -53.0638 0
      vertex -23.4078 53.0638 0
      vertex -23.1982 -52.6341 0
    endloop
  endfacet
  facet normal 0 0 1
    outer loop
      vertex -23.4078 -53.0638 9.525
      vertex -23.1982 -52.6341 9.525
      vertex -23.4078 53.0638 9.525
    endloop
  endfacet
  facet normal 0.898817 0.438325 0
    outer loop
      vertex -23.4078 -58.6361 0
      vertex -23.4078 -58.6361 9.525
      vertex -23.1982 -59.0659 0
    endloop
  endfacet
  facet normal 0.898817 0.438325 0
    outer loop
      vertex -23.4078 -58.6361 9.525
      vertex -23.1982 -59.0659 9.525
      vertex -23.1982 -59.0659 0
    endloop
  endfacet
  facet normal 0 0 -1
    outer loop
      vertex -23.4078 53.0638 0
      vertex -23.1982 52.6341 0
      vertex -23.1982 -52.6341 0
    endloop
  endfacet
  facet normal 0.898776 0.438407 0
    outer loop
      vertex -23.4078 53.0638 0
      vertex -23.4078 53.0638 9.525
      vertex -23.1982 52.6341 0
    endloop
  endfacet
  facet normal 0 0 1
    outer loop
      vertex -23.4078 53.0638 9.525
      vertex -23.1982 -52.6341 9.525
      vertex -23.1982 52.6341 9.525
    endloop
  endfacet
  facet normal 0.898776 0.438407 0
    outer loop
      vertex -23.4078 53.0638 9.525
      vertex -23.1982 52.6341 9.525
      vertex -23.1982 52.6341 0
    endloop
  endfacet
  facet normal 0.898817 -0.438325 0
    outer loop
      vertex -23.4078 58.6361 0
      vertex -23.1982 59.0659 0
      vertex -23.1982 59.0659 9.525
    endloop
  endfacet
  facet normal 0.898817 -0.438325 0
    outer loop
      vertex -23.4078 58.6361 0
      vertex -23.1982 59.0659 9.525
      vertex -23.4078 58.6361 9.525
    endloop
  endfacet
  facet normal 0.927217 -0.374525 0
    outer loop
      vertex -23.5869 -53.5072 0
      vertex -23.4078 -53.0638 0
      vertex -23.4078 -53.0638 9.525
    endloop
  endfacet
  facet normal 0.927217 -0.374525 0
    outer loop
      vertex -23.5869 -53.5072 0
      vertex -23.4078 -53.0638 9.525
      vertex -23.5869 -53.5072 9.525
    endloop
  endfacet
  facet normal 0.927187 0.374598 0
    outer loop
      vertex -23.5869 -58.1928 0
      vertex -23.5869 -58.1928 9.525
      vertex -23.4078 -58.6361 0
    endloop
  endfacet
  facet normal 0.927187 0.374598 0
    outer loop
      vertex -23.5869 -58.1928 9.525
      vertex -23.4078 -58.6361 9.525
      vertex -23.4078 -58.6361 0
    endloop
  endfacet
  facet normal 0.927217 0.374525 0
    outer loop
      vertex -23.5869 53.5072 0
      vertex -23.5869 53.5072 9.525
      vertex -23.4078 53.0638 0
    endloop
  endfacet
  facet normal 0.927217 0.374525 0
    outer loop
      vertex -23.5869 53.5072 9.525
      vertex -23.4078 53.0638 9.525
      vertex -23.4078 53.0638 0
    endloop
  endfacet
  facet normal 0.927187 -0.374598 0
    outer loop
      vertex -23.5869 58.1928 0
      vertex -23.4078 58.6361 0
      vertex -23.4078 58.6361 9.525
    endloop
  endfacet
  facet normal 0.927187 -0.374598 0
    outer loop
      vertex -23.5869 58.1928 0
      vertex -23.4078 58.6361 9.525
      vertex -23.5869 58.1928 9.525
    endloop
  endfacet
  facet normal 0.951082 -0.308939 0
    outer loop
      vertex -23.7346 -53.9619 0
      vertex -23.5869 -53.5072 0
      vertex -23.5869 -53.5072 9.525
    endloop
  endfacet
  facet normal 0.951082 -0.308939 0
    outer loop
      vertex -23.7346 -53.9619 0
      vertex -23.5869 -53.5072 9.525
      vertex -23.7346 -53.9619 9.525
    endloop
  endfacet
  facet normal 0.951082 0.308939 0
    outer loop
      vertex -23.7346 -57.7381 0
      vertex -23.7346 -57.7381 9.525
      vertex -23.5869 -58.1928 0
    endloop
  endfacet
  facet normal 0.951082 0.308939 0
    outer loop
      vertex -23.7346 -57.7381 9.525
      vertex -23.5869 -58.1928 9.525
      vertex -23.5869 -58.1928 0
    endloop
  endfacet
  facet normal 0.951082 0.308939 0
    outer loop
      vertex -23.7346 53.9619 0
      vertex -23.7346 53.9619 9.525
      vertex -23.5869 53.5072 0
    endloop
  endfacet
  facet normal 0.951082 0.308939 0
    outer loop
      vertex -23.7346 53.9619 9.525
      vertex -23.5869 53.5072 9.525
      vertex -23.5869 53.5072 0
    endloop
  endfacet
  facet normal 0.951082 -0.308939 0
    outer loop
      vertex -23.7346 57.7381 0
      vertex -23.5869 58.1928 0
      vertex -23.5869 58.1928 9.525
    endloop
  endfacet
  facet normal 0.951082 -0.308939 0
    outer loop
      vertex -23.7346 57.7381 0
      vertex -23.5869 58.1928 9.525
      vertex -23.7346 57.7381 9.525
    endloop
  endfacet
  facet normal 0.970278 -0.241994 0
    outer loop
      vertex -23.8503 -54.4258 0
      vertex -23.7346 -53.9619 0
      vertex -23.7346 -53.9619 9.525
    endloop
  endfacet
  facet normal 0.970278 -0.241994 0
    outer loop
      vertex -23.8503 -54.4258 0
      vertex -23.7346 -53.9619 9.525
      vertex -23.8503 -54.4258 9.525
    endloop
  endfacet
  facet normal 0.970278 0.241994 0
    outer loop
      vertex -23.8503 -57.2742 0
      vertex -23.8503 -57.2742 9.525
      vertex -23.7346 -57.7381 0
    endloop
  endfacet
  facet normal 0.970278 0.241994 0
    outer loop
      vertex -23.8503 -57.2742 9.525
      vertex -23.7346 -57.7381 9.525
      vertex -23.7346 -57.7381 0
    endloop
  endfacet
  facet normal 0.970278 0.241994 0
    outer loop
      vertex -23.8503 54.4258 0
      vertex -23.8503 54.4258 9.525
      vertex -23.7346 53.9619 0
    endloop
  endfacet
  facet normal 0.970278 0.241994 0
    outer loop
      vertex -23.8503 54.4258 9.525
      vertex -23.7346 53.9619 9.525
      vertex -23.7346 53.9619 0
    endloop
  endfacet
  facet normal 0.970278 -0.241994 0
    outer loop
      vertex -23.8503 57.2742 0
      vertex -23.7346 57.7381 0
      vertex -23.7346 57.7381 9.525
    endloop
  endfacet
  facet normal 0.970278 -0.241994 0
    outer loop
      vertex -23.8503 57.2742 0
      vertex -23.7346 57.7381 9.525
      vertex -23.8503 57.2742 9.525
    endloop
  endfacet
  facet normal 0.984819 -0.173583 0
    outer loop
      vertex -23.9333 -54.8967 0
      vertex -23.8503 -54.4258 0
      vertex -23.8503 -54.4258 9.525
    endloop
  endfacet
  facet normal 0.984819 -0.173583 0
    outer loop
      vertex -23.9333 -54.8967 0
      vertex -23.8503 -54.4258 9.525
      vertex -23.9333 -54.8967 9.525
    endloop
  endfacet
  facet normal 0.984819 0.173583 0
    outer loop
      vertex -23.9333 -56.8033 0
      vertex -23.9333 -56.8033 9.525
      vertex -23.8503 -57.2742 0
    endloop
  endfacet
  facet normal 0.984819 0.173583 0
    outer loop
      vertex -23.9333 -56.8033 9.525
      vertex -23.8503 -57.2742 9.525
      vertex -23.8503 -57.2742 0
    endloop
  endfacet
  facet normal 0.984819 0.173583 0
    outer loop
      vertex -23.9333 54.8967 0
      vertex -23.9333 54.8967 9.525
      vertex -23.8503 54.4258 0
    endloop
  endfacet
  facet normal 0.984819 0.173583 0
    outer loop
      vertex -23.9333 54.8967 9.525
      vertex -23.8503 54.4258 9.525
      vertex -23.8503 54.4258 0
    endloop
  endfacet
  facet normal 0.984819 -0.173583 0
    outer loop
      vertex -23.9333 56.8033 0
      vertex -23.8503 57.2742 0
      vertex -23.8503 57.2742 9.525
    endloop
  endfacet
  facet normal 0.984819 -0.173583 0
    outer loop
      vertex -23.9333 56.8033 0
      vertex -23.8503 57.2742 9.525
      vertex -23.9333 56.8033 9.525
    endloop
  endfacet
  facet normal 0.994517 -0.104576 0
    outer loop
      vertex -23.9833 -55.3722 0
      vertex -23.9333 -54.8967 0
      vertex -23.9333 -54.8967 9.525
    endloop
  endfacet
  facet normal 0.994517 -0.104576 0
    outer loop
      vertex -23.9833 -55.3722 0
      vertex -23.9333 -54.8967 9.525
      vertex -23.9833 -55.3722 9.525
    endloop
  endfacet
  facet normal 0.994517 0.104576 0
    outer loop
      vertex -23.9833 -56.3278 0
      vertex -23.9833 -56.3278 9.525
      vertex -23.9333 -56.8033 0
    endloop
  endfacet
  facet normal 0.994517 0.104576 0
    outer loop
      vertex -23.9833 -56.3278 9.525
      vertex -23.9333 -56.8033 9.525
      vertex -23.9333 -56.8033 0
    endloop
  endfacet
  facet normal 0.994517 0.104576 0
    outer loop
      vertex -23.9833 55.3722 0
      vertex -23.9833 55.3722 9.525
      vertex -23.9333 54.8967 0
    endloop
  endfacet
  facet normal 0.994517 0.104576 0
    outer loop
      vertex -23.9833 55.3722 9.525
      vertex -23.9333 54.8967 9.525
      vertex -23.9333 54.8967 0
    endloop
  endfacet
  facet normal 0.994517 -0.104576 0
    outer loop
      vertex -23.9833 56.3278 0
      vertex -23.9333 56.8033 0
      vertex -23.9333 56.8033 9.525
    endloop
  endfacet
  facet normal 0.994517 -0.104576 0
    outer loop
      vertex -23.9833 56.3278 0
      vertex -23.9333 56.8033 9.525
      vertex -23.9833 56.3278 9.525
    endloop
  endfacet
  facet normal 0.99939 -0.0349305 0
    outer loop
      vertex -24 -55.85 0
      vertex -23.9833 -55.3722 0
      vertex -23.9833 -55.3722 9.525
    endloop
  endfacet
  facet normal 0.99939 -0.0349305 0
    outer loop
      vertex -24 -55.85 0
      vertex -23.9833 -55.3722 9.525
      vertex -24 -55.85 9.525
    endloop
  endfacet
  facet normal 0.99939 0.0349305 0
    outer loop
      vertex -24 -55.85 0
      vertex -24 -55.85 9.525
      vertex -23.9833 -56.3278 0
    endloop
  endfacet
  facet normal 0.99939 0.0349305 0
    outer loop
      vertex -24 -55.85 9.525
      vertex -23.9833 -56.3278 9.525
      vertex -23.9833 -56.3278 0
    endloop
  endfacet
  facet normal 0.99939 -0.0349305 0
    outer loop
      vertex -24 55.85 0
      vertex -23.9833 56.3278 0
      vertex -23.9833 56.3278 9.525
    endloop
  endfacet
  facet normal 0.99939 -0.0349305 0
    outer loop
      vertex -24 55.85 0
      vertex -23.9833 56.3278 9.525
      vertex -24 55.85 9.525
    endloop
  endfacet
  facet normal 0.99939 0.0349305 0
    outer loop
      vertex -24 55.85 0
      vertex -24 55.85 9.525
      vertex -23.9833 55.3722 0
    endloop
  endfacet
  facet normal 0.99939 0.0349305 0
    outer loop
      vertex -24 55.85 9.525
      vertex -23.9833 55.3722 9.525
      vertex -23.9833 55.3722 0
    endloop
  endfacet
  facet normal 0 0 -1
    outer loop
      vertex -38.7 -77.4 0
      vertex -13.725 -61.7823 0
      vertex 225.214 -61.7823 0
    endloop
  endfacet
  facet normal 0 0 -1
    outer loop
      vertex -38.7 -77.4 0
      vertex -14.1472 -62.0067 0
      vertex -13.725 -61.7823 0
    endloop
  endfacet
  facet normal 0 0 -1
    outer loop
      vertex -38.7 -77.4 0
      vertex -14.5839 -62.2012 0
      vertex -14.1472 -62.0067 0
    endloop
  endfacet
  facet normal 0 0 -1
    outer loop
      vertex -38.7 -77.4 0
      vertex -15.0332 -62.3647 0
      vertex -14.5839 -62.2012 0
    endloop
  endfacet
  facet normal 0 0 -1
    outer loop
      vertex -38.7 -77.4 0
      vertex -15.4928 -62.4965 0
      vertex -15.0332 -62.3647 0
    endloop
  endfacet
  facet normal 0 0 -1
    outer loop
      vertex -38.7 -77.4 0
      vertex -15.9605 -62.5959 0
      vertex -15.4928 -62.4965 0
    endloop
  endfacet
  facet normal 0 0 -1
    outer loop
      vertex -38.7 -77.4 0
      vertex -16.434 -62.6625 0
      vertex -15.9605 -62.5959 0
    endloop
  endfacet
  facet normal 0 0 -1
    outer loop
      vertex -38.7 -77.4 0
      vertex -16.9109 -62.6958 0
      vertex -16.434 -62.6625 0
    endloop
  endfacet
  facet normal 0 0 -1
    outer loop
      vertex -38.7 -77.4 0
      vertex -17.3891 -62.6958 0
      vertex -16.9109 -62.6958 0
    endloop
  endfacet
  facet normal 0 0 -1
    outer loop
      vertex -38.7 -77.4 0
      vertex -17.866 -62.6625 0
      vertex -17.3891 -62.6958 0
    endloop
  endfacet
  facet normal 0 0 -1
    outer loop
      vertex -38.7 -77.4 0
      vertex -18.3395 -62.5959 0
      vertex -17.866 -62.6625 0
    endloop
  endfacet
  facet normal 0 0 -1
    outer loop
      vertex -38.7 -77.4 0
      vertex -18.8072 -62.4965 0
      vertex -18.3395 -62.5959 0
    endloop
  endfacet
  facet normal 0 0 -1
    outer loop
      vertex -38.7 -77.4 0
      vertex -19.2668 -62.3647 0
      vertex -18.8072 -62.4965 0
    endloop
  endfacet
  facet normal 0 0 -1
    outer loop
      vertex -38.7 -77.4 0
      vertex -19.716 -62.2012 0
      vertex -19.2668 -62.3647 0
    endloop
  endfacet
  facet normal 0 0 -1
    outer loop
      vertex -38.7 -77.4 0
      vertex -20.1528 -62.0067 0
      vertex -19.716 -62.2012 0
    endloop
  endfacet
  facet normal 0 0 -1
    outer loop
      vertex -38.7 -77.4 0
      vertex -20.575 -61.7823 0
      vertex -20.1528 -62.0067 0
    endloop
  endfacet
  facet normal 0 0 -1
    outer loop
      vertex -38.7 -77.4 0
      vertex -20.9805 -61.5289 0
      vertex -20.575 -61.7823 0
    endloop
  endfacet
  facet normal 0 0 -1
    outer loop
      vertex -38.7 -77.4 0
      vertex -21.3673 -61.2479 0
      vertex -20.9805 -61.5289 0
    endloop
  endfacet
  facet normal 0 0 -1
    outer loop
      vertex -38.7 -77.4 0
      vertex -21.7335 -60.9405 0
      vertex -21.3673 -61.2479 0
    endloop
  endfacet
  facet normal 0 0 -1
    outer loop
      vertex -38.7 -77.4 0
      vertex -22.0775 -60.6084 0
      vertex -21.7335 -60.9405 0
    endloop
  endfacet
  facet normal 0 0 -1
    outer loop
      vertex -38.7 -77.4 0
      vertex -22.3974 -60.2531 0
      vertex -22.0775 -60.6084 0
    endloop
  endfacet
  facet normal 0 0 -1
    outer loop
      vertex -38.7 -77.4 0
      vertex -22.6918 -59.8763 0
      vertex -22.3974 -60.2531 0
    endloop
  endfacet
  facet normal 0 0 -1
    outer loop
      vertex -38.7 -77.4 0
      vertex -22.9591 -59.4799 0
      vertex -22.6918 -59.8763 0
    endloop
  endfacet
  facet normal 0 0 -1
    outer loop
      vertex -38.7 -77.4 0
      vertex -23.1982 -59.0659 0
      vertex -22.9591 -59.4799 0
    endloop
  endfacet
  facet normal 0 0 -1
    outer loop
      vertex -38.7 -77.4 0
      vertex -23.4078 -53.0638 0
      vertex -23.5869 -53.5072 0
    endloop
  endfacet
  facet normal 0 0 -1
    outer loop
      vertex -38.7 -77.4 0
      vertex -23.4078 -58.6361 0
      vertex -23.1982 -59.0659 0
    endloop
  endfacet
  facet normal 0 0 -1
    outer loop
      vertex -38.7 -77.4 0
      vertex -23.5869 -53.5072 0
      vertex -23.7346 -53.9619 0
    endloop
  endfacet
  facet normal 0 0 -1
    outer loop
      vertex -38.7 -77.4 0
      vertex -23.5869 -58.1928 0
      vertex -23.4078 -58.6361 0
    endloop
  endfacet
  facet normal 0 0 -1
    outer loop
      vertex -38.7 -77.4 0
      vertex -23.7346 -53.9619 0
      vertex -23.8503 -54.4258 0
    endloop
  endfacet
  facet normal 0 0 -1
    outer loop
      vertex -38.7 -77.4 0
      vertex -23.7346 -57.7381 0
      vertex -23.5869 -58.1928 0
    endloop
  endfacet
  facet normal 0 0 -1
    outer loop
      vertex -38.7 -77.4 0
      vertex -23.8503 -54.4258 0
      vertex -23.9333 -54.8967 0
    endloop
  endfacet
  facet normal 0 0 -1
    outer loop
      vertex -38.7 -77.4 0
      vertex -23.8503 -57.2742 0
      vertex -23.7346 -57.7381 0
    endloop
  endfacet
  facet normal 0 0 -1
    outer loop
      vertex -38.7 -77.4 0
      vertex -23.9333 -54.8967 0
      vertex -23.9833 -55.3722 0
    endloop
  endfacet
  facet normal 0 0 -1
    outer loop
      vertex -38.7 -77.4 0
      vertex -23.9333 -56.8033 0
      vertex -23.8503 -57.2742 0
    endloop
  endfacet
  facet normal 0 0 -1
    outer loop
      vertex -38.7 -77.4 0
      vertex -23.9833 -55.3722 0
      vertex -24 -55.85 0
    endloop
  endfacet
  facet normal 0 0 -1
    outer loop
      vertex -38.7 -77.4 0
      vertex -23.9833 -56.3278 0
      vertex -23.9333 -56.8033 0
    endloop
  endfacet
  facet normal 0 0 -1
    outer loop
      vertex -38.7 -77.4 0
      vertex -24 -55.85 0
      vertex -23.9833 -56.3278 0
    endloop
  endfacet
  facet normal -1 0 0
    outer loop
      vertex -38.7 -77.4 0
      vertex -38.7 -77.4 9.525
      vertex -38.7 77.4 9.525
    endloop
  endfacet
  facet normal 0 0 -1
    outer loop
      vertex -38.7 -77.4 0
      vertex -38.7 77.4 0
      vertex -23.4078 -53.0638 0
    endloop
  endfacet
  facet normal -1 0 0
    outer loop
      vertex -38.7 -77.4 0
      vertex -38.7 77.4 9.525
      vertex -38.7 77.4 0
    endloop
  endfacet
  facet normal 0 0 -1
    outer loop
      vertex -38.7 -77.4 0
      vertex 225.214 -61.7823 0
      vertex 250.189 -77.4 0
    endloop
  endfacet
  facet normal 0 -1 0
    outer loop
      vertex -38.7 -77.4 0
      vertex 250.189 -77.4 0
      vertex -38.7 -77.4 9.525
    endloop
  endfacet
  facet normal 0 0 1
    outer loop
      vertex -38.7 -77.4 9.525
      vertex -13.725 -61.7823 9.525
      vertex -14.1472 -62.0067 9.525
    endloop
  endfacet
  facet normal 0 0 1
    outer loop
      vertex -38.7 -77.4 9.525
      vertex -14.1472 -62.0067 9.525
      vertex -14.5839 -62.2012 9.525
    endloop
  endfacet
  facet normal 0 0 1
    outer loop
      vertex -38.7 -77.4 9.525
      vertex -14.5839 -62.2012 9.525
      vertex -15.0332 -62.3647 9.525
    endloop
  endfacet
  facet normal 0 0 1
    outer loop
      vertex -38.7 -77.4 9.525
      vertex -15.0332 -62.3647 9.525
      vertex -15.4928 -62.4965 9.525
    endloop
  endfacet
  facet normal 0 0 1
    outer loop
      vertex -38.7 -77.4 9.525
      vertex -15.4928 -62.4965 9.525
      vertex -15.9605 -62.5959 9.525
    endloop
  endfacet
  facet normal 0 0 1
    outer loop
      vertex -38.7 -77.4 9.525
      vertex -15.9605 -62.5959 9.525
      vertex -16.434 -62.6625 9.525
    endloop
  endfacet
  facet normal 0 0 1
    outer loop
      vertex -38.7 -77.4 9.525
      vertex -16.434 -62.6625 9.525
      vertex -16.9109 -62.6958 9.525
    endloop
  endfacet
  facet normal 0 0 1
    outer loop
      vertex -38.7 -77.4 9.525
      vertex -16.9109 -62.6958 9.525
      vertex -17.3891 -62.6958 9.525
    endloop
  endfacet
  facet normal 0 0 1
    outer loop
      vertex -38.7 -77.4 9.525
      vertex -17.3891 -62.6958 9.525
      vertex -17.866 -62.6625 9.525
    endloop
  endfacet
  facet normal 0 0 1
    outer loop
      vertex -38.7 -77.4 9.525
      vertex -17.866 -62.6625 9.525
      vertex -18.3395 -62.5959 9.525
    endloop
  endfacet
  facet normal 0 0 1
    outer loop
      vertex -38.7 -77.4 9.525
      vertex -18.3395 -62.5959 9.525
      vertex -18.8072 -62.4965 9.525
    endloop
  endfacet
  facet normal 0 0 1
    outer loop
      vertex -38.7 -77.4 9.525
      vertex -18.8072 -62.4965 9.525
      vertex -19.2668 -62.3647 9.525
    endloop
  endfacet
  facet normal 0 0 1
    outer loop
      vertex -38.7 -77.4 9.525
      vertex -19.2668 -62.3647 9.525
      vertex -19.716 -62.2012 9.525
    endloop
  endfacet
  facet normal 0 0 1
    outer loop
      vertex -38.7 -77.4 9.525
      vertex -19.716 -62.2012 9.525
      vertex -20.1528 -62.0067 9.525
    endloop
  endfacet
  facet normal 0 0 1
    outer loop
      vertex -38.7 -77.4 9.525
      vertex -20.1528 -62.0067 9.525
      vertex -20.575 -61.7823 9.525
    endloop
  endfacet
  facet normal 0 0 1
    outer loop
      vertex -38.7 -77.4 9.525
      vertex -20.575 -61.7823 9.525
      vertex -20.9805 -61.5289 9.525
    endloop
  endfacet
  facet normal 0 0 1
    outer loop
      vertex -38.7 -77.4 9.525
      vertex -20.9805 -61.5289 9.525
      vertex -21.3673 -61.2479 9.525
    endloop
  endfacet
  facet normal 0 0 1
    outer loop
      vertex -38.7 -77.4 9.525
      vertex -21.3673 -61.2479 9.525
      vertex -21.7335 -60.9405 9.525
    endloop
  endfacet
  facet normal 0 0 1
    outer loop
      vertex -38.7 -77.4 9.525
      vertex -21.7335 -60.9405 9.525
      vertex -22.0775 -60.6084 9.525
    endloop
  endfacet
  facet normal 0 0 1
    outer loop
      vertex -38.7 -77.4 9.525
      vertex -22.0775 -60.6084 9.525
      vertex -22.3974 -60.2531 9.525
    endloop
  endfacet
  facet normal 0 0 1
    outer loop
      vertex -38.7 -77.4 9.525
      vertex -22.3974 -60.2531 9.525
      vertex -22.6918 -59.8763 9.525
    endloop
  endfacet
  facet normal 0 0 1
    outer loop
      vertex -38.7 -77.4 9.525
      vertex -22.6918 -59.8763 9.525
      vertex -22.9591 -59.4799 9.525
    endloop
  endfacet
  facet normal 0 0 1
    outer loop
      vertex -38.7 -77.4 9.525
      vertex -22.9591 -59.4799 9.525
      vertex -23.1982 -59.0659 9.525
    endloop
  endfacet
  facet normal 0 0 1
    outer loop
      vertex -38.7 -77.4 9.525
      vertex -23.1982 -59.0659 9.525
      vertex -23.4078 -58.6361 9.525
    endloop
  endfacet
  facet normal 0 0 1
    outer loop
      vertex -38.7 -77.4 9.525
      vertex -23.4078 -53.0638 9.525
      vertex -38.7 77.4 9.525
    endloop
  endfacet
  facet normal 0 0 1
    outer loop
      vertex -38.7 -77.4 9.525
      vertex -23.4078 -58.6361 9.525
      vertex -23.5869 -58.1928 9.525
    endloop
  endfacet
  facet normal 0 0 1
    outer loop
      vertex -38.7 -77.4 9.525
      vertex -23.5869 -53.5072 9.525
      vertex -23.4078 -53.0638 9.525
    endloop
  endfacet
  facet normal 0 0 1
    outer loop
      vertex -38.7 -77.4 9.525
      vertex -23.5869 -58.1928 9.525
      vertex -23.7346 -57.7381 9.525
    endloop
  endfacet
  facet normal 0 0 1
    outer loop
      vertex -38.7 -77.4 9.525
      vertex -23.7346 -53.9619 9.525
      vertex -23.5869 -53.5072 9.525
    endloop
  endfacet
  facet normal 0 0 1
    outer loop
      vertex -38.7 -77.4 9.525
      vertex -23.7346 -57.7381 9.525
      vertex -23.8503 -57.2742 9.525
    endloop
  endfacet
  facet normal 0 0 1
    outer loop
      vertex -38.7 -77.4 9.525
      vertex -23.8503 -54.4258 9.525
      vertex -23.7346 -53.9619 9.525
    endloop
  endfacet
  facet normal 0 0 1
    outer loop
      vertex -38.7 -77.4 9.525
      vertex -23.8503 -57.2742 9.525
      vertex -23.9333 -56.8033 9.525
    endloop
  endfacet
  facet normal 0 0 1
    outer loop
      vertex -38.7 -77.4 9.525
      vertex -23.9333 -54.8967 9.525
      vertex -23.8503 -54.4258 9.525
    endloop
  endfacet
  facet normal 0 0 1
    outer loop
      vertex -38.7 -77.4 9.525
      vertex -23.9333 -56.8033 9.525
      vertex -23.9833 -56.3278 9.525
    endloop
  endfacet
  facet normal 0 0 1
    outer loop
      vertex -38.7 -77.4 9.525
      vertex -23.9833 -55.3722 9.525
      vertex -23.9333 -54.8967 9.525
    endloop
  endfacet
  facet normal 0 0 1
    outer loop
      vertex -38.7 -77.4 9.525
      vertex -23.9833 -56.3278 9.525
      vertex -24 -55.85 9.525
    endloop
  endfacet
  facet normal 0 0 1
    outer loop
      vertex -38.7 -77.4 9.525
      vertex -24 -55.85 9.525
      vertex -23.9833 -55.3722 9.525
    endloop
  endfacet
  facet normal 0 0 1
    outer loop
      vertex -38.7 -77.4 9.525
      vertex 225.214 -61.7823 9.525
      vertex -13.725 -61.7823 9.525
    endloop
  endfacet
  facet normal 0 -1 0
    outer loop
      vertex -38.7 -77.4 9.525
      vertex 250.189 -77.4 0
      vertex 250.189 -77.4 9.525
    endloop
  endfacet
  facet normal 0 0 1
    outer loop
      vertex -38.7 -77.4 9.525
      vertex 250.189 -77.4 9.525
      vertex 225.214 -61.7823 9.525
    endloop
  endfacet
  facet normal 0 0 -1
    outer loop
      vertex -38.7 77.4 0
      vertex -13.725 61.7823 0
      vertex -14.1472 62.0067 0
    endloop
  endfacet
  facet normal 0 0 -1
    outer loop
      vertex -38.7 77.4 0
      vertex -14.1472 62.0067 0
      vertex -14.5839 62.2012 0
    endloop
  endfacet
  facet normal 0 0 -1
    outer loop
      vertex -38.7 77.4 0
      vertex -14.5839 62.2012 0
      vertex -15.0332 62.3647 0
    endloop
  endfacet
  facet normal 0 0 -1
    outer loop
      vertex -38.7 77.4 0
      vertex -15.0332 62.3647 0
      vertex -15.4928 62.4965 0
    endloop
  endfacet
  facet normal 0 0 -1
    outer loop
      vertex -38.7 77.4 0
      vertex -15.4928 62.4965 0
      vertex -15.9605 62.5959 0
    endloop
  endfacet
  facet normal 0 0 -1
    outer loop
      vertex -38.7 77.4 0
      vertex -15.9605 62.5959 0
      vertex -16.434 62.6625 0
    endloop
  endfacet
  facet normal 0 0 -1
    outer loop
      vertex -38.7 77.4 0
      vertex -16.434 62.6625 0
      vertex -16.9109 62.6958 0
    endloop
  endfacet
  facet normal 0 0 -1
    outer loop
      vertex -38.7 77.4 0
      vertex -16.9109 62.6958 0
      vertex -17.3891 62.6958 0
    endloop
  endfacet
  facet normal 0 0 -1
    outer loop
      vertex -38.7 77.4 0
      vertex -17.3891 62.6958 0
      vertex -17.866 62.6625 0
    endloop
  endfacet
  facet normal 0 0 -1
    outer loop
      vertex -38.7 77.4 0
      vertex -17.866 62.6625 0
      vertex -18.3395 62.5959 0
    endloop
  endfacet
  facet normal 0 0 -1
    outer loop
      vertex -38.7 77.4 0
      vertex -18.3395 62.5959 0
      vertex -18.8072 62.4965 0
    endloop
  endfacet
  facet normal 0 0 -1
    outer loop
      vertex -38.7 77.4 0
      vertex -18.8072 62.4965 0
      vertex -19.2668 62.3647 0
    endloop
  endfacet
  facet normal 0 0 -1
    outer loop
      vertex -38.7 77.4 0
      vertex -19.2668 62.3647 0
      vertex -19.716 62.2012 0
    endloop
  endfacet
  facet normal 0 0 -1
    outer loop
      vertex -38.7 77.4 0
      vertex -19.716 62.2012 0
      vertex -20.1528 62.0067 0
    endloop
  endfacet
  facet normal 0 0 -1
    outer loop
      vertex -38.7 77.4 0
      vertex -20.1528 62.0067 0
      vertex -20.575 61.7823 0
    endloop
  endfacet
  facet normal 0 0 -1
    outer loop
      vertex -38.7 77.4 0
      vertex -20.575 61.7823 0
      vertex -20.9805 61.5289 0
    endloop
  endfacet
  facet normal 0 0 -1
    outer loop
      vertex -38.7 77.4 0
      vertex -20.9805 61.5289 0
      vertex -21.3673 61.2479 0
    endloop
  endfacet
  facet normal 0 0 -1
    outer loop
      vertex -38.7 77.4 0
      vertex -21.3673 61.2479 0
      vertex -21.7335 60.9405 0
    endloop
  endfacet
  facet normal 0 0 -1
    outer loop
      vertex -38.7 77.4 0
      vertex -21.7335 60.9405 0
      vertex -22.0775 60.6084 0
    endloop
  endfacet
  facet normal 0 0 -1
    outer loop
      vertex -38.7 77.4 0
      vertex -22.0775 60.6084 0
      vertex -22.3974 60.2531 0
    endloop
  endfacet
  facet normal 0 0 -1
    outer loop
      vertex -38.7 77.4 0
      vertex -22.3974 60.2531 0
      vertex -22.6918 59.8763 0
    endloop
  endfacet
  facet normal 0 0 -1
    outer loop
      vertex -38.7 77.4 0
      vertex -22.6918 59.8763 0
      vertex -22.9591 59.4799 0
    endloop
  endfacet
  facet normal 0 0 -1
    outer loop
      vertex -38.7 77.4 0
      vertex -22.9591 59.4799 0
      vertex -23.1982 59.0659 0
    endloop
  endfacet
  facet normal 0 0 -1
    outer loop
      vertex -38.7 77.4 0
      vertex -23.1982 59.0659 0
      vertex -23.4078 58.6361 0
    endloop
  endfacet
  facet normal 0 0 -1
    outer loop
      vertex -38.7 77.4 0
      vertex -23.4078 53.0638 0
      vertex -23.4078 -53.0638 0
    endloop
  endfacet
  facet normal 0 0 -1
    outer loop
      vertex -38.7 77.4 0
      vertex -23.4078 58.6361 0
      vertex -23.5869 58.1928 0
    endloop
  endfacet
  facet normal 0 0 -1
    outer loop
      vertex -38.7 77.4 0
      vertex -23.5869 53.5072 0
      vertex -23.4078 53.0638 0
    endloop
  endfacet
  facet normal 0 0 -1
    outer loop
      vertex -38.7 77.4 0
      vertex -23.5869 58.1928 0
      vertex -23.7346 57.7381 0
    endloop
  endfacet
  facet normal 0 0 -1
    outer loop
      vertex -38.7 77.4 0
      vertex -23.7346 53.9619 0
      vertex -23.5869 53.5072 0
    endloop
  endfacet
  facet normal 0 0 -1
    outer loop
      vertex -38.7 77.4 0
      vertex -23.7346 57.7381 0
      vertex -23.8503 57.2742 0
    endloop
  endfacet
  facet normal 0 0 -1
    outer loop
      vertex -38.7 77.4 0
      vertex -23.8503 54.4258 0
      vertex -23.7346 53.9619 0
    endloop
  endfacet
  facet normal 0 0 -1
    outer loop
      vertex -38.7 77.4 0
      vertex -23.8503 57.2742 0
      vertex -23.9333 56.8033 0
    endloop
  endfacet
  facet normal 0 0 -1
    outer loop
      vertex -38.7 77.4 0
      vertex -23.9333 54.8967 0
      vertex -23.8503 54.4258 0
    endloop
  endfacet
  facet normal 0 0 -1
    outer loop
      vertex -38.7 77.4 0
      vertex -23.9333 56.8033 0
      vertex -23.9833 56.3278 0
    endloop
  endfacet
  facet normal 0 0 -1
    outer loop
      vertex -38.7 77.4 0
      vertex -23.9833 55.3722 0
      vertex -23.9333 54.8967 0
    endloop
  endfacet
  facet normal 0 0 -1
    outer loop
      vertex -38.7 77.4 0
      vertex -23.9833 56.3278 0
      vertex -24 55.85 0
    endloop
  endfacet
  facet normal 0 0 -1
    outer loop
      vertex -38.7 77.4 0
      vertex -24 55.85 0
      vertex -23.9833 55.3722 0
    endloop
  endfacet
  facet normal 0 1 0
    outer loop
      vertex -38.7 77.4 0
      vertex -38.7 77.4 9.525
      vertex 250.189 77.4 9.525
    endloop
  endfacet
  facet normal 0 0 -1
    outer loop
      vertex -38.7 77.4 0
      vertex 225.214 61.7823 0
      vertex -13.725 61.7823 0
    endloop
  endfacet
  facet normal 0 0 -1
    outer loop
      vertex -38.7 77.4 0
      vertex 250.189 77.4 0
      vertex 225.214 61.7823 0
    endloop
  endfacet
  facet normal 0 1 0
    outer loop
      vertex -38.7 77.4 0
      vertex 250.189 77.4 9.525
      vertex 250.189 77.4 0
    endloop
  endfacet
  facet normal 0 0 1
    outer loop
      vertex -38.7 77.4 9.525
      vertex -13.725 61.7823 9.525
      vertex 225.214 61.7823 9.525
    endloop
  endfacet
  facet normal 0 0 1
    outer loop
      vertex -38.7 77.4 9.525
      vertex -14.1472 62.0067 9.525
      vertex -13.725 61.7823 9.525
    endloop
  endfacet
  facet normal 0 0 1
    outer loop
      vertex -38.7 77.4 9.525
      vertex -14.5839 62.2012 9.525
      vertex -14.1472 62.0067 9.525
    endloop
  endfacet
  facet normal 0 0 1
    outer loop
      vertex -38.7 77.4 9.525
      vertex -15.0332 62.3647 9.525
      vertex -14.5839 62.2012 9.525
    endloop
  endfacet
  facet normal 0 0 1
    outer loop
      vertex -38.7 77.4 9.525
      vertex -15.4928 62.4965 9.525
      vertex -15.0332 62.3647 9.525
    endloop
  endfacet
  facet normal 0 0 1
    outer loop
      vertex -38.7 77.4 9.525
      vertex -15.9605 62.5959 9.525
      vertex -15.4928 62.4965 9.525
    endloop
  endfacet
  facet normal 0 0 1
    outer loop
      vertex -38.7 77.4 9.525
      vertex -16.434 62.6625 9.525
      vertex -15.9605 62.5959 9.525
    endloop
  endfacet
  facet normal 0 0 1
    outer loop
      vertex -38.7 77.4 9.525
      vertex -16.9109 62.6958 9.525
      vertex -16.434 62.6625 9.525
    endloop
  endfacet
  facet normal 0 0 1
    outer loop
      vertex -38.7 77.4 9.525
      vertex -17.3891 62.6958 9.525
      vertex -16.9109 62.6958 9.525
    endloop
  endfacet
  facet normal 0 0 1
    outer loop
      vertex -38.7 77.4 9.525
      vertex -17.866 62.6625 9.525
      vertex -17.3891 62.6958 9.525
    endloop
  endfacet
  facet normal 0 0 1
    outer loop
      vertex -38.7 77.4 9.525
      vertex -18.3395 62.5959 9.525
      vertex -17.866 62.6625 9.525
    endloop
  endfacet
  facet normal 0 0 1
    outer loop
      vertex -38.7 77.4 9.525
      vertex -18.8072 62.4965 9.525
      vertex -18.3395 62.5959 9.525
    endloop
  endfacet
  facet normal 0 0 1
    outer loop
      vertex -38.7 77.4 9.525
      vertex -19.2668 62.3647 9.525
      vertex -18.8072 62.4965 9.525
    endloop
  endfacet
  facet normal 0 0 1
    outer loop
      vertex -38.7 77.4 9.525
      vertex -19.716 62.2012 9.525
      vertex -19.2668 62.3647 9.525
    endloop
  endfacet
  facet normal 0 0 1
    outer loop
      vertex -38.7 77.4 9.525
      vertex -20.1528 62.0067 9.525
      vertex -19.716 62.2012 9.525
    endloop
  endfacet
  facet normal 0 0 1
    outer loop
      vertex -38.7 77.4 9.525
      vertex -20.575 61.7823 9.525
      vertex -20.1528 62.0067 9.525
    endloop
  endfacet
  facet normal 0 0 1
    outer loop
      vertex -38.7 77.4 9.525
      vertex -20.9805 61.5289 9.525
      vertex -20.575 61.7823 9.525
    endloop
  endfacet
  facet normal 0 0 1
    outer loop
      vertex -38.7 77.4 9.525
      vertex -21.3673 61.2479 9.525
      vertex -20.9805 61.5289 9.525
    endloop
  endfacet
  facet normal 0 0 1
    outer loop
      vertex -38.7 77.4 9.525
      vertex -21.7335 60.9405 9.525
      vertex -21.3673 61.2479 9.525
    endloop
  endfacet
  facet normal 0 0 1
    outer loop
      vertex -38.7 77.4 9.525
      vertex -22.0775 60.6084 9.525
      vertex -21.7335 60.9405 9.525
    endloop
  endfacet
  facet normal 0 0 1
    outer loop
      vertex -38.7 77.4 9.525
      vertex -22.3974 60.2531 9.525
      vertex -22.0775 60.6084 9.525
    endloop
  endfacet
  facet normal 0 0 1
    outer loop
      vertex -38.7 77.4 9.525
      vertex -22.6918 59.8763 9.525
      vertex -22.3974 60.2531 9.525
    endloop
  endfacet
  facet normal 0 0 1
    outer loop
      vertex -38.7 77.4 9.525
      vertex -22.9591 59.4799 9.525
      vertex -22.6918 59.8763 9.525
    endloop
  endfacet
  facet normal 0 0 1
    outer loop
      vertex -38.7 77.4 9.525
      vertex -23.1982 59.0659 9.525
      vertex -22.9591 59.4799 9.525
    endloop
  endfacet
  facet normal 0 0 1
    outer loop
      vertex -38.7 77.4 9.525
      vertex -23.4078 -53.0638 9.525
      vertex -23.4078 53.0638 9.525
    endloop
  endfacet
  facet normal 0 0 1
    outer loop
      vertex -38.7 77.4 9.525
      vertex -23.4078 53.0638 9.525
      vertex -23.5869 53.5072 9.525
    endloop
  endfacet
  facet normal 0 0 1
    outer loop
      vertex -38.7 77.4 9.525
      vertex -23.4078 58.6361 9.525
      vertex -23.1982 59.0659 9.525
    endloop
  endfacet
  facet normal 0 0 1
    outer loop
      vertex -38.7 77.4 9.525
      vertex -23.5869 53.5072 9.525
      vertex -23.7346 53.9619 9.525
    endloop
  endfacet
  facet normal 0 0 1
    outer loop
      vertex -38.7 77.4 9.525
      vertex -23.5869 58.1928 9.525
      vertex -23.4078 58.6361 9.525
    endloop
  endfacet
  facet normal 0 0 1
    outer loop
      vertex -38.7 77.4 9.525
      vertex -23.7346 53.9619 9.525
      vertex -23.8503 54.4258 9.525
    endloop
  endfacet
  facet normal 0 0 1
    outer loop
      vertex -38.7 77.4 9.525
      vertex -23.7346 57.7381 9.525
      vertex -23.5869 58.1928 9.525
    endloop
  endfacet
  facet normal 0 0 1
    outer loop
      vertex -38.7 77.4 9.525
      vertex -23.8503 54.4258 9.525
      vertex -23.9333 54.8967 9.525
    endloop
  endfacet
  facet normal 0 0 1
    outer loop
      vertex -38.7 77.4 9.525
      vertex -23.8503 57.2742 9.525
      vertex -23.7346 57.7381 9.525
    endloop
  endfacet
  facet normal 0 0 1
    outer loop
      vertex -38.7 77.4 9.525
      vertex -23.9333 54.8967 9.525
      vertex -23.9833 55.3722 9.525
    endloop
  endfacet
  facet normal 0 0 1
    outer loop
      vertex -38.7 77.4 9.525
      vertex -23.9333 56.8033 9.525
      vertex -23.8503 57.2742 9.525
    endloop
  endfacet
  facet normal 0 0 1
    outer loop
      vertex -38.7 77.4 9.525
      vertex -23.9833 55.3722 9.525
      vertex -24 55.85 9.525
    endloop
  endfacet
  facet normal 0 0 1
    outer loop
      vertex -38.7 77.4 9.525
      vertex -23.9833 56.3278 9.525
      vertex -23.9333 56.8033 9.525
    endloop
  endfacet
  facet normal 0 0 1
    outer loop
      vertex -38.7 77.4 9.525
      vertex -24 55.85 9.525
      vertex -23.9833 56.3278 9.525
    endloop
  endfacet
  facet normal 0 0 1
    outer loop
      vertex -38.7 77.4 9.525
      vertex 225.214 61.7823 9.525
      vertex 250.189 77.4 9.525
    endloop
  endfacet
  facet normal 0.999368 0.0355572 0
    outer loop
      vertex 221.789 -55.85 0
      vertex 221.789 -55.85 9.525
      vertex 221.806 -56.3278 0
    endloop
  endfacet
  facet normal 0.999368 -0.0355572 0
    outer loop
      vertex 221.789 -55.85 0
      vertex 221.806 -55.3722 0
      vertex 221.806 -55.3722 9.525
    endloop
  endfacet
  facet normal 0.999368 -0.0355572 0
    outer loop
      vertex 221.789 -55.85 0
      vertex 221.806 -55.3722 9.525
      vertex 221.789 -55.85 9.525
    endloop
  endfacet
  facet normal 0.999368 0.0355572 0
    outer loop
      vertex 221.789 -55.85 9.525
      vertex 221.806 -56.3278 9.525
      vertex 221.806 -56.3278 0
    endloop
  endfacet
  facet normal 0.999368 0.0355572 0
    outer loop
      vertex 221.789 55.85 0
      vertex 221.789 55.85 9.525
      vertex 221.806 55.3722 0
    endloop
  endfacet
  facet normal 0.999368 -0.0355572 0
    outer loop
      vertex 221.789 55.85 0
      vertex 221.806 56.3278 0
      vertex 221.806 56.3278 9.525
    endloop
  endfacet
  facet normal 0.999368 -0.0355572 0
    outer loop
      vertex 221.789 55.85 0
      vertex 221.806 56.3278 9.525
      vertex 221.789 55.85 9.525
    endloop
  endfacet
  facet normal 0.999368 0.0355572 0
    outer loop
      vertex 221.789 55.85 9.525
      vertex 221.806 55.3722 9.525
      vertex 221.806 55.3722 0
    endloop
  endfacet
  facet normal 0.994517 -0.104576 0
    outer loop
      vertex 221.806 -55.3722 0
      vertex 221.856 -54.8967 0
      vertex 221.856 -54.8967 9.525
    endloop
  endfacet
  facet normal 0.994517 -0.104576 0
    outer loop
      vertex 221.806 -55.3722 0
      vertex 221.856 -54.8967 9.525
      vertex 221.806 -55.3722 9.525
    endloop
  endfacet
  facet normal 0.994517 0.104576 0
    outer loop
      vertex 221.806 -56.3278 0
      vertex 221.806 -56.3278 9.525
      vertex 221.856 -56.8033 0
    endloop
  endfacet
  facet normal 0.994517 0.104576 0
    outer loop
      vertex 221.806 -56.3278 9.525
      vertex 221.856 -56.8033 9.525
      vertex 221.856 -56.8033 0
    endloop
  endfacet
  facet normal 0.994517 0.104576 0
    outer loop
      vertex 221.806 55.3722 0
      vertex 221.806 55.3722 9.525
      vertex 221.856 54.8967 0
    endloop
  endfacet
  facet normal 0.994517 0.104576 0
    outer loop
      vertex 221.806 55.3722 9.525
      vertex 221.856 54.8967 9.525
      vertex 221.856 54.8967 0
    endloop
  endfacet
  facet normal 0.994517 -0.104576 0
    outer loop
      vertex 221.806 56.3278 0
      vertex 221.856 56.8033 0
      vertex 221.856 56.8033 9.525
    endloop
  endfacet
  facet normal 0.994517 -0.104576 0
    outer loop
      vertex 221.806 56.3278 0
      vertex 221.856 56.8033 9.525
      vertex 221.806 56.3278 9.525
    endloop
  endfacet
  facet normal 0.984819 -0.173583 0
    outer loop
      vertex 221.856 -54.8967 0
      vertex 221.939 -54.4258 0
      vertex 221.939 -54.4258 9.525
    endloop
  endfacet
  facet normal 0.984819 -0.173583 0
    outer loop
      vertex 221.856 -54.8967 0
      vertex 221.939 -54.4258 9.525
      vertex 221.856 -54.8967 9.525
    endloop
  endfacet
  facet normal 0.984819 0.173583 0
    outer loop
      vertex 221.856 -56.8033 0
      vertex 221.856 -56.8033 9.525
      vertex 221.939 -57.2742 0
    endloop
  endfacet
  facet normal 0.984819 0.173583 0
    outer loop
      vertex 221.856 -56.8033 9.525
      vertex 221.939 -57.2742 9.525
      vertex 221.939 -57.2742 0
    endloop
  endfacet
  facet normal 0.984819 0.173583 0
    outer loop
      vertex 221.856 54.8967 0
      vertex 221.856 54.8967 9.525
      vertex 221.939 54.4258 0
    endloop
  endfacet
  facet normal 0.984819 0.173583 0
    outer loop
      vertex 221.856 54.8967 9.525
      vertex 221.939 54.4258 9.525
      vertex 221.939 54.4258 0
    endloop
  endfacet
  facet normal 0.984819 -0.173583 0
    outer loop
      vertex 221.856 56.8033 0
      vertex 221.939 57.2742 0
      vertex 221.939 57.2742 9.525
    endloop
  endfacet
  facet normal 0.984819 -0.173583 0
    outer loop
      vertex 221.856 56.8033 0
      vertex 221.939 57.2742 9.525
      vertex 221.856 56.8033 9.525
    endloop
  endfacet
  facet normal 0.97013 -0.242585 0
    outer loop
      vertex 221.939 -54.4258 0
      vertex 222.055 -53.9619 0
      vertex 222.055 -53.9619 9.525
    endloop
  endfacet
  facet normal 0.97013 -0.242585 0
    outer loop
      vertex 221.939 -54.4258 0
      vertex 222.055 -53.9619 9.525
      vertex 221.939 -54.4258 9.525
    endloop
  endfacet
  facet normal 0.97013 0.242585 0
    outer loop
      vertex 221.939 -57.2742 0
      vertex 221.939 -57.2742 9.525
      vertex 222.055 -57.7381 0
    endloop
  endfacet
  facet normal 0.97013 0.242585 0
    outer loop
      vertex 221.939 -57.2742 9.525
      vertex 222.055 -57.7381 9.525
      vertex 222.055 -57.7381 0
    endloop
  endfacet
  facet normal 0.97013 0.242585 0
    outer loop
      vertex 221.939 54.4258 0
      vertex 221.939 54.4258 9.525
      vertex 222.055 53.9619 0
    endloop
  endfacet
  facet normal 0.97013 0.242585 0
    outer loop
      vertex 221.939 54.4258 9.525
      vertex 222.055 53.9619 9.525
      vertex 222.055 53.9619 0
    endloop
  endfacet
  facet normal 0.97013 -0.242585 0
    outer loop
      vertex 221.939 57.2742 0
      vertex 222.055 57.7381 0
      vertex 222.055 57.7381 9.525
    endloop
  endfacet
  facet normal 0.97013 -0.242585 0
    outer loop
      vertex 221.939 57.2742 0
      vertex 222.055 57.7381 9.525
      vertex 221.939 57.2742 9.525
    endloop
  endfacet
  facet normal 0.951511 -0.307614 0
    outer loop
      vertex 222.055 -53.9619 0
      vertex 222.202 -53.5072 0
      vertex 222.202 -53.5072 9.525
    endloop
  endfacet
  facet normal 0.951511 -0.307614 0
    outer loop
      vertex 222.055 -53.9619 0
      vertex 222.202 -53.5072 9.525
      vertex 222.055 -53.9619 9.525
    endloop
  endfacet
  facet normal 0.951511 0.307614 0
    outer loop
      vertex 222.055 -57.7381 0
      vertex 222.055 -57.7381 9.525
      vertex 222.202 -58.1928 0
    endloop
  endfacet
  facet normal 0.951511 0.307614 0
    outer loop
      vertex 222.055 -57.7381 9.525
      vertex 222.202 -58.1928 9.525
      vertex 222.202 -58.1928 0
    endloop
  endfacet
  facet normal 0.951511 0.307614 0
    outer loop
      vertex 222.055 53.9619 0
      vertex 222.055 53.9619 9.525
      vertex 222.202 53.5072 0
    endloop
  endfacet
  facet normal 0.951511 0.307614 0
    outer loop
      vertex 222.055 53.9619 9.525
      vertex 222.202 53.5072 9.525
      vertex 222.202 53.5072 0
    endloop
  endfacet
  facet normal 0.951511 -0.307614 0
    outer loop
      vertex 222.055 57.7381 0
      vertex 222.202 58.1928 0
      vertex 222.202 58.1928 9.525
    endloop
  endfacet
  facet normal 0.951511 -0.307614 0
    outer loop
      vertex 222.055 57.7381 0
      vertex 222.202 58.1928 9.525
      vertex 222.055 57.7381 9.525
    endloop
  endfacet
  facet normal 0.926562 -0.376142 0
    outer loop
      vertex 222.202 -53.5072 0
      vertex 222.382 -53.0638 0
      vertex 222.382 -53.0638 9.525
    endloop
  endfacet
  facet normal 0.926562 -0.376142 0
    outer loop
      vertex 222.202 -53.5072 0
      vertex 222.382 -53.0638 9.525
      vertex 222.202 -53.5072 9.525
    endloop
  endfacet
  facet normal 0.926533 0.376214 0
    outer loop
      vertex 222.202 -58.1928 0
      vertex 222.202 -58.1928 9.525
      vertex 222.382 -58.6361 0
    endloop
  endfacet
  facet normal 0.926533 0.376214 0
    outer loop
      vertex 222.202 -58.1928 9.525
      vertex 222.382 -58.6361 9.525
      vertex 222.382 -58.6361 0
    endloop
  endfacet
  facet normal 0.926562 0.376142 0
    outer loop
      vertex 222.202 53.5072 0
      vertex 222.202 53.5072 9.525
      vertex 222.382 53.0638 0
    endloop
  endfacet
  facet normal 0.926562 0.376142 0
    outer loop
      vertex 222.202 53.5072 9.525
      vertex 222.382 53.0638 9.525
      vertex 222.382 53.0638 0
    endloop
  endfacet
  facet normal 0.926533 -0.376214 0
    outer loop
      vertex 222.202 58.1928 0
      vertex 222.382 58.6361 0
      vertex 222.382 58.6361 9.525
    endloop
  endfacet
  facet normal 0.926533 -0.376214 0
    outer loop
      vertex 222.202 58.1928 0
      vertex 222.382 58.6361 9.525
      vertex 222.202 58.1928 9.525
    endloop
  endfacet
  facet normal 0 0 -1
    outer loop
      vertex 222.382 -53.0638 0
      vertex 222.382 53.0638 0
      vertex 222.591 -52.6341 0
    endloop
  endfacet
  facet normal 0.899271 -0.437393 0
    outer loop
      vertex 222.382 -53.0638 0
      vertex 222.591 -52.6341 0
      vertex 222.591 -52.6341 9.525
    endloop
  endfacet
  facet normal 0.899271 -0.437393 0
    outer loop
      vertex 222.382 -53.0638 0
      vertex 222.591 -52.6341 9.525
      vertex 222.382 -53.0638 9.525
    endloop
  endfacet
  facet normal 0 0 1
    outer loop
      vertex 222.382 -53.0638 9.525
      vertex 222.591 -52.6341 9.525
      vertex 222.382 53.0638 9.525
    endloop
  endfacet
  facet normal 0.899311 0.43731 0
    outer loop
      vertex 222.382 -58.6361 0
      vertex 222.382 -58.6361 9.525
      vertex 222.591 -59.0659 0
    endloop
  endfacet
  facet normal 0.899311 0.43731 0
    outer loop
      vertex 222.382 -58.6361 9.525
      vertex 222.591 -59.0659 9.525
      vertex 222.591 -59.0659 0
    endloop
  endfacet
  facet normal 0.899271 0.437393 0
    outer loop
      vertex 222.382 53.0638 0
      vertex 222.382 53.0638 9.525
      vertex 222.591 52.6341 0
    endloop
  endfacet
  facet normal 0 0 -1
    outer loop
      vertex 222.382 53.0638 0
      vertex 222.591 52.6341 0
      vertex 222.591 -52.6341 0
    endloop
  endfacet
  facet normal 0 0 1
    outer loop
      vertex 222.382 53.0638 9.525
      vertex 222.591 -52.6341 9.525
      vertex 222.591 52.6341 9.525
    endloop
  endfacet
  facet normal 0.899271 0.437393 0
    outer loop
      vertex 222.382 53.0638 9.525
      vertex 222.591 52.6341 9.525
      vertex 222.591 52.6341 0
    endloop
  endfacet
  facet normal 0.899311 -0.43731 0
    outer loop
      vertex 222.382 58.6361 0
      vertex 222.591 59.0659 0
      vertex 222.591 59.0659 9.525
    endloop
  endfacet
  facet normal 0.899311 -0.43731 0
    outer loop
      vertex 222.382 58.6361 0
      vertex 222.591 59.0659 9.525
      vertex 222.382 58.6361 9.525
    endloop
  endfacet
  facet normal 0 0 -1
    outer loop
      vertex 222.591 -52.6341 0
      vertex 222.591 52.6341 0
      vertex 222.83 -52.22 0
    endloop
  endfacet
  facet normal 0.866099 -0.499873 0
    outer loop
      vertex 222.591 -52.6341 0
      vertex 222.83 -52.22 0
      vertex 222.83 -52.22 9.525
    endloop
  endfacet
  facet normal 0.866099 -0.499873 0
    outer loop
      vertex 222.591 -52.6341 0
      vertex 222.83 -52.22 9.525
      vertex 222.591 -52.6341 9.525
    endloop
  endfacet
  facet normal 0 0 1
    outer loop
      vertex 222.591 -52.6341 9.525
      vertex 222.83 -52.22 9.525
      vertex 222.591 52.6341 9.525
    endloop
  endfacet
  facet normal 0.866046 0.499964 0
    outer loop
      vertex 222.591 -59.0659 0
      vertex 222.591 -59.0659 9.525
      vertex 222.83 -59.4799 0
    endloop
  endfacet
  facet normal 0.866046 0.499964 0
    outer loop
      vertex 222.591 -59.0659 9.525
      vertex 222.83 -59.4799 9.525
      vertex 222.83 -59.4799 0
    endloop
  endfacet
  facet normal 0.866099 0.499873 0
    outer loop
      vertex 222.591 52.6341 0
      vertex 222.591 52.6341 9.525
      vertex 222.83 52.22 0
    endloop
  endfacet
  facet normal 0 0 -1
    outer loop
      vertex 222.591 52.6341 0
      vertex 222.83 52.22 0
      vertex 222.83 -52.22 0
    endloop
  endfacet
  facet normal 0 0 1
    outer loop
      vertex 222.591 52.6341 9.525
      vertex 222.83 -52.22 9.525
      vertex 222.83 52.22 9.525
    endloop
  endfacet
  facet normal 0.866099 0.499873 0
    outer loop
      vertex 222.591 52.6341 9.525
      vertex 222.83 52.22 9.525
      vertex 222.83 52.22 0
    endloop
  endfacet
  facet normal 0.866046 -0.499964 0
    outer loop
      vertex 222.591 59.0659 0
      vertex 222.83 59.4799 0
      vertex 222.83 59.4799 9.525
    endloop
  endfacet
  facet normal 0.866046 -0.499964 0
    outer loop
      vertex 222.591 59.0659 0
      vertex 222.83 59.4799 9.525
      vertex 222.591 59.0659 9.525
    endloop
  endfacet
  facet normal 0 0 -1
    outer loop
      vertex 222.83 -52.22 0
      vertex 222.83 52.22 0
      vertex 223.098 -51.8237 0
    endloop
  endfacet
  facet normal 0.828366 -0.560187 0
    outer loop
      vertex 222.83 -52.22 0
      vertex 223.098 -51.8237 0
      vertex 223.098 -51.8237 9.525
    endloop
  endfacet
  facet normal 0.828366 -0.560187 0
    outer loop
      vertex 222.83 -52.22 0
      vertex 223.098 -51.8237 9.525
      vertex 222.83 -52.22 9.525
    endloop
  endfacet
  facet normal 0 0 1
    outer loop
      vertex 222.83 -52.22 9.525
      vertex 223.098 -51.8237 9.525
      vertex 222.83 52.22 9.525
    endloop
  endfacet
  facet normal 0.828432 0.56009 0
    outer loop
      vertex 222.83 -59.4799 0
      vertex 222.83 -59.4799 9.525
      vertex 223.098 -59.8763 0
    endloop
  endfacet
  facet normal 0.828432 0.56009 0
    outer loop
      vertex 222.83 -59.4799 9.525
      vertex 223.098 -59.8763 9.525
      vertex 223.098 -59.8763 0
    endloop
  endfacet
  facet normal 0.828366 0.560187 0
    outer loop
      vertex 222.83 52.22 0
      vertex 222.83 52.22 9.525
      vertex 223.098 51.8237 0
    endloop
  endfacet
  facet normal 0 0 -1
    outer loop
      vertex 222.83 52.22 0
      vertex 223.098 51.8237 0
      vertex 223.098 -51.8237 0
    endloop
  endfacet
  facet normal 0 0 1
    outer loop
      vertex 222.83 52.22 9.525
      vertex 223.098 -51.8237 9.525
      vertex 223.098 51.8237 9.525
    endloop
  endfacet
  facet normal 0.828366 0.560187 0
    outer loop
      vertex 222.83 52.22 9.525
      vertex 223.098 51.8237 9.525
      vertex 223.098 51.8237 0
    endloop
  endfacet
  facet normal 0.828432 -0.56009 0
    outer loop
      vertex 222.83 59.4799 0
      vertex 223.098 59.8763 0
      vertex 223.098 59.8763 9.525
    endloop
  endfacet
  facet normal 0.828432 -0.56009 0
    outer loop
      vertex 222.83 59.4799 0
      vertex 223.098 59.8763 9.525
      vertex 222.83 59.4799 9.525
    endloop
  endfacet
  facet normal 0 0 -1
    outer loop
      vertex 223.098 -51.8237 0
      vertex 223.098 51.8237 0
      vertex 223.392 -51.4469 0
    endloop
  endfacet
  facet normal 0.788405 -0.615157 0
    outer loop
      vertex 223.098 -51.8237 0
      vertex 223.392 -51.4469 0
      vertex 223.392 -51.4469 9.525
    endloop
  endfacet
  facet normal 0.788405 -0.615157 0
    outer loop
      vertex 223.098 -51.8237 0
      vertex 223.392 -51.4469 9.525
      vertex 223.098 -51.8237 9.525
    endloop
  endfacet
  facet normal 0 0 1
    outer loop
      vertex 223.098 -51.8237 9.525
      vertex 223.392 -51.4469 9.525
      vertex 223.098 51.8237 9.525
    endloop
  endfacet
  facet normal 0.788405 0.615157 0
    outer loop
      vertex 223.098 -59.8763 0
      vertex 223.098 -59.8763 9.525
      vertex 223.392 -60.2531 0
    endloop
  endfacet
  facet normal 0.788405 0.615157 0
    outer loop
      vertex 223.098 -59.8763 9.525
      vertex 223.392 -60.2531 9.525
      vertex 223.392 -60.2531 0
    endloop
  endfacet
  facet normal 0.788405 0.615157 0
    outer loop
      vertex 223.098 51.8237 0
      vertex 223.098 51.8237 9.525
      vertex 223.392 51.4469 0
    endloop
  endfacet
  facet normal 0 0 -1
    outer loop
      vertex 223.098 51.8237 0
      vertex 223.392 51.4469 0
      vertex 223.392 -51.4469 0
    endloop
  endfacet
  facet normal 0 0 1
    outer loop
      vertex 223.098 51.8237 9.525
      vertex 223.392 -51.4469 9.525
      vertex 223.392 51.4469 9.525
    endloop
  endfacet
  facet normal 0.788405 0.615157 0
    outer loop
      vertex 223.098 51.8237 9.525
      vertex 223.392 51.4469 9.525
      vertex 223.392 51.4469 0
    endloop
  endfacet
  facet normal 0.788405 -0.615157 0
    outer loop
      vertex 223.098 59.8763 0
      vertex 223.392 60.2531 0
      vertex 223.392 60.2531 9.525
    endloop
  endfacet
  facet normal 0.788405 -0.615157 0
    outer loop
      vertex 223.098 59.8763 0
      vertex 223.392 60.2531 9.525
      vertex 223.098 59.8763 9.525
    endloop
  endfacet
  facet normal 0 0 -1
    outer loop
      vertex 223.392 -51.4469 0
      vertex 223.392 51.4469 0
      vertex 223.712 -51.0916 0
    endloop
  endfacet
  facet normal 0.743055 -0.66923 0
    outer loop
      vertex 223.392 -51.4469 0
      vertex 223.712 -51.0916 0
      vertex 223.712 -51.0916 9.525
    endloop
  endfacet
  facet normal 0.743055 -0.66923 0
    outer loop
      vertex 223.392 -51.4469 0
      vertex 223.712 -51.0916 9.525
      vertex 223.392 -51.4469 9.525
    endloop
  endfacet
  facet normal 0 0 1
    outer loop
      vertex 223.392 -51.4469 9.525
      vertex 223.712 -51.0916 9.525
      vertex 223.392 51.4469 9.525
    endloop
  endfacet
  facet normal 0.743055 0.66923 0
    outer loop
      vertex 223.392 -60.2531 0
      vertex 223.392 -60.2531 9.525
      vertex 223.712 -60.6084 0
    endloop
  endfacet
  facet normal 0.743055 0.66923 0
    outer loop
      vertex 223.392 -60.2531 9.525
      vertex 223.712 -60.6084 9.525
      vertex 223.712 -60.6084 0
    endloop
  endfacet
  facet normal 0.743055 0.66923 0
    outer loop
      vertex 223.392 51.4469 0
      vertex 223.392 51.4469 9.525
      vertex 223.712 51.0916 0
    endloop
  endfacet
  facet normal 0 0 -1
    outer loop
      vertex 223.392 51.4469 0
      vertex 223.712 51.0916 0
      vertex 223.712 -51.0916 0
    endloop
  endfacet
  facet normal 0 0 1
    outer loop
      vertex 223.392 51.4469 9.525
      vertex 223.712 -51.0916 9.525
      vertex 223.712 51.0916 9.525
    endloop
  endfacet
  facet normal 0.743055 0.66923 0
    outer loop
      vertex 223.392 51.4469 9.525
      vertex 223.712 51.0916 9.525
      vertex 223.712 51.0916 0
    endloop
  endfacet
  facet normal 0.743055 -0.66923 0
    outer loop
      vertex 223.392 60.2531 0
      vertex 223.712 60.6084 0
      vertex 223.712 60.6084 9.525
    endloop
  endfacet
  facet normal 0.743055 -0.66923 0
    outer loop
      vertex 223.392 60.2531 0
      vertex 223.712 60.6084 9.525
      vertex 223.392 60.2531 9.525
    endloop
  endfacet
  facet normal 0 0 -1
    outer loop
      vertex 223.712 -51.0916 0
      vertex 223.712 51.0916 0
      vertex 224.056 -50.7594 0
    endloop
  endfacet
  facet normal 0.694662 -0.719337 0
    outer loop
      vertex 223.712 -51.0916 0
      vertex 224.056 -50.7594 0
      vertex 224.056 -50.7594 9.525
    endloop
  endfacet
  facet normal 0.694662 -0.719337 0
    outer loop
      vertex 223.712 -51.0916 0
      vertex 224.056 -50.7594 9.525
      vertex 223.712 -51.0916 9.525
    endloop
  endfacet
  facet normal 0 0 1
    outer loop
      vertex 223.712 -51.0916 9.525
      vertex 224.056 -50.7594 9.525
      vertex 223.712 51.0916 9.525
    endloop
  endfacet
  facet normal 0.694553 0.719441 0
    outer loop
      vertex 223.712 -60.6084 0
      vertex 223.712 -60.6084 9.525
      vertex 224.056 -60.9405 0
    endloop
  endfacet
  facet normal 0.694553 0.719441 0
    outer loop
      vertex 223.712 -60.6084 9.525
      vertex 224.056 -60.9405 9.525
      vertex 224.056 -60.9405 0
    endloop
  endfacet
  facet normal 0.694662 0.719337 0
    outer loop
      vertex 223.712 51.0916 0
      vertex 223.712 51.0916 9.525
      vertex 224.056 50.7594 0
    endloop
  endfacet
  facet normal 0 0 -1
    outer loop
      vertex 223.712 51.0916 0
      vertex 224.056 50.7594 0
      vertex 224.056 -50.7594 0
    endloop
  endfacet
  facet normal 0 0 1
    outer loop
      vertex 223.712 51.0916 9.525
      vertex 224.056 -50.7594 9.525
      vertex 224.056 50.7594 9.525
    endloop
  endfacet
  facet normal 0.694662 0.719337 0
    outer loop
      vertex 223.712 51.0916 9.525
      vertex 224.056 50.7594 9.525
      vertex 224.056 50.7594 0
    endloop
  endfacet
  facet normal 0.694553 -0.719441 0
    outer loop
      vertex 223.712 60.6084 0
      vertex 224.056 60.9405 0
      vertex 224.056 60.9405 9.525
    endloop
  endfacet
  facet normal 0.694553 -0.719441 0
    outer loop
      vertex 223.712 60.6084 0
      vertex 224.056 60.9405 9.525
      vertex 223.712 60.6084 9.525
    endloop
  endfacet
  facet normal 0 0 -1
    outer loop
      vertex 224.056 -50.7594 0
      vertex 224.056 50.7594 0
      vertex 224.422 -50.4521 0
    endloop
  endfacet
  facet normal 0.64302 -0.765849 0
    outer loop
      vertex 224.056 -50.7594 0
      vertex 224.422 -50.4521 0
      vertex 224.422 -50.4521 9.525
    endloop
  endfacet
  facet normal 0.64302 -0.765849 0
    outer loop
      vertex 224.056 -50.7594 0
      vertex 224.422 -50.4521 9.525
      vertex 224.056 -50.7594 9.525
    endloop
  endfacet
  facet normal 0 0 1
    outer loop
      vertex 224.056 -50.7594 9.525
      vertex 224.422 -50.4521 9.525
      vertex 224.056 50.7594 9.525
    endloop
  endfacet
  facet normal 0.643143 0.765746 0
    outer loop
      vertex 224.056 -60.9405 0
      vertex 224.056 -60.9405 9.525
      vertex 224.422 -61.2479 0
    endloop
  endfacet
  facet normal 0.643143 0.765746 0
    outer loop
      vertex 224.056 -60.9405 9.525
      vertex 224.422 -61.2479 9.525
      vertex 224.422 -61.2479 0
    endloop
  endfacet
  facet normal 0.64302 0.765849 0
    outer loop
      vertex 224.056 50.7594 0
      vertex 224.056 50.7594 9.525
      vertex 224.422 50.4521 0
    endloop
  endfacet
  facet normal 0 0 -1
    outer loop
      vertex 224.056 50.7594 0
      vertex 224.422 50.4521 0
      vertex 224.422 -50.4521 0
    endloop
  endfacet
  facet normal 0 0 1
    outer loop
      vertex 224.056 50.7594 9.525
      vertex 224.422 -50.4521 9.525
      vertex 224.422 50.4521 9.525
    endloop
  endfacet
  facet normal 0.64302 0.765849 0
    outer loop
      vertex 224.056 50.7594 9.525
      vertex 224.422 50.4521 9.525
      vertex 224.422 50.4521 0
    endloop
  endfacet
  facet normal 0.643143 -0.765746 0
    outer loop
      vertex 224.056 60.9405 0
      vertex 224.422 61.2479 0
      vertex 224.422 61.2479 9.525
    endloop
  endfacet
  facet normal 0.643143 -0.765746 0
    outer loop
      vertex 224.056 60.9405 0
      vertex 224.422 61.2479 9.525
      vertex 224.056 60.9405 9.525
    endloop
  endfacet
  facet normal 0 0 -1
    outer loop
      vertex 224.422 -50.4521 0
      vertex 224.422 50.4521 0
      vertex 224.809 -50.1711 0
    endloop
  endfacet
  facet normal 0.58755 -0.809188 0
    outer loop
      vertex 224.422 -50.4521 0
      vertex 224.809 -50.1711 0
      vertex 224.809 -50.1711 9.525
    endloop
  endfacet
  facet normal 0.58755 -0.809188 0
    outer loop
      vertex 224.422 -50.4521 0
      vertex 224.809 -50.1711 9.525
      vertex 224.422 -50.4521 9.525
    endloop
  endfacet
  facet normal 0 0 1
    outer loop
      vertex 224.422 -50.4521 9.525
      vertex 224.809 -50.1711 9.525
      vertex 224.422 50.4521 9.525
    endloop
  endfacet
  facet normal 0.58755 0.809188 0
    outer loop
      vertex 224.422 -61.2479 0
      vertex 224.422 -61.2479 9.525
      vertex 224.809 -61.5289 0
    endloop
  endfacet
  facet normal 0.58755 0.809188 0
    outer loop
      vertex 224.422 -61.2479 9.525
      vertex 224.809 -61.5289 9.525
      vertex 224.809 -61.5289 0
    endloop
  endfacet
  facet normal 0.58755 0.809188 0
    outer loop
      vertex 224.422 50.4521 0
      vertex 224.422 50.4521 9.525
      vertex 224.809 50.1711 0
    endloop
  endfacet
  facet normal 0 0 -1
    outer loop
      vertex 224.422 50.4521 0
      vertex 224.809 50.1711 0
      vertex 224.809 -50.1711 0
    endloop
  endfacet
  facet normal 0 0 1
    outer loop
      vertex 224.422 50.4521 9.525
      vertex 224.809 -50.1711 9.525
      vertex 224.809 50.1711 9.525
    endloop
  endfacet
  facet normal 0.58755 0.809188 0
    outer loop
      vertex 224.422 50.4521 9.525
      vertex 224.809 50.1711 9.525
      vertex 224.809 50.1711 0
    endloop
  endfacet
  facet normal 0.58755 -0.809188 0
    outer loop
      vertex 224.422 61.2479 0
      vertex 224.809 61.5289 0
      vertex 224.809 61.5289 9.525
    endloop
  endfacet
  facet normal 0.58755 -0.809188 0
    outer loop
      vertex 224.422 61.2479 0
      vertex 224.809 61.5289 9.525
      vertex 224.422 61.2479 9.525
    endloop
  endfacet
  facet normal 0 0 -1
    outer loop
      vertex 224.809 -50.1711 0
      vertex 224.809 50.1711 0
      vertex 225.214 -49.9177 0
    endloop
  endfacet
  facet normal 0.530413 -0.847739 0
    outer loop
      vertex 224.809 -50.1711 0
      vertex 225.214 -49.9177 0
      vertex 225.214 -49.9177 9.525
    endloop
  endfacet
  facet normal 0.530413 -0.847739 0
    outer loop
      vertex 224.809 -50.1711 0
      vertex 225.214 -49.9177 9.525
      vertex 224.809 -50.1711 9.525
    endloop
  endfacet
  facet normal 0 0 1
    outer loop
      vertex 224.809 -50.1711 9.525
      vertex 225.214 -49.9177 9.525
      vertex 224.809 50.1711 9.525
    endloop
  endfacet
  facet normal 0.530413 0.847739 0
    outer loop
      vertex 224.809 -61.5289 0
      vertex 224.809 -61.5289 9.525
      vertex 225.214 -61.7823 0
    endloop
  endfacet
  facet normal 0.530413 0.847739 0
    outer loop
      vertex 224.809 -61.5289 9.525
      vertex 225.214 -61.7823 9.525
      vertex 225.214 -61.7823 0
    endloop
  endfacet
  facet normal 0.530413 0.847739 0
    outer loop
      vertex 224.809 50.1711 0
      vertex 224.809 50.1711 9.525
      vertex 225.214 49.9177 0
    endloop
  endfacet
  facet normal 0 0 -1
    outer loop
      vertex 224.809 50.1711 0
      vertex 225.214 49.9177 0
      vertex 225.214 -49.9177 0
    endloop
  endfacet
  facet normal 0 0 1
    outer loop
      vertex 224.809 50.1711 9.525
      vertex 225.214 -49.9177 9.525
      vertex 225.214 49.9177 9.525
    endloop
  endfacet
  facet normal 0.530413 0.847739 0
    outer loop
      vertex 224.809 50.1711 9.525
      vertex 225.214 49.9177 9.525
      vertex 225.214 49.9177 0
    endloop
  endfacet
  facet normal 0.530413 -0.847739 0
    outer loop
      vertex 224.809 61.5289 0
      vertex 225.214 61.7823 0
      vertex 225.214 61.7823 9.525
    endloop
  endfacet
  facet normal 0.530413 -0.847739 0
    outer loop
      vertex 224.809 61.5289 0
      vertex 225.214 61.7823 9.525
      vertex 224.809 61.5289 9.525
    endloop
  endfacet
  facet normal 0 0 -1
    outer loop
      vertex 225.214 -49.9177 0
      vertex 225.214 49.9177 0
      vertex 225.636 -49.6933 0
    endloop
  endfacet
  facet normal 0.469502 -0.882931 0
    outer loop
      vertex 225.214 -49.9177 0
      vertex 225.636 -49.6933 0
      vertex 225.636 -49.6933 9.525
    endloop
  endfacet
  facet normal 0.469502 -0.882931 0
    outer loop
      vertex 225.214 -49.9177 0
      vertex 225.636 -49.6933 9.525
      vertex 225.214 -49.9177 9.525
    endloop
  endfacet
  facet normal 0 0 1
    outer loop
      vertex 225.214 -49.9177 9.525
      vertex 225.636 -49.6933 9.525
      vertex 225.214 49.9177 9.525
    endloop
  endfacet
  facet normal 0.469502 0.882931 0
    outer loop
      vertex 225.214 -61.7823 0
      vertex 225.214 -61.7823 9.525
      vertex 225.636 -62.0067 0
    endloop
  endfacet
  facet normal 0 0 -1
    outer loop
      vertex 225.214 -61.7823 0
      vertex 225.636 -62.0067 0
      vertex 250.189 -77.4 0
    endloop
  endfacet
  facet normal 0.469502 0.882931 0
    outer loop
      vertex 225.214 -61.7823 9.525
      vertex 225.636 -62.0067 9.525
      vertex 225.636 -62.0067 0
    endloop
  endfacet
  facet normal 0 0 1
    outer loop
      vertex 225.214 -61.7823 9.525
      vertex 250.189 -77.4 9.525
      vertex 225.636 -62.0067 9.525
    endloop
  endfacet
  facet normal 0.469502 0.882931 0
    outer loop
      vertex 225.214 49.9177 0
      vertex 225.214 49.9177 9.525
      vertex 225.636 49.6933 0
    endloop
  endfacet
  facet normal 0 0 -1
    outer loop
      vertex 225.214 49.9177 0
      vertex 225.636 49.6933 0
      vertex 225.636 -49.6933 0
    endloop
  endfacet
  facet normal 0 0 1
    outer loop
      vertex 225.214 49.9177 9.525
      vertex 225.636 -49.6933 9.525
      vertex 225.636 49.6933 9.525
    endloop
  endfacet
  facet normal 0.469502 0.882931 0
    outer loop
      vertex 225.214 49.9177 9.525
      vertex 225.636 49.6933 9.525
      vertex 225.636 49.6933 0
    endloop
  endfacet
  facet normal 0.469502 -0.882931 0
    outer loop
      vertex 225.214 61.7823 0
      vertex 225.636 62.0067 0
      vertex 225.636 62.0067 9.525
    endloop
  endfacet
  facet normal 0.469502 -0.882931 0
    outer loop
      vertex 225.214 61.7823 0
      vertex 225.636 62.0067 9.525
      vertex 225.214 61.7823 9.525
    endloop
  endfacet
  facet normal 0 0 -1
    outer loop
      vertex 225.214 61.7823 0
      vertex 250.189 77.4 0
      vertex 225.636 62.0067 0
    endloop
  endfacet
  facet normal 0 0 1
    outer loop
      vertex 225.214 61.7823 9.525
      vertex 225.636 62.0067 9.525
      vertex 250.189 77.4 9.525
    endloop
  endfacet
  facet normal 0 0 -1
    outer loop
      vertex 225.636 -49.6933 0
      vertex 225.636 49.6933 0
      vertex 226.073 -49.4988 0
    endloop
  endfacet
  facet normal 0.406623 -0.913596 0
    outer loop
      vertex 225.636 -49.6933 0
      vertex 226.073 -49.4988 0
      vertex 226.073 -49.4988 9.525
    endloop
  endfacet
  facet normal 0.406623 -0.913596 0
    outer loop
      vertex 225.636 -49.6933 0
      vertex 226.073 -49.4988 9.525
      vertex 225.636 -49.6933 9.525
    endloop
  endfacet
  facet normal 0 0 1
    outer loop
      vertex 225.636 -49.6933 9.525
      vertex 226.073 -49.4988 9.525
      vertex 225.636 49.6933 9.525
    endloop
  endfacet
  facet normal 0.406623 0.913596 0
    outer loop
      vertex 225.636 -62.0067 0
      vertex 225.636 -62.0067 9.525
      vertex 226.073 -62.2012 0
    endloop
  endfacet
  facet normal 0 0 -1
    outer loop
      vertex 225.636 -62.0067 0
      vertex 226.073 -62.2012 0
      vertex 250.189 -77.4 0
    endloop
  endfacet
  facet normal 0.406623 0.913596 0
    outer loop
      vertex 225.636 -62.0067 9.525
      vertex 226.073 -62.2012 9.525
      vertex 226.073 -62.2012 0
    endloop
  endfacet
  facet normal 0 0 1
    outer loop
      vertex 225.636 -62.0067 9.525
      vertex 250.189 -77.4 9.525
      vertex 226.073 -62.2012 9.525
    endloop
  endfacet
  facet normal 0.406623 0.913596 0
    outer loop
      vertex 225.636 49.6933 0
      vertex 225.636 49.6933 9.525
      vertex 226.073 49.4988 0
    endloop
  endfacet
  facet normal 0 0 -1
    outer loop
      vertex 225.636 49.6933 0
      vertex 226.073 49.4988 0
      vertex 226.073 -49.4988 0
    endloop
  endfacet
  facet normal 0 0 1
    outer loop
      vertex 225.636 49.6933 9.525
      vertex 226.073 -49.4988 9.525
      vertex 226.073 49.4988 9.525
    endloop
  endfacet
  facet normal 0.406623 0.913596 0
    outer loop
      vertex 225.636 49.6933 9.525
      vertex 226.073 49.4988 9.525
      vertex 226.073 49.4988 0
    endloop
  endfacet
  facet normal 0.406623 -0.913596 0
    outer loop
      vertex 225.636 62.0067 0
      vertex 226.073 62.2012 0
      vertex 226.073 62.2012 9.525
    endloop
  endfacet
  facet normal 0.406623 -0.913596 0
    outer loop
      vertex 225.636 62.0067 0
      vertex 226.073 62.2012 9.525
      vertex 225.636 62.0067 9.525
    endloop
  endfacet
  facet normal 0 0 -1
    outer loop
      vertex 225.636 62.0067 0
      vertex 250.189 77.4 0
      vertex 226.073 62.2012 0
    endloop
  endfacet
  facet normal 0 0 1
    outer loop
      vertex 225.636 62.0067 9.525
      vertex 226.073 62.2012 9.525
      vertex 250.189 77.4 9.525
    endloop
  endfacet
  facet normal 0 0 -1
    outer loop
      vertex 226.073 -49.4988 0
      vertex 226.073 49.4988 0
      vertex 226.523 -49.3353 0
    endloop
  endfacet
  facet normal 0.341492 -0.939885 0
    outer loop
      vertex 226.073 -49.4988 0
      vertex 226.523 -49.3353 0
      vertex 226.523 -49.3353 9.525
    endloop
  endfacet
  facet normal 0.341492 -0.939885 0
    outer loop
      vertex 226.073 -49.4988 0
      vertex 226.523 -49.3353 9.525
      vertex 226.073 -49.4988 9.525
    endloop
  endfacet
  facet normal 0 0 1
    outer loop
      vertex 226.073 -49.4988 9.525
      vertex 226.523 -49.3353 9.525
      vertex 226.073 49.4988 9.525
    endloop
  endfacet
  facet normal 0.341492 0.939885 0
    outer loop
      vertex 226.073 -62.2012 0
      vertex 226.073 -62.2012 9.525
      vertex 226.523 -62.3647 0
    endloop
  endfacet
  facet normal 0 0 -1
    outer loop
      vertex 226.073 -62.2012 0
      vertex 226.523 -62.3647 0
      vertex 250.189 -77.4 0
    endloop
  endfacet
  facet normal 0.341492 0.939885 0
    outer loop
      vertex 226.073 -62.2012 9.525
      vertex 226.523 -62.3647 9.525
      vertex 226.523 -62.3647 0
    endloop
  endfacet
  facet normal 0 0 1
    outer loop
      vertex 226.073 -62.2012 9.525
      vertex 250.189 -77.4 9.525
      vertex 226.523 -62.3647 9.525
    endloop
  endfacet
  facet normal 0.341492 0.939885 0
    outer loop
      vertex 226.073 49.4988 0
      vertex 226.073 49.4988 9.525
      vertex 226.523 49.3353 0
    endloop
  endfacet
  facet normal 0 0 -1
    outer loop
      vertex 226.073 49.4988 0
      vertex 226.523 49.3353 0
      vertex 226.523 -49.3353 0
    endloop
  endfacet
  facet normal 0 0 1
    outer loop
      vertex 226.073 49.4988 9.525
      vertex 226.523 -49.3353 9.525
      vertex 226.523 49.3353 9.525
    endloop
  endfacet
  facet normal 0.341492 0.939885 0
    outer loop
      vertex 226.073 49.4988 9.525
      vertex 226.523 49.3353 9.525
      vertex 226.523 49.3353 0
    endloop
  endfacet
  facet normal 0.341492 -0.939885 0
    outer loop
      vertex 226.073 62.2012 0
      vertex 226.523 62.3647 0
      vertex 226.523 62.3647 9.525
    endloop
  endfacet
  facet normal 0.341492 -0.939885 0
    outer loop
      vertex 226.073 62.2012 0
      vertex 226.523 62.3647 9.525
      vertex 226.073 62.2012 9.525
    endloop
  endfacet
  facet normal 0 0 -1
    outer loop
      vertex 226.073 62.2012 0
      vertex 250.189 77.4 0
      vertex 226.523 62.3647 0
    endloop
  endfacet
  facet normal 0 0 1
    outer loop
      vertex 226.073 62.2012 9.525
      vertex 226.523 62.3647 9.525
      vertex 250.189 77.4 9.525
    endloop
  endfacet
  facet normal 0 0 -1
    outer loop
      vertex 226.523 -49.3353 0
      vertex 226.523 49.3353 0
      vertex 226.982 -49.2035 0
    endloop
  endfacet
  facet normal 0.275993 -0.96116 0
    outer loop
      vertex 226.523 -49.3353 0
      vertex 226.982 -49.2035 0
      vertex 226.982 -49.2035 9.525
    endloop
  endfacet
  facet normal 0.275993 -0.96116 0
    outer loop
      vertex 226.523 -49.3353 0
      vertex 226.982 -49.2035 9.525
      vertex 226.523 -49.3353 9.525
    endloop
  endfacet
  facet normal 0 0 1
    outer loop
      vertex 226.523 -49.3353 9.525
      vertex 226.982 -49.2035 9.525
      vertex 226.523 49.3353 9.525
    endloop
  endfacet
  facet normal 0.275993 0.96116 0
    outer loop
      vertex 226.523 -62.3647 0
      vertex 226.523 -62.3647 9.525
      vertex 226.982 -62.4965 0
    endloop
  endfacet
  facet normal 0 0 -1
    outer loop
      vertex 226.523 -62.3647 0
      vertex 226.982 -62.4965 0
      vertex 250.189 -77.4 0
    endloop
  endfacet
  facet normal 0.275993 0.96116 0
    outer loop
      vertex 226.523 -62.3647 9.525
      vertex 226.982 -62.4965 9.525
      vertex 226.982 -62.4965 0
    endloop
  endfacet
  facet normal 0 0 1
    outer loop
      vertex 226.523 -62.3647 9.525
      vertex 250.189 -77.4 9.525
      vertex 226.982 -62.4965 9.525
    endloop
  endfacet
  facet normal 0.275993 0.96116 0
    outer loop
      vertex 226.523 49.3353 0
      vertex 226.523 49.3353 9.525
      vertex 226.982 49.2035 0
    endloop
  endfacet
  facet normal 0 0 -1
    outer loop
      vertex 226.523 49.3353 0
      vertex 226.982 49.2035 0
      vertex 226.982 -49.2035 0
    endloop
  endfacet
  facet normal 0 0 1
    outer loop
      vertex 226.523 49.3353 9.525
      vertex 226.982 -49.2035 9.525
      vertex 226.982 49.2035 9.525
    endloop
  endfacet
  facet normal 0.275993 0.96116 0
    outer loop
      vertex 226.523 49.3353 9.525
      vertex 226.982 49.2035 9.525
      vertex 226.982 49.2035 0
    endloop
  endfacet
  facet normal 0.275993 -0.96116 0
    outer loop
      vertex 226.523 62.3647 0
      vertex 226.982 62.4965 0
      vertex 226.982 62.4965 9.525
    endloop
  endfacet
  facet normal 0.275993 -0.96116 0
    outer loop
      vertex 226.523 62.3647 0
      vertex 226.982 62.4965 9.525
      vertex 226.523 62.3647 9.525
    endloop
  endfacet
  facet normal 0 0 -1
    outer loop
      vertex 226.523 62.3647 0
      vertex 250.189 77.4 0
      vertex 226.982 62.4965 0
    endloop
  endfacet
  facet normal 0 0 1
    outer loop
      vertex 226.523 62.3647 9.525
      vertex 226.982 62.4965 9.525
      vertex 250.189 77.4 9.525
    endloop
  endfacet
  facet normal 0 0 -1
    outer loop
      vertex 226.982 -49.2035 0
      vertex 226.982 49.2035 0
      vertex 227.45 -49.1041 0
    endloop
  endfacet
  facet normal 0.207759 -0.97818 0
    outer loop
      vertex 226.982 -49.2035 0
      vertex 227.45 -49.1041 0
      vertex 227.45 -49.1041 9.525
    endloop
  endfacet
  facet normal 0.207759 -0.97818 0
    outer loop
      vertex 226.982 -49.2035 0
      vertex 227.45 -49.1041 9.525
      vertex 226.982 -49.2035 9.525
    endloop
  endfacet
  facet normal 0 0 1
    outer loop
      vertex 226.982 -49.2035 9.525
      vertex 227.45 -49.1041 9.525
      vertex 226.982 49.2035 9.525
    endloop
  endfacet
  facet normal 0.207759 0.97818 0
    outer loop
      vertex 226.982 -62.4965 0
      vertex 226.982 -62.4965 9.525
      vertex 227.45 -62.5959 0
    endloop
  endfacet
  facet normal 0 0 -1
    outer loop
      vertex 226.982 -62.4965 0
      vertex 227.45 -62.5959 0
      vertex 250.189 -77.4 0
    endloop
  endfacet
  facet normal 0.207759 0.97818 0
    outer loop
      vertex 226.982 -62.4965 9.525
      vertex 227.45 -62.5959 9.525
      vertex 227.45 -62.5959 0
    endloop
  endfacet
  facet normal 0 0 1
    outer loop
      vertex 226.982 -62.4965 9.525
      vertex 250.189 -77.4 9.525
      vertex 227.45 -62.5959 9.525
    endloop
  endfacet
  facet normal 0.207759 0.97818 0
    outer loop
      vertex 226.982 49.2035 0
      vertex 226.982 49.2035 9.525
      vertex 227.45 49.1041 0
    endloop
  endfacet
  facet normal 0 0 -1
    outer loop
      vertex 226.982 49.2035 0
      vertex 227.45 49.1041 0
      vertex 227.45 -49.1041 0
    endloop
  endfacet
  facet normal 0 0 1
    outer loop
      vertex 226.982 49.2035 9.525
      vertex 227.45 -49.1041 9.525
      vertex 227.45 49.1041 9.525
    endloop
  endfacet
  facet normal 0.207759 0.97818 0
    outer loop
      vertex 226.982 49.2035 9.525
      vertex 227.45 49.1041 9.525
      vertex 227.45 49.1041 0
    endloop
  endfacet
  facet normal 0.207759 -0.97818 0
    outer loop
      vertex 226.982 62.4965 0
      vertex 227.45 62.5959 0
      vertex 227.45 62.5959 9.525
    endloop
  endfacet
  facet normal 0.207759 -0.97818 0
    outer loop
      vertex 226.982 62.4965 0
      vertex 227.45 62.5959 9.525
      vertex 226.982 62.4965 9.525
    endloop
  endfacet
  facet normal 0 0 -1
    outer loop
      vertex 226.982 62.4965 0
      vertex 250.189 77.4 0
      vertex 227.45 62.5959 0
    endloop
  endfacet
  facet normal 0 0 1
    outer loop
      vertex 226.982 62.4965 9.525
      vertex 227.45 62.5959 9.525
      vertex 250.189 77.4 9.525
    endloop
  endfacet
  facet normal 0 0 -1
    outer loop
      vertex 227.45 -49.1041 0
      vertex 227.45 49.1041 0
      vertex 227.923 -49.0375 0
    endloop
  endfacet
  facet normal 0.139428 -0.990232 0
    outer loop
      vertex 227.45 -49.1041 0
      vertex 227.923 -49.0375 0
      vertex 227.923 -49.0375 9.525
    endloop
  endfacet
  facet normal 0.139428 -0.990232 0
    outer loop
      vertex 227.45 -49.1041 0
      vertex 227.923 -49.0375 9.525
      vertex 227.45 -49.1041 9.525
    endloop
  endfacet
  facet normal 0 0 1
    outer loop
      vertex 227.45 -49.1041 9.525
      vertex 227.923 -49.0375 9.525
      vertex 227.45 49.1041 9.525
    endloop
  endfacet
  facet normal 0.139428 0.990232 0
    outer loop
      vertex 227.45 -62.5959 0
      vertex 227.45 -62.5959 9.525
      vertex 227.923 -62.6625 0
    endloop
  endfacet
  facet normal 0 0 -1
    outer loop
      vertex 227.45 -62.5959 0
      vertex 227.923 -62.6625 0
      vertex 250.189 -77.4 0
    endloop
  endfacet
  facet normal 0.139428 0.990232 0
    outer loop
      vertex 227.45 -62.5959 9.525
      vertex 227.923 -62.6625 9.525
      vertex 227.923 -62.6625 0
    endloop
  endfacet
  facet normal 0 0 1
    outer loop
      vertex 227.45 -62.5959 9.525
      vertex 250.189 -77.4 9.525
      vertex 227.923 -62.6625 9.525
    endloop
  endfacet
  facet normal 0.139428 0.990232 0
    outer loop
      vertex 227.45 49.1041 0
      vertex 227.45 49.1041 9.525
      vertex 227.923 49.0375 0
    endloop
  endfacet
  facet normal 0 0 -1
    outer loop
      vertex 227.45 49.1041 0
      vertex 227.923 49.0375 0
      vertex 227.923 -49.0375 0
    endloop
  endfacet
  facet normal 0 0 1
    outer loop
      vertex 227.45 49.1041 9.525
      vertex 227.923 -49.0375 9.525
      vertex 227.923 49.0375 9.525
    endloop
  endfacet
  facet normal 0.139428 0.990232 0
    outer loop
      vertex 227.45 49.1041 9.525
      vertex 227.923 49.0375 9.525
      vertex 227.923 49.0375 0
    endloop
  endfacet
  facet normal 0.139428 -0.990232 0
    outer loop
      vertex 227.45 62.5959 0
      vertex 227.923 62.6625 0
      vertex 227.923 62.6625 9.525
    endloop
  endfacet
  facet normal 0.139428 -0.990232 0
    outer loop
      vertex 227.45 62.5959 0
      vertex 227.923 62.6625 9.525
      vertex 227.45 62.5959 9.525
    endloop
  endfacet
  facet normal 0 0 -1
    outer loop
      vertex 227.45 62.5959 0
      vertex 250.189 77.4 0
      vertex 227.923 62.6625 0
    endloop
  endfacet
  facet normal 0 0 1
    outer loop
      vertex 227.45 62.5959 9.525
      vertex 227.923 62.6625 9.525
      vertex 250.189 77.4 9.525
    endloop
  endfacet
  facet normal 0 0 -1
    outer loop
      vertex 227.923 -49.0375 0
      vertex 227.923 49.0375 0
      vertex 228.4 -49.0042 0
    endloop
  endfacet
  facet normal 0.0696418 -0.997572 0
    outer loop
      vertex 227.923 -49.0375 0
      vertex 228.4 -49.0042 0
      vertex 228.4 -49.0042 9.525
    endloop
  endfacet
  facet normal 0.0696418 -0.997572 0
    outer loop
      vertex 227.923 -49.0375 0
      vertex 228.4 -49.0042 9.525
      vertex 227.923 -49.0375 9.525
    endloop
  endfacet
  facet normal 0 0 1
    outer loop
      vertex 227.923 -49.0375 9.525
      vertex 228.4 -49.0042 9.525
      vertex 227.923 49.0375 9.525
    endloop
  endfacet
  facet normal 0.0696418 0.997572 0
    outer loop
      vertex 227.923 -62.6625 0
      vertex 227.923 -62.6625 9.525
      vertex 228.4 -62.6958 0
    endloop
  endfacet
  facet normal 0 0 -1
    outer loop
      vertex 227.923 -62.6625 0
      vertex 228.4 -62.6958 0
      vertex 250.189 -77.4 0
    endloop
  endfacet
  facet normal 0.0696418 0.997572 0
    outer loop
      vertex 227.923 -62.6625 9.525
      vertex 228.4 -62.6958 9.525
      vertex 228.4 -62.6958 0
    endloop
  endfacet
  facet normal 0 0 1
    outer loop
      vertex 227.923 -62.6625 9.525
      vertex 250.189 -77.4 9.525
      vertex 228.4 -62.6958 9.525
    endloop
  endfacet
  facet normal 0.0696418 0.997572 0
    outer loop
      vertex 227.923 49.0375 0
      vertex 227.923 49.0375 9.525
      vertex 228.4 49.0042 0
    endloop
  endfacet
  facet normal 0 0 -1
    outer loop
      vertex 227.923 49.0375 0
      vertex 228.4 49.0042 0
      vertex 228.4 -49.0042 0
    endloop
  endfacet
  facet normal 0 0 1
    outer loop
      vertex 227.923 49.0375 9.525
      vertex 228.4 -49.0042 9.525
      vertex 228.4 49.0042 9.525
    endloop
  endfacet
  facet normal 0.0696418 0.997572 0
    outer loop
      vertex 227.923 49.0375 9.525
      vertex 228.4 49.0042 9.525
      vertex 228.4 49.0042 0
    endloop
  endfacet
  facet normal 0.0696418 -0.997572 0
    outer loop
      vertex 227.923 62.6625 0
      vertex 228.4 62.6958 0
      vertex 228.4 62.6958 9.525
    endloop
  endfacet
  facet normal 0.0696418 -0.997572 0
    outer loop
      vertex 227.923 62.6625 0
      vertex 228.4 62.6958 9.525
      vertex 227.923 62.6625 9.525
    endloop
  endfacet
  facet normal 0 0 -1
    outer loop
      vertex 227.923 62.6625 0
      vertex 250.189 77.4 0
      vertex 228.4 62.6958 0
    endloop
  endfacet
  facet normal 0 0 1
    outer loop
      vertex 227.923 62.6625 9.525
      vertex 228.4 62.6958 9.525
      vertex 250.189 77.4 9.525
    endloop
  endfacet
  facet normal 0 0 -1
    outer loop
      vertex 228.4 -49.0042 0
      vertex 228.4 49.0042 0
      vertex 228.878 -49.0042 0
    endloop
  endfacet
  facet normal 0 -1 0
    outer loop
      vertex 228.4 -49.0042 0
      vertex 228.878 -49.0042 0
      vertex 228.878 -49.0042 9.525
    endloop
  endfacet
  facet normal 0 -1 0
    outer loop
      vertex 228.4 -49.0042 0
      vertex 228.878 -49.0042 9.525
      vertex 228.4 -49.0042 9.525
    endloop
  endfacet
  facet normal 0 0 1
    outer loop
      vertex 228.4 -49.0042 9.525
      vertex 228.878 -49.0042 9.525
      vertex 228.4 49.0042 9.525
    endloop
  endfacet
  facet normal 0 1 0
    outer loop
      vertex 228.4 -62.6958 0
      vertex 228.4 -62.6958 9.525
      vertex 228.878 -62.6958 0
    endloop
  endfacet
  facet normal 0 0 -1
    outer loop
      vertex 228.4 -62.6958 0
      vertex 228.878 -62.6958 0
      vertex 250.189 -77.4 0
    endloop
  endfacet
  facet normal 0 1 0
    outer loop
      vertex 228.4 -62.6958 9.525
      vertex 228.878 -62.6958 9.525
      vertex 228.878 -62.6958 0
    endloop
  endfacet
  facet normal 0 0 1
    outer loop
      vertex 228.4 -62.6958 9.525
      vertex 250.189 -77.4 9.525
      vertex 228.878 -62.6958 9.525
    endloop
  endfacet
  facet normal 0 1 0
    outer loop
      vertex 228.4 49.0042 0
      vertex 228.4 49.0042 9.525
      vertex 228.878 49.0042 0
    endloop
  endfacet
  facet normal 0 0 -1
    outer loop
      vertex 228.4 49.0042 0
      vertex 228.878 49.0042 0
      vertex 228.878 -49.0042 0
    endloop
  endfacet
  facet normal 0 0 1
    outer loop
      vertex 228.4 49.0042 9.525
      vertex 228.878 -49.0042 9.525
      vertex 228.878 49.0042 9.525
    endloop
  endfacet
  facet normal 0 1 0
    outer loop
      vertex 228.4 49.0042 9.525
      vertex 228.878 49.0042 9.525
      vertex 228.878 49.0042 0
    endloop
  endfacet
  facet normal 0 -1 0
    outer loop
      vertex 228.4 62.6958 0
      vertex 228.878 62.6958 0
      vertex 228.878 62.6958 9.525
    endloop
  endfacet
  facet normal 0 -1 0
    outer loop
      vertex 228.4 62.6958 0
      vertex 228.878 62.6958 9.525
      vertex 228.4 62.6958 9.525
    endloop
  endfacet
  facet normal 0 0 -1
    outer loop
      vertex 228.4 62.6958 0
      vertex 250.189 77.4 0
      vertex 228.878 62.6958 0
    endloop
  endfacet
  facet normal 0 0 1
    outer loop
      vertex 228.4 62.6958 9.525
      vertex 228.878 62.6958 9.525
      vertex 250.189 77.4 9.525
    endloop
  endfacet
  facet normal 0 0 -1
    outer loop
      vertex 228.878 -49.0042 0
      vertex 228.878 49.0042 0
      vertex 229.355 -49.0375 0
    endloop
  endfacet
  facet normal -0.0696418 -0.997572 0
    outer loop
      vertex 228.878 -49.0042 0
      vertex 229.355 -49.0375 0
      vertex 229.355 -49.0375 9.525
    endloop
  endfacet
  facet normal -0.0696418 -0.997572 0
    outer loop
      vertex 228.878 -49.0042 0
      vertex 229.355 -49.0375 9.525
      vertex 228.878 -49.0042 9.525
    endloop
  endfacet
  facet normal 0 0 1
    outer loop
      vertex 228.878 -49.0042 9.525
      vertex 229.355 -49.0375 9.525
      vertex 228.878 49.0042 9.525
    endloop
  endfacet
  facet normal -0.0696418 0.997572 0
    outer loop
      vertex 228.878 -62.6958 0
      vertex 228.878 -62.6958 9.525
      vertex 229.355 -62.6625 0
    endloop
  endfacet
  facet normal 0 0 -1
    outer loop
      vertex 228.878 -62.6958 0
      vertex 229.355 -62.6625 0
      vertex 250.189 -77.4 0
    endloop
  endfacet
  facet normal -0.0696418 0.997572 0
    outer loop
      vertex 228.878 -62.6958 9.525
      vertex 229.355 -62.6625 9.525
      vertex 229.355 -62.6625 0
    endloop
  endfacet
  facet normal 0 0 1
    outer loop
      vertex 228.878 -62.6958 9.525
      vertex 250.189 -77.4 9.525
      vertex 229.355 -62.6625 9.525
    endloop
  endfacet
  facet normal -0.0696418 0.997572 0
    outer loop
      vertex 228.878 49.0042 0
      vertex 228.878 49.0042 9.525
      vertex 229.355 49.0375 0
    endloop
  endfacet
  facet normal 0 0 -1
    outer loop
      vertex 228.878 49.0042 0
      vertex 229.355 49.0375 0
      vertex 229.355 -49.0375 0
    endloop
  endfacet
  facet normal 0 0 1
    outer loop
      vertex 228.878 49.0042 9.525
      vertex 229.355 -49.0375 9.525
      vertex 229.355 49.0375 9.525
    endloop
  endfacet
  facet normal -0.0696418 0.997572 0
    outer loop
      vertex 228.878 49.0042 9.525
      vertex 229.355 49.0375 9.525
      vertex 229.355 49.0375 0
    endloop
  endfacet
  facet normal -0.0696418 -0.997572 0
    outer loop
      vertex 228.878 62.6958 0
      vertex 229.355 62.6625 0
      vertex 229.355 62.6625 9.525
    endloop
  endfacet
  facet normal -0.0696418 -0.997572 0
    outer loop
      vertex 228.878 62.6958 0
      vertex 229.355 62.6625 9.525
      vertex 228.878 62.6958 9.525
    endloop
  endfacet
  facet normal 0 0 -1
    outer loop
      vertex 228.878 62.6958 0
      vertex 250.189 77.4 0
      vertex 229.355 62.6625 0
    endloop
  endfacet
  facet normal 0 0 1
    outer loop
      vertex 228.878 62.6958 9.525
      vertex 229.355 62.6625 9.525
      vertex 250.189 77.4 9.525
    endloop
  endfacet
  facet normal 0 0 -1
    outer loop
      vertex 229.355 -49.0375 0
      vertex 229.355 49.0375 0
      vertex 229.829 -49.1041 0
    endloop
  endfacet
  facet normal -0.13914 -0.990273 0
    outer loop
      vertex 229.355 -49.0375 0
      vertex 229.829 -49.1041 0
      vertex 229.829 -49.1041 9.525
    endloop
  endfacet
  facet normal -0.13914 -0.990273 0
    outer loop
      vertex 229.355 -49.0375 0
      vertex 229.829 -49.1041 9.525
      vertex 229.355 -49.0375 9.525
    endloop
  endfacet
  facet normal 0 0 1
    outer loop
      vertex 229.355 -49.0375 9.525
      vertex 229.829 -49.1041 9.525
      vertex 229.355 49.0375 9.525
    endloop
  endfacet
  facet normal -0.13914 0.990273 0
    outer loop
      vertex 229.355 -62.6625 0
      vertex 229.355 -62.6625 9.525
      vertex 229.829 -62.5959 0
    endloop
  endfacet
  facet normal 0 0 -1
    outer loop
      vertex 229.355 -62.6625 0
      vertex 229.829 -62.5959 0
      vertex 250.189 -77.4 0
    endloop
  endfacet
  facet normal -0.13914 0.990273 0
    outer loop
      vertex 229.355 -62.6625 9.525
      vertex 229.829 -62.5959 9.525
      vertex 229.829 -62.5959 0
    endloop
  endfacet
  facet normal 0 0 1
    outer loop
      vertex 229.355 -62.6625 9.525
      vertex 250.189 -77.4 9.525
      vertex 229.829 -62.5959 9.525
    endloop
  endfacet
  facet normal -0.13914 0.990273 0
    outer loop
      vertex 229.355 49.0375 0
      vertex 229.355 49.0375 9.525
      vertex 229.829 49.1041 0
    endloop
  endfacet
  facet normal 0 0 -1
    outer loop
      vertex 229.355 49.0375 0
      vertex 229.829 49.1041 0
      vertex 229.829 -49.1041 0
    endloop
  endfacet
  facet normal 0 0 1
    outer loop
      vertex 229.355 49.0375 9.525
      vertex 229.829 -49.1041 9.525
      vertex 229.829 49.1041 9.525
    endloop
  endfacet
  facet normal -0.13914 0.990273 0
    outer loop
      vertex 229.355 49.0375 9.525
      vertex 229.829 49.1041 9.525
      vertex 229.829 49.1041 0
    endloop
  endfacet
  facet normal -0.13914 -0.990273 0
    outer loop
      vertex 229.355 62.6625 0
      vertex 229.829 62.5959 0
      vertex 229.829 62.5959 9.525
    endloop
  endfacet
  facet normal -0.13914 -0.990273 0
    outer loop
      vertex 229.355 62.6625 0
      vertex 229.829 62.5959 9.525
      vertex 229.355 62.6625 9.525
    endloop
  endfacet
  facet normal 0 0 -1
    outer loop
      vertex 229.355 62.6625 0
      vertex 250.189 77.4 0
      vertex 229.829 62.5959 0
    endloop
  endfacet
  facet normal 0 0 1
    outer loop
      vertex 229.355 62.6625 9.525
      vertex 229.829 62.5959 9.525
      vertex 250.189 77.4 9.525
    endloop
  endfacet
  facet normal 0 0 -1
    outer loop
      vertex 229.829 -49.1041 0
      vertex 229.829 49.1041 0
      vertex 230.296 -49.2035 0
    endloop
  endfacet
  facet normal -0.208184 -0.97809 0
    outer loop
      vertex 229.829 -49.1041 0
      vertex 230.296 -49.2035 0
      vertex 230.296 -49.2035 9.525
    endloop
  endfacet
  facet normal -0.208184 -0.97809 0
    outer loop
      vertex 229.829 -49.1041 0
      vertex 230.296 -49.2035 9.525
      vertex 229.829 -49.1041 9.525
    endloop
  endfacet
  facet normal 0 0 1
    outer loop
      vertex 229.829 -49.1041 9.525
      vertex 230.296 -49.2035 9.525
      vertex 229.829 49.1041 9.525
    endloop
  endfacet
  facet normal -0.208184 0.97809 0
    outer loop
      vertex 229.829 -62.5959 0
      vertex 229.829 -62.5959 9.525
      vertex 230.296 -62.4965 0
    endloop
  endfacet
  facet normal 0 0 -1
    outer loop
      vertex 229.829 -62.5959 0
      vertex 230.296 -62.4965 0
      vertex 250.189 -77.4 0
    endloop
  endfacet
  facet normal -0.208184 0.97809 0
    outer loop
      vertex 229.829 -62.5959 9.525
      vertex 230.296 -62.4965 9.525
      vertex 230.296 -62.4965 0
    endloop
  endfacet
  facet normal 0 0 1
    outer loop
      vertex 229.829 -62.5959 9.525
      vertex 250.189 -77.4 9.525
      vertex 230.296 -62.4965 9.525
    endloop
  endfacet
  facet normal -0.208184 0.97809 0
    outer loop
      vertex 229.829 49.1041 0
      vertex 229.829 49.1041 9.525
      vertex 230.296 49.2035 0
    endloop
  endfacet
  facet normal 0 0 -1
    outer loop
      vertex 229.829 49.1041 0
      vertex 230.296 49.2035 0
      vertex 230.296 -49.2035 0
    endloop
  endfacet
  facet normal 0 0 1
    outer loop
      vertex 229.829 49.1041 9.525
      vertex 230.296 -49.2035 9.525
      vertex 230.296 49.2035 9.525
    endloop
  endfacet
  facet normal -0.208184 0.97809 0
    outer loop
      vertex 229.829 49.1041 9.525
      vertex 230.296 49.2035 9.525
      vertex 230.296 49.2035 0
    endloop
  endfacet
  facet normal -0.208184 -0.97809 0
    outer loop
      vertex 229.829 62.5959 0
      vertex 230.296 62.4965 0
      vertex 230.296 62.4965 9.525
    endloop
  endfacet
  facet normal -0.208184 -0.97809 0
    outer loop
      vertex 229.829 62.5959 0
      vertex 230.296 62.4965 9.525
      vertex 229.829 62.5959 9.525
    endloop
  endfacet
  facet normal 0 0 -1
    outer loop
      vertex 229.829 62.5959 0
      vertex 250.189 77.4 0
      vertex 230.296 62.4965 0
    endloop
  endfacet
  facet normal 0 0 1
    outer loop
      vertex 229.829 62.5959 9.525
      vertex 230.296 62.4965 9.525
      vertex 250.189 77.4 9.525
    endloop
  endfacet
  facet normal 0 0 -1
    outer loop
      vertex 230.296 -49.2035 0
      vertex 230.296 49.2035 0
      vertex 230.756 -49.3353 0
    endloop
  endfacet
  facet normal -0.275439 -0.961319 0
    outer loop
      vertex 230.296 -49.2035 0
      vertex 230.756 -49.3353 0
      vertex 230.756 -49.3353 9.525
    endloop
  endfacet
  facet normal -0.275439 -0.961319 0
    outer loop
      vertex 230.296 -49.2035 0
      vertex 230.756 -49.3353 9.525
      vertex 230.296 -49.2035 9.525
    endloop
  endfacet
  facet normal 0 0 1
    outer loop
      vertex 230.296 -49.2035 9.525
      vertex 230.756 -49.3353 9.525
      vertex 230.296 49.2035 9.525
    endloop
  endfacet
  facet normal -0.275439 0.961319 0
    outer loop
      vertex 230.296 -62.4965 0
      vertex 230.296 -62.4965 9.525
      vertex 230.756 -62.3647 0
    endloop
  endfacet
  facet normal 0 0 -1
    outer loop
      vertex 230.296 -62.4965 0
      vertex 230.756 -62.3647 0
      vertex 250.189 -77.4 0
    endloop
  endfacet
  facet normal -0.275439 0.961319 0
    outer loop
      vertex 230.296 -62.4965 9.525
      vertex 230.756 -62.3647 9.525
      vertex 230.756 -62.3647 0
    endloop
  endfacet
  facet normal 0 0 1
    outer loop
      vertex 230.296 -62.4965 9.525
      vertex 250.189 -77.4 9.525
      vertex 230.756 -62.3647 9.525
    endloop
  endfacet
  facet normal -0.275439 0.961319 0
    outer loop
      vertex 230.296 49.2035 0
      vertex 230.296 49.2035 9.525
      vertex 230.756 49.3353 0
    endloop
  endfacet
  facet normal 0 0 -1
    outer loop
      vertex 230.296 49.2035 0
      vertex 230.756 49.3353 0
      vertex 230.756 -49.3353 0
    endloop
  endfacet
  facet normal 0 0 1
    outer loop
      vertex 230.296 49.2035 9.525
      vertex 230.756 -49.3353 9.525
      vertex 230.756 49.3353 9.525
    endloop
  endfacet
  facet normal -0.275439 0.961319 0
    outer loop
      vertex 230.296 49.2035 9.525
      vertex 230.756 49.3353 9.525
      vertex 230.756 49.3353 0
    endloop
  endfacet
  facet normal -0.275439 -0.961319 0
    outer loop
      vertex 230.296 62.4965 0
      vertex 230.756 62.3647 0
      vertex 230.756 62.3647 9.525
    endloop
  endfacet
  facet normal -0.275439 -0.961319 0
    outer loop
      vertex 230.296 62.4965 0
      vertex 230.756 62.3647 9.525
      vertex 230.296 62.4965 9.525
    endloop
  endfacet
  facet normal 0 0 -1
    outer loop
      vertex 230.296 62.4965 0
      vertex 250.189 77.4 0
      vertex 230.756 62.3647 0
    endloop
  endfacet
  facet normal 0 0 1
    outer loop
      vertex 230.296 62.4965 9.525
      vertex 230.756 62.3647 9.525
      vertex 250.189 77.4 9.525
    endloop
  endfacet
  facet normal 0 0 -1
    outer loop
      vertex 230.756 -49.3353 0
      vertex 230.756 49.3353 0
      vertex 231.205 -49.4988 0
    endloop
  endfacet
  facet normal -0.342163 -0.939641 0
    outer loop
      vertex 230.756 -49.3353 0
      vertex 231.205 -49.4988 0
      vertex 231.205 -49.4988 9.525
    endloop
  endfacet
  facet normal -0.342163 -0.939641 0
    outer loop
      vertex 230.756 -49.3353 0
      vertex 231.205 -49.4988 9.525
      vertex 230.756 -49.3353 9.525
    endloop
  endfacet
  facet normal 0 0 1
    outer loop
      vertex 230.756 -49.3353 9.525
      vertex 231.205 -49.4988 9.525
      vertex 230.756 49.3353 9.525
    endloop
  endfacet
  facet normal -0.342163 0.939641 0
    outer loop
      vertex 230.756 -62.3647 0
      vertex 230.756 -62.3647 9.525
      vertex 231.205 -62.2012 0
    endloop
  endfacet
  facet normal 0 0 -1
    outer loop
      vertex 230.756 -62.3647 0
      vertex 231.205 -62.2012 0
      vertex 250.189 -77.4 0
    endloop
  endfacet
  facet normal -0.342163 0.939641 0
    outer loop
      vertex 230.756 -62.3647 9.525
      vertex 231.205 -62.2012 9.525
      vertex 231.205 -62.2012 0
    endloop
  endfacet
  facet normal 0 0 1
    outer loop
      vertex 230.756 -62.3647 9.525
      vertex 250.189 -77.4 9.525
      vertex 231.205 -62.2012 9.525
    endloop
  endfacet
  facet normal -0.342163 0.939641 0
    outer loop
      vertex 230.756 49.3353 0
      vertex 230.756 49.3353 9.525
      vertex 231.205 49.4988 0
    endloop
  endfacet
  facet normal 0 0 -1
    outer loop
      vertex 230.756 49.3353 0
      vertex 231.205 49.4988 0
      vertex 231.205 -49.4988 0
    endloop
  endfacet
  facet normal 0 0 1
    outer loop
      vertex 230.756 49.3353 9.525
      vertex 231.205 -49.4988 9.525
      vertex 231.205 49.4988 9.525
    endloop
  endfacet
  facet normal -0.342163 0.939641 0
    outer loop
      vertex 230.756 49.3353 9.525
      vertex 231.205 49.4988 9.525
      vertex 231.205 49.4988 0
    endloop
  endfacet
  facet normal -0.342163 -0.939641 0
    outer loop
      vertex 230.756 62.3647 0
      vertex 231.205 62.2012 0
      vertex 231.205 62.2012 9.525
    endloop
  endfacet
  facet normal -0.342163 -0.939641 0
    outer loop
      vertex 230.756 62.3647 0
      vertex 231.205 62.2012 9.525
      vertex 230.756 62.3647 9.525
    endloop
  endfacet
  facet normal 0 0 -1
    outer loop
      vertex 230.756 62.3647 0
      vertex 250.189 77.4 0
      vertex 231.205 62.2012 0
    endloop
  endfacet
  facet normal 0 0 1
    outer loop
      vertex 230.756 62.3647 9.525
      vertex 231.205 62.2012 9.525
      vertex 250.189 77.4 9.525
    endloop
  endfacet
  facet normal 0 0 -1
    outer loop
      vertex 231.205 -49.4988 0
      vertex 231.205 49.4988 0
      vertex 231.642 -49.6933 0
    endloop
  endfacet
  facet normal -0.406623 -0.913596 0
    outer loop
      vertex 231.205 -49.4988 0
      vertex 231.642 -49.6933 0
      vertex 231.642 -49.6933 9.525
    endloop
  endfacet
  facet normal -0.406623 -0.913596 0
    outer loop
      vertex 231.205 -49.4988 0
      vertex 231.642 -49.6933 9.525
      vertex 231.205 -49.4988 9.525
    endloop
  endfacet
  facet normal 0 0 1
    outer loop
      vertex 231.205 -49.4988 9.525
      vertex 231.642 -49.6933 9.525
      vertex 231.205 49.4988 9.525
    endloop
  endfacet
  facet normal -0.406623 0.913596 0
    outer loop
      vertex 231.205 -62.2012 0
      vertex 231.205 -62.2012 9.525
      vertex 231.642 -62.0067 0
    endloop
  endfacet
  facet normal 0 0 -1
    outer loop
      vertex 231.205 -62.2012 0
      vertex 231.642 -62.0067 0
      vertex 250.189 -77.4 0
    endloop
  endfacet
  facet normal -0.406623 0.913596 0
    outer loop
      vertex 231.205 -62.2012 9.525
      vertex 231.642 -62.0067 9.525
      vertex 231.642 -62.0067 0
    endloop
  endfacet
  facet normal 0 0 1
    outer loop
      vertex 231.205 -62.2012 9.525
      vertex 250.189 -77.4 9.525
      vertex 231.642 -62.0067 9.525
    endloop
  endfacet
  facet normal -0.406623 0.913596 0
    outer loop
      vertex 231.205 49.4988 0
      vertex 231.205 49.4988 9.525
      vertex 231.642 49.6933 0
    endloop
  endfacet
  facet normal 0 0 -1
    outer loop
      vertex 231.205 49.4988 0
      vertex 231.642 49.6933 0
      vertex 231.642 -49.6933 0
    endloop
  endfacet
  facet normal 0 0 1
    outer loop
      vertex 231.205 49.4988 9.525
      vertex 231.642 -49.6933 9.525
      vertex 231.642 49.6933 9.525
    endloop
  endfacet
  facet normal -0.406623 0.913596 0
    outer loop
      vertex 231.205 49.4988 9.525
      vertex 231.642 49.6933 9.525
      vertex 231.642 49.6933 0
    endloop
  endfacet
  facet normal -0.406623 -0.913596 0
    outer loop
      vertex 231.205 62.2012 0
      vertex 231.642 62.0067 0
      vertex 231.642 62.0067 9.525
    endloop
  endfacet
  facet normal -0.406623 -0.913596 0
    outer loop
      vertex 231.205 62.2012 0
      vertex 231.642 62.0067 9.525
      vertex 231.205 62.2012 9.525
    endloop
  endfacet
  facet normal 0 0 -1
    outer loop
      vertex 231.205 62.2012 0
      vertex 250.189 77.4 0
      vertex 231.642 62.0067 0
    endloop
  endfacet
  facet normal 0 0 1
    outer loop
      vertex 231.205 62.2012 9.525
      vertex 231.642 62.0067 9.525
      vertex 250.189 77.4 9.525
    endloop
  endfacet
  facet normal 0 0 -1
    outer loop
      vertex 231.642 -49.6933 0
      vertex 231.642 49.6933 0
      vertex 232.064 -49.9177 0
    endloop
  endfacet
  facet normal -0.469502 -0.882931 0
    outer loop
      vertex 231.642 -49.6933 0
      vertex 232.064 -49.9177 0
      vertex 232.064 -49.9177 9.525
    endloop
  endfacet
  facet normal -0.469502 -0.882931 0
    outer loop
      vertex 231.642 -49.6933 0
      vertex 232.064 -49.9177 9.525
      vertex 231.642 -49.6933 9.525
    endloop
  endfacet
  facet normal 0 0 1
    outer loop
      vertex 231.642 -49.6933 9.525
      vertex 232.064 -49.9177 9.525
      vertex 231.642 49.6933 9.525
    endloop
  endfacet
  facet normal -0.469502 0.882931 0
    outer loop
      vertex 231.642 -62.0067 0
      vertex 231.642 -62.0067 9.525
      vertex 232.064 -61.7823 0
    endloop
  endfacet
  facet normal 0 0 -1
    outer loop
      vertex 231.642 -62.0067 0
      vertex 232.064 -61.7823 0
      vertex 250.189 -77.4 0
    endloop
  endfacet
  facet normal -0.469502 0.882931 0
    outer loop
      vertex 231.642 -62.0067 9.525
      vertex 232.064 -61.7823 9.525
      vertex 232.064 -61.7823 0
    endloop
  endfacet
  facet normal 0 0 1
    outer loop
      vertex 231.642 -62.0067 9.525
      vertex 250.189 -77.4 9.525
      vertex 232.064 -61.7823 9.525
    endloop
  endfacet
  facet normal -0.469502 0.882931 0
    outer loop
      vertex 231.642 49.6933 0
      vertex 231.642 49.6933 9.525
      vertex 232.064 49.9177 0
    endloop
  endfacet
  facet normal 0 0 -1
    outer loop
      vertex 231.642 49.6933 0
      vertex 232.064 49.9177 0
      vertex 232.064 -49.9177 0
    endloop
  endfacet
  facet normal 0 0 1
    outer loop
      vertex 231.642 49.6933 9.525
      vertex 232.064 -49.9177 9.525
      vertex 232.064 49.9177 9.525
    endloop
  endfacet
  facet normal -0.469502 0.882931 0
    outer loop
      vertex 231.642 49.6933 9.525
      vertex 232.064 49.9177 9.525
      vertex 232.064 49.9177 0
    endloop
  endfacet
  facet normal -0.469502 -0.882931 0
    outer loop
      vertex 231.642 62.0067 0
      vertex 232.064 61.7823 0
      vertex 232.064 61.7823 9.525
    endloop
  endfacet
  facet normal -0.469502 -0.882931 0
    outer loop
      vertex 231.642 62.0067 0
      vertex 232.064 61.7823 9.525
      vertex 231.642 62.0067 9.525
    endloop
  endfacet
  facet normal 0 0 -1
    outer loop
      vertex 231.642 62.0067 0
      vertex 250.189 77.4 0
      vertex 232.064 61.7823 0
    endloop
  endfacet
  facet normal 0 0 1
    outer loop
      vertex 231.642 62.0067 9.525
      vertex 232.064 61.7823 9.525
      vertex 250.189 77.4 9.525
    endloop
  endfacet
  facet normal 0 0 -1
    outer loop
      vertex 232.064 -49.9177 0
      vertex 232.064 49.9177 0
      vertex 232.47 -50.1711 0
    endloop
  endfacet
  facet normal -0.529473 -0.848327 0
    outer loop
      vertex 232.064 -49.9177 0
      vertex 232.47 -50.1711 0
      vertex 232.47 -50.1711 9.525
    endloop
  endfacet
  facet normal -0.529473 -0.848327 0
    outer loop
      vertex 232.064 -49.9177 0
      vertex 232.47 -50.1711 9.525
      vertex 232.064 -49.9177 9.525
    endloop
  endfacet
  facet normal 0 0 1
    outer loop
      vertex 232.064 -49.9177 9.525
      vertex 232.47 -50.1711 9.525
      vertex 232.064 49.9177 9.525
    endloop
  endfacet
  facet normal -0.529473 0.848327 0
    outer loop
      vertex 232.064 -61.7823 0
      vertex 232.064 -61.7823 9.525
      vertex 232.47 -61.5289 0
    endloop
  endfacet
  facet normal 0 0 -1
    outer loop
      vertex 232.064 -61.7823 0
      vertex 232.47 -61.5289 0
      vertex 250.189 -77.4 0
    endloop
  endfacet
  facet normal -0.529473 0.848327 0
    outer loop
      vertex 232.064 -61.7823 9.525
      vertex 232.47 -61.5289 9.525
      vertex 232.47 -61.5289 0
    endloop
  endfacet
  facet normal 0 0 1
    outer loop
      vertex 232.064 -61.7823 9.525
      vertex 250.189 -77.4 9.525
      vertex 232.47 -61.5289 9.525
    endloop
  endfacet
  facet normal -0.529473 0.848327 0
    outer loop
      vertex 232.064 49.9177 0
      vertex 232.064 49.9177 9.525
      vertex 232.47 50.1711 0
    endloop
  endfacet
  facet normal 0 0 -1
    outer loop
      vertex 232.064 49.9177 0
      vertex 232.47 50.1711 0
      vertex 232.47 -50.1711 0
    endloop
  endfacet
  facet normal 0 0 1
    outer loop
      vertex 232.064 49.9177 9.525
      vertex 232.47 -50.1711 9.525
      vertex 232.47 50.1711 9.525
    endloop
  endfacet
  facet normal -0.529473 0.848327 0
    outer loop
      vertex 232.064 49.9177 9.525
      vertex 232.47 50.1711 9.525
      vertex 232.47 50.1711 0
    endloop
  endfacet
  facet normal -0.529473 -0.848327 0
    outer loop
      vertex 232.064 61.7823 0
      vertex 232.47 61.5289 0
      vertex 232.47 61.5289 9.525
    endloop
  endfacet
  facet normal -0.529473 -0.848327 0
    outer loop
      vertex 232.064 61.7823 0
      vertex 232.47 61.5289 9.525
      vertex 232.064 61.7823 9.525
    endloop
  endfacet
  facet normal 0 0 -1
    outer loop
      vertex 232.064 61.7823 0
      vertex 250.189 77.4 0
      vertex 232.47 61.5289 0
    endloop
  endfacet
  facet normal 0 0 1
    outer loop
      vertex 232.064 61.7823 9.525
      vertex 232.47 61.5289 9.525
      vertex 250.189 77.4 9.525
    endloop
  endfacet
  facet normal 0 0 -1
    outer loop
      vertex 232.47 -50.1711 0
      vertex 232.47 50.1711 0
      vertex 232.857 -50.4521 0
    endloop
  endfacet
  facet normal -0.58755 -0.809188 0
    outer loop
      vertex 232.47 -50.1711 0
      vertex 232.857 -50.4521 0
      vertex 232.857 -50.4521 9.525
    endloop
  endfacet
  facet normal -0.58755 -0.809188 0
    outer loop
      vertex 232.47 -50.1711 0
      vertex 232.857 -50.4521 9.525
      vertex 232.47 -50.1711 9.525
    endloop
  endfacet
  facet normal 0 0 1
    outer loop
      vertex 232.47 -50.1711 9.525
      vertex 232.857 -50.4521 9.525
      vertex 232.47 50.1711 9.525
    endloop
  endfacet
  facet normal -0.58755 0.809188 0
    outer loop
      vertex 232.47 -61.5289 0
      vertex 232.47 -61.5289 9.525
      vertex 232.857 -61.2479 0
    endloop
  endfacet
  facet normal 0 0 -1
    outer loop
      vertex 232.47 -61.5289 0
      vertex 232.857 -61.2479 0
      vertex 250.189 -77.4 0
    endloop
  endfacet
  facet normal -0.58755 0.809188 0
    outer loop
      vertex 232.47 -61.5289 9.525
      vertex 232.857 -61.2479 9.525
      vertex 232.857 -61.2479 0
    endloop
  endfacet
  facet normal 0 0 1
    outer loop
      vertex 232.47 -61.5289 9.525
      vertex 250.189 -77.4 9.525
      vertex 232.857 -61.2479 9.525
    endloop
  endfacet
  facet normal -0.58755 0.809188 0
    outer loop
      vertex 232.47 50.1711 0
      vertex 232.47 50.1711 9.525
      vertex 232.857 50.4521 0
    endloop
  endfacet
  facet normal 0 0 -1
    outer loop
      vertex 232.47 50.1711 0
      vertex 232.857 50.4521 0
      vertex 232.857 -50.4521 0
    endloop
  endfacet
  facet normal 0 0 1
    outer loop
      vertex 232.47 50.1711 9.525
      vertex 232.857 -50.4521 9.525
      vertex 232.857 50.4521 9.525
    endloop
  endfacet
  facet normal -0.58755 0.809188 0
    outer loop
      vertex 232.47 50.1711 9.525
      vertex 232.857 50.4521 9.525
      vertex 232.857 50.4521 0
    endloop
  endfacet
  facet normal -0.58755 -0.809188 0
    outer loop
      vertex 232.47 61.5289 0
      vertex 232.857 61.2479 0
      vertex 232.857 61.2479 9.525
    endloop
  endfacet
  facet normal -0.58755 -0.809188 0
    outer loop
      vertex 232.47 61.5289 0
      vertex 232.857 61.2479 9.525
      vertex 232.47 61.5289 9.525
    endloop
  endfacet
  facet normal 0 0 -1
    outer loop
      vertex 232.47 61.5289 0
      vertex 250.189 77.4 0
      vertex 232.857 61.2479 0
    endloop
  endfacet
  facet normal 0 0 1
    outer loop
      vertex 232.47 61.5289 9.525
      vertex 232.857 61.2479 9.525
      vertex 250.189 77.4 9.525
    endloop
  endfacet
  facet normal 0 0 -1
    outer loop
      vertex 232.857 -50.4521 0
      vertex 232.857 50.4521 0
      vertex 233.223 -50.7594 0
    endloop
  endfacet
  facet normal -0.64302 -0.765849 0
    outer loop
      vertex 232.857 -50.4521 0
      vertex 233.223 -50.7594 0
      vertex 233.223 -50.7594 9.525
    endloop
  endfacet
  facet normal -0.64302 -0.765849 0
    outer loop
      vertex 232.857 -50.4521 0
      vertex 233.223 -50.7594 9.525
      vertex 232.857 -50.4521 9.525
    endloop
  endfacet
  facet normal 0 0 1
    outer loop
      vertex 232.857 -50.4521 9.525
      vertex 233.223 -50.7594 9.525
      vertex 232.857 50.4521 9.525
    endloop
  endfacet
  facet normal -0.643143 0.765746 0
    outer loop
      vertex 232.857 -61.2479 0
      vertex 232.857 -61.2479 9.525
      vertex 233.223 -60.9405 0
    endloop
  endfacet
  facet normal 0 0 -1
    outer loop
      vertex 232.857 -61.2479 0
      vertex 233.223 -60.9405 0
      vertex 250.189 -77.4 0
    endloop
  endfacet
  facet normal -0.643143 0.765746 0
    outer loop
      vertex 232.857 -61.2479 9.525
      vertex 233.223 -60.9405 9.525
      vertex 233.223 -60.9405 0
    endloop
  endfacet
  facet normal 0 0 1
    outer loop
      vertex 232.857 -61.2479 9.525
      vertex 250.189 -77.4 9.525
      vertex 233.223 -60.9405 9.525
    endloop
  endfacet
  facet normal -0.64302 0.765849 0
    outer loop
      vertex 232.857 50.4521 0
      vertex 232.857 50.4521 9.525
      vertex 233.223 50.7594 0
    endloop
  endfacet
  facet normal 0 0 -1
    outer loop
      vertex 232.857 50.4521 0
      vertex 233.223 50.7594 0
      vertex 233.223 -50.7594 0
    endloop
  endfacet
  facet normal 0 0 1
    outer loop
      vertex 232.857 50.4521 9.525
      vertex 233.223 -50.7594 9.525
      vertex 233.223 50.7594 9.525
    endloop
  endfacet
  facet normal -0.64302 0.765849 0
    outer loop
      vertex 232.857 50.4521 9.525
      vertex 233.223 50.7594 9.525
      vertex 233.223 50.7594 0
    endloop
  endfacet
  facet normal -0.643143 -0.765746 0
    outer loop
      vertex 232.857 61.2479 0
      vertex 233.223 60.9405 0
      vertex 233.223 60.9405 9.525
    endloop
  endfacet
  facet normal -0.643143 -0.765746 0
    outer loop
      vertex 232.857 61.2479 0
      vertex 233.223 60.9405 9.525
      vertex 232.857 61.2479 9.525
    endloop
  endfacet
  facet normal 0 0 -1
    outer loop
      vertex 232.857 61.2479 0
      vertex 250.189 77.4 0
      vertex 233.223 60.9405 0
    endloop
  endfacet
  facet normal 0 0 1
    outer loop
      vertex 232.857 61.2479 9.525
      vertex 233.223 60.9405 9.525
      vertex 250.189 77.4 9.525
    endloop
  endfacet
  facet normal 0 0 -1
    outer loop
      vertex 233.223 -50.7594 0
      vertex 233.223 50.7594 0
      vertex 233.567 -51.0916 0
    endloop
  endfacet
  facet normal -0.694662 -0.719337 0
    outer loop
      vertex 233.223 -50.7594 0
      vertex 233.567 -51.0916 0
      vertex 233.567 -51.0916 9.525
    endloop
  endfacet
  facet normal -0.694662 -0.719337 0
    outer loop
      vertex 233.223 -50.7594 0
      vertex 233.567 -51.0916 9.525
      vertex 233.223 -50.7594 9.525
    endloop
  endfacet
  facet normal 0 0 1
    outer loop
      vertex 233.223 -50.7594 9.525
      vertex 233.567 -51.0916 9.525
      vertex 233.223 50.7594 9.525
    endloop
  endfacet
  facet normal -0.694553 0.719441 0
    outer loop
      vertex 233.223 -60.9405 0
      vertex 233.223 -60.9405 9.525
      vertex 233.567 -60.6084 0
    endloop
  endfacet
  facet normal 0 0 -1
    outer loop
      vertex 233.223 -60.9405 0
      vertex 233.567 -60.6084 0
      vertex 250.189 -77.4 0
    endloop
  endfacet
  facet normal -0.694553 0.719441 0
    outer loop
      vertex 233.223 -60.9405 9.525
      vertex 233.567 -60.6084 9.525
      vertex 233.567 -60.6084 0
    endloop
  endfacet
  facet normal 0 0 1
    outer loop
      vertex 233.223 -60.9405 9.525
      vertex 250.189 -77.4 9.525
      vertex 233.567 -60.6084 9.525
    endloop
  endfacet
  facet normal -0.694662 0.719337 0
    outer loop
      vertex 233.223 50.7594 0
      vertex 233.223 50.7594 9.525
      vertex 233.567 51.0916 0
    endloop
  endfacet
  facet normal 0 0 -1
    outer loop
      vertex 233.223 50.7594 0
      vertex 233.567 51.0916 0
      vertex 233.567 -51.0916 0
    endloop
  endfacet
  facet normal 0 0 1
    outer loop
      vertex 233.223 50.7594 9.525
      vertex 233.567 -51.0916 9.525
      vertex 233.567 51.0916 9.525
    endloop
  endfacet
  facet normal -0.694662 0.719337 0
    outer loop
      vertex 233.223 50.7594 9.525
      vertex 233.567 51.0916 9.525
      vertex 233.567 51.0916 0
    endloop
  endfacet
  facet normal -0.694553 -0.719441 0
    outer loop
      vertex 233.223 60.9405 0
      vertex 233.567 60.6084 0
      vertex 233.567 60.6084 9.525
    endloop
  endfacet
  facet normal -0.694553 -0.719441 0
    outer loop
      vertex 233.223 60.9405 0
      vertex 233.567 60.6084 9.525
      vertex 233.223 60.9405 9.525
    endloop
  endfacet
  facet normal 0 0 -1
    outer loop
      vertex 233.223 60.9405 0
      vertex 250.189 77.4 0
      vertex 233.567 60.6084 0
    endloop
  endfacet
  facet normal 0 0 1
    outer loop
      vertex 233.223 60.9405 9.525
      vertex 233.567 60.6084 9.525
      vertex 250.189 77.4 9.525
    endloop
  endfacet
  facet normal 0 0 -1
    outer loop
      vertex 233.567 -51.0916 0
      vertex 233.567 51.0916 0
      vertex 233.887 -51.4469 0
    endloop
  endfacet
  facet normal -0.743055 -0.66923 0
    outer loop
      vertex 233.567 -51.0916 0
      vertex 233.887 -51.4469 0
      vertex 233.887 -51.4469 9.525
    endloop
  endfacet
  facet normal -0.743055 -0.66923 0
    outer loop
      vertex 233.567 -51.0916 0
      vertex 233.887 -51.4469 9.525
      vertex 233.567 -51.0916 9.525
    endloop
  endfacet
  facet normal 0 0 1
    outer loop
      vertex 233.567 -51.0916 9.525
      vertex 233.887 -51.4469 9.525
      vertex 233.567 51.0916 9.525
    endloop
  endfacet
  facet normal -0.743055 0.66923 0
    outer loop
      vertex 233.567 -60.6084 0
      vertex 233.567 -60.6084 9.525
      vertex 233.887 -60.2531 0
    endloop
  endfacet
  facet normal 0 0 -1
    outer loop
      vertex 233.567 -60.6084 0
      vertex 233.887 -60.2531 0
      vertex 250.189 -77.4 0
    endloop
  endfacet
  facet normal -0.743055 0.66923 0
    outer loop
      vertex 233.567 -60.6084 9.525
      vertex 233.887 -60.2531 9.525
      vertex 233.887 -60.2531 0
    endloop
  endfacet
  facet normal 0 0 1
    outer loop
      vertex 233.567 -60.6084 9.525
      vertex 250.189 -77.4 9.525
      vertex 233.887 -60.2531 9.525
    endloop
  endfacet
  facet normal -0.743055 0.66923 0
    outer loop
      vertex 233.567 51.0916 0
      vertex 233.567 51.0916 9.525
      vertex 233.887 51.4469 0
    endloop
  endfacet
  facet normal 0 0 -1
    outer loop
      vertex 233.567 51.0916 0
      vertex 233.887 51.4469 0
      vertex 233.887 -51.4469 0
    endloop
  endfacet
  facet normal 0 0 1
    outer loop
      vertex 233.567 51.0916 9.525
      vertex 233.887 -51.4469 9.525
      vertex 233.887 51.4469 9.525
    endloop
  endfacet
  facet normal -0.743055 0.66923 0
    outer loop
      vertex 233.567 51.0916 9.525
      vertex 233.887 51.4469 9.525
      vertex 233.887 51.4469 0
    endloop
  endfacet
  facet normal -0.743055 -0.66923 0
    outer loop
      vertex 233.567 60.6084 0
      vertex 233.887 60.2531 0
      vertex 233.887 60.2531 9.525
    endloop
  endfacet
  facet normal -0.743055 -0.66923 0
    outer loop
      vertex 233.567 60.6084 0
      vertex 233.887 60.2531 9.525
      vertex 233.567 60.6084 9.525
    endloop
  endfacet
  facet normal 0 0 -1
    outer loop
      vertex 233.567 60.6084 0
      vertex 250.189 77.4 0
      vertex 233.887 60.2531 0
    endloop
  endfacet
  facet normal 0 0 1
    outer loop
      vertex 233.567 60.6084 9.525
      vertex 233.887 60.2531 9.525
      vertex 250.189 77.4 9.525
    endloop
  endfacet
  facet normal 0 0 -1
    outer loop
      vertex 233.887 -51.4469 0
      vertex 233.887 51.4469 0
      vertex 234.181 -51.8237 0
    endloop
  endfacet
  facet normal -0.788405 -0.615157 0
    outer loop
      vertex 233.887 -51.4469 0
      vertex 234.181 -51.8237 0
      vertex 234.181 -51.8237 9.525
    endloop
  endfacet
  facet normal -0.788405 -0.615157 0
    outer loop
      vertex 233.887 -51.4469 0
      vertex 234.181 -51.8237 9.525
      vertex 233.887 -51.4469 9.525
    endloop
  endfacet
  facet normal 0 0 1
    outer loop
      vertex 233.887 -51.4469 9.525
      vertex 234.181 -51.8237 9.525
      vertex 233.887 51.4469 9.525
    endloop
  endfacet
  facet normal -0.788405 0.615157 0
    outer loop
      vertex 233.887 -60.2531 0
      vertex 233.887 -60.2531 9.525
      vertex 234.181 -59.8763 0
    endloop
  endfacet
  facet normal 0 0 -1
    outer loop
      vertex 233.887 -60.2531 0
      vertex 234.181 -59.8763 0
      vertex 250.189 -77.4 0
    endloop
  endfacet
  facet normal -0.788405 0.615157 0
    outer loop
      vertex 233.887 -60.2531 9.525
      vertex 234.181 -59.8763 9.525
      vertex 234.181 -59.8763 0
    endloop
  endfacet
  facet normal 0 0 1
    outer loop
      vertex 233.887 -60.2531 9.525
      vertex 250.189 -77.4 9.525
      vertex 234.181 -59.8763 9.525
    endloop
  endfacet
  facet normal -0.788405 0.615157 0
    outer loop
      vertex 233.887 51.4469 0
      vertex 233.887 51.4469 9.525
      vertex 234.181 51.8237 0
    endloop
  endfacet
  facet normal 0 0 -1
    outer loop
      vertex 233.887 51.4469 0
      vertex 234.181 51.8237 0
      vertex 234.181 -51.8237 0
    endloop
  endfacet
  facet normal 0 0 1
    outer loop
      vertex 233.887 51.4469 9.525
      vertex 234.181 -51.8237 9.525
      vertex 234.181 51.8237 9.525
    endloop
  endfacet
  facet normal -0.788405 0.615157 0
    outer loop
      vertex 233.887 51.4469 9.525
      vertex 234.181 51.8237 9.525
      vertex 234.181 51.8237 0
    endloop
  endfacet
  facet normal -0.788405 -0.615157 0
    outer loop
      vertex 233.887 60.2531 0
      vertex 234.181 59.8763 0
      vertex 234.181 59.8763 9.525
    endloop
  endfacet
  facet normal -0.788405 -0.615157 0
    outer loop
      vertex 233.887 60.2531 0
      vertex 234.181 59.8763 9.525
      vertex 233.887 60.2531 9.525
    endloop
  endfacet
  facet normal 0 0 -1
    outer loop
      vertex 233.887 60.2531 0
      vertex 250.189 77.4 0
      vertex 234.181 59.8763 0
    endloop
  endfacet
  facet normal 0 0 1
    outer loop
      vertex 233.887 60.2531 9.525
      vertex 234.181 59.8763 9.525
      vertex 250.189 77.4 9.525
    endloop
  endfacet
  facet normal 0 0 -1
    outer loop
      vertex 234.181 -51.8237 0
      vertex 234.181 51.8237 0
      vertex 234.448 -52.22 0
    endloop
  endfacet
  facet normal -0.829336 -0.55875 0
    outer loop
      vertex 234.181 -51.8237 0
      vertex 234.448 -52.22 0
      vertex 234.448 -52.22 9.525
    endloop
  endfacet
  facet normal -0.829336 -0.55875 0
    outer loop
      vertex 234.181 -51.8237 0
      vertex 234.448 -52.22 9.525
      vertex 234.181 -51.8237 9.525
    endloop
  endfacet
  facet normal 0 0 1
    outer loop
      vertex 234.181 -51.8237 9.525
      vertex 234.448 -52.22 9.525
      vertex 234.181 51.8237 9.525
    endloop
  endfacet
  facet normal -0.829401 0.558653 0
    outer loop
      vertex 234.181 -59.8763 0
      vertex 234.181 -59.8763 9.525
      vertex 234.448 -59.4799 0
    endloop
  endfacet
  facet normal 0 0 -1
    outer loop
      vertex 234.181 -59.8763 0
      vertex 234.448 -59.4799 0
      vertex 250.189 -77.4 0
    endloop
  endfacet
  facet normal -0.829401 0.558653 0
    outer loop
      vertex 234.181 -59.8763 9.525
      vertex 234.448 -59.4799 9.525
      vertex 234.448 -59.4799 0
    endloop
  endfacet
  facet normal 0 0 1
    outer loop
      vertex 234.181 -59.8763 9.525
      vertex 250.189 -77.4 9.525
      vertex 234.448 -59.4799 9.525
    endloop
  endfacet
  facet normal -0.829336 0.55875 0
    outer loop
      vertex 234.181 51.8237 0
      vertex 234.181 51.8237 9.525
      vertex 234.448 52.22 0
    endloop
  endfacet
  facet normal 0 0 -1
    outer loop
      vertex 234.181 51.8237 0
      vertex 234.448 52.22 0
      vertex 234.448 -52.22 0
    endloop
  endfacet
  facet normal 0 0 1
    outer loop
      vertex 234.181 51.8237 9.525
      vertex 234.448 -52.22 9.525
      vertex 234.448 52.22 9.525
    endloop
  endfacet
  facet normal -0.829336 0.55875 0
    outer loop
      vertex 234.181 51.8237 9.525
      vertex 234.448 52.22 9.525
      vertex 234.448 52.22 0
    endloop
  endfacet
  facet normal -0.829401 -0.558653 0
    outer loop
      vertex 234.181 59.8763 0
      vertex 234.448 59.4799 0
      vertex 234.448 59.4799 9.525
    endloop
  endfacet
  facet normal -0.829401 -0.558653 0
    outer loop
      vertex 234.181 59.8763 0
      vertex 234.448 59.4799 9.525
      vertex 234.181 59.8763 9.525
    endloop
  endfacet
  facet normal 0 0 -1
    outer loop
      vertex 234.181 59.8763 0
      vertex 250.189 77.4 0
      vertex 234.448 59.4799 0
    endloop
  endfacet
  facet normal 0 0 1
    outer loop
      vertex 234.181 59.8763 9.525
      vertex 234.448 59.4799 9.525
      vertex 250.189 77.4 9.525
    endloop
  endfacet
  facet normal 0 0 -1
    outer loop
      vertex 234.448 -52.22 0
      vertex 234.448 52.22 0
      vertex 234.688 -52.6341 0
    endloop
  endfacet
  facet normal -0.865193 -0.50144 0
    outer loop
      vertex 234.448 -52.22 0
      vertex 234.688 -52.6341 0
      vertex 234.688 -52.6341 9.525
    endloop
  endfacet
  facet normal -0.865193 -0.50144 0
    outer loop
      vertex 234.448 -52.22 0
      vertex 234.688 -52.6341 9.525
      vertex 234.448 -52.22 9.525
    endloop
  endfacet
  facet normal 0 0 1
    outer loop
      vertex 234.448 -52.22 9.525
      vertex 234.688 -52.6341 9.525
      vertex 234.448 52.22 9.525
    endloop
  endfacet
  facet normal -0.86514 0.50153 0
    outer loop
      vertex 234.448 -59.4799 0
      vertex 234.448 -59.4799 9.525
      vertex 234.688 -59.0659 0
    endloop
  endfacet
  facet normal 0 0 -1
    outer loop
      vertex 234.448 -59.4799 0
      vertex 234.688 -59.0659 0
      vertex 250.189 -77.4 0
    endloop
  endfacet
  facet normal -0.86514 0.50153 0
    outer loop
      vertex 234.448 -59.4799 9.525
      vertex 234.688 -59.0659 9.525
      vertex 234.688 -59.0659 0
    endloop
  endfacet
  facet normal 0 0 1
    outer loop
      vertex 234.448 -59.4799 9.525
      vertex 250.189 -77.4 9.525
      vertex 234.688 -59.0659 9.525
    endloop
  endfacet
  facet normal -0.865193 0.50144 0
    outer loop
      vertex 234.448 52.22 0
      vertex 234.448 52.22 9.525
      vertex 234.688 52.6341 0
    endloop
  endfacet
  facet normal 0 0 -1
    outer loop
      vertex 234.448 52.22 0
      vertex 234.688 52.6341 0
      vertex 234.688 -52.6341 0
    endloop
  endfacet
  facet normal 0 0 1
    outer loop
      vertex 234.448 52.22 9.525
      vertex 234.688 -52.6341 9.525
      vertex 234.688 52.6341 9.525
    endloop
  endfacet
  facet normal -0.865193 0.50144 0
    outer loop
      vertex 234.448 52.22 9.525
      vertex 234.688 52.6341 9.525
      vertex 234.688 52.6341 0
    endloop
  endfacet
  facet normal -0.86514 -0.50153 0
    outer loop
      vertex 234.448 59.4799 0
      vertex 234.688 59.0659 0
      vertex 234.688 59.0659 9.525
    endloop
  endfacet
  facet normal -0.86514 -0.50153 0
    outer loop
      vertex 234.448 59.4799 0
      vertex 234.688 59.0659 9.525
      vertex 234.448 59.4799 9.525
    endloop
  endfacet
  facet normal 0 0 -1
    outer loop
      vertex 234.448 59.4799 0
      vertex 250.189 77.4 0
      vertex 234.688 59.0659 0
    endloop
  endfacet
  facet normal 0 0 1
    outer loop
      vertex 234.448 59.4799 9.525
      vertex 234.688 59.0659 9.525
      vertex 250.189 77.4 9.525
    endloop
  endfacet
  facet normal 0 0 -1
    outer loop
      vertex 234.688 -52.6341 0
      vertex 234.688 52.6341 0
      vertex 234.897 -53.0638 0
    endloop
  endfacet
  facet normal -0.899271 -0.437393 0
    outer loop
      vertex 234.688 -52.6341 0
      vertex 234.897 -53.0638 0
      vertex 234.897 -53.0638 9.525
    endloop
  endfacet
  facet normal -0.899271 -0.437393 0
    outer loop
      vertex 234.688 -52.6341 0
      vertex 234.897 -53.0638 9.525
      vertex 234.688 -52.6341 9.525
    endloop
  endfacet
  facet normal 0 0 1
    outer loop
      vertex 234.688 -52.6341 9.525
      vertex 234.897 -53.0638 9.525
      vertex 234.688 52.6341 9.525
    endloop
  endfacet
  facet normal -0.899311 0.43731 0
    outer loop
      vertex 234.688 -59.0659 0
      vertex 234.688 -59.0659 9.525
      vertex 234.897 -58.6361 0
    endloop
  endfacet
  facet normal 0 0 -1
    outer loop
      vertex 234.688 -59.0659 0
      vertex 234.897 -58.6361 0
      vertex 250.189 -77.4 0
    endloop
  endfacet
  facet normal -0.899311 0.43731 0
    outer loop
      vertex 234.688 -59.0659 9.525
      vertex 234.897 -58.6361 9.525
      vertex 234.897 -58.6361 0
    endloop
  endfacet
  facet normal 0 0 1
    outer loop
      vertex 234.688 -59.0659 9.525
      vertex 250.189 -77.4 9.525
      vertex 234.897 -58.6361 9.525
    endloop
  endfacet
  facet normal -0.899271 0.437393 0
    outer loop
      vertex 234.688 52.6341 0
      vertex 234.688 52.6341 9.525
      vertex 234.897 53.0638 0
    endloop
  endfacet
  facet normal 0 0 -1
    outer loop
      vertex 234.688 52.6341 0
      vertex 234.897 53.0638 0
      vertex 234.897 -53.0638 0
    endloop
  endfacet
  facet normal 0 0 1
    outer loop
      vertex 234.688 52.6341 9.525
      vertex 234.897 -53.0638 9.525
      vertex 234.897 53.0638 9.525
    endloop
  endfacet
  facet normal -0.899271 0.437393 0
    outer loop
      vertex 234.688 52.6341 9.525
      vertex 234.897 53.0638 9.525
      vertex 234.897 53.0638 0
    endloop
  endfacet
  facet normal -0.899311 -0.43731 0
    outer loop
      vertex 234.688 59.0659 0
      vertex 234.897 58.6361 0
      vertex 234.897 58.6361 9.525
    endloop
  endfacet
  facet normal -0.899311 -0.43731 0
    outer loop
      vertex 234.688 59.0659 0
      vertex 234.897 58.6361 9.525
      vertex 234.688 59.0659 9.525
    endloop
  endfacet
  facet normal 0 0 -1
    outer loop
      vertex 234.688 59.0659 0
      vertex 250.189 77.4 0
      vertex 234.897 58.6361 0
    endloop
  endfacet
  facet normal 0 0 1
    outer loop
      vertex 234.688 59.0659 9.525
      vertex 234.897 58.6361 9.525
      vertex 250.189 77.4 9.525
    endloop
  endfacet
  facet normal 0 0 -1
    outer loop
      vertex 234.897 -53.0638 0
      vertex 234.897 53.0638 0
      vertex 250.189 -77.4 0
    endloop
  endfacet
  facet normal -0.927289 -0.374345 0
    outer loop
      vertex 234.897 -53.0638 0
      vertex 235.076 -53.5072 0
      vertex 235.076 -53.5072 9.525
    endloop
  endfacet
  facet normal -0.927289 -0.374345 0
    outer loop
      vertex 234.897 -53.0638 0
      vertex 235.076 -53.5072 9.525
      vertex 234.897 -53.0638 9.525
    endloop
  endfacet
  facet normal 0 0 -1
    outer loop
      vertex 234.897 -53.0638 0
      vertex 250.189 -77.4 0
      vertex 235.076 -53.5072 0
    endloop
  endfacet
  facet normal 0 0 1
    outer loop
      vertex 234.897 -53.0638 9.525
      vertex 235.076 -53.5072 9.525
      vertex 250.189 -77.4 9.525
    endloop
  endfacet
  facet normal 0 0 1
    outer loop
      vertex 234.897 -53.0638 9.525
      vertex 250.189 -77.4 9.525
      vertex 234.897 53.0638 9.525
    endloop
  endfacet
  facet normal -0.92726 0.374418 0
    outer loop
      vertex 234.897 -58.6361 0
      vertex 234.897 -58.6361 9.525
      vertex 235.076 -58.1928 0
    endloop
  endfacet
  facet normal 0 0 -1
    outer loop
      vertex 234.897 -58.6361 0
      vertex 235.076 -58.1928 0
      vertex 250.189 -77.4 0
    endloop
  endfacet
  facet normal -0.92726 0.374418 0
    outer loop
      vertex 234.897 -58.6361 9.525
      vertex 235.076 -58.1928 9.525
      vertex 235.076 -58.1928 0
    endloop
  endfacet
  facet normal 0 0 1
    outer loop
      vertex 234.897 -58.6361 9.525
      vertex 250.189 -77.4 9.525
      vertex 235.076 -58.1928 9.525
    endloop
  endfacet
  facet normal -0.927289 0.374345 0
    outer loop
      vertex 234.897 53.0638 0
      vertex 234.897 53.0638 9.525
      vertex 235.076 53.5072 0
    endloop
  endfacet
  facet normal 0 0 -1
    outer loop
      vertex 234.897 53.0638 0
      vertex 235.076 53.5072 0
      vertex 250.189 77.4 0
    endloop
  endfacet
  facet normal 0 0 -1
    outer loop
      vertex 234.897 53.0638 0
      vertex 250.189 77.4 0
      vertex 250.189 -77.4 0
    endloop
  endfacet
  facet normal -0.927289 0.374345 0
    outer loop
      vertex 234.897 53.0638 9.525
      vertex 235.076 53.5072 9.525
      vertex 235.076 53.5072 0
    endloop
  endfacet
  facet normal 0 0 1
    outer loop
      vertex 234.897 53.0638 9.525
      vertex 250.189 -77.4 9.525
      vertex 250.189 77.4 9.525
    endloop
  endfacet
  facet normal 0 0 1
    outer loop
      vertex 234.897 53.0638 9.525
      vertex 250.189 77.4 9.525
      vertex 235.076 53.5072 9.525
    endloop
  endfacet
  facet normal -0.92726 -0.374418 0
    outer loop
      vertex 234.897 58.6361 0
      vertex 235.076 58.1928 0
      vertex 235.076 58.1928 9.525
    endloop
  endfacet
  facet normal -0.92726 -0.374418 0
    outer loop
      vertex 234.897 58.6361 0
      vertex 235.076 58.1928 9.525
      vertex 234.897 58.6361 9.525
    endloop
  endfacet
  facet normal 0 0 -1
    outer loop
      vertex 234.897 58.6361 0
      vertex 250.189 77.4 0
      vertex 235.076 58.1928 0
    endloop
  endfacet
  facet normal 0 0 1
    outer loop
      vertex 234.897 58.6361 9.525
      vertex 235.076 58.1928 9.525
      vertex 250.189 77.4 9.525
    endloop
  endfacet
  facet normal -0.950897 -0.309507 0
    outer loop
      vertex 235.076 -53.5072 0
      vertex 235.224 -53.9619 0
      vertex 235.224 -53.9619 9.525
    endloop
  endfacet
  facet normal -0.950897 -0.309507 0
    outer loop
      vertex 235.076 -53.5072 0
      vertex 235.224 -53.9619 9.525
      vertex 235.076 -53.5072 9.525
    endloop
  endfacet
  facet normal 0 0 -1
    outer loop
      vertex 235.076 -53.5072 0
      vertex 250.189 -77.4 0
      vertex 235.224 -53.9619 0
    endloop
  endfacet
  facet normal 0 0 1
    outer loop
      vertex 235.076 -53.5072 9.525
      vertex 235.224 -53.9619 9.525
      vertex 250.189 -77.4 9.525
    endloop
  endfacet
  facet normal -0.950897 0.309507 0
    outer loop
      vertex 235.076 -58.1928 0
      vertex 235.076 -58.1928 9.525
      vertex 235.224 -57.7381 0
    endloop
  endfacet
  facet normal 0 0 -1
    outer loop
      vertex 235.076 -58.1928 0
      vertex 235.224 -57.7381 0
      vertex 250.189 -77.4 0
    endloop
  endfacet
  facet normal -0.950897 0.309507 0
    outer loop
      vertex 235.076 -58.1928 9.525
      vertex 235.224 -57.7381 9.525
      vertex 235.224 -57.7381 0
    endloop
  endfacet
  facet normal 0 0 1
    outer loop
      vertex 235.076 -58.1928 9.525
      vertex 250.189 -77.4 9.525
      vertex 235.224 -57.7381 9.525
    endloop
  endfacet
  facet normal -0.950897 0.309507 0
    outer loop
      vertex 235.076 53.5072 0
      vertex 235.076 53.5072 9.525
      vertex 235.224 53.9619 0
    endloop
  endfacet
  facet normal 0 0 -1
    outer loop
      vertex 235.076 53.5072 0
      vertex 235.224 53.9619 0
      vertex 250.189 77.4 0
    endloop
  endfacet
  facet normal -0.950897 0.309507 0
    outer loop
      vertex 235.076 53.5072 9.525
      vertex 235.224 53.9619 9.525
      vertex 235.224 53.9619 0
    endloop
  endfacet
  facet normal 0 0 1
    outer loop
      vertex 235.076 53.5072 9.525
      vertex 250.189 77.4 9.525
      vertex 235.224 53.9619 9.525
    endloop
  endfacet
  facet normal -0.950897 -0.309507 0
    outer loop
      vertex 235.076 58.1928 0
      vertex 235.224 57.7381 0
      vertex 235.224 57.7381 9.525
    endloop
  endfacet
  facet normal -0.950897 -0.309507 0
    outer loop
      vertex 235.076 58.1928 0
      vertex 235.224 57.7381 9.525
      vertex 235.076 58.1928 9.525
    endloop
  endfacet
  facet normal 0 0 -1
    outer loop
      vertex 235.076 58.1928 0
      vertex 250.189 77.4 0
      vertex 235.224 57.7381 0
    endloop
  endfacet
  facet normal 0 0 1
    outer loop
      vertex 235.076 58.1928 9.525
      vertex 235.224 57.7381 9.525
      vertex 250.189 77.4 9.525
    endloop
  endfacet
  facet normal -0.97013 -0.242585 0
    outer loop
      vertex 235.224 -53.9619 0
      vertex 235.34 -54.4258 0
      vertex 235.34 -54.4258 9.525
    endloop
  endfacet
  facet normal -0.97013 -0.242585 0
    outer loop
      vertex 235.224 -53.9619 0
      vertex 235.34 -54.4258 9.525
      vertex 235.224 -53.9619 9.525
    endloop
  endfacet
  facet normal 0 0 -1
    outer loop
      vertex 235.224 -53.9619 0
      vertex 250.189 -77.4 0
      vertex 235.34 -54.4258 0
    endloop
  endfacet
  facet normal 0 0 1
    outer loop
      vertex 235.224 -53.9619 9.525
      vertex 235.34 -54.4258 9.525
      vertex 250.189 -77.4 9.525
    endloop
  endfacet
  facet normal -0.97013 0.242585 0
    outer loop
      vertex 235.224 -57.7381 0
      vertex 235.224 -57.7381 9.525
      vertex 235.34 -57.2742 0
    endloop
  endfacet
  facet normal 0 0 -1
    outer loop
      vertex 235.224 -57.7381 0
      vertex 235.34 -57.2742 0
      vertex 250.189 -77.4 0
    endloop
  endfacet
  facet normal -0.97013 0.242585 0
    outer loop
      vertex 235.224 -57.7381 9.525
      vertex 235.34 -57.2742 9.525
      vertex 235.34 -57.2742 0
    endloop
  endfacet
  facet normal 0 0 1
    outer loop
      vertex 235.224 -57.7381 9.525
      vertex 250.189 -77.4 9.525
      vertex 235.34 -57.2742 9.525
    endloop
  endfacet
  facet normal -0.97013 0.242585 0
    outer loop
      vertex 235.224 53.9619 0
      vertex 235.224 53.9619 9.525
      vertex 235.34 54.4258 0
    endloop
  endfacet
  facet normal 0 0 -1
    outer loop
      vertex 235.224 53.9619 0
      vertex 235.34 54.4258 0
      vertex 250.189 77.4 0
    endloop
  endfacet
  facet normal -0.97013 0.242585 0
    outer loop
      vertex 235.224 53.9619 9.525
      vertex 235.34 54.4258 9.525
      vertex 235.34 54.4258 0
    endloop
  endfacet
  facet normal 0 0 1
    outer loop
      vertex 235.224 53.9619 9.525
      vertex 250.189 77.4 9.525
      vertex 235.34 54.4258 9.525
    endloop
  endfacet
  facet normal -0.97013 -0.242585 0
    outer loop
      vertex 235.224 57.7381 0
      vertex 235.34 57.2742 0
      vertex 235.34 57.2742 9.525
    endloop
  endfacet
  facet normal -0.97013 -0.242585 0
    outer loop
      vertex 235.224 57.7381 0
      vertex 235.34 57.2742 9.525
      vertex 235.224 57.7381 9.525
    endloop
  endfacet
  facet normal 0 0 -1
    outer loop
      vertex 235.224 57.7381 0
      vertex 250.189 77.4 0
      vertex 235.34 57.2742 0
    endloop
  endfacet
  facet normal 0 0 1
    outer loop
      vertex 235.224 57.7381 9.525
      vertex 235.34 57.2742 9.525
      vertex 250.189 77.4 9.525
    endloop
  endfacet
  facet normal -0.984819 -0.173583 0
    outer loop
      vertex 235.34 -54.4258 0
      vertex 235.423 -54.8967 0
      vertex 235.423 -54.8967 9.525
    endloop
  endfacet
  facet normal -0.984819 -0.173583 0
    outer loop
      vertex 235.34 -54.4258 0
      vertex 235.423 -54.8967 9.525
      vertex 235.34 -54.4258 9.525
    endloop
  endfacet
  facet normal 0 0 -1
    outer loop
      vertex 235.34 -54.4258 0
      vertex 250.189 -77.4 0
      vertex 235.423 -54.8967 0
    endloop
  endfacet
  facet normal 0 0 1
    outer loop
      vertex 235.34 -54.4258 9.525
      vertex 235.423 -54.8967 9.525
      vertex 250.189 -77.4 9.525
    endloop
  endfacet
  facet normal -0.984819 0.173583 0
    outer loop
      vertex 235.34 -57.2742 0
      vertex 235.34 -57.2742 9.525
      vertex 235.423 -56.8033 0
    endloop
  endfacet
  facet normal 0 0 -1
    outer loop
      vertex 235.34 -57.2742 0
      vertex 235.423 -56.8033 0
      vertex 250.189 -77.4 0
    endloop
  endfacet
  facet normal -0.984819 0.173583 0
    outer loop
      vertex 235.34 -57.2742 9.525
      vertex 235.423 -56.8033 9.525
      vertex 235.423 -56.8033 0
    endloop
  endfacet
  facet normal 0 0 1
    outer loop
      vertex 235.34 -57.2742 9.525
      vertex 250.189 -77.4 9.525
      vertex 235.423 -56.8033 9.525
    endloop
  endfacet
  facet normal -0.984819 0.173583 0
    outer loop
      vertex 235.34 54.4258 0
      vertex 235.34 54.4258 9.525
      vertex 235.423 54.8967 0
    endloop
  endfacet
  facet normal 0 0 -1
    outer loop
      vertex 235.34 54.4258 0
      vertex 235.423 54.8967 0
      vertex 250.189 77.4 0
    endloop
  endfacet
  facet normal -0.984819 0.173583 0
    outer loop
      vertex 235.34 54.4258 9.525
      vertex 235.423 54.8967 9.525
      vertex 235.423 54.8967 0
    endloop
  endfacet
  facet normal 0 0 1
    outer loop
      vertex 235.34 54.4258 9.525
      vertex 250.189 77.4 9.525
      vertex 235.423 54.8967 9.525
    endloop
  endfacet
  facet normal -0.984819 -0.173583 0
    outer loop
      vertex 235.34 57.2742 0
      vertex 235.423 56.8033 0
      vertex 235.423 56.8033 9.525
    endloop
  endfacet
  facet normal -0.984819 -0.173583 0
    outer loop
      vertex 235.34 57.2742 0
      vertex 235.423 56.8033 9.525
      vertex 235.34 57.2742 9.525
    endloop
  endfacet
  facet normal 0 0 -1
    outer loop
      vertex 235.34 57.2742 0
      vertex 250.189 77.4 0
      vertex 235.423 56.8033 0
    endloop
  endfacet
  facet normal 0 0 1
    outer loop
      vertex 235.34 57.2742 9.525
      vertex 235.423 56.8033 9.525
      vertex 250.189 77.4 9.525
    endloop
  endfacet
  facet normal -0.994517 -0.104576 0
    outer loop
      vertex 235.423 -54.8967 0
      vertex 235.473 -55.3722 0
      vertex 235.473 -55.3722 9.525
    endloop
  endfacet
  facet normal -0.994517 -0.104576 0
    outer loop
      vertex 235.423 -54.8967 0
      vertex 235.473 -55.3722 9.525
      vertex 235.423 -54.8967 9.525
    endloop
  endfacet
  facet normal 0 0 -1
    outer loop
      vertex 235.423 -54.8967 0
      vertex 250.189 -77.4 0
      vertex 235.473 -55.3722 0
    endloop
  endfacet
  facet normal 0 0 1
    outer loop
      vertex 235.423 -54.8967 9.525
      vertex 235.473 -55.3722 9.525
      vertex 250.189 -77.4 9.525
    endloop
  endfacet
  facet normal -0.994517 0.104576 0
    outer loop
      vertex 235.423 -56.8033 0
      vertex 235.423 -56.8033 9.525
      vertex 235.473 -56.3278 0
    endloop
  endfacet
  facet normal 0 0 -1
    outer loop
      vertex 235.423 -56.8033 0
      vertex 235.473 -56.3278 0
      vertex 250.189 -77.4 0
    endloop
  endfacet
  facet normal -0.994517 0.104576 0
    outer loop
      vertex 235.423 -56.8033 9.525
      vertex 235.473 -56.3278 9.525
      vertex 235.473 -56.3278 0
    endloop
  endfacet
  facet normal 0 0 1
    outer loop
      vertex 235.423 -56.8033 9.525
      vertex 250.189 -77.4 9.525
      vertex 235.473 -56.3278 9.525
    endloop
  endfacet
  facet normal -0.994517 0.104576 0
    outer loop
      vertex 235.423 54.8967 0
      vertex 235.423 54.8967 9.525
      vertex 235.473 55.3722 0
    endloop
  endfacet
  facet normal 0 0 -1
    outer loop
      vertex 235.423 54.8967 0
      vertex 235.473 55.3722 0
      vertex 250.189 77.4 0
    endloop
  endfacet
  facet normal -0.994517 0.104576 0
    outer loop
      vertex 235.423 54.8967 9.525
      vertex 235.473 55.3722 9.525
      vertex 235.473 55.3722 0
    endloop
  endfacet
  facet normal 0 0 1
    outer loop
      vertex 235.423 54.8967 9.525
      vertex 250.189 77.4 9.525
      vertex 235.473 55.3722 9.525
    endloop
  endfacet
  facet normal -0.994517 -0.104576 0
    outer loop
      vertex 235.423 56.8033 0
      vertex 235.473 56.3278 0
      vertex 235.473 56.3278 9.525
    endloop
  endfacet
  facet normal -0.994517 -0.104576 0
    outer loop
      vertex 235.423 56.8033 0
      vertex 235.473 56.3278 9.525
      vertex 235.423 56.8033 9.525
    endloop
  endfacet
  facet normal 0 0 -1
    outer loop
      vertex 235.423 56.8033 0
      vertex 250.189 77.4 0
      vertex 235.473 56.3278 0
    endloop
  endfacet
  facet normal 0 0 1
    outer loop
      vertex 235.423 56.8033 9.525
      vertex 235.473 56.3278 9.525
      vertex 250.189 77.4 9.525
    endloop
  endfacet
  facet normal -0.99944 -0.0334681 0
    outer loop
      vertex 235.473 -55.3722 0
      vertex 235.489 -55.85 0
      vertex 235.489 -55.85 9.525
    endloop
  endfacet
  facet normal -0.99944 -0.0334681 0
    outer loop
      vertex 235.473 -55.3722 0
      vertex 235.489 -55.85 9.525
      vertex 235.473 -55.3722 9.525
    endloop
  endfacet
  facet normal 0 0 -1
    outer loop
      vertex 235.473 -55.3722 0
      vertex 250.189 -77.4 0
      vertex 235.489 -55.85 0
    endloop
  endfacet
  facet normal 0 0 1
    outer loop
      vertex 235.473 -55.3722 9.525
      vertex 235.489 -55.85 9.525
      vertex 250.189 -77.4 9.525
    endloop
  endfacet
  facet normal -0.99944 0.0334681 0
    outer loop
      vertex 235.473 -56.3278 0
      vertex 235.473 -56.3278 9.525
      vertex 235.489 -55.85 0
    endloop
  endfacet
  facet normal 0 0 -1
    outer loop
      vertex 235.473 -56.3278 0
      vertex 235.489 -55.85 0
      vertex 250.189 -77.4 0
    endloop
  endfacet
  facet normal -0.99944 0.0334681 0
    outer loop
      vertex 235.473 -56.3278 9.525
      vertex 235.489 -55.85 9.525
      vertex 235.489 -55.85 0
    endloop
  endfacet
  facet normal 0 0 1
    outer loop
      vertex 235.473 -56.3278 9.525
      vertex 250.189 -77.4 9.525
      vertex 235.489 -55.85 9.525
    endloop
  endfacet
  facet normal -0.99944 0.0334681 0
    outer loop
      vertex 235.473 55.3722 0
      vertex 235.473 55.3722 9.525
      vertex 235.489 55.85 0
    endloop
  endfacet
  facet normal 0 0 -1
    outer loop
      vertex 235.473 55.3722 0
      vertex 235.489 55.85 0
      vertex 250.189 77.4 0
    endloop
  endfacet
  facet normal -0.99944 0.0334681 0
    outer loop
      vertex 235.473 55.3722 9.525
      vertex 235.489 55.85 9.525
      vertex 235.489 55.85 0
    endloop
  endfacet
  facet normal 0 0 1
    outer loop
      vertex 235.473 55.3722 9.525
      vertex 250.189 77.4 9.525
      vertex 235.489 55.85 9.525
    endloop
  endfacet
  facet normal -0.99944 -0.0334681 0
    outer loop
      vertex 235.473 56.3278 0
      vertex 235.489 55.85 0
      vertex 235.489 55.85 9.525
    endloop
  endfacet
  facet normal -0.99944 -0.0334681 0
    outer loop
      vertex 235.473 56.3278 0
      vertex 235.489 55.85 9.525
      vertex 235.473 56.3278 9.525
    endloop
  endfacet
  facet normal 0 0 -1
    outer loop
      vertex 235.473 56.3278 0
      vertex 250.189 77.4 0
      vertex 235.489 55.85 0
    endloop
  endfacet
  facet normal 0 0 1
    outer loop
      vertex 235.473 56.3278 9.525
      vertex 235.489 55.85 9.525
      vertex 250.189 77.4 9.525
    endloop
  endfacet
  facet normal 1 0 0
    outer loop
      vertex 250.189 -77.4 0
      vertex 250.189 77.4 0
      vertex 250.189 -77.4 9.525
    endloop
  endfacet
  facet normal 1 0 0
    outer loop
      vertex 250.189 -77.4 9.525
      vertex 250.189 77.4 0
      vertex 250.189 77.4 9.525
    endloop
  endfacet
endsolid OpenSCAD_Model
