solid OpenSCAD_Model
  facet normal 0 1 0
    outer loop
      vertex 0 -38.1078 -19.0384
      vertex 0 -38.1078 19.0384
      vertex 1.99127 -38.1078 -18.9456
    endloop
  endfacet
  facet normal -1 0 0
    outer loop
      vertex 0 -38.1078 -19.0384
      vertex 0 0 -19.0384
      vertex 0 0 -22.225
    endloop
  endfacet
  facet normal 0 0 1
    outer loop
      vertex 0 -38.1078 -19.0384
      vertex 0.664835 -38.1078 -19.0384
      vertex 0 0 -19.0384
    endloop
  endfacet
  facet normal 0 1 0
    outer loop
      vertex 0 -38.1078 -19.0384
      vertex 1.99127 -38.1078 -18.9456
      vertex 0.664835 -38.1078 -19.0384
    endloop
  endfacet
  facet normal 0 0 -1
    outer loop
      vertex 0 -38.1078 19.0384
      vertex 0 0 19.0384
      vertex 0.664835 0 19.0384
    endloop
  endfacet
  facet normal -1 0 0
    outer loop
      vertex 0 -38.1078 19.0384
      vertex 0 0 22.225
      vertex 0 0 19.0384
    endloop
  endfacet
  facet normal 0 1 0
    outer loop
      vertex 0 -38.1078 19.0384
      vertex 0.664835 -38.1078 19.0384
      vertex 1.99127 -38.1078 18.9456
    endloop
  endfacet
  facet normal 0 0 -1
    outer loop
      vertex 0 -38.1078 19.0384
      vertex 0.664835 0 19.0384
      vertex 0.664835 -38.1078 19.0384
    endloop
  endfacet
  facet normal 0 1 0
    outer loop
      vertex 0 -38.1078 19.0384
      vertex 1.99127 -38.1078 18.9456
      vertex 3.308 -38.1078 18.7606
    endloop
  endfacet
  facet normal 0 1 0
    outer loop
      vertex 0 -38.1078 19.0384
      vertex 10.6526 -38.1078 -15.7932
      vertex 9.525 -38.1078 -16.4978
    endloop
  endfacet
  facet normal 0 1 0
    outer loop
      vertex 0 -38.1078 19.0384
      vertex 10.6526 -38.1078 15.7932
      vertex 11.7284 -38.1078 15.0116
    endloop
  endfacet
  facet normal 0 1 0
    outer loop
      vertex 0 -38.1078 19.0384
      vertex 11.7284 -38.1078 -15.0116
      vertex 10.6526 -38.1078 -15.7932
    endloop
  endfacet
  facet normal 0 1 0
    outer loop
      vertex 0 -38.1078 19.0384
      vertex 11.7284 -38.1078 15.0116
      vertex 12.7469 -38.1078 14.1569
    endloop
  endfacet
  facet normal 0 1 0
    outer loop
      vertex 0 -38.1078 19.0384
      vertex 12.7469 -38.1078 -14.1569
      vertex 11.7284 -38.1078 -15.0116
    endloop
  endfacet
  facet normal 0 1 0
    outer loop
      vertex 0 -38.1078 19.0384
      vertex 12.7469 -38.1078 14.1569
      vertex 13.7034 -38.1078 13.2332
    endloop
  endfacet
  facet normal 0 1 0
    outer loop
      vertex 0 -38.1078 19.0384
      vertex 13.7034 -38.1078 -13.2332
      vertex 12.7469 -38.1078 -14.1569
    endloop
  endfacet
  facet normal 0 1 0
    outer loop
      vertex 0 -38.1078 19.0384
      vertex 13.7034 -38.1078 13.2332
      vertex 14.5931 -38.1078 12.2451
    endloop
  endfacet
  facet normal 0 1 0
    outer loop
      vertex 0 -38.1078 19.0384
      vertex 14.5931 -38.1078 -12.2451
      vertex 13.7034 -38.1078 -13.2332
    endloop
  endfacet
  facet normal 0 1 0
    outer loop
      vertex 0 -38.1078 19.0384
      vertex 14.5931 -38.1078 12.2451
      vertex 15.4118 -38.1078 11.1973
    endloop
  endfacet
  facet normal 0 1 0
    outer loop
      vertex 0 -38.1078 19.0384
      vertex 15.4118 -38.1078 -11.1973
      vertex 14.5931 -38.1078 -12.2451
    endloop
  endfacet
  facet normal 0 1 0
    outer loop
      vertex 0 -38.1078 19.0384
      vertex 15.4118 -38.1078 11.1973
      vertex 16.1553 -38.1078 10.095
    endloop
  endfacet
  facet normal 0 1 0
    outer loop
      vertex 0 -38.1078 19.0384
      vertex 16.1553 -38.1078 -10.095
      vertex 15.4118 -38.1078 -11.1973
    endloop
  endfacet
  facet normal 0 1 0
    outer loop
      vertex 0 -38.1078 19.0384
      vertex 16.1553 -38.1078 10.095
      vertex 16.8202 -38.1078 8.94343
    endloop
  endfacet
  facet normal 0 1 0
    outer loop
      vertex 0 -38.1078 19.0384
      vertex 16.8202 -38.1078 -8.94343
      vertex 16.1553 -38.1078 -10.095
    endloop
  endfacet
  facet normal 0 1 0
    outer loop
      vertex 0 -38.1078 19.0384
      vertex 16.8202 -38.1078 8.94343
      vertex 17.403 -38.1078 7.74833
    endloop
  endfacet
  facet normal 0 1 0
    outer loop
      vertex 0 -38.1078 19.0384
      vertex 17.403 -38.1078 -7.74833
      vertex 16.8202 -38.1078 -8.94343
    endloop
  endfacet
  facet normal 0 1 0
    outer loop
      vertex 0 -38.1078 19.0384
      vertex 17.403 -38.1078 7.74833
      vertex 17.9011 -38.1078 6.51548
    endloop
  endfacet
  facet normal 0 1 0
    outer loop
      vertex 0 -38.1078 19.0384
      vertex 17.9011 -38.1078 -6.51548
      vertex 17.403 -38.1078 -7.74833
    endloop
  endfacet
  facet normal 0 1 0
    outer loop
      vertex 0 -38.1078 19.0384
      vertex 17.9011 -38.1078 6.51548
      vertex 18.312 -38.1078 5.25089
    endloop
  endfacet
  facet normal 0 1 0
    outer loop
      vertex 0 -38.1078 19.0384
      vertex 18.312 -38.1078 -5.25089
      vertex 17.9011 -38.1078 -6.51548
    endloop
  endfacet
  facet normal 0 1 0
    outer loop
      vertex 0 -38.1078 19.0384
      vertex 18.312 -38.1078 5.25089
      vertex 18.6337 -38.1078 3.96072
    endloop
  endfacet
  facet normal 0 1 0
    outer loop
      vertex 0 -38.1078 19.0384
      vertex 18.6337 -38.1078 -3.96072
      vertex 18.312 -38.1078 -5.25089
    endloop
  endfacet
  facet normal 0 1 0
    outer loop
      vertex 0 -38.1078 19.0384
      vertex 18.6337 -38.1078 3.96072
      vertex 18.8646 -38.1078 2.65125
    endloop
  endfacet
  facet normal 0 1 0
    outer loop
      vertex 0 -38.1078 19.0384
      vertex 18.8646 -38.1078 -2.65125
      vertex 18.6337 -38.1078 -3.96072
    endloop
  endfacet
  facet normal 0 1 0
    outer loop
      vertex 0 -38.1078 19.0384
      vertex 18.8646 -38.1078 2.65125
      vertex 19.0036 -38.1078 1.32886
    endloop
  endfacet
  facet normal 0 1 0
    outer loop
      vertex 0 -38.1078 19.0384
      vertex 19.0036 -38.1078 -1.32886
      vertex 18.8646 -38.1078 -2.65125
    endloop
  endfacet
  facet normal 0 1 0
    outer loop
      vertex 0 -38.1078 19.0384
      vertex 19.0036 -38.1078 1.32886
      vertex 19.0422 -38.1078 0.223721
    endloop
  endfacet
  facet normal 0 1 0
    outer loop
      vertex 0 -38.1078 19.0384
      vertex 19.0422 -38.1078 -0.223721
      vertex 19.0036 -38.1078 -1.32886
    endloop
  endfacet
  facet normal 0 1 0
    outer loop
      vertex 0 -38.1078 19.0384
      vertex 19.0422 -38.1078 0.223721
      vertex 19.0422 -38.1078 -0.223721
    endloop
  endfacet
  facet normal 0 1 0
    outer loop
      vertex 0 -38.1078 19.0384
      vertex 3.308 -38.1078 -18.7606
      vertex 1.99127 -38.1078 -18.9456
    endloop
  endfacet
  facet normal 0 1 0
    outer loop
      vertex 0 -38.1078 19.0384
      vertex 3.308 -38.1078 18.7606
      vertex 4.60861 -38.1078 18.4841
    endloop
  endfacet
  facet normal 0 1 0
    outer loop
      vertex 0 -38.1078 19.0384
      vertex 4.60861 -38.1078 -18.4841
      vertex 3.308 -38.1078 -18.7606
    endloop
  endfacet
  facet normal 0 1 0
    outer loop
      vertex 0 -38.1078 19.0384
      vertex 4.60861 -38.1078 18.4841
      vertex 5.88677 -38.1078 18.1176
    endloop
  endfacet
  facet normal 0 1 0
    outer loop
      vertex 0 -38.1078 19.0384
      vertex 5.88677 -38.1078 -18.1176
      vertex 4.60861 -38.1078 -18.4841
    endloop
  endfacet
  facet normal 0 1 0
    outer loop
      vertex 0 -38.1078 19.0384
      vertex 5.88677 -38.1078 18.1176
      vertex 7.13626 -38.1078 17.6629
    endloop
  endfacet
  facet normal 0 1 0
    outer loop
      vertex 0 -38.1078 19.0384
      vertex 7.13626 -38.1078 -17.6629
      vertex 5.88677 -38.1078 -18.1176
    endloop
  endfacet
  facet normal 0 1 0
    outer loop
      vertex 0 -38.1078 19.0384
      vertex 7.13626 -38.1078 17.6629
      vertex 8.35097 -38.1078 17.122
    endloop
  endfacet
  facet normal 0 1 0
    outer loop
      vertex 0 -38.1078 19.0384
      vertex 8.35097 -38.1078 -17.122
      vertex 7.13626 -38.1078 -17.6629
    endloop
  endfacet
  facet normal 0 1 0
    outer loop
      vertex 0 -38.1078 19.0384
      vertex 8.35097 -38.1078 17.122
      vertex 9.525 -38.1078 16.4978
    endloop
  endfacet
  facet normal 0 1 0
    outer loop
      vertex 0 -38.1078 19.0384
      vertex 9.525 -38.1078 -16.4978
      vertex 8.35097 -38.1078 -17.122
    endloop
  endfacet
  facet normal 0 1 0
    outer loop
      vertex 0 -38.1078 19.0384
      vertex 9.525 -38.1078 16.4978
      vertex 10.6526 -38.1078 15.7932
    endloop
  endfacet
  facet normal -1 0 0
    outer loop
      vertex 0 -76.2 -22.225
      vertex 0 -38.1078 -19.0384
      vertex 0 0 -22.225
    endloop
  endfacet
  facet normal -1 0 0
    outer loop
      vertex 0 -76.2 -22.225
      vertex 0 -38.1078 19.0384
      vertex 0 -38.1078 -19.0384
    endloop
  endfacet
  facet normal -1 0 0
    outer loop
      vertex 0 -76.2 -22.225
      vertex 0 -76.2 22.225
      vertex 0 -38.1078 19.0384
    endloop
  endfacet
  facet normal 0 0 -1
    outer loop
      vertex 0 -76.2 -22.225
      vertex 0 0 -22.225
      vertex 29.2785 -22.3598 -22.225
    endloop
  endfacet
  facet normal 0 0 -1
    outer loop
      vertex 0 -76.2 -22.225
      vertex 28.575 -57.15 -22.225
      vertex 28.5948 -57.7176 -22.225
    endloop
  endfacet
  facet normal 0 0 -1
    outer loop
      vertex 0 -76.2 -22.225
      vertex 28.5948 -56.5824 -22.225
      vertex 28.575 -57.15 -22.225
    endloop
  endfacet
  facet normal 0 0 -1
    outer loop
      vertex 0 -76.2 -22.225
      vertex 28.5948 -57.7176 -22.225
      vertex 28.6542 -58.2825 -22.225
    endloop
  endfacet
  facet normal 0 0 -1
    outer loop
      vertex 0 -76.2 -22.225
      vertex 28.6542 -56.0175 -22.225
      vertex 28.5948 -56.5824 -22.225
    endloop
  endfacet
  facet normal 0 0 -1
    outer loop
      vertex 0 -76.2 -22.225
      vertex 28.6542 -58.2825 -22.225
      vertex 28.7528 -58.8419 -22.225
    endloop
  endfacet
  facet normal 0 0 -1
    outer loop
      vertex 0 -76.2 -22.225
      vertex 28.7528 -55.4581 -22.225
      vertex 28.6542 -56.0175 -22.225
    endloop
  endfacet
  facet normal 0 0 -1
    outer loop
      vertex 0 -76.2 -22.225
      vertex 28.7528 -58.8419 -22.225
      vertex 28.8902 -59.393 -22.225
    endloop
  endfacet
  facet normal 0 0 -1
    outer loop
      vertex 0 -76.2 -22.225
      vertex 28.8902 -54.907 -22.225
      vertex 28.7528 -55.4581 -22.225
    endloop
  endfacet
  facet normal 0 0 -1
    outer loop
      vertex 0 -76.2 -22.225
      vertex 28.8902 -59.393 -22.225
      vertex 29.0658 -59.9332 -22.225
    endloop
  endfacet
  facet normal 0 0 -1
    outer loop
      vertex 0 -76.2 -22.225
      vertex 29.0658 -54.3668 -22.225
      vertex 28.8902 -54.907 -22.225
    endloop
  endfacet
  facet normal 0 0 -1
    outer loop
      vertex 0 -76.2 -22.225
      vertex 29.0658 -59.9332 -22.225
      vertex 29.2785 -60.4598 -22.225
    endloop
  endfacet
  facet normal 0 0 -1
    outer loop
      vertex 0 -76.2 -22.225
      vertex 29.2785 -22.3598 -22.225
      vertex 29.2785 -53.8402 -22.225
    endloop
  endfacet
  facet normal 0 0 -1
    outer loop
      vertex 0 -76.2 -22.225
      vertex 29.2785 -53.8402 -22.225
      vertex 29.0658 -54.3668 -22.225
    endloop
  endfacet
  facet normal 0 0 -1
    outer loop
      vertex 0 -76.2 -22.225
      vertex 29.2785 -60.4598 -22.225
      vertex 29.5275 -60.9703 -22.225
    endloop
  endfacet
  facet normal 0 0 -1
    outer loop
      vertex 0 -76.2 -22.225
      vertex 29.5275 -60.9703 -22.225
      vertex 29.8115 -61.4622 -22.225
    endloop
  endfacet
  facet normal 0 0 -1
    outer loop
      vertex 0 -76.2 -22.225
      vertex 29.8115 -61.4622 -22.225
      vertex 30.1291 -61.9331 -22.225
    endloop
  endfacet
  facet normal 0 0 -1
    outer loop
      vertex 0 -76.2 -22.225
      vertex 30.1291 -61.9331 -22.225
      vertex 30.4788 -62.3807 -22.225
    endloop
  endfacet
  facet normal 0 0 -1
    outer loop
      vertex 0 -76.2 -22.225
      vertex 30.4788 -62.3807 -22.225
      vertex 30.8589 -62.8028 -22.225
    endloop
  endfacet
  facet normal 0 0 -1
    outer loop
      vertex 0 -76.2 -22.225
      vertex 30.8589 -62.8028 -22.225
      vertex 31.2674 -63.1973 -22.225
    endloop
  endfacet
  facet normal 0 0 -1
    outer loop
      vertex 0 -76.2 -22.225
      vertex 31.2674 -63.1973 -22.225
      vertex 31.7026 -63.5624 -22.225
    endloop
  endfacet
  facet normal 0 0 -1
    outer loop
      vertex 0 -76.2 -22.225
      vertex 31.7026 -63.5624 -22.225
      vertex 32.1621 -63.8963 -22.225
    endloop
  endfacet
  facet normal 0 0 -1
    outer loop
      vertex 0 -76.2 -22.225
      vertex 32.1621 -63.8963 -22.225
      vertex 32.6437 -64.1973 -22.225
    endloop
  endfacet
  facet normal 0 0 -1
    outer loop
      vertex 0 -76.2 -22.225
      vertex 32.6437 -64.1973 -22.225
      vertex 33.1453 -64.4639 -22.225
    endloop
  endfacet
  facet normal 0 0 -1
    outer loop
      vertex 0 -76.2 -22.225
      vertex 33.1453 -64.4639 -22.225
      vertex 33.6641 -64.695 -22.225
    endloop
  endfacet
  facet normal 0 0 -1
    outer loop
      vertex 0 -76.2 -22.225
      vertex 33.6641 -64.695 -22.225
      vertex 34.1979 -64.8892 -22.225
    endloop
  endfacet
  facet normal 0 0 -1
    outer loop
      vertex 0 -76.2 -22.225
      vertex 34.1979 -64.8892 -22.225
      vertex 34.7439 -65.0458 -22.225
    endloop
  endfacet
  facet normal 0 0 -1
    outer loop
      vertex 0 -76.2 -22.225
      vertex 34.7439 -65.0458 -22.225
      vertex 54.375 -76.2 -22.225
    endloop
  endfacet
  facet normal 0 -1 0
    outer loop
      vertex 0 -76.2 -22.225
      vertex 54.375 -76.2 -22.225
      vertex 54.375 -76.2 22.225
    endloop
  endfacet
  facet normal 0 -1 0
    outer loop
      vertex 0 -76.2 -22.225
      vertex 54.375 -76.2 22.225
      vertex 0 -76.2 22.225
    endloop
  endfacet
  facet normal -1 0 0
    outer loop
      vertex 0 -76.2 22.225
      vertex 0 0 22.225
      vertex 0 -38.1078 19.0384
    endloop
  endfacet
  facet normal 0 0 1
    outer loop
      vertex 0 -76.2 22.225
      vertex 28.575 -57.15 22.225
      vertex 28.5948 -56.5824 22.225
    endloop
  endfacet
  facet normal 0 0 1
    outer loop
      vertex 0 -76.2 22.225
      vertex 28.5948 -56.5824 22.225
      vertex 28.6542 -56.0175 22.225
    endloop
  endfacet
  facet normal 0 0 1
    outer loop
      vertex 0 -76.2 22.225
      vertex 28.5948 -57.7176 22.225
      vertex 28.575 -57.15 22.225
    endloop
  endfacet
  facet normal 0 0 1
    outer loop
      vertex 0 -76.2 22.225
      vertex 28.6542 -56.0175 22.225
      vertex 28.7528 -55.4581 22.225
    endloop
  endfacet
  facet normal 0 0 1
    outer loop
      vertex 0 -76.2 22.225
      vertex 28.6542 -58.2825 22.225
      vertex 28.5948 -57.7176 22.225
    endloop
  endfacet
  facet normal 0 0 1
    outer loop
      vertex 0 -76.2 22.225
      vertex 28.7528 -55.4581 22.225
      vertex 28.8902 -54.907 22.225
    endloop
  endfacet
  facet normal 0 0 1
    outer loop
      vertex 0 -76.2 22.225
      vertex 28.7528 -58.8419 22.225
      vertex 28.6542 -58.2825 22.225
    endloop
  endfacet
  facet normal 0 0 1
    outer loop
      vertex 0 -76.2 22.225
      vertex 28.8902 -54.907 22.225
      vertex 29.0658 -54.3668 22.225
    endloop
  endfacet
  facet normal 0 0 1
    outer loop
      vertex 0 -76.2 22.225
      vertex 28.8902 -59.393 22.225
      vertex 28.7528 -58.8419 22.225
    endloop
  endfacet
  facet normal 0 0 1
    outer loop
      vertex 0 -76.2 22.225
      vertex 29.0658 -54.3668 22.225
      vertex 29.2785 -53.8402 22.225
    endloop
  endfacet
  facet normal 0 0 1
    outer loop
      vertex 0 -76.2 22.225
      vertex 29.0658 -59.9332 22.225
      vertex 28.8902 -59.393 22.225
    endloop
  endfacet
  facet normal 0 0 1
    outer loop
      vertex 0 -76.2 22.225
      vertex 29.2785 -53.8402 22.225
      vertex 0 0 22.225
    endloop
  endfacet
  facet normal 0 0 1
    outer loop
      vertex 0 -76.2 22.225
      vertex 29.2785 -60.4598 22.225
      vertex 29.0658 -59.9332 22.225
    endloop
  endfacet
  facet normal 0 0 1
    outer loop
      vertex 0 -76.2 22.225
      vertex 29.5275 -60.9703 22.225
      vertex 29.2785 -60.4598 22.225
    endloop
  endfacet
  facet normal 0 0 1
    outer loop
      vertex 0 -76.2 22.225
      vertex 29.8115 -61.4622 22.225
      vertex 29.5275 -60.9703 22.225
    endloop
  endfacet
  facet normal 0 0 1
    outer loop
      vertex 0 -76.2 22.225
      vertex 30.1291 -61.9331 22.225
      vertex 29.8115 -61.4622 22.225
    endloop
  endfacet
  facet normal 0 0 1
    outer loop
      vertex 0 -76.2 22.225
      vertex 30.4788 -62.3807 22.225
      vertex 30.1291 -61.9331 22.225
    endloop
  endfacet
  facet normal 0 0 1
    outer loop
      vertex 0 -76.2 22.225
      vertex 30.8589 -62.8028 22.225
      vertex 30.4788 -62.3807 22.225
    endloop
  endfacet
  facet normal 0 0 1
    outer loop
      vertex 0 -76.2 22.225
      vertex 31.2674 -63.1973 22.225
      vertex 30.8589 -62.8028 22.225
    endloop
  endfacet
  facet normal 0 0 1
    outer loop
      vertex 0 -76.2 22.225
      vertex 31.7026 -63.5624 22.225
      vertex 31.2674 -63.1973 22.225
    endloop
  endfacet
  facet normal 0 0 1
    outer loop
      vertex 0 -76.2 22.225
      vertex 32.1621 -63.8963 22.225
      vertex 31.7026 -63.5624 22.225
    endloop
  endfacet
  facet normal 0 0 1
    outer loop
      vertex 0 -76.2 22.225
      vertex 32.6437 -64.1973 22.225
      vertex 32.1621 -63.8963 22.225
    endloop
  endfacet
  facet normal 0 0 1
    outer loop
      vertex 0 -76.2 22.225
      vertex 33.1453 -64.4639 22.225
      vertex 32.6437 -64.1973 22.225
    endloop
  endfacet
  facet normal 0 0 1
    outer loop
      vertex 0 -76.2 22.225
      vertex 33.6641 -64.695 22.225
      vertex 33.1453 -64.4639 22.225
    endloop
  endfacet
  facet normal 0 0 1
    outer loop
      vertex 0 -76.2 22.225
      vertex 34.1979 -64.8892 22.225
      vertex 33.6641 -64.695 22.225
    endloop
  endfacet
  facet normal 0 0 1
    outer loop
      vertex 0 -76.2 22.225
      vertex 34.7439 -65.0458 22.225
      vertex 34.1979 -64.8892 22.225
    endloop
  endfacet
  facet normal 0 0 1
    outer loop
      vertex 0 -76.2 22.225
      vertex 54.375 -76.2 22.225
      vertex 34.7439 -65.0458 22.225
    endloop
  endfacet
  facet normal 0 0 1
    outer loop
      vertex 0 0 -19.0384
      vertex 0.664835 -38.1078 -19.0384
      vertex 0.664835 0 -19.0384
    endloop
  endfacet
  facet normal 0 1 0
    outer loop
      vertex 0 0 -22.225
      vertex 0 0 -19.0384
      vertex 0.664835 0 -19.0384
    endloop
  endfacet
  facet normal 0 1 0
    outer loop
      vertex 0 0 -22.225
      vertex 0.664835 0 -19.0384
      vertex 1.99127 0 -18.9456
    endloop
  endfacet
  facet normal 0 1 0
    outer loop
      vertex 0 0 -22.225
      vertex 1.99127 0 -18.9456
      vertex 3.308 0 -18.7606
    endloop
  endfacet
  facet normal 0 0 -1
    outer loop
      vertex 0 0 -22.225
      vertex 28.575 -19.05 -22.225
      vertex 28.5948 -19.6176 -22.225
    endloop
  endfacet
  facet normal 0 0 -1
    outer loop
      vertex 0 0 -22.225
      vertex 28.5948 -18.4824 -22.225
      vertex 28.575 -19.05 -22.225
    endloop
  endfacet
  facet normal 0 0 -1
    outer loop
      vertex 0 0 -22.225
      vertex 28.5948 -19.6176 -22.225
      vertex 28.6542 -20.1825 -22.225
    endloop
  endfacet
  facet normal 0 0 -1
    outer loop
      vertex 0 0 -22.225
      vertex 28.6542 -17.9175 -22.225
      vertex 28.5948 -18.4824 -22.225
    endloop
  endfacet
  facet normal 0 0 -1
    outer loop
      vertex 0 0 -22.225
      vertex 28.6542 -20.1825 -22.225
      vertex 28.7528 -20.7419 -22.225
    endloop
  endfacet
  facet normal 0 0 -1
    outer loop
      vertex 0 0 -22.225
      vertex 28.7528 -17.3581 -22.225
      vertex 28.6542 -17.9175 -22.225
    endloop
  endfacet
  facet normal 0 0 -1
    outer loop
      vertex 0 0 -22.225
      vertex 28.7528 -20.7419 -22.225
      vertex 28.8902 -21.293 -22.225
    endloop
  endfacet
  facet normal 0 0 -1
    outer loop
      vertex 0 0 -22.225
      vertex 28.8902 -16.807 -22.225
      vertex 28.7528 -17.3581 -22.225
    endloop
  endfacet
  facet normal 0 0 -1
    outer loop
      vertex 0 0 -22.225
      vertex 28.8902 -21.293 -22.225
      vertex 29.0658 -21.8332 -22.225
    endloop
  endfacet
  facet normal 0 0 -1
    outer loop
      vertex 0 0 -22.225
      vertex 29.0658 -16.2668 -22.225
      vertex 28.8902 -16.807 -22.225
    endloop
  endfacet
  facet normal 0 0 -1
    outer loop
      vertex 0 0 -22.225
      vertex 29.0658 -21.8332 -22.225
      vertex 29.2785 -22.3598 -22.225
    endloop
  endfacet
  facet normal 0 0 -1
    outer loop
      vertex 0 0 -22.225
      vertex 29.2785 -15.7402 -22.225
      vertex 29.0658 -16.2668 -22.225
    endloop
  endfacet
  facet normal 0 0 -1
    outer loop
      vertex 0 0 -22.225
      vertex 29.5275 -15.2297 -22.225
      vertex 29.2785 -15.7402 -22.225
    endloop
  endfacet
  facet normal 0 0 -1
    outer loop
      vertex 0 0 -22.225
      vertex 29.8115 -14.7378 -22.225
      vertex 29.5275 -15.2297 -22.225
    endloop
  endfacet
  facet normal 0 1 0
    outer loop
      vertex 0 0 -22.225
      vertex 3.308 0 -18.7606
      vertex 4.60861 0 -18.4841
    endloop
  endfacet
  facet normal 0 0 -1
    outer loop
      vertex 0 0 -22.225
      vertex 30.1291 -14.2669 -22.225
      vertex 29.8115 -14.7378 -22.225
    endloop
  endfacet
  facet normal 0 0 -1
    outer loop
      vertex 0 0 -22.225
      vertex 30.4788 -13.8193 -22.225
      vertex 30.1291 -14.2669 -22.225
    endloop
  endfacet
  facet normal 0 0 -1
    outer loop
      vertex 0 0 -22.225
      vertex 30.8589 -13.3972 -22.225
      vertex 30.4788 -13.8193 -22.225
    endloop
  endfacet
  facet normal 0 0 -1
    outer loop
      vertex 0 0 -22.225
      vertex 31.2674 -13.0027 -22.225
      vertex 30.8589 -13.3972 -22.225
    endloop
  endfacet
  facet normal 0 0 -1
    outer loop
      vertex 0 0 -22.225
      vertex 31.7026 -12.6376 -22.225
      vertex 31.2674 -13.0027 -22.225
    endloop
  endfacet
  facet normal 0 0 -1
    outer loop
      vertex 0 0 -22.225
      vertex 32.1621 -12.3037 -22.225
      vertex 31.7026 -12.6376 -22.225
    endloop
  endfacet
  facet normal 0 0 -1
    outer loop
      vertex 0 0 -22.225
      vertex 32.6437 -12.0027 -22.225
      vertex 32.1621 -12.3037 -22.225
    endloop
  endfacet
  facet normal 0 0 -1
    outer loop
      vertex 0 0 -22.225
      vertex 33.1453 -11.7361 -22.225
      vertex 32.6437 -12.0027 -22.225
    endloop
  endfacet
  facet normal 0 0 -1
    outer loop
      vertex 0 0 -22.225
      vertex 33.6641 -11.505 -22.225
      vertex 33.1453 -11.7361 -22.225
    endloop
  endfacet
  facet normal 0 0 -1
    outer loop
      vertex 0 0 -22.225
      vertex 34.1979 -11.3108 -22.225
      vertex 33.6641 -11.505 -22.225
    endloop
  endfacet
  facet normal 0 0 -1
    outer loop
      vertex 0 0 -22.225
      vertex 34.7439 -11.1542 -22.225
      vertex 34.1979 -11.3108 -22.225
    endloop
  endfacet
  facet normal 0 1 0
    outer loop
      vertex 0 0 -22.225
      vertex 4.60861 0 -18.4841
      vertex 5.88677 0 -18.1176
    endloop
  endfacet
  facet normal 0 1 0
    outer loop
      vertex 0 0 -22.225
      vertex 5.88677 0 -18.1176
      vertex 7.13626 0 -17.6629
    endloop
  endfacet
  facet normal 0 0 -1
    outer loop
      vertex 0 0 -22.225
      vertex 54.375 0 -22.225
      vertex 34.7439 -11.1542 -22.225
    endloop
  endfacet
  facet normal 0 1 0
    outer loop
      vertex 0 0 -22.225
      vertex 7.13626 0 -17.6629
      vertex 8.35097 0 -17.122
    endloop
  endfacet
  facet normal 0 1 0
    outer loop
      vertex 0 0 -22.225
      vertex 8.35097 0 -17.122
      vertex 54.375 0 -22.225
    endloop
  endfacet
  facet normal 0 1 0
    outer loop
      vertex 0 0 19.0384
      vertex 0 0 22.225
      vertex 0.664835 0 19.0384
    endloop
  endfacet
  facet normal 0 1 0
    outer loop
      vertex 0 0 22.225
      vertex 1.99127 0 18.9456
      vertex 0.664835 0 19.0384
    endloop
  endfacet
  facet normal 0 0 1
    outer loop
      vertex 0 0 22.225
      vertex 28.575 -19.05 22.225
      vertex 28.5948 -18.4824 22.225
    endloop
  endfacet
  facet normal 0 0 1
    outer loop
      vertex 0 0 22.225
      vertex 28.5948 -18.4824 22.225
      vertex 28.6542 -17.9175 22.225
    endloop
  endfacet
  facet normal 0 0 1
    outer loop
      vertex 0 0 22.225
      vertex 28.5948 -19.6176 22.225
      vertex 28.575 -19.05 22.225
    endloop
  endfacet
  facet normal 0 0 1
    outer loop
      vertex 0 0 22.225
      vertex 28.6542 -17.9175 22.225
      vertex 28.7528 -17.3581 22.225
    endloop
  endfacet
  facet normal 0 0 1
    outer loop
      vertex 0 0 22.225
      vertex 28.6542 -20.1825 22.225
      vertex 28.5948 -19.6176 22.225
    endloop
  endfacet
  facet normal 0 0 1
    outer loop
      vertex 0 0 22.225
      vertex 28.7528 -17.3581 22.225
      vertex 28.8902 -16.807 22.225
    endloop
  endfacet
  facet normal 0 0 1
    outer loop
      vertex 0 0 22.225
      vertex 28.7528 -20.7419 22.225
      vertex 28.6542 -20.1825 22.225
    endloop
  endfacet
  facet normal 0 0 1
    outer loop
      vertex 0 0 22.225
      vertex 28.8902 -16.807 22.225
      vertex 29.0658 -16.2668 22.225
    endloop
  endfacet
  facet normal 0 0 1
    outer loop
      vertex 0 0 22.225
      vertex 28.8902 -21.293 22.225
      vertex 28.7528 -20.7419 22.225
    endloop
  endfacet
  facet normal 0 0 1
    outer loop
      vertex 0 0 22.225
      vertex 29.0658 -16.2668 22.225
      vertex 29.2785 -15.7402 22.225
    endloop
  endfacet
  facet normal 0 0 1
    outer loop
      vertex 0 0 22.225
      vertex 29.0658 -21.8332 22.225
      vertex 28.8902 -21.293 22.225
    endloop
  endfacet
  facet normal 0 0 1
    outer loop
      vertex 0 0 22.225
      vertex 29.2785 -15.7402 22.225
      vertex 29.5275 -15.2297 22.225
    endloop
  endfacet
  facet normal 0 0 1
    outer loop
      vertex 0 0 22.225
      vertex 29.2785 -22.3598 22.225
      vertex 29.0658 -21.8332 22.225
    endloop
  endfacet
  facet normal 0 0 1
    outer loop
      vertex 0 0 22.225
      vertex 29.2785 -53.8402 22.225
      vertex 29.2785 -22.3598 22.225
    endloop
  endfacet
  facet normal 0 0 1
    outer loop
      vertex 0 0 22.225
      vertex 29.5275 -15.2297 22.225
      vertex 29.8115 -14.7378 22.225
    endloop
  endfacet
  facet normal 0 0 1
    outer loop
      vertex 0 0 22.225
      vertex 29.8115 -14.7378 22.225
      vertex 30.1291 -14.2669 22.225
    endloop
  endfacet
  facet normal 0 1 0
    outer loop
      vertex 0 0 22.225
      vertex 3.308 0 18.7606
      vertex 1.99127 0 18.9456
    endloop
  endfacet
  facet normal 0 0 1
    outer loop
      vertex 0 0 22.225
      vertex 30.1291 -14.2669 22.225
      vertex 30.4788 -13.8193 22.225
    endloop
  endfacet
  facet normal 0 0 1
    outer loop
      vertex 0 0 22.225
      vertex 30.4788 -13.8193 22.225
      vertex 30.8589 -13.3972 22.225
    endloop
  endfacet
  facet normal 0 0 1
    outer loop
      vertex 0 0 22.225
      vertex 30.8589 -13.3972 22.225
      vertex 31.2674 -13.0027 22.225
    endloop
  endfacet
  facet normal 0 0 1
    outer loop
      vertex 0 0 22.225
      vertex 31.2674 -13.0027 22.225
      vertex 31.7026 -12.6376 22.225
    endloop
  endfacet
  facet normal 0 0 1
    outer loop
      vertex 0 0 22.225
      vertex 31.7026 -12.6376 22.225
      vertex 32.1621 -12.3037 22.225
    endloop
  endfacet
  facet normal 0 0 1
    outer loop
      vertex 0 0 22.225
      vertex 32.1621 -12.3037 22.225
      vertex 32.6437 -12.0027 22.225
    endloop
  endfacet
  facet normal 0 0 1
    outer loop
      vertex 0 0 22.225
      vertex 32.6437 -12.0027 22.225
      vertex 33.1453 -11.7361 22.225
    endloop
  endfacet
  facet normal 0 0 1
    outer loop
      vertex 0 0 22.225
      vertex 33.1453 -11.7361 22.225
      vertex 33.6641 -11.505 22.225
    endloop
  endfacet
  facet normal 0 0 1
    outer loop
      vertex 0 0 22.225
      vertex 33.6641 -11.505 22.225
      vertex 34.1979 -11.3108 22.225
    endloop
  endfacet
  facet normal 0 0 1
    outer loop
      vertex 0 0 22.225
      vertex 34.1979 -11.3108 22.225
      vertex 34.7439 -11.1542 22.225
    endloop
  endfacet
  facet normal 0 0 1
    outer loop
      vertex 0 0 22.225
      vertex 34.7439 -11.1542 22.225
      vertex 54.375 0 22.225
    endloop
  endfacet
  facet normal 0 1 0
    outer loop
      vertex 0 0 22.225
      vertex 4.60861 0 18.4841
      vertex 3.308 0 18.7606
    endloop
  endfacet
  facet normal 0 1 0
    outer loop
      vertex 0 0 22.225
      vertex 5.88677 0 18.1176
      vertex 4.60861 0 18.4841
    endloop
  endfacet
  facet normal 0 1 0
    outer loop
      vertex 0 0 22.225
      vertex 54.375 0 22.225
      vertex 8.35097 0 17.122
    endloop
  endfacet
  facet normal 0 1 0
    outer loop
      vertex 0 0 22.225
      vertex 7.13626 0 17.6629
      vertex 5.88677 0 18.1176
    endloop
  endfacet
  facet normal 0 1 0
    outer loop
      vertex 0 0 22.225
      vertex 8.35097 0 17.122
      vertex 7.13626 0 17.6629
    endloop
  endfacet
  facet normal -0.0697914 0 0.997562
    outer loop
      vertex 0.664835 -38.1078 -19.0384
      vertex 1.99127 -38.1078 -18.9456
      vertex 0.664835 0 -19.0384
    endloop
  endfacet
  facet normal -0.0697914 0 -0.997562
    outer loop
      vertex 0.664835 -38.1078 19.0384
      vertex 0.664835 0 19.0384
      vertex 1.99127 0 18.9456
    endloop
  endfacet
  facet normal -0.0697914 0 -0.997562
    outer loop
      vertex 0.664835 -38.1078 19.0384
      vertex 1.99127 0 18.9456
      vertex 1.99127 -38.1078 18.9456
    endloop
  endfacet
  facet normal -0.0697914 0 0.997562
    outer loop
      vertex 0.664835 0 -19.0384
      vertex 1.99127 -38.1078 -18.9456
      vertex 1.99127 0 -18.9456
    endloop
  endfacet
  facet normal -0.139133 0 0.990274
    outer loop
      vertex 1.99127 -38.1078 -18.9456
      vertex 3.308 -38.1078 -18.7606
      vertex 1.99127 0 -18.9456
    endloop
  endfacet
  facet normal -0.139133 0 -0.990274
    outer loop
      vertex 1.99127 -38.1078 18.9456
      vertex 1.99127 0 18.9456
      vertex 3.308 0 18.7606
    endloop
  endfacet
  facet normal -0.139133 0 -0.990274
    outer loop
      vertex 1.99127 -38.1078 18.9456
      vertex 3.308 0 18.7606
      vertex 3.308 -38.1078 18.7606
    endloop
  endfacet
  facet normal -0.139133 0 0.990274
    outer loop
      vertex 1.99127 0 -18.9456
      vertex 3.308 -38.1078 -18.7606
      vertex 3.308 0 -18.7606
    endloop
  endfacet
  facet normal -0.587778 0 0.809022
    outer loop
      vertex 10.6526 -38.1078 -15.7932
      vertex 11.7284 -38.1078 -15.0116
      vertex 10.6526 0 -15.7932
    endloop
  endfacet
  facet normal -0.587778 0 -0.809022
    outer loop
      vertex 10.6526 -38.1078 15.7932
      vertex 10.6526 0 15.7932
      vertex 11.7284 0 15.0116
    endloop
  endfacet
  facet normal -0.587778 0 -0.809022
    outer loop
      vertex 10.6526 -38.1078 15.7932
      vertex 11.7284 0 15.0116
      vertex 11.7284 -38.1078 15.0116
    endloop
  endfacet
  facet normal -0.587778 0 0.809022
    outer loop
      vertex 10.6526 0 -15.7932
      vertex 11.7284 -38.1078 -15.0116
      vertex 11.7284 0 -15.0116
    endloop
  endfacet
  facet normal 0 1 0
    outer loop
      vertex 10.6526 0 -15.7932
      vertex 11.7284 0 -15.0116
      vertex 54.375 0 -22.225
    endloop
  endfacet
  facet normal 0 1 0
    outer loop
      vertex 10.6526 0 15.7932
      vertex 54.375 0 22.225
      vertex 11.7284 0 15.0116
    endloop
  endfacet
  facet normal -0.642822 0 0.766016
    outer loop
      vertex 11.7284 -38.1078 -15.0116
      vertex 12.7469 -38.1078 -14.1569
      vertex 11.7284 0 -15.0116
    endloop
  endfacet
  facet normal -0.642822 0 -0.766016
    outer loop
      vertex 11.7284 -38.1078 15.0116
      vertex 11.7284 0 15.0116
      vertex 12.7469 0 14.1569
    endloop
  endfacet
  facet normal -0.642822 0 -0.766016
    outer loop
      vertex 11.7284 -38.1078 15.0116
      vertex 12.7469 0 14.1569
      vertex 12.7469 -38.1078 14.1569
    endloop
  endfacet
  facet normal -0.642822 0 0.766016
    outer loop
      vertex 11.7284 0 -15.0116
      vertex 12.7469 -38.1078 -14.1569
      vertex 12.7469 0 -14.1569
    endloop
  endfacet
  facet normal 0 1 0
    outer loop
      vertex 11.7284 0 -15.0116
      vertex 12.7469 0 -14.1569
      vertex 54.375 0 -22.225
    endloop
  endfacet
  facet normal 0 1 0
    outer loop
      vertex 11.7284 0 15.0116
      vertex 54.375 0 22.225
      vertex 12.7469 0 14.1569
    endloop
  endfacet
  facet normal -0.694666 0 0.719333
    outer loop
      vertex 12.7469 -38.1078 -14.1569
      vertex 13.7034 -38.1078 -13.2332
      vertex 12.7469 0 -14.1569
    endloop
  endfacet
  facet normal -0.694666 0 -0.719333
    outer loop
      vertex 12.7469 -38.1078 14.1569
      vertex 12.7469 0 14.1569
      vertex 13.7034 0 13.2332
    endloop
  endfacet
  facet normal -0.694666 0 -0.719333
    outer loop
      vertex 12.7469 -38.1078 14.1569
      vertex 13.7034 0 13.2332
      vertex 13.7034 -38.1078 13.2332
    endloop
  endfacet
  facet normal -0.694666 0 0.719333
    outer loop
      vertex 12.7469 0 -14.1569
      vertex 13.7034 -38.1078 -13.2332
      vertex 13.7034 0 -13.2332
    endloop
  endfacet
  facet normal 0 1 0
    outer loop
      vertex 12.7469 0 -14.1569
      vertex 13.7034 0 -13.2332
      vertex 54.375 0 -22.225
    endloop
  endfacet
  facet normal 0 1 0
    outer loop
      vertex 12.7469 0 14.1569
      vertex 54.375 0 22.225
      vertex 13.7034 0 13.2332
    endloop
  endfacet
  facet normal -0.743141 0 0.669135
    outer loop
      vertex 13.7034 -38.1078 -13.2332
      vertex 14.5931 -38.1078 -12.2451
      vertex 14.5931 0 -12.2451
    endloop
  endfacet
  facet normal -0.743141 0 0.669135
    outer loop
      vertex 13.7034 -38.1078 -13.2332
      vertex 14.5931 0 -12.2451
      vertex 13.7034 0 -13.2332
    endloop
  endfacet
  facet normal -0.743141 0 -0.669135
    outer loop
      vertex 13.7034 -38.1078 13.2332
      vertex 13.7034 0 13.2332
      vertex 14.5931 -38.1078 12.2451
    endloop
  endfacet
  facet normal 0 1 0
    outer loop
      vertex 13.7034 0 -13.2332
      vertex 14.5931 0 -12.2451
      vertex 54.375 0 -22.225
    endloop
  endfacet
  facet normal -0.743141 0 -0.669135
    outer loop
      vertex 13.7034 0 13.2332
      vertex 14.5931 0 12.2451
      vertex 14.5931 -38.1078 12.2451
    endloop
  endfacet
  facet normal 0 1 0
    outer loop
      vertex 13.7034 0 13.2332
      vertex 54.375 0 22.225
      vertex 14.5931 0 12.2451
    endloop
  endfacet
  facet normal -0.787986 0 0.615694
    outer loop
      vertex 14.5931 -38.1078 -12.2451
      vertex 15.4118 -38.1078 -11.1973
      vertex 15.4118 0 -11.1973
    endloop
  endfacet
  facet normal -0.787986 0 0.615694
    outer loop
      vertex 14.5931 -38.1078 -12.2451
      vertex 15.4118 0 -11.1973
      vertex 14.5931 0 -12.2451
    endloop
  endfacet
  facet normal -0.787986 0 -0.615694
    outer loop
      vertex 14.5931 -38.1078 12.2451
      vertex 14.5931 0 12.2451
      vertex 15.4118 -38.1078 11.1973
    endloop
  endfacet
  facet normal 0 1 0
    outer loop
      vertex 14.5931 0 -12.2451
      vertex 15.4118 0 -11.1973
      vertex 54.375 0 -22.225
    endloop
  endfacet
  facet normal -0.787986 0 -0.615694
    outer loop
      vertex 14.5931 0 12.2451
      vertex 15.4118 0 11.1973
      vertex 15.4118 -38.1078 11.1973
    endloop
  endfacet
  facet normal 0 1 0
    outer loop
      vertex 14.5931 0 12.2451
      vertex 54.375 0 22.225
      vertex 15.4118 0 11.1973
    endloop
  endfacet
  facet normal -0.829041 0 0.559187
    outer loop
      vertex 15.4118 -38.1078 -11.1973
      vertex 16.1553 -38.1078 -10.095
      vertex 16.1553 0 -10.095
    endloop
  endfacet
  facet normal -0.829041 0 0.559187
    outer loop
      vertex 15.4118 -38.1078 -11.1973
      vertex 16.1553 0 -10.095
      vertex 15.4118 0 -11.1973
    endloop
  endfacet
  facet normal -0.829041 0 -0.559187
    outer loop
      vertex 15.4118 -38.1078 11.1973
      vertex 15.4118 0 11.1973
      vertex 16.1553 -38.1078 10.095
    endloop
  endfacet
  facet normal 0 1 0
    outer loop
      vertex 15.4118 0 -11.1973
      vertex 16.1553 0 -10.095
      vertex 54.375 0 -22.225
    endloop
  endfacet
  facet normal -0.829041 0 -0.559187
    outer loop
      vertex 15.4118 0 11.1973
      vertex 16.1553 0 10.095
      vertex 16.1553 -38.1078 10.095
    endloop
  endfacet
  facet normal 0 1 0
    outer loop
      vertex 15.4118 0 11.1973
      vertex 54.375 0 22.225
      vertex 16.1553 0 10.095
    endloop
  endfacet
  facet normal -0.866012 0 0.500023
    outer loop
      vertex 16.1553 -38.1078 -10.095
      vertex 16.8202 -38.1078 -8.94343
      vertex 16.8202 0 -8.94343
    endloop
  endfacet
  facet normal -0.866012 0 0.500023
    outer loop
      vertex 16.1553 -38.1078 -10.095
      vertex 16.8202 0 -8.94343
      vertex 16.1553 0 -10.095
    endloop
  endfacet
  facet normal -0.866012 0 -0.500023
    outer loop
      vertex 16.1553 -38.1078 10.095
      vertex 16.1553 0 10.095
      vertex 16.8202 -38.1078 8.94343
    endloop
  endfacet
  facet normal 0 1 0
    outer loop
      vertex 16.1553 0 -10.095
      vertex 16.8202 0 -8.94343
      vertex 54.375 0 -22.225
    endloop
  endfacet
  facet normal -0.866012 0 -0.500023
    outer loop
      vertex 16.1553 0 10.095
      vertex 16.8202 0 8.94343
      vertex 16.8202 -38.1078 8.94343
    endloop
  endfacet
  facet normal 0 1 0
    outer loop
      vertex 16.1553 0 10.095
      vertex 54.375 0 22.225
      vertex 16.8202 0 8.94343
    endloop
  endfacet
  facet normal -0.89882 0 0.438317
    outer loop
      vertex 16.8202 -38.1078 -8.94343
      vertex 17.403 -38.1078 -7.74833
      vertex 17.403 0 -7.74833
    endloop
  endfacet
  facet normal -0.89882 0 0.438317
    outer loop
      vertex 16.8202 -38.1078 -8.94343
      vertex 17.403 0 -7.74833
      vertex 16.8202 0 -8.94343
    endloop
  endfacet
  facet normal -0.89882 0 -0.438317
    outer loop
      vertex 16.8202 -38.1078 8.94343
      vertex 16.8202 0 8.94343
      vertex 17.403 -38.1078 7.74833
    endloop
  endfacet
  facet normal 0 1 0
    outer loop
      vertex 16.8202 0 -8.94343
      vertex 17.403 0 -7.74833
      vertex 54.375 0 -22.225
    endloop
  endfacet
  facet normal -0.89882 0 -0.438317
    outer loop
      vertex 16.8202 0 8.94343
      vertex 17.403 0 7.74833
      vertex 17.403 -38.1078 7.74833
    endloop
  endfacet
  facet normal 0 1 0
    outer loop
      vertex 16.8202 0 8.94343
      vertex 54.375 0 22.225
      vertex 17.403 0 7.74833
    endloop
  endfacet
  facet normal -0.927185 0 0.374604
    outer loop
      vertex 17.403 -38.1078 -7.74833
      vertex 17.9011 -38.1078 -6.51548
      vertex 17.9011 0 -6.51548
    endloop
  endfacet
  facet normal -0.927185 0 0.374604
    outer loop
      vertex 17.403 -38.1078 -7.74833
      vertex 17.9011 0 -6.51548
      vertex 17.403 0 -7.74833
    endloop
  endfacet
  facet normal -0.927185 0 -0.374604
    outer loop
      vertex 17.403 -38.1078 7.74833
      vertex 17.403 0 7.74833
      vertex 17.9011 -38.1078 6.51548
    endloop
  endfacet
  facet normal 0 1 0
    outer loop
      vertex 17.403 0 -7.74833
      vertex 17.9011 0 -6.51548
      vertex 54.375 0 -22.225
    endloop
  endfacet
  facet normal -0.927185 0 -0.374604
    outer loop
      vertex 17.403 0 7.74833
      vertex 17.9011 0 6.51548
      vertex 17.9011 -38.1078 6.51548
    endloop
  endfacet
  facet normal 0 1 0
    outer loop
      vertex 17.403 0 7.74833
      vertex 54.375 0 22.225
      vertex 17.9011 0 6.51548
    endloop
  endfacet
  facet normal -0.951054 0 0.309024
    outer loop
      vertex 17.9011 -38.1078 -6.51548
      vertex 18.312 -38.1078 -5.25089
      vertex 18.312 0 -5.25089
    endloop
  endfacet
  facet normal -0.951054 0 0.309024
    outer loop
      vertex 17.9011 -38.1078 -6.51548
      vertex 18.312 0 -5.25089
      vertex 17.9011 0 -6.51548
    endloop
  endfacet
  facet normal -0.951054 0 -0.309024
    outer loop
      vertex 17.9011 -38.1078 6.51548
      vertex 17.9011 0 6.51548
      vertex 18.312 -38.1078 5.25089
    endloop
  endfacet
  facet normal 0 1 0
    outer loop
      vertex 17.9011 0 -6.51548
      vertex 18.312 0 -5.25089
      vertex 54.375 0 -22.225
    endloop
  endfacet
  facet normal -0.951054 0 -0.309024
    outer loop
      vertex 17.9011 0 6.51548
      vertex 18.312 0 5.25089
      vertex 18.312 -38.1078 5.25089
    endloop
  endfacet
  facet normal 0 1 0
    outer loop
      vertex 17.9011 0 6.51548
      vertex 54.375 0 22.225
      vertex 18.312 0 5.25089
    endloop
  endfacet
  facet normal -0.970291 0 0.241939
    outer loop
      vertex 18.312 -38.1078 -5.25089
      vertex 18.6337 -38.1078 -3.96072
      vertex 18.6337 0 -3.96072
    endloop
  endfacet
  facet normal -0.970291 0 0.241939
    outer loop
      vertex 18.312 -38.1078 -5.25089
      vertex 18.6337 0 -3.96072
      vertex 18.312 0 -5.25089
    endloop
  endfacet
  facet normal -0.970291 0 -0.241939
    outer loop
      vertex 18.312 -38.1078 5.25089
      vertex 18.312 0 5.25089
      vertex 18.6337 -38.1078 3.96072
    endloop
  endfacet
  facet normal 0 1 0
    outer loop
      vertex 18.312 0 -5.25089
      vertex 18.6337 0 -3.96072
      vertex 54.375 0 -22.225
    endloop
  endfacet
  facet normal -0.970291 0 -0.241939
    outer loop
      vertex 18.312 0 5.25089
      vertex 18.6337 0 3.96072
      vertex 18.6337 -38.1078 3.96072
    endloop
  endfacet
  facet normal 0 1 0
    outer loop
      vertex 18.312 0 5.25089
      vertex 54.375 0 22.225
      vertex 18.6337 0 3.96072
    endloop
  endfacet
  facet normal -0.984807 0 0.173652
    outer loop
      vertex 18.6337 -38.1078 -3.96072
      vertex 18.8646 -38.1078 -2.65125
      vertex 18.8646 0 -2.65125
    endloop
  endfacet
  facet normal -0.984807 0 0.173652
    outer loop
      vertex 18.6337 -38.1078 -3.96072
      vertex 18.8646 0 -2.65125
      vertex 18.6337 0 -3.96072
    endloop
  endfacet
  facet normal -0.984807 0 -0.173652
    outer loop
      vertex 18.6337 -38.1078 3.96072
      vertex 18.6337 0 3.96072
      vertex 18.8646 -38.1078 2.65125
    endloop
  endfacet
  facet normal 0 1 0
    outer loop
      vertex 18.6337 0 -3.96072
      vertex 18.8646 0 -2.65125
      vertex 54.375 0 -22.225
    endloop
  endfacet
  facet normal -0.984807 0 -0.173652
    outer loop
      vertex 18.6337 0 3.96072
      vertex 18.8646 0 2.65125
      vertex 18.8646 -38.1078 2.65125
    endloop
  endfacet
  facet normal 0 1 0
    outer loop
      vertex 18.6337 0 3.96072
      vertex 54.375 0 22.225
      vertex 18.8646 0 2.65125
    endloop
  endfacet
  facet normal -0.994521 0 0.104537
    outer loop
      vertex 18.8646 -38.1078 -2.65125
      vertex 19.0036 -38.1078 -1.32886
      vertex 19.0036 0 -1.32886
    endloop
  endfacet
  facet normal -0.994521 0 0.104537
    outer loop
      vertex 18.8646 -38.1078 -2.65125
      vertex 19.0036 0 -1.32886
      vertex 18.8646 0 -2.65125
    endloop
  endfacet
  facet normal -0.994521 0 -0.104537
    outer loop
      vertex 18.8646 -38.1078 2.65125
      vertex 18.8646 0 2.65125
      vertex 19.0036 -38.1078 1.32886
    endloop
  endfacet
  facet normal 0 1 0
    outer loop
      vertex 18.8646 0 -2.65125
      vertex 19.0036 0 -1.32886
      vertex 54.375 0 -22.225
    endloop
  endfacet
  facet normal -0.994521 0 -0.104537
    outer loop
      vertex 18.8646 0 2.65125
      vertex 19.0036 0 1.32886
      vertex 19.0036 -38.1078 1.32886
    endloop
  endfacet
  facet normal 0 1 0
    outer loop
      vertex 18.8646 0 2.65125
      vertex 54.375 0 22.225
      vertex 19.0036 0 1.32886
    endloop
  endfacet
  facet normal -0.999391 0 0.0349064
    outer loop
      vertex 19.0036 -38.1078 -1.32886
      vertex 19.0422 -33.3444 -0.223721
      vertex 19.0036 0 -1.32886
    endloop
  endfacet
  facet normal -0.999391 0 0.0349064
    outer loop
      vertex 19.0036 -38.1078 -1.32886
      vertex 19.0422 -38.1078 -0.223721
      vertex 19.0422 -33.3444 -0.223721
    endloop
  endfacet
  facet normal -0.999391 0 -0.0349064
    outer loop
      vertex 19.0036 -38.1078 1.32886
      vertex 19.0036 0 1.32886
      vertex 19.0422 -33.3444 0.223721
    endloop
  endfacet
  facet normal -0.999391 0 -0.0349064
    outer loop
      vertex 19.0036 -38.1078 1.32886
      vertex 19.0422 -33.3444 0.223721
      vertex 19.0422 -38.1078 0.223721
    endloop
  endfacet
  facet normal -0.999396 -5.05574e-06 0.0347541
    outer loop
      vertex 19.0036 0 -1.32886
      vertex 19.0422 -33.3444 -0.223721
      vertex 19.0442 -33.3404 -0.166208
    endloop
  endfacet
  facet normal -0.999391 -1.05189e-07 0.0348959
    outer loop
      vertex 19.0036 0 -1.32886
      vertex 19.0442 -33.3404 -0.166208
      vertex 19.05 0 0
    endloop
  endfacet
  facet normal 0 1 0
    outer loop
      vertex 19.0036 0 -1.32886
      vertex 19.05 0 0
      vertex 54.375 0 -22.225
    endloop
  endfacet
  facet normal -0.999396 -5.05574e-06 -0.0347541
    outer loop
      vertex 19.0036 0 1.32886
      vertex 19.0442 -33.3404 0.166208
      vertex 19.0422 -33.3444 0.223721
    endloop
  endfacet
  facet normal -0.999391 -1.05189e-07 -0.0348959
    outer loop
      vertex 19.0036 0 1.32886
      vertex 19.05 0 0
      vertex 19.0442 -33.3404 0.166208
    endloop
  endfacet
  facet normal 0 1 0
    outer loop
      vertex 19.0036 0 1.32886
      vertex 54.375 0 22.225
      vertex 19.05 0 0
    endloop
  endfacet
  facet normal -0.014319 -0.997453 0.0698703
    outer loop
      vertex 19.0422 -33.3636 -0.497816
      vertex 19.0442 -33.3404 -0.166208
      vertex 19.0422 -33.3444 -0.223721
    endloop
  endfacet
  facet normal 0 -0.997562 0.0697915
    outer loop
      vertex 19.0422 -33.3636 -0.497816
      vertex 54.375 -33.3404 -0.166208
      vertex 19.0442 -33.3404 -0.166208
    endloop
  endfacet
  facet normal 0 -0.997562 0.0697915
    outer loop
      vertex 19.0422 -33.3636 -0.497816
      vertex 54.375 -33.3636 -0.497816
      vertex 54.375 -33.3404 -0.166208
    endloop
  endfacet
  facet normal -0.014319 -0.997453 -0.0698703
    outer loop
      vertex 19.0422 -33.3636 0.497816
      vertex 19.0422 -33.3444 0.223721
      vertex 19.0442 -33.3404 0.166208
    endloop
  endfacet
  facet normal 0 -0.997562 -0.0697915
    outer loop
      vertex 19.0422 -33.3636 0.497816
      vertex 19.0442 -33.3404 0.166208
      vertex 54.375 -33.3636 0.497816
    endloop
  endfacet
  facet normal 0 -0.990253 -0.13928
    outer loop
      vertex 19.0422 -33.3636 0.497816
      vertex 54.375 -33.3636 0.497816
      vertex 54.375 -33.4099 0.826999
    endloop
  endfacet
  facet normal 0 -0.990253 0.13928
    outer loop
      vertex 19.0422 -33.4099 -0.826999
      vertex 54.375 -33.3636 -0.497816
      vertex 19.0422 -33.3636 -0.497816
    endloop
  endfacet
  facet normal 0 -0.990253 0.13928
    outer loop
      vertex 19.0422 -33.4099 -0.826999
      vertex 54.375 -33.4099 -0.826999
      vertex 54.375 -33.3636 -0.497816
    endloop
  endfacet
  facet normal 0 -0.990253 -0.13928
    outer loop
      vertex 19.0422 -33.4099 0.826999
      vertex 19.0422 -33.3636 0.497816
      vertex 54.375 -33.4099 0.826999
    endloop
  endfacet
  facet normal 0 -0.978156 -0.207874
    outer loop
      vertex 19.0422 -33.4099 0.826999
      vertex 54.375 -33.4099 0.826999
      vertex 54.375 -33.479 1.15215
    endloop
  endfacet
  facet normal 0 -0.978156 0.207874
    outer loop
      vertex 19.0422 -33.479 -1.15215
      vertex 54.375 -33.4099 -0.826999
      vertex 19.0422 -33.4099 -0.826999
    endloop
  endfacet
  facet normal 0 -0.978156 0.207874
    outer loop
      vertex 19.0422 -33.479 -1.15215
      vertex 54.375 -33.479 -1.15215
      vertex 54.375 -33.4099 -0.826999
    endloop
  endfacet
  facet normal 0 -0.978156 -0.207874
    outer loop
      vertex 19.0422 -33.479 1.15215
      vertex 19.0422 -33.4099 0.826999
      vertex 54.375 -33.479 1.15215
    endloop
  endfacet
  facet normal 0 -0.961283 -0.275563
    outer loop
      vertex 19.0422 -33.479 1.15215
      vertex 54.375 -33.479 1.15215
      vertex 54.375 -33.5706 1.47169
    endloop
  endfacet
  facet normal 0 -0.961283 0.275563
    outer loop
      vertex 19.0422 -33.5706 -1.47169
      vertex 54.375 -33.479 -1.15215
      vertex 19.0422 -33.479 -1.15215
    endloop
  endfacet
  facet normal 0 -0.961283 0.275563
    outer loop
      vertex 19.0422 -33.5706 -1.47169
      vertex 54.375 -33.5706 -1.47169
      vertex 54.375 -33.479 -1.15215
    endloop
  endfacet
  facet normal 0 -0.961283 -0.275563
    outer loop
      vertex 19.0422 -33.5706 1.47169
      vertex 19.0422 -33.479 1.15215
      vertex 54.375 -33.5706 1.47169
    endloop
  endfacet
  facet normal 0 -0.939686 -0.342038
    outer loop
      vertex 19.0422 -33.5706 1.47169
      vertex 54.375 -33.5706 1.47169
      vertex 54.375 -33.6843 1.78406
    endloop
  endfacet
  facet normal 0 -0.939686 0.342038
    outer loop
      vertex 19.0422 -33.6843 -1.78406
      vertex 54.375 -33.5706 -1.47169
      vertex 19.0422 -33.5706 -1.47169
    endloop
  endfacet
  facet normal 0 -0.939686 0.342038
    outer loop
      vertex 19.0422 -33.6843 -1.78406
      vertex 54.375 -33.6843 -1.78406
      vertex 54.375 -33.5706 -1.47169
    endloop
  endfacet
  facet normal 0 -0.939686 -0.342038
    outer loop
      vertex 19.0422 -33.6843 1.78406
      vertex 19.0422 -33.5706 1.47169
      vertex 54.375 -33.6843 1.78406
    endloop
  endfacet
  facet normal 0 -0.913553 -0.406719
    outer loop
      vertex 19.0422 -33.6843 1.78406
      vertex 54.375 -33.6843 1.78406
      vertex 54.375 -33.8195 2.08774
    endloop
  endfacet
  facet normal 0 -0.913553 0.406719
    outer loop
      vertex 19.0422 -33.8195 -2.08774
      vertex 54.375 -33.6843 -1.78406
      vertex 19.0422 -33.6843 -1.78406
    endloop
  endfacet
  facet normal 0 -0.913553 0.406719
    outer loop
      vertex 19.0422 -33.8195 -2.08774
      vertex 54.375 -33.8195 -2.08774
      vertex 54.375 -33.6843 -1.78406
    endloop
  endfacet
  facet normal 0 -0.913553 -0.406719
    outer loop
      vertex 19.0422 -33.8195 2.08774
      vertex 19.0422 -33.6843 1.78406
      vertex 54.375 -33.8195 2.08774
    endloop
  endfacet
  facet normal 0 -0.8829 -0.469561
    outer loop
      vertex 19.0422 -33.8195 2.08774
      vertex 54.375 -33.8195 2.08774
      vertex 54.375 -33.9756 2.38125
    endloop
  endfacet
  facet normal 0 -0.8829 0.469561
    outer loop
      vertex 19.0422 -33.9756 -2.38125
      vertex 54.375 -33.8195 -2.08774
      vertex 19.0422 -33.8195 -2.08774
    endloop
  endfacet
  facet normal 0 -0.8829 0.469561
    outer loop
      vertex 19.0422 -33.9756 -2.38125
      vertex 54.375 -33.9756 -2.38125
      vertex 54.375 -33.8195 -2.08774
    endloop
  endfacet
  facet normal 0 -0.8829 -0.469561
    outer loop
      vertex 19.0422 -33.9756 2.38125
      vertex 19.0422 -33.8195 2.08774
      vertex 54.375 -33.9756 2.38125
    endloop
  endfacet
  facet normal 0 -0.848125 -0.529796
    outer loop
      vertex 19.0422 -33.9756 2.38125
      vertex 54.375 -33.9756 2.38125
      vertex 54.375 -34.1517 2.66316
    endloop
  endfacet
  facet normal 0 -0.848125 0.529796
    outer loop
      vertex 19.0422 -34.1517 -2.66316
      vertex 54.375 -33.9756 -2.38125
      vertex 19.0422 -33.9756 -2.38125
    endloop
  endfacet
  facet normal 0 -0.848125 0.529796
    outer loop
      vertex 19.0422 -34.1517 -2.66316
      vertex 54.375 -34.1517 -2.66316
      vertex 54.375 -33.9756 -2.38125
    endloop
  endfacet
  facet normal 0 -0.848125 -0.529796
    outer loop
      vertex 19.0422 -34.1517 2.66316
      vertex 19.0422 -33.9756 2.38125
      vertex 54.375 -34.1517 2.66316
    endloop
  endfacet
  facet normal 0 -0.809001 -0.587807
    outer loop
      vertex 19.0422 -34.1517 2.66316
      vertex 54.375 -34.1517 2.66316
      vertex 54.375 -34.3471 2.93209
    endloop
  endfacet
  facet normal 0 -0.809001 0.587807
    outer loop
      vertex 19.0422 -34.3471 -2.93209
      vertex 54.375 -34.1517 -2.66316
      vertex 19.0422 -34.1517 -2.66316
    endloop
  endfacet
  facet normal 0 -0.809001 0.587807
    outer loop
      vertex 19.0422 -34.3471 -2.93209
      vertex 54.375 -34.3471 -2.93209
      vertex 54.375 -34.1517 -2.66316
    endloop
  endfacet
  facet normal 0 -0.809001 -0.587807
    outer loop
      vertex 19.0422 -34.3471 2.93209
      vertex 19.0422 -34.1517 2.66316
      vertex 54.375 -34.3471 2.93209
    endloop
  endfacet
  facet normal 0 -0.765998 -0.642844
    outer loop
      vertex 19.0422 -34.3471 2.93209
      vertex 54.375 -34.3471 2.93209
      vertex 54.375 -34.5608 3.18673
    endloop
  endfacet
  facet normal 0 -0.765998 0.642844
    outer loop
      vertex 19.0422 -34.5608 -3.18673
      vertex 54.375 -34.3471 -2.93209
      vertex 19.0422 -34.3471 -2.93209
    endloop
  endfacet
  facet normal 0 -0.765998 0.642844
    outer loop
      vertex 19.0422 -34.5608 -3.18673
      vertex 54.375 -34.5608 -3.18673
      vertex 54.375 -34.3471 -2.93209
    endloop
  endfacet
  facet normal 0 -0.765998 -0.642844
    outer loop
      vertex 19.0422 -34.5608 3.18673
      vertex 19.0422 -34.3471 2.93209
      vertex 54.375 -34.5608 3.18673
    endloop
  endfacet
  facet normal 0 -0.719378 -0.694619
    outer loop
      vertex 19.0422 -34.5608 3.18673
      vertex 54.375 -34.5608 3.18673
      vertex 54.375 -34.7917 3.42586
    endloop
  endfacet
  facet normal 0 -0.719378 0.694619
    outer loop
      vertex 19.0422 -34.7917 -3.42586
      vertex 54.375 -34.5608 -3.18673
      vertex 19.0422 -34.5608 -3.18673
    endloop
  endfacet
  facet normal 0 -0.719378 0.694619
    outer loop
      vertex 19.0422 -34.7917 -3.42586
      vertex 54.375 -34.7917 -3.42586
      vertex 54.375 -34.5608 -3.18673
    endloop
  endfacet
  facet normal 0 -0.669181 0.7431
    outer loop
      vertex 19.0422 -34.7917 -3.42586
      vertex 54.375 -35.0387 -3.64829
      vertex 54.375 -34.7917 -3.42586
    endloop
  endfacet
  facet normal 0 -0.719378 -0.694619
    outer loop
      vertex 19.0422 -34.7917 3.42586
      vertex 19.0422 -34.5608 3.18673
      vertex 54.375 -34.7917 3.42586
    endloop
  endfacet
  facet normal 0 -0.669181 0.7431
    outer loop
      vertex 19.0422 -35.0387 -3.64829
      vertex 54.375 -35.0387 -3.64829
      vertex 19.0422 -34.7917 -3.42586
    endloop
  endfacet
  facet normal 0 -0.615574 0.788079
    outer loop
      vertex 19.0422 -35.0387 -3.64829
      vertex 54.375 -35.3007 -3.85294
      vertex 54.375 -35.0387 -3.64829
    endloop
  endfacet
  facet normal 0 -0.669181 -0.7431
    outer loop
      vertex 19.0422 -35.0387 3.64829
      vertex 19.0422 -34.7917 3.42586
      vertex 54.375 -34.7917 3.42586
    endloop
  endfacet
  facet normal 0 -0.669181 -0.7431
    outer loop
      vertex 19.0422 -35.0387 3.64829
      vertex 54.375 -34.7917 3.42586
      vertex 54.375 -35.0387 3.64829
    endloop
  endfacet
  facet normal 0 -0.615574 0.788079
    outer loop
      vertex 19.0422 -35.3007 -3.85294
      vertex 54.375 -35.3007 -3.85294
      vertex 19.0422 -35.0387 -3.64829
    endloop
  endfacet
  facet normal 0 -0.559184 0.829044
    outer loop
      vertex 19.0422 -35.3007 -3.85294
      vertex 54.375 -35.5763 -4.03883
      vertex 54.375 -35.3007 -3.85294
    endloop
  endfacet
  facet normal 0 -0.615574 -0.788079
    outer loop
      vertex 19.0422 -35.3007 3.85294
      vertex 19.0422 -35.0387 3.64829
      vertex 54.375 -35.0387 3.64829
    endloop
  endfacet
  facet normal 0 -0.615574 -0.788079
    outer loop
      vertex 19.0422 -35.3007 3.85294
      vertex 54.375 -35.0387 3.64829
      vertex 54.375 -35.3007 3.85294
    endloop
  endfacet
  facet normal 0 -0.559184 0.829044
    outer loop
      vertex 19.0422 -35.5763 -4.03883
      vertex 54.375 -35.5763 -4.03883
      vertex 19.0422 -35.3007 -3.85294
    endloop
  endfacet
  facet normal 0 -0.50011 0.865962
    outer loop
      vertex 19.0422 -35.5763 -4.03883
      vertex 54.375 -35.8641 -4.20504
      vertex 54.375 -35.5763 -4.03883
    endloop
  endfacet
  facet normal 0 -0.559184 -0.829044
    outer loop
      vertex 19.0422 -35.5763 4.03883
      vertex 19.0422 -35.3007 3.85294
      vertex 54.375 -35.3007 3.85294
    endloop
  endfacet
  facet normal 0 -0.559184 -0.829044
    outer loop
      vertex 19.0422 -35.5763 4.03883
      vertex 54.375 -35.3007 3.85294
      vertex 54.375 -35.5763 4.03883
    endloop
  endfacet
  facet normal 0 -0.50011 0.865962
    outer loop
      vertex 19.0422 -35.8641 -4.20504
      vertex 54.375 -35.8641 -4.20504
      vertex 19.0422 -35.5763 -4.03883
    endloop
  endfacet
  facet normal 0 -0.438336 0.898811
    outer loop
      vertex 19.0422 -35.8641 -4.20504
      vertex 54.375 -36.1629 -4.35076
      vertex 54.375 -35.8641 -4.20504
    endloop
  endfacet
  facet normal 0 -0.50011 -0.865962
    outer loop
      vertex 19.0422 -35.8641 4.20504
      vertex 19.0422 -35.5763 4.03883
      vertex 54.375 -35.5763 4.03883
    endloop
  endfacet
  facet normal 0 -0.50011 -0.865962
    outer loop
      vertex 19.0422 -35.8641 4.20504
      vertex 54.375 -35.5763 4.03883
      vertex 54.375 -35.8641 4.20504
    endloop
  endfacet
  facet normal 0 -0.438336 0.898811
    outer loop
      vertex 19.0422 -36.1629 -4.35076
      vertex 54.375 -36.1629 -4.35076
      vertex 19.0422 -35.8641 -4.20504
    endloop
  endfacet
  facet normal 0 -0.37463 0.927174
    outer loop
      vertex 19.0422 -36.1629 -4.35076
      vertex 54.375 -36.4711 -4.47529
      vertex 54.375 -36.1629 -4.35076
    endloop
  endfacet
  facet normal 0 -0.438336 -0.898811
    outer loop
      vertex 19.0422 -36.1629 4.35076
      vertex 19.0422 -35.8641 4.20504
      vertex 54.375 -35.8641 4.20504
    endloop
  endfacet
  facet normal 0 -0.438336 -0.898811
    outer loop
      vertex 19.0422 -36.1629 4.35076
      vertex 54.375 -35.8641 4.20504
      vertex 54.375 -36.1629 4.35076
    endloop
  endfacet
  facet normal 0 -0.37463 0.927174
    outer loop
      vertex 19.0422 -36.4711 -4.47529
      vertex 54.375 -36.4711 -4.47529
      vertex 19.0422 -36.1629 -4.35076
    endloop
  endfacet
  facet normal 0 -0.308964 0.951074
    outer loop
      vertex 19.0422 -36.4711 -4.47529
      vertex 54.375 -36.7873 -4.57801
      vertex 54.375 -36.4711 -4.47529
    endloop
  endfacet
  facet normal 0 -0.37463 -0.927174
    outer loop
      vertex 19.0422 -36.4711 4.47529
      vertex 19.0422 -36.1629 4.35076
      vertex 54.375 -36.1629 4.35076
    endloop
  endfacet
  facet normal 0 -0.37463 -0.927174
    outer loop
      vertex 19.0422 -36.4711 4.47529
      vertex 54.375 -36.1629 4.35076
      vertex 54.375 -36.4711 4.47529
    endloop
  endfacet
  facet normal 0 -0.308964 0.951074
    outer loop
      vertex 19.0422 -36.7873 -4.57801
      vertex 54.375 -36.7873 -4.57801
      vertex 19.0422 -36.4711 -4.47529
    endloop
  endfacet
  facet normal 0 -0.241955 0.970287
    outer loop
      vertex 19.0422 -36.7873 -4.57801
      vertex 54.375 -37.1098 -4.65843
      vertex 54.375 -36.7873 -4.57801
    endloop
  endfacet
  facet normal 0 -0.308964 -0.951074
    outer loop
      vertex 19.0422 -36.7873 4.57801
      vertex 19.0422 -36.4711 4.47529
      vertex 54.375 -36.4711 4.47529
    endloop
  endfacet
  facet normal 0 -0.308964 -0.951074
    outer loop
      vertex 19.0422 -36.7873 4.57801
      vertex 54.375 -36.4711 4.47529
      vertex 54.375 -36.7873 4.57801
    endloop
  endfacet
  facet normal 0 -0.241955 0.970287
    outer loop
      vertex 19.0422 -37.1098 -4.65843
      vertex 54.375 -37.1098 -4.65843
      vertex 19.0422 -36.7873 -4.57801
    endloop
  endfacet
  facet normal 0 -0.173621 0.984813
    outer loop
      vertex 19.0422 -37.1098 -4.65843
      vertex 54.375 -37.4372 -4.71615
      vertex 54.375 -37.1098 -4.65843
    endloop
  endfacet
  facet normal 0 -0.241955 -0.970287
    outer loop
      vertex 19.0422 -37.1098 4.65843
      vertex 19.0422 -36.7873 4.57801
      vertex 54.375 -36.7873 4.57801
    endloop
  endfacet
  facet normal 0 -0.241955 -0.970287
    outer loop
      vertex 19.0422 -37.1098 4.65843
      vertex 54.375 -36.7873 4.57801
      vertex 54.375 -37.1098 4.65843
    endloop
  endfacet
  facet normal 0 -0.173621 0.984813
    outer loop
      vertex 19.0422 -37.4372 -4.71615
      vertex 54.375 -37.4372 -4.71615
      vertex 19.0422 -37.1098 -4.65843
    endloop
  endfacet
  facet normal 0 -0.104536 0.994521
    outer loop
      vertex 19.0422 -37.4372 -4.71615
      vertex 54.375 -37.7678 -4.7509
      vertex 54.375 -37.4372 -4.71615
    endloop
  endfacet
  facet normal 0 -0.173621 -0.984813
    outer loop
      vertex 19.0422 -37.4372 4.71615
      vertex 19.0422 -37.1098 4.65843
      vertex 54.375 -37.1098 4.65843
    endloop
  endfacet
  facet normal 0 -0.173621 -0.984813
    outer loop
      vertex 19.0422 -37.4372 4.71615
      vertex 54.375 -37.1098 4.65843
      vertex 54.375 -37.4372 4.71615
    endloop
  endfacet
  facet normal 0 -0.104536 0.994521
    outer loop
      vertex 19.0422 -37.7678 -4.7509
      vertex 54.375 -37.7678 -4.7509
      vertex 19.0422 -37.4372 -4.71615
    endloop
  endfacet
  facet normal 0 -0.0348975 0.999391
    outer loop
      vertex 19.0422 -37.7678 -4.7509
      vertex 54.375 -38.1 -4.7625
      vertex 54.375 -37.7678 -4.7509
    endloop
  endfacet
  facet normal 0 -0.104536 -0.994521
    outer loop
      vertex 19.0422 -37.7678 4.7509
      vertex 19.0422 -37.4372 4.71615
      vertex 54.375 -37.4372 4.71615
    endloop
  endfacet
  facet normal 0 -0.104536 -0.994521
    outer loop
      vertex 19.0422 -37.7678 4.7509
      vertex 54.375 -37.4372 4.71615
      vertex 54.375 -37.7678 4.7509
    endloop
  endfacet
  facet normal 0 -0.0348975 0.999391
    outer loop
      vertex 19.0422 -38.1 -4.7625
      vertex 54.375 -38.1 -4.7625
      vertex 19.0422 -37.7678 -4.7509
    endloop
  endfacet
  facet normal 0 0.0348975 0.999391
    outer loop
      vertex 19.0422 -38.1 -4.7625
      vertex 54.375 -38.4322 -4.7509
      vertex 54.375 -38.1 -4.7625
    endloop
  endfacet
  facet normal 0 -0.0348975 -0.999391
    outer loop
      vertex 19.0422 -38.1 4.7625
      vertex 19.0422 -37.7678 4.7509
      vertex 54.375 -37.7678 4.7509
    endloop
  endfacet
  facet normal 0 -0.0348975 -0.999391
    outer loop
      vertex 19.0422 -38.1 4.7625
      vertex 54.375 -37.7678 4.7509
      vertex 54.375 -38.1 4.7625
    endloop
  endfacet
  facet normal 1 0 0
    outer loop
      vertex 19.0422 -38.1078 -0.223721
      vertex 19.0422 -33.3636 -0.497816
      vertex 19.0422 -33.3444 -0.223721
    endloop
  endfacet
  facet normal 1 0 0
    outer loop
      vertex 19.0422 -38.1078 -0.223721
      vertex 19.0422 -33.4099 -0.826999
      vertex 19.0422 -33.3636 -0.497816
    endloop
  endfacet
  facet normal 1 0 0
    outer loop
      vertex 19.0422 -38.1078 -0.223721
      vertex 19.0422 -33.479 -1.15215
      vertex 19.0422 -33.4099 -0.826999
    endloop
  endfacet
  facet normal 1 0 0
    outer loop
      vertex 19.0422 -38.1078 -0.223721
      vertex 19.0422 -33.5706 -1.47169
      vertex 19.0422 -33.479 -1.15215
    endloop
  endfacet
  facet normal 1 0 0
    outer loop
      vertex 19.0422 -38.1078 -0.223721
      vertex 19.0422 -33.6843 -1.78406
      vertex 19.0422 -33.5706 -1.47169
    endloop
  endfacet
  facet normal 1 0 0
    outer loop
      vertex 19.0422 -38.1078 -0.223721
      vertex 19.0422 -33.8195 -2.08774
      vertex 19.0422 -33.6843 -1.78406
    endloop
  endfacet
  facet normal 1 0 0
    outer loop
      vertex 19.0422 -38.1078 -0.223721
      vertex 19.0422 -33.9756 -2.38125
      vertex 19.0422 -33.8195 -2.08774
    endloop
  endfacet
  facet normal 1 0 0
    outer loop
      vertex 19.0422 -38.1078 -0.223721
      vertex 19.0422 -34.1517 -2.66316
      vertex 19.0422 -33.9756 -2.38125
    endloop
  endfacet
  facet normal 1 0 0
    outer loop
      vertex 19.0422 -38.1078 -0.223721
      vertex 19.0422 -34.3471 -2.93209
      vertex 19.0422 -34.1517 -2.66316
    endloop
  endfacet
  facet normal 1 0 0
    outer loop
      vertex 19.0422 -38.1078 -0.223721
      vertex 19.0422 -34.5608 -3.18673
      vertex 19.0422 -34.3471 -2.93209
    endloop
  endfacet
  facet normal 1 0 0
    outer loop
      vertex 19.0422 -38.1078 -0.223721
      vertex 19.0422 -34.7917 -3.42586
      vertex 19.0422 -34.5608 -3.18673
    endloop
  endfacet
  facet normal 1 0 0
    outer loop
      vertex 19.0422 -38.1078 -0.223721
      vertex 19.0422 -35.0387 -3.64829
      vertex 19.0422 -34.7917 -3.42586
    endloop
  endfacet
  facet normal 1 0 0
    outer loop
      vertex 19.0422 -38.1078 -0.223721
      vertex 19.0422 -35.3007 -3.85294
      vertex 19.0422 -35.0387 -3.64829
    endloop
  endfacet
  facet normal 1 0 0
    outer loop
      vertex 19.0422 -38.1078 -0.223721
      vertex 19.0422 -35.5763 -4.03883
      vertex 19.0422 -35.3007 -3.85294
    endloop
  endfacet
  facet normal 1 0 0
    outer loop
      vertex 19.0422 -38.1078 -0.223721
      vertex 19.0422 -35.8641 -4.20504
      vertex 19.0422 -35.5763 -4.03883
    endloop
  endfacet
  facet normal 1 0 0
    outer loop
      vertex 19.0422 -38.1078 -0.223721
      vertex 19.0422 -36.1629 -4.35076
      vertex 19.0422 -35.8641 -4.20504
    endloop
  endfacet
  facet normal 1 0 0
    outer loop
      vertex 19.0422 -38.1078 -0.223721
      vertex 19.0422 -36.4711 -4.47529
      vertex 19.0422 -36.1629 -4.35076
    endloop
  endfacet
  facet normal 1 0 0
    outer loop
      vertex 19.0422 -38.1078 -0.223721
      vertex 19.0422 -36.7873 -4.57801
      vertex 19.0422 -36.4711 -4.47529
    endloop
  endfacet
  facet normal 1 0 0
    outer loop
      vertex 19.0422 -38.1078 -0.223721
      vertex 19.0422 -37.1098 -4.65843
      vertex 19.0422 -36.7873 -4.57801
    endloop
  endfacet
  facet normal 1 0 0
    outer loop
      vertex 19.0422 -38.1078 -0.223721
      vertex 19.0422 -37.4372 -4.71615
      vertex 19.0422 -37.1098 -4.65843
    endloop
  endfacet
  facet normal 1 0 0
    outer loop
      vertex 19.0422 -38.1078 -0.223721
      vertex 19.0422 -37.7678 -4.7509
      vertex 19.0422 -37.4372 -4.71615
    endloop
  endfacet
  facet normal 1 0 0
    outer loop
      vertex 19.0422 -38.1078 -0.223721
      vertex 19.0422 -38.1 -4.7625
      vertex 19.0422 -37.7678 -4.7509
    endloop
  endfacet
  facet normal 1 0 0
    outer loop
      vertex 19.0422 -38.1078 0.223721
      vertex 19.0422 -33.3444 0.223721
      vertex 19.0422 -33.3636 0.497816
    endloop
  endfacet
  facet normal 1 0 0
    outer loop
      vertex 19.0422 -38.1078 0.223721
      vertex 19.0422 -33.3636 0.497816
      vertex 19.0422 -33.4099 0.826999
    endloop
  endfacet
  facet normal 1 0 0
    outer loop
      vertex 19.0422 -38.1078 0.223721
      vertex 19.0422 -33.4099 0.826999
      vertex 19.0422 -33.479 1.15215
    endloop
  endfacet
  facet normal 1 0 0
    outer loop
      vertex 19.0422 -38.1078 0.223721
      vertex 19.0422 -33.479 1.15215
      vertex 19.0422 -33.5706 1.47169
    endloop
  endfacet
  facet normal 1 0 0
    outer loop
      vertex 19.0422 -38.1078 0.223721
      vertex 19.0422 -33.5706 1.47169
      vertex 19.0422 -33.6843 1.78406
    endloop
  endfacet
  facet normal 1 0 0
    outer loop
      vertex 19.0422 -38.1078 0.223721
      vertex 19.0422 -33.6843 1.78406
      vertex 19.0422 -33.8195 2.08774
    endloop
  endfacet
  facet normal 1 0 0
    outer loop
      vertex 19.0422 -38.1078 0.223721
      vertex 19.0422 -33.8195 2.08774
      vertex 19.0422 -33.9756 2.38125
    endloop
  endfacet
  facet normal 1 0 0
    outer loop
      vertex 19.0422 -38.1078 0.223721
      vertex 19.0422 -33.9756 2.38125
      vertex 19.0422 -34.1517 2.66316
    endloop
  endfacet
  facet normal 1 0 0
    outer loop
      vertex 19.0422 -38.1078 0.223721
      vertex 19.0422 -34.1517 2.66316
      vertex 19.0422 -34.3471 2.93209
    endloop
  endfacet
  facet normal 1 0 0
    outer loop
      vertex 19.0422 -38.1078 0.223721
      vertex 19.0422 -34.3471 2.93209
      vertex 19.0422 -34.5608 3.18673
    endloop
  endfacet
  facet normal 1 0 0
    outer loop
      vertex 19.0422 -38.1078 0.223721
      vertex 19.0422 -34.5608 3.18673
      vertex 19.0422 -34.7917 3.42586
    endloop
  endfacet
  facet normal 1 0 0
    outer loop
      vertex 19.0422 -38.1078 0.223721
      vertex 19.0422 -34.7917 3.42586
      vertex 19.0422 -35.0387 3.64829
    endloop
  endfacet
  facet normal 1 0 0
    outer loop
      vertex 19.0422 -38.1078 0.223721
      vertex 19.0422 -35.0387 3.64829
      vertex 19.0422 -35.3007 3.85294
    endloop
  endfacet
  facet normal 1 0 0
    outer loop
      vertex 19.0422 -38.1078 0.223721
      vertex 19.0422 -35.3007 3.85294
      vertex 19.0422 -35.5763 4.03883
    endloop
  endfacet
  facet normal 1 0 0
    outer loop
      vertex 19.0422 -38.1078 0.223721
      vertex 19.0422 -35.5763 4.03883
      vertex 19.0422 -35.8641 4.20504
    endloop
  endfacet
  facet normal 1 0 0
    outer loop
      vertex 19.0422 -38.1078 0.223721
      vertex 19.0422 -35.8641 4.20504
      vertex 19.0422 -36.1629 4.35076
    endloop
  endfacet
  facet normal 1 0 0
    outer loop
      vertex 19.0422 -38.1078 0.223721
      vertex 19.0422 -36.1629 4.35076
      vertex 19.0422 -36.4711 4.47529
    endloop
  endfacet
  facet normal 1 0 0
    outer loop
      vertex 19.0422 -38.1078 0.223721
      vertex 19.0422 -36.4711 4.47529
      vertex 19.0422 -36.7873 4.57801
    endloop
  endfacet
  facet normal 1 0 0
    outer loop
      vertex 19.0422 -38.1078 0.223721
      vertex 19.0422 -36.7873 4.57801
      vertex 19.0422 -37.1098 4.65843
    endloop
  endfacet
  facet normal 1 0 0
    outer loop
      vertex 19.0422 -38.1078 0.223721
      vertex 19.0422 -37.1098 4.65843
      vertex 19.0422 -37.4372 4.71615
    endloop
  endfacet
  facet normal 1 0 0
    outer loop
      vertex 19.0422 -38.1078 0.223721
      vertex 19.0422 -37.4372 4.71615
      vertex 19.0422 -37.7678 4.7509
    endloop
  endfacet
  facet normal 1 0 0
    outer loop
      vertex 19.0422 -38.1078 0.223721
      vertex 19.0422 -37.7678 4.7509
      vertex 19.0422 -38.1 4.7625
    endloop
  endfacet
  facet normal 1 0 0
    outer loop
      vertex 19.0422 -38.4322 -4.7509
      vertex 19.0422 -38.1 -4.7625
      vertex 19.0422 -38.1078 -0.223721
    endloop
  endfacet
  facet normal 0 0.0348975 0.999391
    outer loop
      vertex 19.0422 -38.4322 -4.7509
      vertex 54.375 -38.4322 -4.7509
      vertex 19.0422 -38.1 -4.7625
    endloop
  endfacet
  facet normal 0 0.104536 0.994521
    outer loop
      vertex 19.0422 -38.4322 -4.7509
      vertex 54.375 -38.7628 -4.71615
      vertex 54.375 -38.4322 -4.7509
    endloop
  endfacet
  facet normal 0 0.0348975 -0.999391
    outer loop
      vertex 19.0422 -38.4322 4.7509
      vertex 19.0422 -38.1 4.7625
      vertex 54.375 -38.1 4.7625
    endloop
  endfacet
  facet normal 1 0 0
    outer loop
      vertex 19.0422 -38.4322 4.7509
      vertex 19.0422 -38.1078 0.223721
      vertex 19.0422 -38.1 4.7625
    endloop
  endfacet
  facet normal 0 0.0348975 -0.999391
    outer loop
      vertex 19.0422 -38.4322 4.7509
      vertex 54.375 -38.1 4.7625
      vertex 54.375 -38.4322 4.7509
    endloop
  endfacet
  facet normal 1 0 0
    outer loop
      vertex 19.0422 -38.7628 -4.71615
      vertex 19.0422 -38.4322 -4.7509
      vertex 19.0422 -38.1078 -0.223721
    endloop
  endfacet
  facet normal 0 0.104536 0.994521
    outer loop
      vertex 19.0422 -38.7628 -4.71615
      vertex 54.375 -38.7628 -4.71615
      vertex 19.0422 -38.4322 -4.7509
    endloop
  endfacet
  facet normal 0 0.173621 0.984813
    outer loop
      vertex 19.0422 -38.7628 -4.71615
      vertex 54.375 -39.0902 -4.65843
      vertex 54.375 -38.7628 -4.71615
    endloop
  endfacet
  facet normal 1 0 0
    outer loop
      vertex 19.0422 -38.7628 4.71615
      vertex 19.0422 -38.1078 0.223721
      vertex 19.0422 -38.4322 4.7509
    endloop
  endfacet
  facet normal 0 0.104536 -0.994521
    outer loop
      vertex 19.0422 -38.7628 4.71615
      vertex 19.0422 -38.4322 4.7509
      vertex 54.375 -38.4322 4.7509
    endloop
  endfacet
  facet normal 0 0.104536 -0.994521
    outer loop
      vertex 19.0422 -38.7628 4.71615
      vertex 54.375 -38.4322 4.7509
      vertex 54.375 -38.7628 4.71615
    endloop
  endfacet
  facet normal 1 0 0
    outer loop
      vertex 19.0422 -39.0902 -4.65843
      vertex 19.0422 -38.7628 -4.71615
      vertex 19.0422 -38.1078 -0.223721
    endloop
  endfacet
  facet normal 0 0.173621 0.984813
    outer loop
      vertex 19.0422 -39.0902 -4.65843
      vertex 54.375 -39.0902 -4.65843
      vertex 19.0422 -38.7628 -4.71615
    endloop
  endfacet
  facet normal 0 0.241955 0.970287
    outer loop
      vertex 19.0422 -39.0902 -4.65843
      vertex 54.375 -39.4127 -4.57801
      vertex 54.375 -39.0902 -4.65843
    endloop
  endfacet
  facet normal 1 0 0
    outer loop
      vertex 19.0422 -39.0902 4.65843
      vertex 19.0422 -38.1078 0.223721
      vertex 19.0422 -38.7628 4.71615
    endloop
  endfacet
  facet normal 0 0.173621 -0.984813
    outer loop
      vertex 19.0422 -39.0902 4.65843
      vertex 19.0422 -38.7628 4.71615
      vertex 54.375 -38.7628 4.71615
    endloop
  endfacet
  facet normal 0 0.173621 -0.984813
    outer loop
      vertex 19.0422 -39.0902 4.65843
      vertex 54.375 -38.7628 4.71615
      vertex 54.375 -39.0902 4.65843
    endloop
  endfacet
  facet normal 1 0 0
    outer loop
      vertex 19.0422 -39.4127 -4.57801
      vertex 19.0422 -39.0902 -4.65843
      vertex 19.0422 -38.1078 -0.223721
    endloop
  endfacet
  facet normal 0 0.241955 0.970287
    outer loop
      vertex 19.0422 -39.4127 -4.57801
      vertex 54.375 -39.4127 -4.57801
      vertex 19.0422 -39.0902 -4.65843
    endloop
  endfacet
  facet normal 0 0.308964 0.951074
    outer loop
      vertex 19.0422 -39.4127 -4.57801
      vertex 54.375 -39.7289 -4.47529
      vertex 54.375 -39.4127 -4.57801
    endloop
  endfacet
  facet normal 1 0 0
    outer loop
      vertex 19.0422 -39.4127 4.57801
      vertex 19.0422 -38.1078 0.223721
      vertex 19.0422 -39.0902 4.65843
    endloop
  endfacet
  facet normal 0 0.241955 -0.970287
    outer loop
      vertex 19.0422 -39.4127 4.57801
      vertex 19.0422 -39.0902 4.65843
      vertex 54.375 -39.0902 4.65843
    endloop
  endfacet
  facet normal 0 0.241955 -0.970287
    outer loop
      vertex 19.0422 -39.4127 4.57801
      vertex 54.375 -39.0902 4.65843
      vertex 54.375 -39.4127 4.57801
    endloop
  endfacet
  facet normal 1 0 0
    outer loop
      vertex 19.0422 -39.7289 -4.47529
      vertex 19.0422 -39.4127 -4.57801
      vertex 19.0422 -38.1078 -0.223721
    endloop
  endfacet
  facet normal 0 0.308964 0.951074
    outer loop
      vertex 19.0422 -39.7289 -4.47529
      vertex 54.375 -39.7289 -4.47529
      vertex 19.0422 -39.4127 -4.57801
    endloop
  endfacet
  facet normal 0 0.37463 0.927174
    outer loop
      vertex 19.0422 -39.7289 -4.47529
      vertex 54.375 -40.0371 -4.35076
      vertex 54.375 -39.7289 -4.47529
    endloop
  endfacet
  facet normal 1 0 0
    outer loop
      vertex 19.0422 -39.7289 4.47529
      vertex 19.0422 -38.1078 0.223721
      vertex 19.0422 -39.4127 4.57801
    endloop
  endfacet
  facet normal 0 0.308964 -0.951074
    outer loop
      vertex 19.0422 -39.7289 4.47529
      vertex 19.0422 -39.4127 4.57801
      vertex 54.375 -39.4127 4.57801
    endloop
  endfacet
  facet normal 0 0.308964 -0.951074
    outer loop
      vertex 19.0422 -39.7289 4.47529
      vertex 54.375 -39.4127 4.57801
      vertex 54.375 -39.7289 4.47529
    endloop
  endfacet
  facet normal 1 0 0
    outer loop
      vertex 19.0422 -40.0371 -4.35076
      vertex 19.0422 -39.7289 -4.47529
      vertex 19.0422 -38.1078 -0.223721
    endloop
  endfacet
  facet normal 0 0.37463 0.927174
    outer loop
      vertex 19.0422 -40.0371 -4.35076
      vertex 54.375 -40.0371 -4.35076
      vertex 19.0422 -39.7289 -4.47529
    endloop
  endfacet
  facet normal 0 0.438336 0.898811
    outer loop
      vertex 19.0422 -40.0371 -4.35076
      vertex 54.375 -40.3359 -4.20504
      vertex 54.375 -40.0371 -4.35076
    endloop
  endfacet
  facet normal 1 0 0
    outer loop
      vertex 19.0422 -40.0371 4.35076
      vertex 19.0422 -38.1078 0.223721
      vertex 19.0422 -39.7289 4.47529
    endloop
  endfacet
  facet normal 0 0.37463 -0.927174
    outer loop
      vertex 19.0422 -40.0371 4.35076
      vertex 19.0422 -39.7289 4.47529
      vertex 54.375 -39.7289 4.47529
    endloop
  endfacet
  facet normal 0 0.37463 -0.927174
    outer loop
      vertex 19.0422 -40.0371 4.35076
      vertex 54.375 -39.7289 4.47529
      vertex 54.375 -40.0371 4.35076
    endloop
  endfacet
  facet normal 1 0 0
    outer loop
      vertex 19.0422 -40.3359 -4.20504
      vertex 19.0422 -40.0371 -4.35076
      vertex 19.0422 -38.1078 -0.223721
    endloop
  endfacet
  facet normal 0 0.438336 0.898811
    outer loop
      vertex 19.0422 -40.3359 -4.20504
      vertex 54.375 -40.3359 -4.20504
      vertex 19.0422 -40.0371 -4.35076
    endloop
  endfacet
  facet normal 0 0.50011 0.865962
    outer loop
      vertex 19.0422 -40.3359 -4.20504
      vertex 54.375 -40.6237 -4.03883
      vertex 54.375 -40.3359 -4.20504
    endloop
  endfacet
  facet normal 1 0 0
    outer loop
      vertex 19.0422 -40.3359 4.20504
      vertex 19.0422 -38.1078 0.223721
      vertex 19.0422 -40.0371 4.35076
    endloop
  endfacet
  facet normal 0 0.438336 -0.898811
    outer loop
      vertex 19.0422 -40.3359 4.20504
      vertex 19.0422 -40.0371 4.35076
      vertex 54.375 -40.0371 4.35076
    endloop
  endfacet
  facet normal 0 0.438336 -0.898811
    outer loop
      vertex 19.0422 -40.3359 4.20504
      vertex 54.375 -40.0371 4.35076
      vertex 54.375 -40.3359 4.20504
    endloop
  endfacet
  facet normal 1 0 0
    outer loop
      vertex 19.0422 -40.6237 -4.03883
      vertex 19.0422 -40.3359 -4.20504
      vertex 19.0422 -38.1078 -0.223721
    endloop
  endfacet
  facet normal 0 0.50011 0.865962
    outer loop
      vertex 19.0422 -40.6237 -4.03883
      vertex 54.375 -40.6237 -4.03883
      vertex 19.0422 -40.3359 -4.20504
    endloop
  endfacet
  facet normal 0 0.559184 0.829044
    outer loop
      vertex 19.0422 -40.6237 -4.03883
      vertex 54.375 -40.8993 -3.85294
      vertex 54.375 -40.6237 -4.03883
    endloop
  endfacet
  facet normal 1 0 0
    outer loop
      vertex 19.0422 -40.6237 4.03883
      vertex 19.0422 -38.1078 0.223721
      vertex 19.0422 -40.3359 4.20504
    endloop
  endfacet
  facet normal 0 0.50011 -0.865962
    outer loop
      vertex 19.0422 -40.6237 4.03883
      vertex 19.0422 -40.3359 4.20504
      vertex 54.375 -40.3359 4.20504
    endloop
  endfacet
  facet normal 0 0.50011 -0.865962
    outer loop
      vertex 19.0422 -40.6237 4.03883
      vertex 54.375 -40.3359 4.20504
      vertex 54.375 -40.6237 4.03883
    endloop
  endfacet
  facet normal 1 0 0
    outer loop
      vertex 19.0422 -40.8993 -3.85294
      vertex 19.0422 -40.6237 -4.03883
      vertex 19.0422 -38.1078 -0.223721
    endloop
  endfacet
  facet normal 0 0.559184 0.829044
    outer loop
      vertex 19.0422 -40.8993 -3.85294
      vertex 54.375 -40.8993 -3.85294
      vertex 19.0422 -40.6237 -4.03883
    endloop
  endfacet
  facet normal 0 0.615574 0.788079
    outer loop
      vertex 19.0422 -40.8993 -3.85294
      vertex 54.375 -41.1613 -3.64829
      vertex 54.375 -40.8993 -3.85294
    endloop
  endfacet
  facet normal 1 0 0
    outer loop
      vertex 19.0422 -40.8993 3.85294
      vertex 19.0422 -38.1078 0.223721
      vertex 19.0422 -40.6237 4.03883
    endloop
  endfacet
  facet normal 0 0.559184 -0.829044
    outer loop
      vertex 19.0422 -40.8993 3.85294
      vertex 19.0422 -40.6237 4.03883
      vertex 54.375 -40.6237 4.03883
    endloop
  endfacet
  facet normal 0 0.559184 -0.829044
    outer loop
      vertex 19.0422 -40.8993 3.85294
      vertex 54.375 -40.6237 4.03883
      vertex 54.375 -40.8993 3.85294
    endloop
  endfacet
  facet normal 1 0 0
    outer loop
      vertex 19.0422 -41.1613 -3.64829
      vertex 19.0422 -40.8993 -3.85294
      vertex 19.0422 -38.1078 -0.223721
    endloop
  endfacet
  facet normal 0 0.615574 0.788079
    outer loop
      vertex 19.0422 -41.1613 -3.64829
      vertex 54.375 -41.1613 -3.64829
      vertex 19.0422 -40.8993 -3.85294
    endloop
  endfacet
  facet normal 0 0.669181 0.7431
    outer loop
      vertex 19.0422 -41.1613 -3.64829
      vertex 54.375 -41.4083 -3.42586
      vertex 54.375 -41.1613 -3.64829
    endloop
  endfacet
  facet normal 1 0 0
    outer loop
      vertex 19.0422 -41.1613 3.64829
      vertex 19.0422 -38.1078 0.223721
      vertex 19.0422 -40.8993 3.85294
    endloop
  endfacet
  facet normal 0 0.615574 -0.788079
    outer loop
      vertex 19.0422 -41.1613 3.64829
      vertex 19.0422 -40.8993 3.85294
      vertex 54.375 -40.8993 3.85294
    endloop
  endfacet
  facet normal 0 0.615574 -0.788079
    outer loop
      vertex 19.0422 -41.1613 3.64829
      vertex 54.375 -40.8993 3.85294
      vertex 54.375 -41.1613 3.64829
    endloop
  endfacet
  facet normal 1 0 0
    outer loop
      vertex 19.0422 -41.4083 -3.42586
      vertex 19.0422 -41.1613 -3.64829
      vertex 19.0422 -38.1078 -0.223721
    endloop
  endfacet
  facet normal 0 0.669181 0.7431
    outer loop
      vertex 19.0422 -41.4083 -3.42586
      vertex 54.375 -41.4083 -3.42586
      vertex 19.0422 -41.1613 -3.64829
    endloop
  endfacet
  facet normal 1 0 0
    outer loop
      vertex 19.0422 -41.4083 3.42586
      vertex 19.0422 -38.1078 0.223721
      vertex 19.0422 -41.1613 3.64829
    endloop
  endfacet
  facet normal 0 0.669181 -0.7431
    outer loop
      vertex 19.0422 -41.4083 3.42586
      vertex 19.0422 -41.1613 3.64829
      vertex 54.375 -41.1613 3.64829
    endloop
  endfacet
  facet normal 0 0.669181 -0.7431
    outer loop
      vertex 19.0422 -41.4083 3.42586
      vertex 54.375 -41.1613 3.64829
      vertex 54.375 -41.4083 3.42586
    endloop
  endfacet
  facet normal 0 0.719378 -0.694619
    outer loop
      vertex 19.0422 -41.4083 3.42586
      vertex 54.375 -41.4083 3.42586
      vertex 54.375 -41.6392 3.18673
    endloop
  endfacet
  facet normal 1 0 0
    outer loop
      vertex 19.0422 -41.6392 -3.18673
      vertex 19.0422 -41.4083 -3.42586
      vertex 19.0422 -38.1078 -0.223721
    endloop
  endfacet
  facet normal 0 0.719378 0.694619
    outer loop
      vertex 19.0422 -41.6392 -3.18673
      vertex 54.375 -41.4083 -3.42586
      vertex 19.0422 -41.4083 -3.42586
    endloop
  endfacet
  facet normal 0 0.719378 0.694619
    outer loop
      vertex 19.0422 -41.6392 -3.18673
      vertex 54.375 -41.6392 -3.18673
      vertex 54.375 -41.4083 -3.42586
    endloop
  endfacet
  facet normal 1 0 0
    outer loop
      vertex 19.0422 -41.6392 3.18673
      vertex 19.0422 -38.1078 0.223721
      vertex 19.0422 -41.4083 3.42586
    endloop
  endfacet
  facet normal 0 0.719378 -0.694619
    outer loop
      vertex 19.0422 -41.6392 3.18673
      vertex 19.0422 -41.4083 3.42586
      vertex 54.375 -41.6392 3.18673
    endloop
  endfacet
  facet normal 0 0.765998 -0.642844
    outer loop
      vertex 19.0422 -41.6392 3.18673
      vertex 54.375 -41.6392 3.18673
      vertex 54.375 -41.8529 2.93209
    endloop
  endfacet
  facet normal 1 0 0
    outer loop
      vertex 19.0422 -41.8529 -2.93209
      vertex 19.0422 -41.6392 -3.18673
      vertex 19.0422 -38.1078 -0.223721
    endloop
  endfacet
  facet normal 0 0.765998 0.642844
    outer loop
      vertex 19.0422 -41.8529 -2.93209
      vertex 54.375 -41.6392 -3.18673
      vertex 19.0422 -41.6392 -3.18673
    endloop
  endfacet
  facet normal 0 0.765998 0.642844
    outer loop
      vertex 19.0422 -41.8529 -2.93209
      vertex 54.375 -41.8529 -2.93209
      vertex 54.375 -41.6392 -3.18673
    endloop
  endfacet
  facet normal 1 0 0
    outer loop
      vertex 19.0422 -41.8529 2.93209
      vertex 19.0422 -38.1078 0.223721
      vertex 19.0422 -41.6392 3.18673
    endloop
  endfacet
  facet normal 0 0.765998 -0.642844
    outer loop
      vertex 19.0422 -41.8529 2.93209
      vertex 19.0422 -41.6392 3.18673
      vertex 54.375 -41.8529 2.93209
    endloop
  endfacet
  facet normal 0 0.809001 -0.587807
    outer loop
      vertex 19.0422 -41.8529 2.93209
      vertex 54.375 -41.8529 2.93209
      vertex 54.375 -42.0483 2.66316
    endloop
  endfacet
  facet normal 1 0 0
    outer loop
      vertex 19.0422 -42.0483 -2.66316
      vertex 19.0422 -41.8529 -2.93209
      vertex 19.0422 -38.1078 -0.223721
    endloop
  endfacet
  facet normal 0 0.809001 0.587807
    outer loop
      vertex 19.0422 -42.0483 -2.66316
      vertex 54.375 -41.8529 -2.93209
      vertex 19.0422 -41.8529 -2.93209
    endloop
  endfacet
  facet normal 0 0.809001 0.587807
    outer loop
      vertex 19.0422 -42.0483 -2.66316
      vertex 54.375 -42.0483 -2.66316
      vertex 54.375 -41.8529 -2.93209
    endloop
  endfacet
  facet normal 1 0 0
    outer loop
      vertex 19.0422 -42.0483 2.66316
      vertex 19.0422 -38.1078 0.223721
      vertex 19.0422 -41.8529 2.93209
    endloop
  endfacet
  facet normal 0 0.809001 -0.587807
    outer loop
      vertex 19.0422 -42.0483 2.66316
      vertex 19.0422 -41.8529 2.93209
      vertex 54.375 -42.0483 2.66316
    endloop
  endfacet
  facet normal 0 0.848125 -0.529796
    outer loop
      vertex 19.0422 -42.0483 2.66316
      vertex 54.375 -42.0483 2.66316
      vertex 54.375 -42.2244 2.38125
    endloop
  endfacet
  facet normal 1 0 0
    outer loop
      vertex 19.0422 -42.2244 -2.38125
      vertex 19.0422 -42.0483 -2.66316
      vertex 19.0422 -38.1078 -0.223721
    endloop
  endfacet
  facet normal 0 0.848125 0.529796
    outer loop
      vertex 19.0422 -42.2244 -2.38125
      vertex 54.375 -42.0483 -2.66316
      vertex 19.0422 -42.0483 -2.66316
    endloop
  endfacet
  facet normal 0 0.848125 0.529796
    outer loop
      vertex 19.0422 -42.2244 -2.38125
      vertex 54.375 -42.2244 -2.38125
      vertex 54.375 -42.0483 -2.66316
    endloop
  endfacet
  facet normal 1 0 0
    outer loop
      vertex 19.0422 -42.2244 2.38125
      vertex 19.0422 -38.1078 0.223721
      vertex 19.0422 -42.0483 2.66316
    endloop
  endfacet
  facet normal 0 0.848125 -0.529796
    outer loop
      vertex 19.0422 -42.2244 2.38125
      vertex 19.0422 -42.0483 2.66316
      vertex 54.375 -42.2244 2.38125
    endloop
  endfacet
  facet normal 0 0.8829 -0.469561
    outer loop
      vertex 19.0422 -42.2244 2.38125
      vertex 54.375 -42.2244 2.38125
      vertex 54.375 -42.3805 2.08774
    endloop
  endfacet
  facet normal 1 0 0
    outer loop
      vertex 19.0422 -42.3805 -2.08774
      vertex 19.0422 -42.2244 -2.38125
      vertex 19.0422 -38.1078 -0.223721
    endloop
  endfacet
  facet normal 0 0.8829 0.469561
    outer loop
      vertex 19.0422 -42.3805 -2.08774
      vertex 54.375 -42.2244 -2.38125
      vertex 19.0422 -42.2244 -2.38125
    endloop
  endfacet
  facet normal 0 0.8829 0.469561
    outer loop
      vertex 19.0422 -42.3805 -2.08774
      vertex 54.375 -42.3805 -2.08774
      vertex 54.375 -42.2244 -2.38125
    endloop
  endfacet
  facet normal 1 0 0
    outer loop
      vertex 19.0422 -42.3805 2.08774
      vertex 19.0422 -38.1078 0.223721
      vertex 19.0422 -42.2244 2.38125
    endloop
  endfacet
  facet normal 0 0.8829 -0.469561
    outer loop
      vertex 19.0422 -42.3805 2.08774
      vertex 19.0422 -42.2244 2.38125
      vertex 54.375 -42.3805 2.08774
    endloop
  endfacet
  facet normal 0 0.913553 -0.406719
    outer loop
      vertex 19.0422 -42.3805 2.08774
      vertex 54.375 -42.3805 2.08774
      vertex 54.375 -42.5157 1.78406
    endloop
  endfacet
  facet normal 1 0 0
    outer loop
      vertex 19.0422 -42.5157 -1.78406
      vertex 19.0422 -42.3805 -2.08774
      vertex 19.0422 -38.1078 -0.223721
    endloop
  endfacet
  facet normal 0 0.913553 0.406719
    outer loop
      vertex 19.0422 -42.5157 -1.78406
      vertex 54.375 -42.3805 -2.08774
      vertex 19.0422 -42.3805 -2.08774
    endloop
  endfacet
  facet normal 0 0.913553 0.406719
    outer loop
      vertex 19.0422 -42.5157 -1.78406
      vertex 54.375 -42.5157 -1.78406
      vertex 54.375 -42.3805 -2.08774
    endloop
  endfacet
  facet normal 1 0 0
    outer loop
      vertex 19.0422 -42.5157 1.78406
      vertex 19.0422 -38.1078 0.223721
      vertex 19.0422 -42.3805 2.08774
    endloop
  endfacet
  facet normal 0 0.913553 -0.406719
    outer loop
      vertex 19.0422 -42.5157 1.78406
      vertex 19.0422 -42.3805 2.08774
      vertex 54.375 -42.5157 1.78406
    endloop
  endfacet
  facet normal 0 0.939686 -0.342038
    outer loop
      vertex 19.0422 -42.5157 1.78406
      vertex 54.375 -42.5157 1.78406
      vertex 54.375 -42.6294 1.47169
    endloop
  endfacet
  facet normal 1 0 0
    outer loop
      vertex 19.0422 -42.6294 -1.47169
      vertex 19.0422 -42.5157 -1.78406
      vertex 19.0422 -38.1078 -0.223721
    endloop
  endfacet
  facet normal 0 0.939686 0.342038
    outer loop
      vertex 19.0422 -42.6294 -1.47169
      vertex 54.375 -42.5157 -1.78406
      vertex 19.0422 -42.5157 -1.78406
    endloop
  endfacet
  facet normal 0 0.939686 0.342038
    outer loop
      vertex 19.0422 -42.6294 -1.47169
      vertex 54.375 -42.6294 -1.47169
      vertex 54.375 -42.5157 -1.78406
    endloop
  endfacet
  facet normal 1 0 0
    outer loop
      vertex 19.0422 -42.6294 1.47169
      vertex 19.0422 -38.1078 0.223721
      vertex 19.0422 -42.5157 1.78406
    endloop
  endfacet
  facet normal 0 0.939686 -0.342038
    outer loop
      vertex 19.0422 -42.6294 1.47169
      vertex 19.0422 -42.5157 1.78406
      vertex 54.375 -42.6294 1.47169
    endloop
  endfacet
  facet normal 0 0.961283 -0.275563
    outer loop
      vertex 19.0422 -42.6294 1.47169
      vertex 54.375 -42.6294 1.47169
      vertex 54.375 -42.721 1.15215
    endloop
  endfacet
  facet normal 1 0 0
    outer loop
      vertex 19.0422 -42.721 -1.15215
      vertex 19.0422 -42.6294 -1.47169
      vertex 19.0422 -38.1078 -0.223721
    endloop
  endfacet
  facet normal 0 0.961283 0.275563
    outer loop
      vertex 19.0422 -42.721 -1.15215
      vertex 54.375 -42.6294 -1.47169
      vertex 19.0422 -42.6294 -1.47169
    endloop
  endfacet
  facet normal 0 0.961283 0.275563
    outer loop
      vertex 19.0422 -42.721 -1.15215
      vertex 54.375 -42.721 -1.15215
      vertex 54.375 -42.6294 -1.47169
    endloop
  endfacet
  facet normal 1 0 0
    outer loop
      vertex 19.0422 -42.721 1.15215
      vertex 19.0422 -38.1078 0.223721
      vertex 19.0422 -42.6294 1.47169
    endloop
  endfacet
  facet normal 0 0.961283 -0.275563
    outer loop
      vertex 19.0422 -42.721 1.15215
      vertex 19.0422 -42.6294 1.47169
      vertex 54.375 -42.721 1.15215
    endloop
  endfacet
  facet normal 0 0.978156 -0.207874
    outer loop
      vertex 19.0422 -42.721 1.15215
      vertex 54.375 -42.721 1.15215
      vertex 54.375 -42.7901 0.826999
    endloop
  endfacet
  facet normal 1 0 0
    outer loop
      vertex 19.0422 -42.7901 -0.826999
      vertex 19.0422 -42.721 -1.15215
      vertex 19.0422 -38.1078 -0.223721
    endloop
  endfacet
  facet normal 0 0.978156 0.207874
    outer loop
      vertex 19.0422 -42.7901 -0.826999
      vertex 54.375 -42.721 -1.15215
      vertex 19.0422 -42.721 -1.15215
    endloop
  endfacet
  facet normal 0 0.978156 0.207874
    outer loop
      vertex 19.0422 -42.7901 -0.826999
      vertex 54.375 -42.7901 -0.826999
      vertex 54.375 -42.721 -1.15215
    endloop
  endfacet
  facet normal 1 0 0
    outer loop
      vertex 19.0422 -42.7901 0.826999
      vertex 19.0422 -38.1078 0.223721
      vertex 19.0422 -42.721 1.15215
    endloop
  endfacet
  facet normal 0 0.978156 -0.207874
    outer loop
      vertex 19.0422 -42.7901 0.826999
      vertex 19.0422 -42.721 1.15215
      vertex 54.375 -42.7901 0.826999
    endloop
  endfacet
  facet normal 0 0.990253 -0.13928
    outer loop
      vertex 19.0422 -42.7901 0.826999
      vertex 54.375 -42.7901 0.826999
      vertex 54.375 -42.8364 0.497816
    endloop
  endfacet
  facet normal 1 0 0
    outer loop
      vertex 19.0422 -42.8364 -0.497816
      vertex 19.0422 -42.7901 -0.826999
      vertex 19.0422 -38.1078 -0.223721
    endloop
  endfacet
  facet normal 0 0.990253 0.13928
    outer loop
      vertex 19.0422 -42.8364 -0.497816
      vertex 54.375 -42.7901 -0.826999
      vertex 19.0422 -42.7901 -0.826999
    endloop
  endfacet
  facet normal 0 0.990253 0.13928
    outer loop
      vertex 19.0422 -42.8364 -0.497816
      vertex 54.375 -42.8364 -0.497816
      vertex 54.375 -42.7901 -0.826999
    endloop
  endfacet
  facet normal 1 0 0
    outer loop
      vertex 19.0422 -42.8364 0.497816
      vertex 19.0422 -38.1078 0.223721
      vertex 19.0422 -42.7901 0.826999
    endloop
  endfacet
  facet normal 0 0.990253 -0.13928
    outer loop
      vertex 19.0422 -42.8364 0.497816
      vertex 19.0422 -42.7901 0.826999
      vertex 54.375 -42.8364 0.497816
    endloop
  endfacet
  facet normal 0 0.997562 -0.0697915
    outer loop
      vertex 19.0422 -42.8364 0.497816
      vertex 54.375 -42.8364 0.497816
      vertex 54.375 -42.8596 0.166208
    endloop
  endfacet
  facet normal 1 0 0
    outer loop
      vertex 19.0422 -42.8596 -0.166208
      vertex 19.0422 -38.1078 -0.223721
      vertex 19.0422 -42.8596 0.166208
    endloop
  endfacet
  facet normal 1 0 0
    outer loop
      vertex 19.0422 -42.8596 -0.166208
      vertex 19.0422 -42.8364 -0.497816
      vertex 19.0422 -38.1078 -0.223721
    endloop
  endfacet
  facet normal 0 1 0
    outer loop
      vertex 19.0422 -42.8596 -0.166208
      vertex 19.0422 -42.8596 0.166208
      vertex 54.375 -42.8596 -0.166208
    endloop
  endfacet
  facet normal 0 0.997562 0.0697915
    outer loop
      vertex 19.0422 -42.8596 -0.166208
      vertex 54.375 -42.8364 -0.497816
      vertex 19.0422 -42.8364 -0.497816
    endloop
  endfacet
  facet normal 0 0.997562 0.0697915
    outer loop
      vertex 19.0422 -42.8596 -0.166208
      vertex 54.375 -42.8596 -0.166208
      vertex 54.375 -42.8364 -0.497816
    endloop
  endfacet
  facet normal 1 0 0
    outer loop
      vertex 19.0422 -42.8596 0.166208
      vertex 19.0422 -38.1078 -0.223721
      vertex 19.0422 -38.1078 0.223721
    endloop
  endfacet
  facet normal 1 0 0
    outer loop
      vertex 19.0422 -42.8596 0.166208
      vertex 19.0422 -38.1078 0.223721
      vertex 19.0422 -42.8364 0.497816
    endloop
  endfacet
  facet normal 0 0.997562 -0.0697915
    outer loop
      vertex 19.0422 -42.8596 0.166208
      vertex 19.0422 -42.8364 0.497816
      vertex 54.375 -42.8596 0.166208
    endloop
  endfacet
  facet normal 0 1 0
    outer loop
      vertex 19.0422 -42.8596 0.166208
      vertex 54.375 -42.8596 0.166208
      vertex 54.375 -42.8596 -0.166208
    endloop
  endfacet
  facet normal -0.999392 0 0.0348748
    outer loop
      vertex 19.0442 -33.3404 -0.166208
      vertex 19.05 -33.3404 0
      vertex 19.05 0 0
    endloop
  endfacet
  facet normal 0 -1 0
    outer loop
      vertex 19.0442 -33.3404 -0.166208
      vertex 54.375 -33.3404 -0.166208
      vertex 19.05 -33.3404 0
    endloop
  endfacet
  facet normal 0 -1 0
    outer loop
      vertex 19.0442 -33.3404 0.166208
      vertex 19.05 -33.3404 0
      vertex 54.375 -33.3404 0.166208
    endloop
  endfacet
  facet normal -0.999392 0 -0.0348748
    outer loop
      vertex 19.0442 -33.3404 0.166208
      vertex 19.05 0 0
      vertex 19.05 -33.3404 0
    endloop
  endfacet
  facet normal 0 -0.997562 -0.0697915
    outer loop
      vertex 19.0442 -33.3404 0.166208
      vertex 54.375 -33.3404 0.166208
      vertex 54.375 -33.3636 0.497816
    endloop
  endfacet
  facet normal 0 -1 0
    outer loop
      vertex 19.05 -33.3404 0
      vertex 54.375 -33.3404 -0.166208
      vertex 54.375 -33.3404 0.166208
    endloop
  endfacet
  facet normal 0 1 0
    outer loop
      vertex 19.05 0 0
      vertex 54.375 0 22.225
      vertex 54.375 0 -22.225
    endloop
  endfacet
  facet normal 0.999392 0.0348625 0
    outer loop
      vertex 28.575 -19.05 -22.225
      vertex 28.575 -19.05 22.225
      vertex 28.5948 -19.6176 22.225
    endloop
  endfacet
  facet normal 0.999392 -0.0348625 0
    outer loop
      vertex 28.575 -19.05 -22.225
      vertex 28.5948 -18.4824 -22.225
      vertex 28.575 -19.05 22.225
    endloop
  endfacet
  facet normal 0.999392 0.0348625 0
    outer loop
      vertex 28.575 -19.05 -22.225
      vertex 28.5948 -19.6176 22.225
      vertex 28.5948 -19.6176 -22.225
    endloop
  endfacet
  facet normal 0.999392 -0.0348625 0
    outer loop
      vertex 28.575 -19.05 22.225
      vertex 28.5948 -18.4824 -22.225
      vertex 28.5948 -18.4824 22.225
    endloop
  endfacet
  facet normal 0.999392 0.0348625 0
    outer loop
      vertex 28.575 -57.15 -22.225
      vertex 28.575 -57.15 22.225
      vertex 28.5948 -57.7176 22.225
    endloop
  endfacet
  facet normal 0.999392 -0.0348625 0
    outer loop
      vertex 28.575 -57.15 -22.225
      vertex 28.5948 -56.5824 -22.225
      vertex 28.575 -57.15 22.225
    endloop
  endfacet
  facet normal 0.999392 0.0348625 0
    outer loop
      vertex 28.575 -57.15 -22.225
      vertex 28.5948 -57.7176 22.225
      vertex 28.5948 -57.7176 -22.225
    endloop
  endfacet
  facet normal 0.999392 -0.0348625 0
    outer loop
      vertex 28.575 -57.15 22.225
      vertex 28.5948 -56.5824 -22.225
      vertex 28.5948 -56.5824 22.225
    endloop
  endfacet
  facet normal 0.994517 -0.104575 0
    outer loop
      vertex 28.5948 -18.4824 -22.225
      vertex 28.6542 -17.9175 -22.225
      vertex 28.5948 -18.4824 22.225
    endloop
  endfacet
  facet normal 0.994517 -0.104575 0
    outer loop
      vertex 28.5948 -18.4824 22.225
      vertex 28.6542 -17.9175 -22.225
      vertex 28.6542 -17.9175 22.225
    endloop
  endfacet
  facet normal 0.994517 0.104575 0
    outer loop
      vertex 28.5948 -19.6176 -22.225
      vertex 28.5948 -19.6176 22.225
      vertex 28.6542 -20.1825 22.225
    endloop
  endfacet
  facet normal 0.994517 0.104575 0
    outer loop
      vertex 28.5948 -19.6176 -22.225
      vertex 28.6542 -20.1825 22.225
      vertex 28.6542 -20.1825 -22.225
    endloop
  endfacet
  facet normal 0.994517 -0.104575 0
    outer loop
      vertex 28.5948 -56.5824 -22.225
      vertex 28.6542 -56.0175 -22.225
      vertex 28.5948 -56.5824 22.225
    endloop
  endfacet
  facet normal 0.994517 -0.104575 0
    outer loop
      vertex 28.5948 -56.5824 22.225
      vertex 28.6542 -56.0175 -22.225
      vertex 28.6542 -56.0175 22.225
    endloop
  endfacet
  facet normal 0.994517 0.104575 0
    outer loop
      vertex 28.5948 -57.7176 -22.225
      vertex 28.5948 -57.7176 22.225
      vertex 28.6542 -58.2825 22.225
    endloop
  endfacet
  facet normal 0.994517 0.104575 0
    outer loop
      vertex 28.5948 -57.7176 -22.225
      vertex 28.6542 -58.2825 22.225
      vertex 28.6542 -58.2825 -22.225
    endloop
  endfacet
  facet normal 0.984819 -0.173584 0
    outer loop
      vertex 28.6542 -17.9175 -22.225
      vertex 28.7528 -17.3581 -22.225
      vertex 28.6542 -17.9175 22.225
    endloop
  endfacet
  facet normal 0.984819 -0.173584 0
    outer loop
      vertex 28.6542 -17.9175 22.225
      vertex 28.7528 -17.3581 -22.225
      vertex 28.7528 -17.3581 22.225
    endloop
  endfacet
  facet normal 0.984819 0.173584 0
    outer loop
      vertex 28.6542 -20.1825 -22.225
      vertex 28.6542 -20.1825 22.225
      vertex 28.7528 -20.7419 22.225
    endloop
  endfacet
  facet normal 0.984819 0.173584 0
    outer loop
      vertex 28.6542 -20.1825 -22.225
      vertex 28.7528 -20.7419 22.225
      vertex 28.7528 -20.7419 -22.225
    endloop
  endfacet
  facet normal 0.984819 -0.173584 0
    outer loop
      vertex 28.6542 -56.0175 -22.225
      vertex 28.7528 -55.4581 -22.225
      vertex 28.6542 -56.0175 22.225
    endloop
  endfacet
  facet normal 0.984819 -0.173584 0
    outer loop
      vertex 28.6542 -56.0175 22.225
      vertex 28.7528 -55.4581 -22.225
      vertex 28.7528 -55.4581 22.225
    endloop
  endfacet
  facet normal 0.984819 0.173584 0
    outer loop
      vertex 28.6542 -58.2825 -22.225
      vertex 28.6542 -58.2825 22.225
      vertex 28.7528 -58.8419 22.225
    endloop
  endfacet
  facet normal 0.984819 0.173584 0
    outer loop
      vertex 28.6542 -58.2825 -22.225
      vertex 28.7528 -58.8419 22.225
      vertex 28.7528 -58.8419 -22.225
    endloop
  endfacet
  facet normal 0.970298 -0.241914 0
    outer loop
      vertex 28.7528 -17.3581 -22.225
      vertex 28.8902 -16.807 -22.225
      vertex 28.7528 -17.3581 22.225
    endloop
  endfacet
  facet normal 0.970298 -0.241914 0
    outer loop
      vertex 28.7528 -17.3581 22.225
      vertex 28.8902 -16.807 -22.225
      vertex 28.8902 -16.807 22.225
    endloop
  endfacet
  facet normal 0.970298 0.241914 0
    outer loop
      vertex 28.7528 -20.7419 -22.225
      vertex 28.7528 -20.7419 22.225
      vertex 28.8902 -21.293 22.225
    endloop
  endfacet
  facet normal 0.970298 0.241914 0
    outer loop
      vertex 28.7528 -20.7419 -22.225
      vertex 28.8902 -21.293 22.225
      vertex 28.8902 -21.293 -22.225
    endloop
  endfacet
  facet normal 0.970298 -0.241914 0
    outer loop
      vertex 28.7528 -55.4581 -22.225
      vertex 28.8902 -54.907 -22.225
      vertex 28.7528 -55.4581 22.225
    endloop
  endfacet
  facet normal 0.970298 -0.241914 0
    outer loop
      vertex 28.7528 -55.4581 22.225
      vertex 28.8902 -54.907 -22.225
      vertex 28.8902 -54.907 22.225
    endloop
  endfacet
  facet normal 0.970298 0.241914 0
    outer loop
      vertex 28.7528 -58.8419 -22.225
      vertex 28.7528 -58.8419 22.225
      vertex 28.8902 -59.393 22.225
    endloop
  endfacet
  facet normal 0.970298 0.241914 0
    outer loop
      vertex 28.7528 -58.8419 -22.225
      vertex 28.8902 -59.393 22.225
      vertex 28.8902 -59.393 -22.225
    endloop
  endfacet
  facet normal 0.951016 -0.309142 0
    outer loop
      vertex 28.8902 -16.807 -22.225
      vertex 29.0658 -16.2668 -22.225
      vertex 28.8902 -16.807 22.225
    endloop
  endfacet
  facet normal 0.951016 -0.309142 0
    outer loop
      vertex 28.8902 -16.807 22.225
      vertex 29.0658 -16.2668 -22.225
      vertex 29.0658 -16.2668 22.225
    endloop
  endfacet
  facet normal 0.951016 0.309142 0
    outer loop
      vertex 28.8902 -21.293 -22.225
      vertex 28.8902 -21.293 22.225
      vertex 29.0658 -21.8332 22.225
    endloop
  endfacet
  facet normal 0.951016 0.309142 0
    outer loop
      vertex 28.8902 -21.293 -22.225
      vertex 29.0658 -21.8332 22.225
      vertex 29.0658 -21.8332 -22.225
    endloop
  endfacet
  facet normal 0.951016 -0.309142 0
    outer loop
      vertex 28.8902 -54.907 -22.225
      vertex 29.0658 -54.3668 -22.225
      vertex 28.8902 -54.907 22.225
    endloop
  endfacet
  facet normal 0.951016 -0.309142 0
    outer loop
      vertex 28.8902 -54.907 22.225
      vertex 29.0658 -54.3668 -22.225
      vertex 29.0658 -54.3668 22.225
    endloop
  endfacet
  facet normal 0.951016 0.309142 0
    outer loop
      vertex 28.8902 -59.393 -22.225
      vertex 28.8902 -59.393 22.225
      vertex 29.0658 -59.9332 22.225
    endloop
  endfacet
  facet normal 0.951016 0.309142 0
    outer loop
      vertex 28.8902 -59.393 -22.225
      vertex 29.0658 -59.9332 22.225
      vertex 29.0658 -59.9332 -22.225
    endloop
  endfacet
  facet normal 0.927221 -0.374515 0
    outer loop
      vertex 29.0658 -16.2668 -22.225
      vertex 29.2785 -15.7402 -22.225
      vertex 29.0658 -16.2668 22.225
    endloop
  endfacet
  facet normal 0.927221 -0.374515 0
    outer loop
      vertex 29.0658 -16.2668 22.225
      vertex 29.2785 -15.7402 -22.225
      vertex 29.2785 -15.7402 22.225
    endloop
  endfacet
  facet normal 0.927221 0.374515 0
    outer loop
      vertex 29.0658 -21.8332 -22.225
      vertex 29.0658 -21.8332 22.225
      vertex 29.2785 -22.3598 22.225
    endloop
  endfacet
  facet normal 0.927221 0.374515 0
    outer loop
      vertex 29.0658 -21.8332 -22.225
      vertex 29.2785 -22.3598 22.225
      vertex 29.2785 -22.3598 -22.225
    endloop
  endfacet
  facet normal 0.927221 -0.374515 0
    outer loop
      vertex 29.0658 -54.3668 -22.225
      vertex 29.2785 -53.8402 -22.225
      vertex 29.0658 -54.3668 22.225
    endloop
  endfacet
  facet normal 0.927221 -0.374515 0
    outer loop
      vertex 29.0658 -54.3668 22.225
      vertex 29.2785 -53.8402 -22.225
      vertex 29.2785 -53.8402 22.225
    endloop
  endfacet
  facet normal 0.927221 0.374515 0
    outer loop
      vertex 29.0658 -59.9332 -22.225
      vertex 29.0658 -59.9332 22.225
      vertex 29.2785 -60.4598 22.225
    endloop
  endfacet
  facet normal 0.927221 0.374515 0
    outer loop
      vertex 29.0658 -59.9332 -22.225
      vertex 29.2785 -60.4598 22.225
      vertex 29.2785 -60.4598 -22.225
    endloop
  endfacet
  facet normal 0.898785 -0.438389 0
    outer loop
      vertex 29.2785 -15.7402 -22.225
      vertex 29.5275 -15.2297 -22.225
      vertex 29.2785 -15.7402 22.225
    endloop
  endfacet
  facet normal 0.898785 -0.438389 0
    outer loop
      vertex 29.2785 -15.7402 22.225
      vertex 29.5275 -15.2297 -22.225
      vertex 29.5275 -15.2297 22.225
    endloop
  endfacet
  facet normal 0.898785 0.438389 0
    outer loop
      vertex 29.2785 -22.3598 -22.225
      vertex 29.2785 -22.3598 22.225
      vertex 29.5275 -22.8703 22.225
    endloop
  endfacet
  facet normal 0.898785 0.438389 0
    outer loop
      vertex 29.2785 -22.3598 -22.225
      vertex 29.5275 -22.8703 22.225
      vertex 29.5275 -22.8703 -22.225
    endloop
  endfacet
  facet normal 0 0 1
    outer loop
      vertex 29.2785 -22.3598 22.225
      vertex 29.5275 -53.3297 22.225
      vertex 29.5275 -22.8703 22.225
    endloop
  endfacet
  facet normal 0 0 -1
    outer loop
      vertex 29.2785 -53.8402 -22.225
      vertex 29.2785 -22.3598 -22.225
      vertex 29.5275 -22.8703 -22.225
    endloop
  endfacet
  facet normal 0 0 -1
    outer loop
      vertex 29.2785 -53.8402 -22.225
      vertex 29.5275 -22.8703 -22.225
      vertex 29.5275 -53.3297 -22.225
    endloop
  endfacet
  facet normal 0.898785 -0.438389 0
    outer loop
      vertex 29.2785 -53.8402 -22.225
      vertex 29.5275 -53.3297 -22.225
      vertex 29.2785 -53.8402 22.225
    endloop
  endfacet
  facet normal 0.898785 -0.438389 0
    outer loop
      vertex 29.2785 -53.8402 22.225
      vertex 29.5275 -53.3297 -22.225
      vertex 29.5275 -53.3297 22.225
    endloop
  endfacet
  facet normal 0 0 1
    outer loop
      vertex 29.2785 -53.8402 22.225
      vertex 29.5275 -53.3297 22.225
      vertex 29.2785 -22.3598 22.225
    endloop
  endfacet
  facet normal 0.898785 0.438389 0
    outer loop
      vertex 29.2785 -60.4598 -22.225
      vertex 29.2785 -60.4598 22.225
      vertex 29.5275 -60.9703 22.225
    endloop
  endfacet
  facet normal 0.898785 0.438389 0
    outer loop
      vertex 29.2785 -60.4598 -22.225
      vertex 29.5275 -60.9703 22.225
      vertex 29.5275 -60.9703 -22.225
    endloop
  endfacet
  facet normal 0.866024 -0.500002 0
    outer loop
      vertex 29.5275 -15.2297 -22.225
      vertex 29.8115 -14.7378 -22.225
      vertex 29.5275 -15.2297 22.225
    endloop
  endfacet
  facet normal 0.866024 -0.500002 0
    outer loop
      vertex 29.5275 -15.2297 22.225
      vertex 29.8115 -14.7378 -22.225
      vertex 29.8115 -14.7378 22.225
    endloop
  endfacet
  facet normal 0.866024 0.500002 0
    outer loop
      vertex 29.5275 -22.8703 -22.225
      vertex 29.5275 -22.8703 22.225
      vertex 29.8115 -23.3622 22.225
    endloop
  endfacet
  facet normal 0.866024 0.500002 0
    outer loop
      vertex 29.5275 -22.8703 -22.225
      vertex 29.8115 -23.3622 22.225
      vertex 29.8115 -23.3622 -22.225
    endloop
  endfacet
  facet normal 0 0 1
    outer loop
      vertex 29.5275 -22.8703 22.225
      vertex 29.8115 -52.8378 22.225
      vertex 29.8115 -23.3622 22.225
    endloop
  endfacet
  facet normal 0 0 -1
    outer loop
      vertex 29.5275 -53.3297 -22.225
      vertex 29.5275 -22.8703 -22.225
      vertex 29.8115 -23.3622 -22.225
    endloop
  endfacet
  facet normal 0 0 -1
    outer loop
      vertex 29.5275 -53.3297 -22.225
      vertex 29.8115 -23.3622 -22.225
      vertex 29.8115 -52.8378 -22.225
    endloop
  endfacet
  facet normal 0.866024 -0.500002 0
    outer loop
      vertex 29.5275 -53.3297 -22.225
      vertex 29.8115 -52.8378 -22.225
      vertex 29.5275 -53.3297 22.225
    endloop
  endfacet
  facet normal 0.866024 -0.500002 0
    outer loop
      vertex 29.5275 -53.3297 22.225
      vertex 29.8115 -52.8378 -22.225
      vertex 29.8115 -52.8378 22.225
    endloop
  endfacet
  facet normal 0 0 1
    outer loop
      vertex 29.5275 -53.3297 22.225
      vertex 29.8115 -52.8378 22.225
      vertex 29.5275 -22.8703 22.225
    endloop
  endfacet
  facet normal 0.866024 0.500002 0
    outer loop
      vertex 29.5275 -60.9703 -22.225
      vertex 29.5275 -60.9703 22.225
      vertex 29.8115 -61.4622 22.225
    endloop
  endfacet
  facet normal 0.866024 0.500002 0
    outer loop
      vertex 29.5275 -60.9703 -22.225
      vertex 29.8115 -61.4622 22.225
      vertex 29.8115 -61.4622 -22.225
    endloop
  endfacet
  facet normal 0.829059 -0.559161 0
    outer loop
      vertex 29.8115 -14.7378 -22.225
      vertex 30.1291 -14.2669 -22.225
      vertex 29.8115 -14.7378 22.225
    endloop
  endfacet
  facet normal 0.829059 -0.559161 0
    outer loop
      vertex 29.8115 -14.7378 22.225
      vertex 30.1291 -14.2669 -22.225
      vertex 30.1291 -14.2669 22.225
    endloop
  endfacet
  facet normal 0.829059 0.559161 0
    outer loop
      vertex 29.8115 -23.3622 -22.225
      vertex 29.8115 -23.3622 22.225
      vertex 30.1291 -23.8331 22.225
    endloop
  endfacet
  facet normal 0.829059 0.559161 0
    outer loop
      vertex 29.8115 -23.3622 -22.225
      vertex 30.1291 -23.8331 22.225
      vertex 30.1291 -23.8331 -22.225
    endloop
  endfacet
  facet normal 0 0 1
    outer loop
      vertex 29.8115 -23.3622 22.225
      vertex 30.1291 -52.3669 22.225
      vertex 30.1291 -23.8331 22.225
    endloop
  endfacet
  facet normal 0 0 -1
    outer loop
      vertex 29.8115 -52.8378 -22.225
      vertex 29.8115 -23.3622 -22.225
      vertex 30.1291 -23.8331 -22.225
    endloop
  endfacet
  facet normal 0 0 -1
    outer loop
      vertex 29.8115 -52.8378 -22.225
      vertex 30.1291 -23.8331 -22.225
      vertex 30.1291 -52.3669 -22.225
    endloop
  endfacet
  facet normal 0.829059 -0.559161 0
    outer loop
      vertex 29.8115 -52.8378 -22.225
      vertex 30.1291 -52.3669 -22.225
      vertex 29.8115 -52.8378 22.225
    endloop
  endfacet
  facet normal 0.829059 -0.559161 0
    outer loop
      vertex 29.8115 -52.8378 22.225
      vertex 30.1291 -52.3669 -22.225
      vertex 30.1291 -52.3669 22.225
    endloop
  endfacet
  facet normal 0 0 1
    outer loop
      vertex 29.8115 -52.8378 22.225
      vertex 30.1291 -52.3669 22.225
      vertex 29.8115 -23.3622 22.225
    endloop
  endfacet
  facet normal 0.829059 0.559161 0
    outer loop
      vertex 29.8115 -61.4622 -22.225
      vertex 29.8115 -61.4622 22.225
      vertex 30.1291 -61.9331 22.225
    endloop
  endfacet
  facet normal 0.829059 0.559161 0
    outer loop
      vertex 29.8115 -61.4622 -22.225
      vertex 30.1291 -61.9331 22.225
      vertex 30.1291 -61.9331 -22.225
    endloop
  endfacet
  facet normal -0.207945 0 0.97814
    outer loop
      vertex 3.308 -38.1078 -18.7606
      vertex 4.60861 -38.1078 -18.4841
      vertex 3.308 0 -18.7606
    endloop
  endfacet
  facet normal -0.207945 0 -0.97814
    outer loop
      vertex 3.308 -38.1078 18.7606
      vertex 3.308 0 18.7606
      vertex 4.60861 0 18.4841
    endloop
  endfacet
  facet normal -0.207945 0 -0.97814
    outer loop
      vertex 3.308 -38.1078 18.7606
      vertex 4.60861 0 18.4841
      vertex 4.60861 -38.1078 18.4841
    endloop
  endfacet
  facet normal -0.207945 0 0.97814
    outer loop
      vertex 3.308 0 -18.7606
      vertex 4.60861 -38.1078 -18.4841
      vertex 4.60861 0 -18.4841
    endloop
  endfacet
  facet normal 0.788014 -0.615658 0
    outer loop
      vertex 30.1291 -14.2669 -22.225
      vertex 30.4788 -13.8193 -22.225
      vertex 30.1291 -14.2669 22.225
    endloop
  endfacet
  facet normal 0.788014 -0.615658 0
    outer loop
      vertex 30.1291 -14.2669 22.225
      vertex 30.4788 -13.8193 -22.225
      vertex 30.4788 -13.8193 22.225
    endloop
  endfacet
  facet normal 0.788014 0.615658 0
    outer loop
      vertex 30.1291 -23.8331 -22.225
      vertex 30.1291 -23.8331 22.225
      vertex 30.4788 -24.2807 22.225
    endloop
  endfacet
  facet normal 0.788014 0.615658 0
    outer loop
      vertex 30.1291 -23.8331 -22.225
      vertex 30.4788 -24.2807 22.225
      vertex 30.4788 -24.2807 -22.225
    endloop
  endfacet
  facet normal 0 0 1
    outer loop
      vertex 30.1291 -23.8331 22.225
      vertex 30.4788 -51.9193 22.225
      vertex 30.4788 -24.2807 22.225
    endloop
  endfacet
  facet normal 0 0 -1
    outer loop
      vertex 30.1291 -52.3669 -22.225
      vertex 30.1291 -23.8331 -22.225
      vertex 30.4788 -24.2807 -22.225
    endloop
  endfacet
  facet normal 0 0 -1
    outer loop
      vertex 30.1291 -52.3669 -22.225
      vertex 30.4788 -24.2807 -22.225
      vertex 30.4788 -51.9193 -22.225
    endloop
  endfacet
  facet normal 0.788014 -0.615658 0
    outer loop
      vertex 30.1291 -52.3669 -22.225
      vertex 30.4788 -51.9193 -22.225
      vertex 30.1291 -52.3669 22.225
    endloop
  endfacet
  facet normal 0.788014 -0.615658 0
    outer loop
      vertex 30.1291 -52.3669 22.225
      vertex 30.4788 -51.9193 -22.225
      vertex 30.4788 -51.9193 22.225
    endloop
  endfacet
  facet normal 0 0 1
    outer loop
      vertex 30.1291 -52.3669 22.225
      vertex 30.4788 -51.9193 22.225
      vertex 30.1291 -23.8331 22.225
    endloop
  endfacet
  facet normal 0.788014 0.615658 0
    outer loop
      vertex 30.1291 -61.9331 -22.225
      vertex 30.1291 -61.9331 22.225
      vertex 30.4788 -62.3807 22.225
    endloop
  endfacet
  facet normal 0.788014 0.615658 0
    outer loop
      vertex 30.1291 -61.9331 -22.225
      vertex 30.4788 -62.3807 22.225
      vertex 30.4788 -62.3807 -22.225
    endloop
  endfacet
  facet normal 0.74311 -0.669169 0
    outer loop
      vertex 30.4788 -13.8193 -22.225
      vertex 30.8589 -13.3972 -22.225
      vertex 30.4788 -13.8193 22.225
    endloop
  endfacet
  facet normal 0.74311 -0.669169 0
    outer loop
      vertex 30.4788 -13.8193 22.225
      vertex 30.8589 -13.3972 -22.225
      vertex 30.8589 -13.3972 22.225
    endloop
  endfacet
  facet normal 0.74311 0.669169 0
    outer loop
      vertex 30.4788 -24.2807 -22.225
      vertex 30.4788 -24.2807 22.225
      vertex 30.8589 -24.7028 22.225
    endloop
  endfacet
  facet normal 0.74311 0.669169 0
    outer loop
      vertex 30.4788 -24.2807 -22.225
      vertex 30.8589 -24.7028 22.225
      vertex 30.8589 -24.7028 -22.225
    endloop
  endfacet
  facet normal 0 0 1
    outer loop
      vertex 30.4788 -24.2807 22.225
      vertex 30.8589 -51.4972 22.225
      vertex 30.8589 -24.7028 22.225
    endloop
  endfacet
  facet normal 0 0 -1
    outer loop
      vertex 30.4788 -51.9193 -22.225
      vertex 30.4788 -24.2807 -22.225
      vertex 30.8589 -24.7028 -22.225
    endloop
  endfacet
  facet normal 0 0 -1
    outer loop
      vertex 30.4788 -51.9193 -22.225
      vertex 30.8589 -24.7028 -22.225
      vertex 30.8589 -51.4972 -22.225
    endloop
  endfacet
  facet normal 0.74311 -0.669169 0
    outer loop
      vertex 30.4788 -51.9193 -22.225
      vertex 30.8589 -51.4972 -22.225
      vertex 30.4788 -51.9193 22.225
    endloop
  endfacet
  facet normal 0.74311 -0.669169 0
    outer loop
      vertex 30.4788 -51.9193 22.225
      vertex 30.8589 -51.4972 -22.225
      vertex 30.8589 -51.4972 22.225
    endloop
  endfacet
  facet normal 0 0 1
    outer loop
      vertex 30.4788 -51.9193 22.225
      vertex 30.8589 -51.4972 22.225
      vertex 30.4788 -24.2807 22.225
    endloop
  endfacet
  facet normal 0.74311 0.669169 0
    outer loop
      vertex 30.4788 -62.3807 -22.225
      vertex 30.4788 -62.3807 22.225
      vertex 30.8589 -62.8028 22.225
    endloop
  endfacet
  facet normal 0.74311 0.669169 0
    outer loop
      vertex 30.4788 -62.3807 -22.225
      vertex 30.8589 -62.8028 22.225
      vertex 30.8589 -62.8028 -22.225
    endloop
  endfacet
  facet normal 0.694673 -0.719326 0
    outer loop
      vertex 30.8589 -13.3972 -22.225
      vertex 31.2674 -13.0027 -22.225
      vertex 31.2674 -13.0027 22.225
    endloop
  endfacet
  facet normal 0.694673 -0.719326 0
    outer loop
      vertex 30.8589 -13.3972 -22.225
      vertex 31.2674 -13.0027 22.225
      vertex 30.8589 -13.3972 22.225
    endloop
  endfacet
  facet normal 0.694673 0.719326 0
    outer loop
      vertex 30.8589 -24.7028 -22.225
      vertex 30.8589 -24.7028 22.225
      vertex 31.2674 -25.0973 -22.225
    endloop
  endfacet
  facet normal 0.694673 0.719326 0
    outer loop
      vertex 30.8589 -24.7028 22.225
      vertex 31.2674 -25.0973 22.225
      vertex 31.2674 -25.0973 -22.225
    endloop
  endfacet
  facet normal 0 0 1
    outer loop
      vertex 30.8589 -24.7028 22.225
      vertex 31.2674 -51.1027 22.225
      vertex 31.2674 -25.0973 22.225
    endloop
  endfacet
  facet normal 0 0 -1
    outer loop
      vertex 30.8589 -51.4972 -22.225
      vertex 30.8589 -24.7028 -22.225
      vertex 31.2674 -25.0973 -22.225
    endloop
  endfacet
  facet normal 0 0 -1
    outer loop
      vertex 30.8589 -51.4972 -22.225
      vertex 31.2674 -25.0973 -22.225
      vertex 31.2674 -51.1027 -22.225
    endloop
  endfacet
  facet normal 0.694673 -0.719326 0
    outer loop
      vertex 30.8589 -51.4972 -22.225
      vertex 31.2674 -51.1027 -22.225
      vertex 31.2674 -51.1027 22.225
    endloop
  endfacet
  facet normal 0.694673 -0.719326 0
    outer loop
      vertex 30.8589 -51.4972 -22.225
      vertex 31.2674 -51.1027 22.225
      vertex 30.8589 -51.4972 22.225
    endloop
  endfacet
  facet normal 0 0 1
    outer loop
      vertex 30.8589 -51.4972 22.225
      vertex 31.2674 -51.1027 22.225
      vertex 30.8589 -24.7028 22.225
    endloop
  endfacet
  facet normal 0.694673 0.719326 0
    outer loop
      vertex 30.8589 -62.8028 -22.225
      vertex 30.8589 -62.8028 22.225
      vertex 31.2674 -63.1973 -22.225
    endloop
  endfacet
  facet normal 0.694673 0.719326 0
    outer loop
      vertex 30.8589 -62.8028 22.225
      vertex 31.2674 -63.1973 22.225
      vertex 31.2674 -63.1973 -22.225
    endloop
  endfacet
  facet normal 0.642709 -0.76611 0
    outer loop
      vertex 31.2674 -13.0027 -22.225
      vertex 31.7026 -12.6376 -22.225
      vertex 31.7026 -12.6376 22.225
    endloop
  endfacet
  facet normal 0.642709 -0.76611 0
    outer loop
      vertex 31.2674 -13.0027 -22.225
      vertex 31.7026 -12.6376 22.225
      vertex 31.2674 -13.0027 22.225
    endloop
  endfacet
  facet normal 0.642709 0.76611 0
    outer loop
      vertex 31.2674 -25.0973 -22.225
      vertex 31.2674 -25.0973 22.225
      vertex 31.7026 -25.4624 -22.225
    endloop
  endfacet
  facet normal 0.642709 0.76611 0
    outer loop
      vertex 31.2674 -25.0973 22.225
      vertex 31.7026 -25.4624 22.225
      vertex 31.7026 -25.4624 -22.225
    endloop
  endfacet
  facet normal 0 0 1
    outer loop
      vertex 31.2674 -25.0973 22.225
      vertex 31.7026 -50.7376 22.225
      vertex 31.7026 -25.4624 22.225
    endloop
  endfacet
  facet normal 0 0 -1
    outer loop
      vertex 31.2674 -51.1027 -22.225
      vertex 31.2674 -25.0973 -22.225
      vertex 31.7026 -25.4624 -22.225
    endloop
  endfacet
  facet normal 0 0 -1
    outer loop
      vertex 31.2674 -51.1027 -22.225
      vertex 31.7026 -25.4624 -22.225
      vertex 31.7026 -50.7376 -22.225
    endloop
  endfacet
  facet normal 0.642709 -0.76611 0
    outer loop
      vertex 31.2674 -51.1027 -22.225
      vertex 31.7026 -50.7376 -22.225
      vertex 31.7026 -50.7376 22.225
    endloop
  endfacet
  facet normal 0.642709 -0.76611 0
    outer loop
      vertex 31.2674 -51.1027 -22.225
      vertex 31.7026 -50.7376 22.225
      vertex 31.2674 -51.1027 22.225
    endloop
  endfacet
  facet normal 0 0 1
    outer loop
      vertex 31.2674 -51.1027 22.225
      vertex 31.7026 -50.7376 22.225
      vertex 31.2674 -25.0973 22.225
    endloop
  endfacet
  facet normal 0.642709 0.76611 0
    outer loop
      vertex 31.2674 -63.1973 -22.225
      vertex 31.2674 -63.1973 22.225
      vertex 31.7026 -63.5624 -22.225
    endloop
  endfacet
  facet normal 0.642709 0.76611 0
    outer loop
      vertex 31.2674 -63.1973 22.225
      vertex 31.7026 -63.5624 22.225
      vertex 31.7026 -63.5624 -22.225
    endloop
  endfacet
  facet normal 0.587847 -0.808972 0
    outer loop
      vertex 31.7026 -12.6376 -22.225
      vertex 32.1621 -12.3037 -22.225
      vertex 32.1621 -12.3037 22.225
    endloop
  endfacet
  facet normal 0.587847 -0.808972 0
    outer loop
      vertex 31.7026 -12.6376 -22.225
      vertex 32.1621 -12.3037 22.225
      vertex 31.7026 -12.6376 22.225
    endloop
  endfacet
  facet normal 0.587847 0.808972 0
    outer loop
      vertex 31.7026 -25.4624 -22.225
      vertex 31.7026 -25.4624 22.225
      vertex 32.1621 -25.7963 -22.225
    endloop
  endfacet
  facet normal 0.587847 0.808972 0
    outer loop
      vertex 31.7026 -25.4624 22.225
      vertex 32.1621 -25.7963 22.225
      vertex 32.1621 -25.7963 -22.225
    endloop
  endfacet
  facet normal 0 0 1
    outer loop
      vertex 31.7026 -25.4624 22.225
      vertex 32.1621 -50.4037 22.225
      vertex 32.1621 -25.7963 22.225
    endloop
  endfacet
  facet normal 0 0 -1
    outer loop
      vertex 31.7026 -50.7376 -22.225
      vertex 31.7026 -25.4624 -22.225
      vertex 32.1621 -25.7963 -22.225
    endloop
  endfacet
  facet normal 0 0 -1
    outer loop
      vertex 31.7026 -50.7376 -22.225
      vertex 32.1621 -25.7963 -22.225
      vertex 32.1621 -50.4037 -22.225
    endloop
  endfacet
  facet normal 0.587847 -0.808972 0
    outer loop
      vertex 31.7026 -50.7376 -22.225
      vertex 32.1621 -50.4037 -22.225
      vertex 32.1621 -50.4037 22.225
    endloop
  endfacet
  facet normal 0.587847 -0.808972 0
    outer loop
      vertex 31.7026 -50.7376 -22.225
      vertex 32.1621 -50.4037 22.225
      vertex 31.7026 -50.7376 22.225
    endloop
  endfacet
  facet normal 0 0 1
    outer loop
      vertex 31.7026 -50.7376 22.225
      vertex 32.1621 -50.4037 22.225
      vertex 31.7026 -25.4624 22.225
    endloop
  endfacet
  facet normal 0.587847 0.808972 0
    outer loop
      vertex 31.7026 -63.5624 -22.225
      vertex 31.7026 -63.5624 22.225
      vertex 32.1621 -63.8963 -22.225
    endloop
  endfacet
  facet normal 0.587847 0.808972 0
    outer loop
      vertex 31.7026 -63.5624 22.225
      vertex 32.1621 -63.8963 22.225
      vertex 32.1621 -63.8963 -22.225
    endloop
  endfacet
  facet normal 0.529999 -0.847998 0
    outer loop
      vertex 32.1621 -12.3037 -22.225
      vertex 32.6437 -12.0027 -22.225
      vertex 32.6437 -12.0027 22.225
    endloop
  endfacet
  facet normal 0.529999 -0.847998 0
    outer loop
      vertex 32.1621 -12.3037 -22.225
      vertex 32.6437 -12.0027 22.225
      vertex 32.1621 -12.3037 22.225
    endloop
  endfacet
  facet normal 0.529999 0.847998 0
    outer loop
      vertex 32.1621 -25.7963 -22.225
      vertex 32.1621 -25.7963 22.225
      vertex 32.6437 -26.0973 -22.225
    endloop
  endfacet
  facet normal 0.529999 0.847998 0
    outer loop
      vertex 32.1621 -25.7963 22.225
      vertex 32.6437 -26.0973 22.225
      vertex 32.6437 -26.0973 -22.225
    endloop
  endfacet
  facet normal 0 0 1
    outer loop
      vertex 32.1621 -25.7963 22.225
      vertex 32.6437 -50.1027 22.225
      vertex 32.6437 -26.0973 22.225
    endloop
  endfacet
  facet normal 0 0 -1
    outer loop
      vertex 32.1621 -50.4037 -22.225
      vertex 32.1621 -25.7963 -22.225
      vertex 32.6437 -26.0973 -22.225
    endloop
  endfacet
  facet normal 0 0 -1
    outer loop
      vertex 32.1621 -50.4037 -22.225
      vertex 32.6437 -26.0973 -22.225
      vertex 32.6437 -50.1027 -22.225
    endloop
  endfacet
  facet normal 0.529999 -0.847998 0
    outer loop
      vertex 32.1621 -50.4037 -22.225
      vertex 32.6437 -50.1027 -22.225
      vertex 32.6437 -50.1027 22.225
    endloop
  endfacet
  facet normal 0.529999 -0.847998 0
    outer loop
      vertex 32.1621 -50.4037 -22.225
      vertex 32.6437 -50.1027 22.225
      vertex 32.1621 -50.4037 22.225
    endloop
  endfacet
  facet normal 0 0 1
    outer loop
      vertex 32.1621 -50.4037 22.225
      vertex 32.6437 -50.1027 22.225
      vertex 32.1621 -25.7963 22.225
    endloop
  endfacet
  facet normal 0.529999 0.847998 0
    outer loop
      vertex 32.1621 -63.8963 -22.225
      vertex 32.1621 -63.8963 22.225
      vertex 32.6437 -64.1973 -22.225
    endloop
  endfacet
  facet normal 0.529999 0.847998 0
    outer loop
      vertex 32.1621 -63.8963 22.225
      vertex 32.6437 -64.1973 22.225
      vertex 32.6437 -64.1973 -22.225
    endloop
  endfacet
  facet normal 0.469327 -0.883025 0
    outer loop
      vertex 32.6437 -12.0027 -22.225
      vertex 33.1453 -11.7361 -22.225
      vertex 33.1453 -11.7361 22.225
    endloop
  endfacet
  facet normal 0.469327 -0.883025 0
    outer loop
      vertex 32.6437 -12.0027 -22.225
      vertex 33.1453 -11.7361 22.225
      vertex 32.6437 -12.0027 22.225
    endloop
  endfacet
  facet normal 0.469327 0.883025 0
    outer loop
      vertex 32.6437 -26.0973 -22.225
      vertex 32.6437 -26.0973 22.225
      vertex 33.1453 -26.3639 -22.225
    endloop
  endfacet
  facet normal 0.469327 0.883025 0
    outer loop
      vertex 32.6437 -26.0973 22.225
      vertex 33.1453 -26.3639 22.225
      vertex 33.1453 -26.3639 -22.225
    endloop
  endfacet
  facet normal 0 0 1
    outer loop
      vertex 32.6437 -26.0973 22.225
      vertex 33.1453 -49.8361 22.225
      vertex 33.1453 -26.3639 22.225
    endloop
  endfacet
  facet normal 0 0 -1
    outer loop
      vertex 32.6437 -50.1027 -22.225
      vertex 32.6437 -26.0973 -22.225
      vertex 33.1453 -26.3639 -22.225
    endloop
  endfacet
  facet normal 0 0 -1
    outer loop
      vertex 32.6437 -50.1027 -22.225
      vertex 33.1453 -26.3639 -22.225
      vertex 33.1453 -49.8361 -22.225
    endloop
  endfacet
  facet normal 0.469327 -0.883025 0
    outer loop
      vertex 32.6437 -50.1027 -22.225
      vertex 33.1453 -49.8361 -22.225
      vertex 33.1453 -49.8361 22.225
    endloop
  endfacet
  facet normal 0.469327 -0.883025 0
    outer loop
      vertex 32.6437 -50.1027 -22.225
      vertex 33.1453 -49.8361 22.225
      vertex 32.6437 -50.1027 22.225
    endloop
  endfacet
  facet normal 0 0 1
    outer loop
      vertex 32.6437 -50.1027 22.225
      vertex 33.1453 -49.8361 22.225
      vertex 32.6437 -26.0973 22.225
    endloop
  endfacet
  facet normal 0.469327 0.883025 0
    outer loop
      vertex 32.6437 -64.1973 -22.225
      vertex 32.6437 -64.1973 22.225
      vertex 33.1453 -64.4639 -22.225
    endloop
  endfacet
  facet normal 0.469327 0.883025 0
    outer loop
      vertex 32.6437 -64.1973 22.225
      vertex 33.1453 -64.4639 22.225
      vertex 33.1453 -64.4639 -22.225
    endloop
  endfacet
  facet normal 0.406906 -0.91347 0
    outer loop
      vertex 33.1453 -11.7361 -22.225
      vertex 33.6641 -11.505 -22.225
      vertex 33.6641 -11.505 22.225
    endloop
  endfacet
  facet normal 0.406906 -0.91347 0
    outer loop
      vertex 33.1453 -11.7361 -22.225
      vertex 33.6641 -11.505 22.225
      vertex 33.1453 -11.7361 22.225
    endloop
  endfacet
  facet normal 0.406906 0.91347 0
    outer loop
      vertex 33.1453 -26.3639 -22.225
      vertex 33.1453 -26.3639 22.225
      vertex 33.6641 -26.595 -22.225
    endloop
  endfacet
  facet normal 0.406906 0.91347 0
    outer loop
      vertex 33.1453 -26.3639 22.225
      vertex 33.6641 -26.595 22.225
      vertex 33.6641 -26.595 -22.225
    endloop
  endfacet
  facet normal 0 0 1
    outer loop
      vertex 33.1453 -26.3639 22.225
      vertex 33.6641 -49.605 22.225
      vertex 33.6641 -26.595 22.225
    endloop
  endfacet
  facet normal 0 0 -1
    outer loop
      vertex 33.1453 -49.8361 -22.225
      vertex 33.1453 -26.3639 -22.225
      vertex 33.6641 -26.595 -22.225
    endloop
  endfacet
  facet normal 0 0 -1
    outer loop
      vertex 33.1453 -49.8361 -22.225
      vertex 33.6641 -26.595 -22.225
      vertex 33.6641 -49.605 -22.225
    endloop
  endfacet
  facet normal 0.406906 -0.91347 0
    outer loop
      vertex 33.1453 -49.8361 -22.225
      vertex 33.6641 -49.605 -22.225
      vertex 33.6641 -49.605 22.225
    endloop
  endfacet
  facet normal 0.406906 -0.91347 0
    outer loop
      vertex 33.1453 -49.8361 -22.225
      vertex 33.6641 -49.605 22.225
      vertex 33.1453 -49.8361 22.225
    endloop
  endfacet
  facet normal 0 0 1
    outer loop
      vertex 33.1453 -49.8361 22.225
      vertex 33.6641 -49.605 22.225
      vertex 33.1453 -26.3639 22.225
    endloop
  endfacet
  facet normal 0.406906 0.91347 0
    outer loop
      vertex 33.1453 -64.4639 -22.225
      vertex 33.1453 -64.4639 22.225
      vertex 33.6641 -64.695 -22.225
    endloop
  endfacet
  facet normal 0.406906 0.91347 0
    outer loop
      vertex 33.1453 -64.4639 22.225
      vertex 33.6641 -64.695 22.225
      vertex 33.6641 -64.695 -22.225
    endloop
  endfacet
  facet normal 0.341884 -0.939742 0
    outer loop
      vertex 33.6641 -11.505 -22.225
      vertex 34.1979 -11.3108 -22.225
      vertex 34.1979 -11.3108 22.225
    endloop
  endfacet
  facet normal 0.341884 -0.939742 0
    outer loop
      vertex 33.6641 -11.505 -22.225
      vertex 34.1979 -11.3108 22.225
      vertex 33.6641 -11.505 22.225
    endloop
  endfacet
  facet normal 0.341884 0.939742 0
    outer loop
      vertex 33.6641 -26.595 -22.225
      vertex 33.6641 -26.595 22.225
      vertex 34.1979 -26.7892 -22.225
    endloop
  endfacet
  facet normal 0.341884 0.939742 0
    outer loop
      vertex 33.6641 -26.595 22.225
      vertex 34.1979 -26.7892 22.225
      vertex 34.1979 -26.7892 -22.225
    endloop
  endfacet
  facet normal 0 0 1
    outer loop
      vertex 33.6641 -26.595 22.225
      vertex 34.1979 -49.4108 22.225
      vertex 34.1979 -26.7892 22.225
    endloop
  endfacet
  facet normal 0 0 -1
    outer loop
      vertex 33.6641 -49.605 -22.225
      vertex 33.6641 -26.595 -22.225
      vertex 34.1979 -26.7892 -22.225
    endloop
  endfacet
  facet normal 0 0 -1
    outer loop
      vertex 33.6641 -49.605 -22.225
      vertex 34.1979 -26.7892 -22.225
      vertex 34.1979 -49.4108 -22.225
    endloop
  endfacet
  facet normal 0.341884 -0.939742 0
    outer loop
      vertex 33.6641 -49.605 -22.225
      vertex 34.1979 -49.4108 -22.225
      vertex 34.1979 -49.4108 22.225
    endloop
  endfacet
  facet normal 0.341884 -0.939742 0
    outer loop
      vertex 33.6641 -49.605 -22.225
      vertex 34.1979 -49.4108 22.225
      vertex 33.6641 -49.605 22.225
    endloop
  endfacet
  facet normal 0 0 1
    outer loop
      vertex 33.6641 -49.605 22.225
      vertex 34.1979 -49.4108 22.225
      vertex 33.6641 -26.595 22.225
    endloop
  endfacet
  facet normal 0.341884 0.939742 0
    outer loop
      vertex 33.6641 -64.695 -22.225
      vertex 33.6641 -64.695 22.225
      vertex 34.1979 -64.8892 -22.225
    endloop
  endfacet
  facet normal 0.341884 0.939742 0
    outer loop
      vertex 33.6641 -64.695 22.225
      vertex 34.1979 -64.8892 22.225
      vertex 34.1979 -64.8892 -22.225
    endloop
  endfacet
  facet normal 0.275698 -0.961244 0
    outer loop
      vertex 34.1979 -11.3108 -22.225
      vertex 34.7439 -11.1542 -22.225
      vertex 34.7439 -11.1542 22.225
    endloop
  endfacet
  facet normal 0.275698 -0.961244 0
    outer loop
      vertex 34.1979 -11.3108 -22.225
      vertex 34.7439 -11.1542 22.225
      vertex 34.1979 -11.3108 22.225
    endloop
  endfacet
  facet normal 0.275698 0.961244 0
    outer loop
      vertex 34.1979 -26.7892 -22.225
      vertex 34.1979 -26.7892 22.225
      vertex 34.7439 -26.9458 -22.225
    endloop
  endfacet
  facet normal 0.275698 0.961244 0
    outer loop
      vertex 34.1979 -26.7892 22.225
      vertex 34.7439 -26.9458 22.225
      vertex 34.7439 -26.9458 -22.225
    endloop
  endfacet
  facet normal 0 0 1
    outer loop
      vertex 34.1979 -26.7892 22.225
      vertex 34.7439 -49.2542 22.225
      vertex 34.7439 -26.9458 22.225
    endloop
  endfacet
  facet normal 0 0 -1
    outer loop
      vertex 34.1979 -49.4108 -22.225
      vertex 34.1979 -26.7892 -22.225
      vertex 34.7439 -26.9458 -22.225
    endloop
  endfacet
  facet normal 0 0 -1
    outer loop
      vertex 34.1979 -49.4108 -22.225
      vertex 34.7439 -26.9458 -22.225
      vertex 34.7439 -49.2542 -22.225
    endloop
  endfacet
  facet normal 0.275698 -0.961244 0
    outer loop
      vertex 34.1979 -49.4108 -22.225
      vertex 34.7439 -49.2542 -22.225
      vertex 34.7439 -49.2542 22.225
    endloop
  endfacet
  facet normal 0.275698 -0.961244 0
    outer loop
      vertex 34.1979 -49.4108 -22.225
      vertex 34.7439 -49.2542 22.225
      vertex 34.1979 -49.4108 22.225
    endloop
  endfacet
  facet normal 0 0 1
    outer loop
      vertex 34.1979 -49.4108 22.225
      vertex 34.7439 -49.2542 22.225
      vertex 34.1979 -26.7892 22.225
    endloop
  endfacet
  facet normal 0.275698 0.961244 0
    outer loop
      vertex 34.1979 -64.8892 -22.225
      vertex 34.1979 -64.8892 22.225
      vertex 34.7439 -65.0458 -22.225
    endloop
  endfacet
  facet normal 0.275698 0.961244 0
    outer loop
      vertex 34.1979 -64.8892 22.225
      vertex 34.7439 -65.0458 22.225
      vertex 34.7439 -65.0458 -22.225
    endloop
  endfacet
  facet normal 0.207954 -0.978139 0
    outer loop
      vertex 34.7439 -11.1542 -22.225
      vertex 35.2994 -11.0361 -22.225
      vertex 35.2994 -11.0361 22.225
    endloop
  endfacet
  facet normal 0.207954 -0.978139 0
    outer loop
      vertex 34.7439 -11.1542 -22.225
      vertex 35.2994 -11.0361 22.225
      vertex 34.7439 -11.1542 22.225
    endloop
  endfacet
  facet normal 0 0 -1
    outer loop
      vertex 34.7439 -11.1542 -22.225
      vertex 54.375 0 -22.225
      vertex 35.2994 -11.0361 -22.225
    endloop
  endfacet
  facet normal 0 0 1
    outer loop
      vertex 34.7439 -11.1542 22.225
      vertex 35.2994 -11.0361 22.225
      vertex 54.375 0 22.225
    endloop
  endfacet
  facet normal 0.207954 0.978139 0
    outer loop
      vertex 34.7439 -26.9458 -22.225
      vertex 34.7439 -26.9458 22.225
      vertex 35.2994 -27.0639 -22.225
    endloop
  endfacet
  facet normal 0.207954 0.978139 0
    outer loop
      vertex 34.7439 -26.9458 22.225
      vertex 35.2994 -27.0639 22.225
      vertex 35.2994 -27.0639 -22.225
    endloop
  endfacet
  facet normal 0 0 1
    outer loop
      vertex 34.7439 -26.9458 22.225
      vertex 35.2994 -49.1361 22.225
      vertex 35.2994 -27.0639 22.225
    endloop
  endfacet
  facet normal 0 0 -1
    outer loop
      vertex 34.7439 -49.2542 -22.225
      vertex 34.7439 -26.9458 -22.225
      vertex 35.2994 -27.0639 -22.225
    endloop
  endfacet
  facet normal 0 0 -1
    outer loop
      vertex 34.7439 -49.2542 -22.225
      vertex 35.2994 -27.0639 -22.225
      vertex 35.2994 -49.1361 -22.225
    endloop
  endfacet
  facet normal 0.207954 -0.978139 0
    outer loop
      vertex 34.7439 -49.2542 -22.225
      vertex 35.2994 -49.1361 -22.225
      vertex 35.2994 -49.1361 22.225
    endloop
  endfacet
  facet normal 0.207954 -0.978139 0
    outer loop
      vertex 34.7439 -49.2542 -22.225
      vertex 35.2994 -49.1361 22.225
      vertex 34.7439 -49.2542 22.225
    endloop
  endfacet
  facet normal 0 0 1
    outer loop
      vertex 34.7439 -49.2542 22.225
      vertex 35.2994 -49.1361 22.225
      vertex 34.7439 -26.9458 22.225
    endloop
  endfacet
  facet normal 0.207954 0.978139 0
    outer loop
      vertex 34.7439 -65.0458 -22.225
      vertex 34.7439 -65.0458 22.225
      vertex 35.2994 -65.1639 -22.225
    endloop
  endfacet
  facet normal 0 0 -1
    outer loop
      vertex 34.7439 -65.0458 -22.225
      vertex 35.2994 -65.1639 -22.225
      vertex 54.375 -76.2 -22.225
    endloop
  endfacet
  facet normal 0.207954 0.978139 0
    outer loop
      vertex 34.7439 -65.0458 22.225
      vertex 35.2994 -65.1639 22.225
      vertex 35.2994 -65.1639 -22.225
    endloop
  endfacet
  facet normal 0 0 1
    outer loop
      vertex 34.7439 -65.0458 22.225
      vertex 54.375 -76.2 22.225
      vertex 35.2994 -65.1639 22.225
    endloop
  endfacet
  facet normal 0.139079 -0.990281 0
    outer loop
      vertex 35.2994 -11.0361 -22.225
      vertex 35.8619 -10.9571 -22.225
      vertex 35.8619 -10.9571 22.225
    endloop
  endfacet
  facet normal 0.139079 -0.990281 0
    outer loop
      vertex 35.2994 -11.0361 -22.225
      vertex 35.8619 -10.9571 22.225
      vertex 35.2994 -11.0361 22.225
    endloop
  endfacet
  facet normal 0 0 -1
    outer loop
      vertex 35.2994 -11.0361 -22.225
      vertex 54.375 0 -22.225
      vertex 35.8619 -10.9571 -22.225
    endloop
  endfacet
  facet normal 0 0 1
    outer loop
      vertex 35.2994 -11.0361 22.225
      vertex 35.8619 -10.9571 22.225
      vertex 54.375 0 22.225
    endloop
  endfacet
  facet normal 0.139079 0.990281 0
    outer loop
      vertex 35.2994 -27.0639 -22.225
      vertex 35.2994 -27.0639 22.225
      vertex 35.8619 -27.1429 -22.225
    endloop
  endfacet
  facet normal 0.139079 0.990281 0
    outer loop
      vertex 35.2994 -27.0639 22.225
      vertex 35.8619 -27.1429 22.225
      vertex 35.8619 -27.1429 -22.225
    endloop
  endfacet
  facet normal 0 0 1
    outer loop
      vertex 35.2994 -27.0639 22.225
      vertex 35.8619 -49.0571 22.225
      vertex 35.8619 -27.1429 22.225
    endloop
  endfacet
  facet normal 0 0 -1
    outer loop
      vertex 35.2994 -49.1361 -22.225
      vertex 35.2994 -27.0639 -22.225
      vertex 35.8619 -27.1429 -22.225
    endloop
  endfacet
  facet normal 0 0 -1
    outer loop
      vertex 35.2994 -49.1361 -22.225
      vertex 35.8619 -27.1429 -22.225
      vertex 35.8619 -49.0571 -22.225
    endloop
  endfacet
  facet normal 0.139079 -0.990281 0
    outer loop
      vertex 35.2994 -49.1361 -22.225
      vertex 35.8619 -49.0571 -22.225
      vertex 35.8619 -49.0571 22.225
    endloop
  endfacet
  facet normal 0.139079 -0.990281 0
    outer loop
      vertex 35.2994 -49.1361 -22.225
      vertex 35.8619 -49.0571 22.225
      vertex 35.2994 -49.1361 22.225
    endloop
  endfacet
  facet normal 0 0 1
    outer loop
      vertex 35.2994 -49.1361 22.225
      vertex 35.8619 -49.0571 22.225
      vertex 35.2994 -27.0639 22.225
    endloop
  endfacet
  facet normal 0.139079 0.990281 0
    outer loop
      vertex 35.2994 -65.1639 -22.225
      vertex 35.2994 -65.1639 22.225
      vertex 35.8619 -65.2429 -22.225
    endloop
  endfacet
  facet normal 0 0 -1
    outer loop
      vertex 35.2994 -65.1639 -22.225
      vertex 35.8619 -65.2429 -22.225
      vertex 54.375 -76.2 -22.225
    endloop
  endfacet
  facet normal 0.139079 0.990281 0
    outer loop
      vertex 35.2994 -65.1639 22.225
      vertex 35.8619 -65.2429 22.225
      vertex 35.8619 -65.2429 -22.225
    endloop
  endfacet
  facet normal 0 0 1
    outer loop
      vertex 35.2994 -65.1639 22.225
      vertex 54.375 -76.2 22.225
      vertex 35.8619 -65.2429 22.225
    endloop
  endfacet
  facet normal 0.0697205 -0.997567 0
    outer loop
      vertex 35.8619 -10.9571 -22.225
      vertex 36.4285 -10.9175 -22.225
      vertex 36.4285 -10.9175 22.225
    endloop
  endfacet
  facet normal 0.0697205 -0.997567 0
    outer loop
      vertex 35.8619 -10.9571 -22.225
      vertex 36.4285 -10.9175 22.225
      vertex 35.8619 -10.9571 22.225
    endloop
  endfacet
  facet normal 0 0 -1
    outer loop
      vertex 35.8619 -10.9571 -22.225
      vertex 54.375 0 -22.225
      vertex 36.4285 -10.9175 -22.225
    endloop
  endfacet
  facet normal 0 0 1
    outer loop
      vertex 35.8619 -10.9571 22.225
      vertex 36.4285 -10.9175 22.225
      vertex 54.375 0 22.225
    endloop
  endfacet
  facet normal 0.0697205 0.997567 0
    outer loop
      vertex 35.8619 -27.1429 -22.225
      vertex 35.8619 -27.1429 22.225
      vertex 36.4285 -27.1825 -22.225
    endloop
  endfacet
  facet normal 0.0697205 0.997567 0
    outer loop
      vertex 35.8619 -27.1429 22.225
      vertex 36.4285 -27.1825 22.225
      vertex 36.4285 -27.1825 -22.225
    endloop
  endfacet
  facet normal 0 0 1
    outer loop
      vertex 35.8619 -27.1429 22.225
      vertex 36.4285 -49.0175 22.225
      vertex 36.4285 -27.1825 22.225
    endloop
  endfacet
  facet normal 0 0 -1
    outer loop
      vertex 35.8619 -49.0571 -22.225
      vertex 35.8619 -27.1429 -22.225
      vertex 36.4285 -27.1825 -22.225
    endloop
  endfacet
  facet normal 0 0 -1
    outer loop
      vertex 35.8619 -49.0571 -22.225
      vertex 36.4285 -27.1825 -22.225
      vertex 36.4285 -49.0175 -22.225
    endloop
  endfacet
  facet normal 0.0697205 -0.997567 0
    outer loop
      vertex 35.8619 -49.0571 -22.225
      vertex 36.4285 -49.0175 -22.225
      vertex 36.4285 -49.0175 22.225
    endloop
  endfacet
  facet normal 0.0697205 -0.997567 0
    outer loop
      vertex 35.8619 -49.0571 -22.225
      vertex 36.4285 -49.0175 22.225
      vertex 35.8619 -49.0571 22.225
    endloop
  endfacet
  facet normal 0 0 1
    outer loop
      vertex 35.8619 -49.0571 22.225
      vertex 36.4285 -49.0175 22.225
      vertex 35.8619 -27.1429 22.225
    endloop
  endfacet
  facet normal 0.0697205 0.997567 0
    outer loop
      vertex 35.8619 -65.2429 -22.225
      vertex 35.8619 -65.2429 22.225
      vertex 36.4285 -65.2825 -22.225
    endloop
  endfacet
  facet normal 0 0 -1
    outer loop
      vertex 35.8619 -65.2429 -22.225
      vertex 36.4285 -65.2825 -22.225
      vertex 54.375 -76.2 -22.225
    endloop
  endfacet
  facet normal 0.0697205 0.997567 0
    outer loop
      vertex 35.8619 -65.2429 22.225
      vertex 36.4285 -65.2825 22.225
      vertex 36.4285 -65.2825 -22.225
    endloop
  endfacet
  facet normal 0 0 1
    outer loop
      vertex 35.8619 -65.2429 22.225
      vertex 54.375 -76.2 22.225
      vertex 36.4285 -65.2825 22.225
    endloop
  endfacet
  facet normal 0 -1 0
    outer loop
      vertex 36.4285 -10.9175 -22.225
      vertex 36.9965 -10.9175 -22.225
      vertex 36.9965 -10.9175 22.225
    endloop
  endfacet
  facet normal 0 -1 0
    outer loop
      vertex 36.4285 -10.9175 -22.225
      vertex 36.9965 -10.9175 22.225
      vertex 36.4285 -10.9175 22.225
    endloop
  endfacet
  facet normal 0 0 -1
    outer loop
      vertex 36.4285 -10.9175 -22.225
      vertex 54.375 0 -22.225
      vertex 36.9965 -10.9175 -22.225
    endloop
  endfacet
  facet normal 0 0 1
    outer loop
      vertex 36.4285 -10.9175 22.225
      vertex 36.9965 -10.9175 22.225
      vertex 54.375 0 22.225
    endloop
  endfacet
  facet normal 0 1 0
    outer loop
      vertex 36.4285 -27.1825 -22.225
      vertex 36.4285 -27.1825 22.225
      vertex 36.9965 -27.1825 -22.225
    endloop
  endfacet
  facet normal 0 1 0
    outer loop
      vertex 36.4285 -27.1825 22.225
      vertex 36.9965 -27.1825 22.225
      vertex 36.9965 -27.1825 -22.225
    endloop
  endfacet
  facet normal 0 0 1
    outer loop
      vertex 36.4285 -27.1825 22.225
      vertex 36.9965 -49.0175 22.225
      vertex 36.9965 -27.1825 22.225
    endloop
  endfacet
  facet normal 0 0 -1
    outer loop
      vertex 36.4285 -49.0175 -22.225
      vertex 36.4285 -27.1825 -22.225
      vertex 36.9965 -27.1825 -22.225
    endloop
  endfacet
  facet normal 0 0 -1
    outer loop
      vertex 36.4285 -49.0175 -22.225
      vertex 36.9965 -27.1825 -22.225
      vertex 36.9965 -49.0175 -22.225
    endloop
  endfacet
  facet normal 0 -1 0
    outer loop
      vertex 36.4285 -49.0175 -22.225
      vertex 36.9965 -49.0175 -22.225
      vertex 36.9965 -49.0175 22.225
    endloop
  endfacet
  facet normal 0 -1 0
    outer loop
      vertex 36.4285 -49.0175 -22.225
      vertex 36.9965 -49.0175 22.225
      vertex 36.4285 -49.0175 22.225
    endloop
  endfacet
  facet normal 0 0 1
    outer loop
      vertex 36.4285 -49.0175 22.225
      vertex 36.9965 -49.0175 22.225
      vertex 36.4285 -27.1825 22.225
    endloop
  endfacet
  facet normal 0 1 0
    outer loop
      vertex 36.4285 -65.2825 -22.225
      vertex 36.4285 -65.2825 22.225
      vertex 36.9965 -65.2825 -22.225
    endloop
  endfacet
  facet normal 0 0 -1
    outer loop
      vertex 36.4285 -65.2825 -22.225
      vertex 36.9965 -65.2825 -22.225
      vertex 54.375 -76.2 -22.225
    endloop
  endfacet
  facet normal 0 1 0
    outer loop
      vertex 36.4285 -65.2825 22.225
      vertex 36.9965 -65.2825 22.225
      vertex 36.9965 -65.2825 -22.225
    endloop
  endfacet
  facet normal 0 0 1
    outer loop
      vertex 36.4285 -65.2825 22.225
      vertex 54.375 -76.2 22.225
      vertex 36.9965 -65.2825 22.225
    endloop
  endfacet
  facet normal -0.0697205 -0.997567 0
    outer loop
      vertex 36.9965 -10.9175 -22.225
      vertex 37.5631 -10.9571 -22.225
      vertex 37.5631 -10.9571 22.225
    endloop
  endfacet
  facet normal -0.0697205 -0.997567 0
    outer loop
      vertex 36.9965 -10.9175 -22.225
      vertex 37.5631 -10.9571 22.225
      vertex 36.9965 -10.9175 22.225
    endloop
  endfacet
  facet normal 0 0 -1
    outer loop
      vertex 36.9965 -10.9175 -22.225
      vertex 54.375 0 -22.225
      vertex 37.5631 -10.9571 -22.225
    endloop
  endfacet
  facet normal 0 0 1
    outer loop
      vertex 36.9965 -10.9175 22.225
      vertex 37.5631 -10.9571 22.225
      vertex 54.375 0 22.225
    endloop
  endfacet
  facet normal -0.0697205 0.997567 0
    outer loop
      vertex 36.9965 -27.1825 -22.225
      vertex 36.9965 -27.1825 22.225
      vertex 37.5631 -27.1429 -22.225
    endloop
  endfacet
  facet normal -0.0697205 0.997567 0
    outer loop
      vertex 36.9965 -27.1825 22.225
      vertex 37.5631 -27.1429 22.225
      vertex 37.5631 -27.1429 -22.225
    endloop
  endfacet
  facet normal 0 0 1
    outer loop
      vertex 36.9965 -27.1825 22.225
      vertex 37.5631 -49.0571 22.225
      vertex 37.5631 -27.1429 22.225
    endloop
  endfacet
  facet normal 0 0 -1
    outer loop
      vertex 36.9965 -49.0175 -22.225
      vertex 36.9965 -27.1825 -22.225
      vertex 37.5631 -27.1429 -22.225
    endloop
  endfacet
  facet normal 0 0 -1
    outer loop
      vertex 36.9965 -49.0175 -22.225
      vertex 37.5631 -27.1429 -22.225
      vertex 37.5631 -49.0571 -22.225
    endloop
  endfacet
  facet normal -0.0697205 -0.997567 0
    outer loop
      vertex 36.9965 -49.0175 -22.225
      vertex 37.5631 -49.0571 -22.225
      vertex 37.5631 -49.0571 22.225
    endloop
  endfacet
  facet normal -0.0697205 -0.997567 0
    outer loop
      vertex 36.9965 -49.0175 -22.225
      vertex 37.5631 -49.0571 22.225
      vertex 36.9965 -49.0175 22.225
    endloop
  endfacet
  facet normal 0 0 1
    outer loop
      vertex 36.9965 -49.0175 22.225
      vertex 37.5631 -49.0571 22.225
      vertex 36.9965 -27.1825 22.225
    endloop
  endfacet
  facet normal -0.0697205 0.997567 0
    outer loop
      vertex 36.9965 -65.2825 -22.225
      vertex 36.9965 -65.2825 22.225
      vertex 37.5631 -65.2429 -22.225
    endloop
  endfacet
  facet normal 0 0 -1
    outer loop
      vertex 36.9965 -65.2825 -22.225
      vertex 37.5631 -65.2429 -22.225
      vertex 54.375 -76.2 -22.225
    endloop
  endfacet
  facet normal -0.0697205 0.997567 0
    outer loop
      vertex 36.9965 -65.2825 22.225
      vertex 37.5631 -65.2429 22.225
      vertex 37.5631 -65.2429 -22.225
    endloop
  endfacet
  facet normal 0 0 1
    outer loop
      vertex 36.9965 -65.2825 22.225
      vertex 54.375 -76.2 22.225
      vertex 37.5631 -65.2429 22.225
    endloop
  endfacet
  facet normal -0.139079 -0.990281 0
    outer loop
      vertex 37.5631 -10.9571 -22.225
      vertex 38.1256 -11.0361 -22.225
      vertex 38.1256 -11.0361 22.225
    endloop
  endfacet
  facet normal -0.139079 -0.990281 0
    outer loop
      vertex 37.5631 -10.9571 -22.225
      vertex 38.1256 -11.0361 22.225
      vertex 37.5631 -10.9571 22.225
    endloop
  endfacet
  facet normal 0 0 -1
    outer loop
      vertex 37.5631 -10.9571 -22.225
      vertex 54.375 0 -22.225
      vertex 38.1256 -11.0361 -22.225
    endloop
  endfacet
  facet normal 0 0 1
    outer loop
      vertex 37.5631 -10.9571 22.225
      vertex 38.1256 -11.0361 22.225
      vertex 54.375 0 22.225
    endloop
  endfacet
  facet normal -0.139079 0.990281 0
    outer loop
      vertex 37.5631 -27.1429 -22.225
      vertex 37.5631 -27.1429 22.225
      vertex 38.1256 -27.0639 -22.225
    endloop
  endfacet
  facet normal -0.139079 0.990281 0
    outer loop
      vertex 37.5631 -27.1429 22.225
      vertex 38.1256 -27.0639 22.225
      vertex 38.1256 -27.0639 -22.225
    endloop
  endfacet
  facet normal 0 0 1
    outer loop
      vertex 37.5631 -27.1429 22.225
      vertex 38.1256 -49.1361 22.225
      vertex 38.1256 -27.0639 22.225
    endloop
  endfacet
  facet normal 0 0 -1
    outer loop
      vertex 37.5631 -49.0571 -22.225
      vertex 37.5631 -27.1429 -22.225
      vertex 38.1256 -27.0639 -22.225
    endloop
  endfacet
  facet normal 0 0 -1
    outer loop
      vertex 37.5631 -49.0571 -22.225
      vertex 38.1256 -27.0639 -22.225
      vertex 38.1256 -49.1361 -22.225
    endloop
  endfacet
  facet normal -0.139079 -0.990281 0
    outer loop
      vertex 37.5631 -49.0571 -22.225
      vertex 38.1256 -49.1361 -22.225
      vertex 38.1256 -49.1361 22.225
    endloop
  endfacet
  facet normal -0.139079 -0.990281 0
    outer loop
      vertex 37.5631 -49.0571 -22.225
      vertex 38.1256 -49.1361 22.225
      vertex 37.5631 -49.0571 22.225
    endloop
  endfacet
  facet normal 0 0 1
    outer loop
      vertex 37.5631 -49.0571 22.225
      vertex 38.1256 -49.1361 22.225
      vertex 37.5631 -27.1429 22.225
    endloop
  endfacet
  facet normal -0.139079 0.990281 0
    outer loop
      vertex 37.5631 -65.2429 -22.225
      vertex 37.5631 -65.2429 22.225
      vertex 38.1256 -65.1639 -22.225
    endloop
  endfacet
  facet normal 0 0 -1
    outer loop
      vertex 37.5631 -65.2429 -22.225
      vertex 38.1256 -65.1639 -22.225
      vertex 54.375 -76.2 -22.225
    endloop
  endfacet
  facet normal -0.139079 0.990281 0
    outer loop
      vertex 37.5631 -65.2429 22.225
      vertex 38.1256 -65.1639 22.225
      vertex 38.1256 -65.1639 -22.225
    endloop
  endfacet
  facet normal 0 0 1
    outer loop
      vertex 37.5631 -65.2429 22.225
      vertex 54.375 -76.2 22.225
      vertex 38.1256 -65.1639 22.225
    endloop
  endfacet
  facet normal -0.207954 -0.978139 0
    outer loop
      vertex 38.1256 -11.0361 -22.225
      vertex 38.6811 -11.1542 -22.225
      vertex 38.6811 -11.1542 22.225
    endloop
  endfacet
  facet normal -0.207954 -0.978139 0
    outer loop
      vertex 38.1256 -11.0361 -22.225
      vertex 38.6811 -11.1542 22.225
      vertex 38.1256 -11.0361 22.225
    endloop
  endfacet
  facet normal 0 0 -1
    outer loop
      vertex 38.1256 -11.0361 -22.225
      vertex 54.375 0 -22.225
      vertex 38.6811 -11.1542 -22.225
    endloop
  endfacet
  facet normal 0 0 1
    outer loop
      vertex 38.1256 -11.0361 22.225
      vertex 38.6811 -11.1542 22.225
      vertex 54.375 0 22.225
    endloop
  endfacet
  facet normal -0.207954 0.978139 0
    outer loop
      vertex 38.1256 -27.0639 -22.225
      vertex 38.1256 -27.0639 22.225
      vertex 38.6811 -26.9458 -22.225
    endloop
  endfacet
  facet normal -0.207954 0.978139 0
    outer loop
      vertex 38.1256 -27.0639 22.225
      vertex 38.6811 -26.9458 22.225
      vertex 38.6811 -26.9458 -22.225
    endloop
  endfacet
  facet normal 0 0 1
    outer loop
      vertex 38.1256 -27.0639 22.225
      vertex 38.6811 -49.2542 22.225
      vertex 38.6811 -26.9458 22.225
    endloop
  endfacet
  facet normal 0 0 -1
    outer loop
      vertex 38.1256 -49.1361 -22.225
      vertex 38.1256 -27.0639 -22.225
      vertex 38.6811 -26.9458 -22.225
    endloop
  endfacet
  facet normal 0 0 -1
    outer loop
      vertex 38.1256 -49.1361 -22.225
      vertex 38.6811 -26.9458 -22.225
      vertex 38.6811 -49.2542 -22.225
    endloop
  endfacet
  facet normal -0.207954 -0.978139 0
    outer loop
      vertex 38.1256 -49.1361 -22.225
      vertex 38.6811 -49.2542 -22.225
      vertex 38.6811 -49.2542 22.225
    endloop
  endfacet
  facet normal -0.207954 -0.978139 0
    outer loop
      vertex 38.1256 -49.1361 -22.225
      vertex 38.6811 -49.2542 22.225
      vertex 38.1256 -49.1361 22.225
    endloop
  endfacet
  facet normal 0 0 1
    outer loop
      vertex 38.1256 -49.1361 22.225
      vertex 38.6811 -49.2542 22.225
      vertex 38.1256 -27.0639 22.225
    endloop
  endfacet
  facet normal -0.207954 0.978139 0
    outer loop
      vertex 38.1256 -65.1639 -22.225
      vertex 38.1256 -65.1639 22.225
      vertex 38.6811 -65.0458 -22.225
    endloop
  endfacet
  facet normal 0 0 -1
    outer loop
      vertex 38.1256 -65.1639 -22.225
      vertex 38.6811 -65.0458 -22.225
      vertex 54.375 -76.2 -22.225
    endloop
  endfacet
  facet normal -0.207954 0.978139 0
    outer loop
      vertex 38.1256 -65.1639 22.225
      vertex 38.6811 -65.0458 22.225
      vertex 38.6811 -65.0458 -22.225
    endloop
  endfacet
  facet normal 0 0 1
    outer loop
      vertex 38.1256 -65.1639 22.225
      vertex 54.375 -76.2 22.225
      vertex 38.6811 -65.0458 22.225
    endloop
  endfacet
  facet normal -0.275698 -0.961244 0
    outer loop
      vertex 38.6811 -11.1542 -22.225
      vertex 39.2271 -11.3108 -22.225
      vertex 39.2271 -11.3108 22.225
    endloop
  endfacet
  facet normal -0.275698 -0.961244 0
    outer loop
      vertex 38.6811 -11.1542 -22.225
      vertex 39.2271 -11.3108 22.225
      vertex 38.6811 -11.1542 22.225
    endloop
  endfacet
  facet normal 0 0 -1
    outer loop
      vertex 38.6811 -11.1542 -22.225
      vertex 54.375 0 -22.225
      vertex 39.2271 -11.3108 -22.225
    endloop
  endfacet
  facet normal 0 0 1
    outer loop
      vertex 38.6811 -11.1542 22.225
      vertex 39.2271 -11.3108 22.225
      vertex 54.375 0 22.225
    endloop
  endfacet
  facet normal -0.275698 0.961244 0
    outer loop
      vertex 38.6811 -26.9458 -22.225
      vertex 38.6811 -26.9458 22.225
      vertex 39.2271 -26.7892 -22.225
    endloop
  endfacet
  facet normal -0.275698 0.961244 0
    outer loop
      vertex 38.6811 -26.9458 22.225
      vertex 39.2271 -26.7892 22.225
      vertex 39.2271 -26.7892 -22.225
    endloop
  endfacet
  facet normal 0 0 1
    outer loop
      vertex 38.6811 -26.9458 22.225
      vertex 39.2271 -49.4108 22.225
      vertex 39.2271 -26.7892 22.225
    endloop
  endfacet
  facet normal 0 0 -1
    outer loop
      vertex 38.6811 -49.2542 -22.225
      vertex 38.6811 -26.9458 -22.225
      vertex 39.2271 -26.7892 -22.225
    endloop
  endfacet
  facet normal 0 0 -1
    outer loop
      vertex 38.6811 -49.2542 -22.225
      vertex 39.2271 -26.7892 -22.225
      vertex 39.2271 -49.4108 -22.225
    endloop
  endfacet
  facet normal -0.275698 -0.961244 0
    outer loop
      vertex 38.6811 -49.2542 -22.225
      vertex 39.2271 -49.4108 -22.225
      vertex 39.2271 -49.4108 22.225
    endloop
  endfacet
  facet normal -0.275698 -0.961244 0
    outer loop
      vertex 38.6811 -49.2542 -22.225
      vertex 39.2271 -49.4108 22.225
      vertex 38.6811 -49.2542 22.225
    endloop
  endfacet
  facet normal 0 0 1
    outer loop
      vertex 38.6811 -49.2542 22.225
      vertex 39.2271 -49.4108 22.225
      vertex 38.6811 -26.9458 22.225
    endloop
  endfacet
  facet normal -0.275698 0.961244 0
    outer loop
      vertex 38.6811 -65.0458 -22.225
      vertex 38.6811 -65.0458 22.225
      vertex 39.2271 -64.8892 -22.225
    endloop
  endfacet
  facet normal 0 0 -1
    outer loop
      vertex 38.6811 -65.0458 -22.225
      vertex 39.2271 -64.8892 -22.225
      vertex 54.375 -76.2 -22.225
    endloop
  endfacet
  facet normal -0.275698 0.961244 0
    outer loop
      vertex 38.6811 -65.0458 22.225
      vertex 39.2271 -64.8892 22.225
      vertex 39.2271 -64.8892 -22.225
    endloop
  endfacet
  facet normal 0 0 1
    outer loop
      vertex 38.6811 -65.0458 22.225
      vertex 54.375 -76.2 22.225
      vertex 39.2271 -64.8892 22.225
    endloop
  endfacet
  facet normal -0.341884 -0.939742 0
    outer loop
      vertex 39.2271 -11.3108 -22.225
      vertex 39.7609 -11.505 -22.225
      vertex 39.7609 -11.505 22.225
    endloop
  endfacet
  facet normal -0.341884 -0.939742 0
    outer loop
      vertex 39.2271 -11.3108 -22.225
      vertex 39.7609 -11.505 22.225
      vertex 39.2271 -11.3108 22.225
    endloop
  endfacet
  facet normal 0 0 -1
    outer loop
      vertex 39.2271 -11.3108 -22.225
      vertex 54.375 0 -22.225
      vertex 39.7609 -11.505 -22.225
    endloop
  endfacet
  facet normal 0 0 1
    outer loop
      vertex 39.2271 -11.3108 22.225
      vertex 39.7609 -11.505 22.225
      vertex 54.375 0 22.225
    endloop
  endfacet
  facet normal -0.341884 0.939742 0
    outer loop
      vertex 39.2271 -26.7892 -22.225
      vertex 39.2271 -26.7892 22.225
      vertex 39.7609 -26.595 -22.225
    endloop
  endfacet
  facet normal -0.341884 0.939742 0
    outer loop
      vertex 39.2271 -26.7892 22.225
      vertex 39.7609 -26.595 22.225
      vertex 39.7609 -26.595 -22.225
    endloop
  endfacet
  facet normal 0 0 1
    outer loop
      vertex 39.2271 -26.7892 22.225
      vertex 39.7609 -49.605 22.225
      vertex 39.7609 -26.595 22.225
    endloop
  endfacet
  facet normal 0 0 -1
    outer loop
      vertex 39.2271 -49.4108 -22.225
      vertex 39.2271 -26.7892 -22.225
      vertex 39.7609 -26.595 -22.225
    endloop
  endfacet
  facet normal 0 0 -1
    outer loop
      vertex 39.2271 -49.4108 -22.225
      vertex 39.7609 -26.595 -22.225
      vertex 39.7609 -49.605 -22.225
    endloop
  endfacet
  facet normal -0.341884 -0.939742 0
    outer loop
      vertex 39.2271 -49.4108 -22.225
      vertex 39.7609 -49.605 -22.225
      vertex 39.7609 -49.605 22.225
    endloop
  endfacet
  facet normal -0.341884 -0.939742 0
    outer loop
      vertex 39.2271 -49.4108 -22.225
      vertex 39.7609 -49.605 22.225
      vertex 39.2271 -49.4108 22.225
    endloop
  endfacet
  facet normal 0 0 1
    outer loop
      vertex 39.2271 -49.4108 22.225
      vertex 39.7609 -49.605 22.225
      vertex 39.2271 -26.7892 22.225
    endloop
  endfacet
  facet normal -0.341884 0.939742 0
    outer loop
      vertex 39.2271 -64.8892 -22.225
      vertex 39.2271 -64.8892 22.225
      vertex 39.7609 -64.695 -22.225
    endloop
  endfacet
  facet normal 0 0 -1
    outer loop
      vertex 39.2271 -64.8892 -22.225
      vertex 39.7609 -64.695 -22.225
      vertex 54.375 -76.2 -22.225
    endloop
  endfacet
  facet normal -0.341884 0.939742 0
    outer loop
      vertex 39.2271 -64.8892 22.225
      vertex 39.7609 -64.695 22.225
      vertex 39.7609 -64.695 -22.225
    endloop
  endfacet
  facet normal 0 0 1
    outer loop
      vertex 39.2271 -64.8892 22.225
      vertex 54.375 -76.2 22.225
      vertex 39.7609 -64.695 22.225
    endloop
  endfacet
  facet normal -0.406906 -0.91347 0
    outer loop
      vertex 39.7609 -11.505 -22.225
      vertex 40.2797 -11.7361 -22.225
      vertex 40.2797 -11.7361 22.225
    endloop
  endfacet
  facet normal -0.406906 -0.91347 0
    outer loop
      vertex 39.7609 -11.505 -22.225
      vertex 40.2797 -11.7361 22.225
      vertex 39.7609 -11.505 22.225
    endloop
  endfacet
  facet normal 0 0 -1
    outer loop
      vertex 39.7609 -11.505 -22.225
      vertex 54.375 0 -22.225
      vertex 40.2797 -11.7361 -22.225
    endloop
  endfacet
  facet normal 0 0 1
    outer loop
      vertex 39.7609 -11.505 22.225
      vertex 40.2797 -11.7361 22.225
      vertex 54.375 0 22.225
    endloop
  endfacet
  facet normal -0.406906 0.91347 0
    outer loop
      vertex 39.7609 -26.595 -22.225
      vertex 39.7609 -26.595 22.225
      vertex 40.2797 -26.3639 -22.225
    endloop
  endfacet
  facet normal -0.406906 0.91347 0
    outer loop
      vertex 39.7609 -26.595 22.225
      vertex 40.2797 -26.3639 22.225
      vertex 40.2797 -26.3639 -22.225
    endloop
  endfacet
  facet normal 0 0 1
    outer loop
      vertex 39.7609 -26.595 22.225
      vertex 40.2797 -49.8361 22.225
      vertex 40.2797 -26.3639 22.225
    endloop
  endfacet
  facet normal 0 0 -1
    outer loop
      vertex 39.7609 -49.605 -22.225
      vertex 39.7609 -26.595 -22.225
      vertex 40.2797 -26.3639 -22.225
    endloop
  endfacet
  facet normal 0 0 -1
    outer loop
      vertex 39.7609 -49.605 -22.225
      vertex 40.2797 -26.3639 -22.225
      vertex 40.2797 -49.8361 -22.225
    endloop
  endfacet
  facet normal -0.406906 -0.91347 0
    outer loop
      vertex 39.7609 -49.605 -22.225
      vertex 40.2797 -49.8361 -22.225
      vertex 40.2797 -49.8361 22.225
    endloop
  endfacet
  facet normal -0.406906 -0.91347 0
    outer loop
      vertex 39.7609 -49.605 -22.225
      vertex 40.2797 -49.8361 22.225
      vertex 39.7609 -49.605 22.225
    endloop
  endfacet
  facet normal 0 0 1
    outer loop
      vertex 39.7609 -49.605 22.225
      vertex 40.2797 -49.8361 22.225
      vertex 39.7609 -26.595 22.225
    endloop
  endfacet
  facet normal -0.406906 0.91347 0
    outer loop
      vertex 39.7609 -64.695 -22.225
      vertex 39.7609 -64.695 22.225
      vertex 40.2797 -64.4639 -22.225
    endloop
  endfacet
  facet normal 0 0 -1
    outer loop
      vertex 39.7609 -64.695 -22.225
      vertex 40.2797 -64.4639 -22.225
      vertex 54.375 -76.2 -22.225
    endloop
  endfacet
  facet normal -0.406906 0.91347 0
    outer loop
      vertex 39.7609 -64.695 22.225
      vertex 40.2797 -64.4639 22.225
      vertex 40.2797 -64.4639 -22.225
    endloop
  endfacet
  facet normal 0 0 1
    outer loop
      vertex 39.7609 -64.695 22.225
      vertex 54.375 -76.2 22.225
      vertex 40.2797 -64.4639 22.225
    endloop
  endfacet
  facet normal -0.275633 0 0.961263
    outer loop
      vertex 4.60861 -38.1078 -18.4841
      vertex 5.88677 -38.1078 -18.1176
      vertex 4.60861 0 -18.4841
    endloop
  endfacet
  facet normal -0.275633 0 -0.961263
    outer loop
      vertex 4.60861 -38.1078 18.4841
      vertex 4.60861 0 18.4841
      vertex 5.88677 0 18.1176
    endloop
  endfacet
  facet normal -0.275633 0 -0.961263
    outer loop
      vertex 4.60861 -38.1078 18.4841
      vertex 5.88677 0 18.1176
      vertex 5.88677 -38.1078 18.1176
    endloop
  endfacet
  facet normal -0.275633 0 0.961263
    outer loop
      vertex 4.60861 0 -18.4841
      vertex 5.88677 -38.1078 -18.1176
      vertex 5.88677 0 -18.1176
    endloop
  endfacet
  facet normal -0.4694 -0.882986 0
    outer loop
      vertex 40.2797 -11.7361 -22.225
      vertex 40.7812 -12.0027 -22.225
      vertex 40.7812 -12.0027 22.225
    endloop
  endfacet
  facet normal -0.4694 -0.882986 0
    outer loop
      vertex 40.2797 -11.7361 -22.225
      vertex 40.7812 -12.0027 22.225
      vertex 40.2797 -11.7361 22.225
    endloop
  endfacet
  facet normal 0 0 -1
    outer loop
      vertex 40.2797 -11.7361 -22.225
      vertex 54.375 0 -22.225
      vertex 40.7812 -12.0027 -22.225
    endloop
  endfacet
  facet normal 0 0 1
    outer loop
      vertex 40.2797 -11.7361 22.225
      vertex 40.7812 -12.0027 22.225
      vertex 54.375 0 22.225
    endloop
  endfacet
  facet normal -0.4694 0.882986 0
    outer loop
      vertex 40.2797 -26.3639 -22.225
      vertex 40.2797 -26.3639 22.225
      vertex 40.7812 -26.0973 -22.225
    endloop
  endfacet
  facet normal -0.4694 0.882986 0
    outer loop
      vertex 40.2797 -26.3639 22.225
      vertex 40.7812 -26.0973 22.225
      vertex 40.7812 -26.0973 -22.225
    endloop
  endfacet
  facet normal 0 0 1
    outer loop
      vertex 40.2797 -26.3639 22.225
      vertex 40.7812 -50.1027 22.225
      vertex 40.7812 -26.0973 22.225
    endloop
  endfacet
  facet normal 0 0 -1
    outer loop
      vertex 40.2797 -49.8361 -22.225
      vertex 40.2797 -26.3639 -22.225
      vertex 40.7812 -26.0973 -22.225
    endloop
  endfacet
  facet normal 0 0 -1
    outer loop
      vertex 40.2797 -49.8361 -22.225
      vertex 40.7812 -26.0973 -22.225
      vertex 40.7812 -50.1027 -22.225
    endloop
  endfacet
  facet normal -0.4694 -0.882986 0
    outer loop
      vertex 40.2797 -49.8361 -22.225
      vertex 40.7812 -50.1027 -22.225
      vertex 40.7812 -50.1027 22.225
    endloop
  endfacet
  facet normal -0.4694 -0.882986 0
    outer loop
      vertex 40.2797 -49.8361 -22.225
      vertex 40.7812 -50.1027 22.225
      vertex 40.2797 -49.8361 22.225
    endloop
  endfacet
  facet normal 0 0 1
    outer loop
      vertex 40.2797 -49.8361 22.225
      vertex 40.7812 -50.1027 22.225
      vertex 40.2797 -26.3639 22.225
    endloop
  endfacet
  facet normal -0.4694 0.882986 0
    outer loop
      vertex 40.2797 -64.4639 -22.225
      vertex 40.2797 -64.4639 22.225
      vertex 40.7812 -64.1973 -22.225
    endloop
  endfacet
  facet normal 0 0 -1
    outer loop
      vertex 40.2797 -64.4639 -22.225
      vertex 40.7812 -64.1973 -22.225
      vertex 54.375 -76.2 -22.225
    endloop
  endfacet
  facet normal -0.4694 0.882986 0
    outer loop
      vertex 40.2797 -64.4639 22.225
      vertex 40.7812 -64.1973 22.225
      vertex 40.7812 -64.1973 -22.225
    endloop
  endfacet
  facet normal 0 0 1
    outer loop
      vertex 40.2797 -64.4639 22.225
      vertex 54.375 -76.2 22.225
      vertex 40.7812 -64.1973 22.225
    endloop
  endfacet
  facet normal -0.52992 -0.848048 0
    outer loop
      vertex 40.7812 -12.0027 -22.225
      vertex 41.2629 -12.3037 -22.225
      vertex 41.2629 -12.3037 22.225
    endloop
  endfacet
  facet normal -0.52992 -0.848048 0
    outer loop
      vertex 40.7812 -12.0027 -22.225
      vertex 41.2629 -12.3037 22.225
      vertex 40.7812 -12.0027 22.225
    endloop
  endfacet
  facet normal 0 0 -1
    outer loop
      vertex 40.7812 -12.0027 -22.225
      vertex 54.375 0 -22.225
      vertex 41.2629 -12.3037 -22.225
    endloop
  endfacet
  facet normal 0 0 1
    outer loop
      vertex 40.7812 -12.0027 22.225
      vertex 41.2629 -12.3037 22.225
      vertex 54.375 0 22.225
    endloop
  endfacet
  facet normal -0.52992 0.848048 0
    outer loop
      vertex 40.7812 -26.0973 -22.225
      vertex 40.7812 -26.0973 22.225
      vertex 41.2629 -25.7963 -22.225
    endloop
  endfacet
  facet normal -0.52992 0.848048 0
    outer loop
      vertex 40.7812 -26.0973 22.225
      vertex 41.2629 -25.7963 22.225
      vertex 41.2629 -25.7963 -22.225
    endloop
  endfacet
  facet normal 0 0 1
    outer loop
      vertex 40.7812 -26.0973 22.225
      vertex 41.2629 -50.4037 22.225
      vertex 41.2629 -25.7963 22.225
    endloop
  endfacet
  facet normal 0 0 -1
    outer loop
      vertex 40.7812 -50.1027 -22.225
      vertex 40.7812 -26.0973 -22.225
      vertex 41.2629 -25.7963 -22.225
    endloop
  endfacet
  facet normal 0 0 -1
    outer loop
      vertex 40.7812 -50.1027 -22.225
      vertex 41.2629 -25.7963 -22.225
      vertex 41.2629 -50.4037 -22.225
    endloop
  endfacet
  facet normal -0.52992 -0.848048 0
    outer loop
      vertex 40.7812 -50.1027 -22.225
      vertex 41.2629 -50.4037 -22.225
      vertex 41.2629 -50.4037 22.225
    endloop
  endfacet
  facet normal -0.52992 -0.848048 0
    outer loop
      vertex 40.7812 -50.1027 -22.225
      vertex 41.2629 -50.4037 22.225
      vertex 40.7812 -50.1027 22.225
    endloop
  endfacet
  facet normal 0 0 1
    outer loop
      vertex 40.7812 -50.1027 22.225
      vertex 41.2629 -50.4037 22.225
      vertex 40.7812 -26.0973 22.225
    endloop
  endfacet
  facet normal -0.52992 0.848048 0
    outer loop
      vertex 40.7812 -64.1973 -22.225
      vertex 40.7812 -64.1973 22.225
      vertex 41.2629 -63.8963 -22.225
    endloop
  endfacet
  facet normal 0 0 -1
    outer loop
      vertex 40.7812 -64.1973 -22.225
      vertex 41.2629 -63.8963 -22.225
      vertex 54.375 -76.2 -22.225
    endloop
  endfacet
  facet normal -0.52992 0.848048 0
    outer loop
      vertex 40.7812 -64.1973 22.225
      vertex 41.2629 -63.8963 22.225
      vertex 41.2629 -63.8963 -22.225
    endloop
  endfacet
  facet normal 0 0 1
    outer loop
      vertex 40.7812 -64.1973 22.225
      vertex 54.375 -76.2 22.225
      vertex 41.2629 -63.8963 22.225
    endloop
  endfacet
  facet normal -0.587847 -0.808972 0
    outer loop
      vertex 41.2629 -12.3037 -22.225
      vertex 41.7224 -12.6376 -22.225
      vertex 41.7224 -12.6376 22.225
    endloop
  endfacet
  facet normal -0.587847 -0.808972 0
    outer loop
      vertex 41.2629 -12.3037 -22.225
      vertex 41.7224 -12.6376 22.225
      vertex 41.2629 -12.3037 22.225
    endloop
  endfacet
  facet normal 0 0 -1
    outer loop
      vertex 41.2629 -12.3037 -22.225
      vertex 54.375 0 -22.225
      vertex 41.7224 -12.6376 -22.225
    endloop
  endfacet
  facet normal 0 0 1
    outer loop
      vertex 41.2629 -12.3037 22.225
      vertex 41.7224 -12.6376 22.225
      vertex 54.375 0 22.225
    endloop
  endfacet
  facet normal -0.587847 0.808972 0
    outer loop
      vertex 41.2629 -25.7963 -22.225
      vertex 41.2629 -25.7963 22.225
      vertex 41.7224 -25.4624 -22.225
    endloop
  endfacet
  facet normal -0.587847 0.808972 0
    outer loop
      vertex 41.2629 -25.7963 22.225
      vertex 41.7224 -25.4624 22.225
      vertex 41.7224 -25.4624 -22.225
    endloop
  endfacet
  facet normal 0 0 1
    outer loop
      vertex 41.2629 -25.7963 22.225
      vertex 41.7224 -50.7376 22.225
      vertex 41.7224 -25.4624 22.225
    endloop
  endfacet
  facet normal 0 0 -1
    outer loop
      vertex 41.2629 -50.4037 -22.225
      vertex 41.2629 -25.7963 -22.225
      vertex 41.7224 -25.4624 -22.225
    endloop
  endfacet
  facet normal 0 0 -1
    outer loop
      vertex 41.2629 -50.4037 -22.225
      vertex 41.7224 -25.4624 -22.225
      vertex 41.7224 -50.7376 -22.225
    endloop
  endfacet
  facet normal -0.587847 -0.808972 0
    outer loop
      vertex 41.2629 -50.4037 -22.225
      vertex 41.7224 -50.7376 -22.225
      vertex 41.7224 -50.7376 22.225
    endloop
  endfacet
  facet normal -0.587847 -0.808972 0
    outer loop
      vertex 41.2629 -50.4037 -22.225
      vertex 41.7224 -50.7376 22.225
      vertex 41.2629 -50.4037 22.225
    endloop
  endfacet
  facet normal 0 0 1
    outer loop
      vertex 41.2629 -50.4037 22.225
      vertex 41.7224 -50.7376 22.225
      vertex 41.2629 -25.7963 22.225
    endloop
  endfacet
  facet normal -0.587847 0.808972 0
    outer loop
      vertex 41.2629 -63.8963 -22.225
      vertex 41.2629 -63.8963 22.225
      vertex 41.7224 -63.5624 -22.225
    endloop
  endfacet
  facet normal 0 0 -1
    outer loop
      vertex 41.2629 -63.8963 -22.225
      vertex 41.7224 -63.5624 -22.225
      vertex 54.375 -76.2 -22.225
    endloop
  endfacet
  facet normal -0.587847 0.808972 0
    outer loop
      vertex 41.2629 -63.8963 22.225
      vertex 41.7224 -63.5624 22.225
      vertex 41.7224 -63.5624 -22.225
    endloop
  endfacet
  facet normal 0 0 1
    outer loop
      vertex 41.2629 -63.8963 22.225
      vertex 54.375 -76.2 22.225
      vertex 41.7224 -63.5624 22.225
    endloop
  endfacet
  facet normal -0.642709 -0.76611 0
    outer loop
      vertex 41.7224 -12.6376 -22.225
      vertex 42.1576 -13.0027 -22.225
      vertex 42.1576 -13.0027 22.225
    endloop
  endfacet
  facet normal -0.642709 -0.76611 0
    outer loop
      vertex 41.7224 -12.6376 -22.225
      vertex 42.1576 -13.0027 22.225
      vertex 41.7224 -12.6376 22.225
    endloop
  endfacet
  facet normal 0 0 -1
    outer loop
      vertex 41.7224 -12.6376 -22.225
      vertex 54.375 0 -22.225
      vertex 42.1576 -13.0027 -22.225
    endloop
  endfacet
  facet normal 0 0 1
    outer loop
      vertex 41.7224 -12.6376 22.225
      vertex 42.1576 -13.0027 22.225
      vertex 54.375 0 22.225
    endloop
  endfacet
  facet normal -0.642709 0.76611 0
    outer loop
      vertex 41.7224 -25.4624 -22.225
      vertex 41.7224 -25.4624 22.225
      vertex 42.1576 -25.0973 -22.225
    endloop
  endfacet
  facet normal -0.642709 0.76611 0
    outer loop
      vertex 41.7224 -25.4624 22.225
      vertex 42.1576 -25.0973 22.225
      vertex 42.1576 -25.0973 -22.225
    endloop
  endfacet
  facet normal 0 0 1
    outer loop
      vertex 41.7224 -25.4624 22.225
      vertex 42.1576 -51.1027 22.225
      vertex 42.1576 -25.0973 22.225
    endloop
  endfacet
  facet normal 0 0 -1
    outer loop
      vertex 41.7224 -50.7376 -22.225
      vertex 41.7224 -25.4624 -22.225
      vertex 42.1576 -25.0973 -22.225
    endloop
  endfacet
  facet normal 0 0 -1
    outer loop
      vertex 41.7224 -50.7376 -22.225
      vertex 42.1576 -25.0973 -22.225
      vertex 42.1576 -51.1027 -22.225
    endloop
  endfacet
  facet normal -0.642709 -0.76611 0
    outer loop
      vertex 41.7224 -50.7376 -22.225
      vertex 42.1576 -51.1027 -22.225
      vertex 42.1576 -51.1027 22.225
    endloop
  endfacet
  facet normal -0.642709 -0.76611 0
    outer loop
      vertex 41.7224 -50.7376 -22.225
      vertex 42.1576 -51.1027 22.225
      vertex 41.7224 -50.7376 22.225
    endloop
  endfacet
  facet normal 0 0 1
    outer loop
      vertex 41.7224 -50.7376 22.225
      vertex 42.1576 -51.1027 22.225
      vertex 41.7224 -25.4624 22.225
    endloop
  endfacet
  facet normal -0.642709 0.76611 0
    outer loop
      vertex 41.7224 -63.5624 -22.225
      vertex 41.7224 -63.5624 22.225
      vertex 42.1576 -63.1973 -22.225
    endloop
  endfacet
  facet normal 0 0 -1
    outer loop
      vertex 41.7224 -63.5624 -22.225
      vertex 42.1576 -63.1973 -22.225
      vertex 54.375 -76.2 -22.225
    endloop
  endfacet
  facet normal -0.642709 0.76611 0
    outer loop
      vertex 41.7224 -63.5624 22.225
      vertex 42.1576 -63.1973 22.225
      vertex 42.1576 -63.1973 -22.225
    endloop
  endfacet
  facet normal 0 0 1
    outer loop
      vertex 41.7224 -63.5624 22.225
      vertex 54.375 -76.2 22.225
      vertex 42.1576 -63.1973 22.225
    endloop
  endfacet
  facet normal -0.694673 -0.719326 0
    outer loop
      vertex 42.1576 -13.0027 -22.225
      vertex 42.5661 -13.3972 -22.225
      vertex 42.5661 -13.3972 22.225
    endloop
  endfacet
  facet normal -0.694673 -0.719326 0
    outer loop
      vertex 42.1576 -13.0027 -22.225
      vertex 42.5661 -13.3972 22.225
      vertex 42.1576 -13.0027 22.225
    endloop
  endfacet
  facet normal 0 0 -1
    outer loop
      vertex 42.1576 -13.0027 -22.225
      vertex 54.375 0 -22.225
      vertex 42.5661 -13.3972 -22.225
    endloop
  endfacet
  facet normal 0 0 1
    outer loop
      vertex 42.1576 -13.0027 22.225
      vertex 42.5661 -13.3972 22.225
      vertex 54.375 0 22.225
    endloop
  endfacet
  facet normal -0.694673 0.719326 0
    outer loop
      vertex 42.1576 -25.0973 -22.225
      vertex 42.1576 -25.0973 22.225
      vertex 42.5661 -24.7028 -22.225
    endloop
  endfacet
  facet normal -0.694673 0.719326 0
    outer loop
      vertex 42.1576 -25.0973 22.225
      vertex 42.5661 -24.7028 22.225
      vertex 42.5661 -24.7028 -22.225
    endloop
  endfacet
  facet normal 0 0 1
    outer loop
      vertex 42.1576 -25.0973 22.225
      vertex 42.5661 -51.4972 22.225
      vertex 42.5661 -24.7028 22.225
    endloop
  endfacet
  facet normal 0 0 -1
    outer loop
      vertex 42.1576 -51.1027 -22.225
      vertex 42.1576 -25.0973 -22.225
      vertex 42.5661 -24.7028 -22.225
    endloop
  endfacet
  facet normal 0 0 -1
    outer loop
      vertex 42.1576 -51.1027 -22.225
      vertex 42.5661 -24.7028 -22.225
      vertex 42.5661 -51.4972 -22.225
    endloop
  endfacet
  facet normal -0.694673 -0.719326 0
    outer loop
      vertex 42.1576 -51.1027 -22.225
      vertex 42.5661 -51.4972 -22.225
      vertex 42.5661 -51.4972 22.225
    endloop
  endfacet
  facet normal -0.694673 -0.719326 0
    outer loop
      vertex 42.1576 -51.1027 -22.225
      vertex 42.5661 -51.4972 22.225
      vertex 42.1576 -51.1027 22.225
    endloop
  endfacet
  facet normal 0 0 1
    outer loop
      vertex 42.1576 -51.1027 22.225
      vertex 42.5661 -51.4972 22.225
      vertex 42.1576 -25.0973 22.225
    endloop
  endfacet
  facet normal -0.694673 0.719326 0
    outer loop
      vertex 42.1576 -63.1973 -22.225
      vertex 42.1576 -63.1973 22.225
      vertex 42.5661 -62.8028 -22.225
    endloop
  endfacet
  facet normal 0 0 -1
    outer loop
      vertex 42.1576 -63.1973 -22.225
      vertex 42.5661 -62.8028 -22.225
      vertex 54.375 -76.2 -22.225
    endloop
  endfacet
  facet normal -0.694673 0.719326 0
    outer loop
      vertex 42.1576 -63.1973 22.225
      vertex 42.5661 -62.8028 22.225
      vertex 42.5661 -62.8028 -22.225
    endloop
  endfacet
  facet normal 0 0 1
    outer loop
      vertex 42.1576 -63.1973 22.225
      vertex 54.375 -76.2 22.225
      vertex 42.5661 -62.8028 22.225
    endloop
  endfacet
  facet normal -0.74311 -0.669169 0
    outer loop
      vertex 42.5661 -13.3972 -22.225
      vertex 42.9462 -13.8193 -22.225
      vertex 42.5661 -13.3972 22.225
    endloop
  endfacet
  facet normal 0 0 -1
    outer loop
      vertex 42.5661 -13.3972 -22.225
      vertex 54.375 0 -22.225
      vertex 42.9462 -13.8193 -22.225
    endloop
  endfacet
  facet normal -0.74311 -0.669169 0
    outer loop
      vertex 42.5661 -13.3972 22.225
      vertex 42.9462 -13.8193 -22.225
      vertex 42.9462 -13.8193 22.225
    endloop
  endfacet
  facet normal 0 0 1
    outer loop
      vertex 42.5661 -13.3972 22.225
      vertex 42.9462 -13.8193 22.225
      vertex 54.375 0 22.225
    endloop
  endfacet
  facet normal -0.74311 0.669169 0
    outer loop
      vertex 42.5661 -24.7028 -22.225
      vertex 42.5661 -24.7028 22.225
      vertex 42.9462 -24.2807 22.225
    endloop
  endfacet
  facet normal -0.74311 0.669169 0
    outer loop
      vertex 42.5661 -24.7028 -22.225
      vertex 42.9462 -24.2807 22.225
      vertex 42.9462 -24.2807 -22.225
    endloop
  endfacet
  facet normal 0 0 1
    outer loop
      vertex 42.5661 -24.7028 22.225
      vertex 42.9462 -51.9193 22.225
      vertex 42.9462 -24.2807 22.225
    endloop
  endfacet
  facet normal 0 0 -1
    outer loop
      vertex 42.5661 -51.4972 -22.225
      vertex 42.5661 -24.7028 -22.225
      vertex 42.9462 -24.2807 -22.225
    endloop
  endfacet
  facet normal 0 0 -1
    outer loop
      vertex 42.5661 -51.4972 -22.225
      vertex 42.9462 -24.2807 -22.225
      vertex 42.9462 -51.9193 -22.225
    endloop
  endfacet
  facet normal -0.74311 -0.669169 0
    outer loop
      vertex 42.5661 -51.4972 -22.225
      vertex 42.9462 -51.9193 -22.225
      vertex 42.5661 -51.4972 22.225
    endloop
  endfacet
  facet normal -0.74311 -0.669169 0
    outer loop
      vertex 42.5661 -51.4972 22.225
      vertex 42.9462 -51.9193 -22.225
      vertex 42.9462 -51.9193 22.225
    endloop
  endfacet
  facet normal 0 0 1
    outer loop
      vertex 42.5661 -51.4972 22.225
      vertex 42.9462 -51.9193 22.225
      vertex 42.5661 -24.7028 22.225
    endloop
  endfacet
  facet normal -0.74311 0.669169 0
    outer loop
      vertex 42.5661 -62.8028 -22.225
      vertex 42.5661 -62.8028 22.225
      vertex 42.9462 -62.3807 22.225
    endloop
  endfacet
  facet normal 0 0 -1
    outer loop
      vertex 42.5661 -62.8028 -22.225
      vertex 42.9462 -62.3807 -22.225
      vertex 54.375 -76.2 -22.225
    endloop
  endfacet
  facet normal -0.74311 0.669169 0
    outer loop
      vertex 42.5661 -62.8028 -22.225
      vertex 42.9462 -62.3807 22.225
      vertex 42.9462 -62.3807 -22.225
    endloop
  endfacet
  facet normal 0 0 1
    outer loop
      vertex 42.5661 -62.8028 22.225
      vertex 54.375 -76.2 22.225
      vertex 42.9462 -62.3807 22.225
    endloop
  endfacet
  facet normal -0.788014 -0.615658 0
    outer loop
      vertex 42.9462 -13.8193 -22.225
      vertex 43.2959 -14.2669 -22.225
      vertex 42.9462 -13.8193 22.225
    endloop
  endfacet
  facet normal 0 0 -1
    outer loop
      vertex 42.9462 -13.8193 -22.225
      vertex 54.375 0 -22.225
      vertex 43.2959 -14.2669 -22.225
    endloop
  endfacet
  facet normal -0.788014 -0.615658 0
    outer loop
      vertex 42.9462 -13.8193 22.225
      vertex 43.2959 -14.2669 -22.225
      vertex 43.2959 -14.2669 22.225
    endloop
  endfacet
  facet normal 0 0 1
    outer loop
      vertex 42.9462 -13.8193 22.225
      vertex 43.2959 -14.2669 22.225
      vertex 54.375 0 22.225
    endloop
  endfacet
  facet normal -0.788014 0.615658 0
    outer loop
      vertex 42.9462 -24.2807 -22.225
      vertex 42.9462 -24.2807 22.225
      vertex 43.2959 -23.8331 22.225
    endloop
  endfacet
  facet normal -0.788014 0.615658 0
    outer loop
      vertex 42.9462 -24.2807 -22.225
      vertex 43.2959 -23.8331 22.225
      vertex 43.2959 -23.8331 -22.225
    endloop
  endfacet
  facet normal 0 0 1
    outer loop
      vertex 42.9462 -24.2807 22.225
      vertex 43.2959 -52.3669 22.225
      vertex 43.2959 -23.8331 22.225
    endloop
  endfacet
  facet normal 0 0 -1
    outer loop
      vertex 42.9462 -51.9193 -22.225
      vertex 42.9462 -24.2807 -22.225
      vertex 43.2959 -23.8331 -22.225
    endloop
  endfacet
  facet normal 0 0 -1
    outer loop
      vertex 42.9462 -51.9193 -22.225
      vertex 43.2959 -23.8331 -22.225
      vertex 43.2959 -52.3669 -22.225
    endloop
  endfacet
  facet normal -0.788014 -0.615658 0
    outer loop
      vertex 42.9462 -51.9193 -22.225
      vertex 43.2959 -52.3669 -22.225
      vertex 42.9462 -51.9193 22.225
    endloop
  endfacet
  facet normal -0.788014 -0.615658 0
    outer loop
      vertex 42.9462 -51.9193 22.225
      vertex 43.2959 -52.3669 -22.225
      vertex 43.2959 -52.3669 22.225
    endloop
  endfacet
  facet normal 0 0 1
    outer loop
      vertex 42.9462 -51.9193 22.225
      vertex 43.2959 -52.3669 22.225
      vertex 42.9462 -24.2807 22.225
    endloop
  endfacet
  facet normal -0.788014 0.615658 0
    outer loop
      vertex 42.9462 -62.3807 -22.225
      vertex 42.9462 -62.3807 22.225
      vertex 43.2959 -61.9331 22.225
    endloop
  endfacet
  facet normal 0 0 -1
    outer loop
      vertex 42.9462 -62.3807 -22.225
      vertex 43.2959 -61.9331 -22.225
      vertex 54.375 -76.2 -22.225
    endloop
  endfacet
  facet normal -0.788014 0.615658 0
    outer loop
      vertex 42.9462 -62.3807 -22.225
      vertex 43.2959 -61.9331 22.225
      vertex 43.2959 -61.9331 -22.225
    endloop
  endfacet
  facet normal 0 0 1
    outer loop
      vertex 42.9462 -62.3807 22.225
      vertex 54.375 -76.2 22.225
      vertex 43.2959 -61.9331 22.225
    endloop
  endfacet
  facet normal -0.829059 -0.559161 0
    outer loop
      vertex 43.2959 -14.2669 -22.225
      vertex 43.6135 -14.7378 -22.225
      vertex 43.2959 -14.2669 22.225
    endloop
  endfacet
  facet normal 0 0 -1
    outer loop
      vertex 43.2959 -14.2669 -22.225
      vertex 54.375 0 -22.225
      vertex 43.6135 -14.7378 -22.225
    endloop
  endfacet
  facet normal -0.829059 -0.559161 0
    outer loop
      vertex 43.2959 -14.2669 22.225
      vertex 43.6135 -14.7378 -22.225
      vertex 43.6135 -14.7378 22.225
    endloop
  endfacet
  facet normal 0 0 1
    outer loop
      vertex 43.2959 -14.2669 22.225
      vertex 43.6135 -14.7378 22.225
      vertex 54.375 0 22.225
    endloop
  endfacet
  facet normal -0.829059 0.559161 0
    outer loop
      vertex 43.2959 -23.8331 -22.225
      vertex 43.2959 -23.8331 22.225
      vertex 43.6135 -23.3622 22.225
    endloop
  endfacet
  facet normal -0.829059 0.559161 0
    outer loop
      vertex 43.2959 -23.8331 -22.225
      vertex 43.6135 -23.3622 22.225
      vertex 43.6135 -23.3622 -22.225
    endloop
  endfacet
  facet normal 0 0 1
    outer loop
      vertex 43.2959 -23.8331 22.225
      vertex 43.6135 -52.8378 22.225
      vertex 43.6135 -23.3622 22.225
    endloop
  endfacet
  facet normal 0 0 -1
    outer loop
      vertex 43.2959 -52.3669 -22.225
      vertex 43.2959 -23.8331 -22.225
      vertex 43.6135 -23.3622 -22.225
    endloop
  endfacet
  facet normal 0 0 -1
    outer loop
      vertex 43.2959 -52.3669 -22.225
      vertex 43.6135 -23.3622 -22.225
      vertex 43.6135 -52.8378 -22.225
    endloop
  endfacet
  facet normal -0.829059 -0.559161 0
    outer loop
      vertex 43.2959 -52.3669 -22.225
      vertex 43.6135 -52.8378 -22.225
      vertex 43.2959 -52.3669 22.225
    endloop
  endfacet
  facet normal -0.829059 -0.559161 0
    outer loop
      vertex 43.2959 -52.3669 22.225
      vertex 43.6135 -52.8378 -22.225
      vertex 43.6135 -52.8378 22.225
    endloop
  endfacet
  facet normal 0 0 1
    outer loop
      vertex 43.2959 -52.3669 22.225
      vertex 43.6135 -52.8378 22.225
      vertex 43.2959 -23.8331 22.225
    endloop
  endfacet
  facet normal -0.829059 0.559161 0
    outer loop
      vertex 43.2959 -61.9331 -22.225
      vertex 43.2959 -61.9331 22.225
      vertex 43.6135 -61.4622 22.225
    endloop
  endfacet
  facet normal 0 0 -1
    outer loop
      vertex 43.2959 -61.9331 -22.225
      vertex 43.6135 -61.4622 -22.225
      vertex 54.375 -76.2 -22.225
    endloop
  endfacet
  facet normal -0.829059 0.559161 0
    outer loop
      vertex 43.2959 -61.9331 -22.225
      vertex 43.6135 -61.4622 22.225
      vertex 43.6135 -61.4622 -22.225
    endloop
  endfacet
  facet normal 0 0 1
    outer loop
      vertex 43.2959 -61.9331 22.225
      vertex 54.375 -76.2 22.225
      vertex 43.6135 -61.4622 22.225
    endloop
  endfacet
  facet normal -0.866024 -0.500002 0
    outer loop
      vertex 43.6135 -14.7378 -22.225
      vertex 43.8975 -15.2297 -22.225
      vertex 43.6135 -14.7378 22.225
    endloop
  endfacet
  facet normal 0 0 -1
    outer loop
      vertex 43.6135 -14.7378 -22.225
      vertex 54.375 0 -22.225
      vertex 43.8975 -15.2297 -22.225
    endloop
  endfacet
  facet normal -0.866024 -0.500002 0
    outer loop
      vertex 43.6135 -14.7378 22.225
      vertex 43.8975 -15.2297 -22.225
      vertex 43.8975 -15.2297 22.225
    endloop
  endfacet
  facet normal 0 0 1
    outer loop
      vertex 43.6135 -14.7378 22.225
      vertex 43.8975 -15.2297 22.225
      vertex 54.375 0 22.225
    endloop
  endfacet
  facet normal -0.866024 0.500002 0
    outer loop
      vertex 43.6135 -23.3622 -22.225
      vertex 43.6135 -23.3622 22.225
      vertex 43.8975 -22.8703 22.225
    endloop
  endfacet
  facet normal -0.866024 0.500002 0
    outer loop
      vertex 43.6135 -23.3622 -22.225
      vertex 43.8975 -22.8703 22.225
      vertex 43.8975 -22.8703 -22.225
    endloop
  endfacet
  facet normal 0 0 1
    outer loop
      vertex 43.6135 -23.3622 22.225
      vertex 43.8975 -53.3297 22.225
      vertex 43.8975 -22.8703 22.225
    endloop
  endfacet
  facet normal 0 0 -1
    outer loop
      vertex 43.6135 -52.8378 -22.225
      vertex 43.6135 -23.3622 -22.225
      vertex 43.8975 -22.8703 -22.225
    endloop
  endfacet
  facet normal 0 0 -1
    outer loop
      vertex 43.6135 -52.8378 -22.225
      vertex 43.8975 -22.8703 -22.225
      vertex 43.8975 -53.3297 -22.225
    endloop
  endfacet
  facet normal -0.866024 -0.500002 0
    outer loop
      vertex 43.6135 -52.8378 -22.225
      vertex 43.8975 -53.3297 -22.225
      vertex 43.6135 -52.8378 22.225
    endloop
  endfacet
  facet normal -0.866024 -0.500002 0
    outer loop
      vertex 43.6135 -52.8378 22.225
      vertex 43.8975 -53.3297 -22.225
      vertex 43.8975 -53.3297 22.225
    endloop
  endfacet
  facet normal 0 0 1
    outer loop
      vertex 43.6135 -52.8378 22.225
      vertex 43.8975 -53.3297 22.225
      vertex 43.6135 -23.3622 22.225
    endloop
  endfacet
  facet normal -0.866024 0.500002 0
    outer loop
      vertex 43.6135 -61.4622 -22.225
      vertex 43.6135 -61.4622 22.225
      vertex 43.8975 -60.9703 22.225
    endloop
  endfacet
  facet normal 0 0 -1
    outer loop
      vertex 43.6135 -61.4622 -22.225
      vertex 43.8975 -60.9703 -22.225
      vertex 54.375 -76.2 -22.225
    endloop
  endfacet
  facet normal -0.866024 0.500002 0
    outer loop
      vertex 43.6135 -61.4622 -22.225
      vertex 43.8975 -60.9703 22.225
      vertex 43.8975 -60.9703 -22.225
    endloop
  endfacet
  facet normal 0 0 1
    outer loop
      vertex 43.6135 -61.4622 22.225
      vertex 54.375 -76.2 22.225
      vertex 43.8975 -60.9703 22.225
    endloop
  endfacet
  facet normal -0.898785 -0.438389 0
    outer loop
      vertex 43.8975 -15.2297 -22.225
      vertex 44.1465 -15.7402 -22.225
      vertex 43.8975 -15.2297 22.225
    endloop
  endfacet
  facet normal 0 0 -1
    outer loop
      vertex 43.8975 -15.2297 -22.225
      vertex 54.375 0 -22.225
      vertex 44.1465 -15.7402 -22.225
    endloop
  endfacet
  facet normal -0.898785 -0.438389 0
    outer loop
      vertex 43.8975 -15.2297 22.225
      vertex 44.1465 -15.7402 -22.225
      vertex 44.1465 -15.7402 22.225
    endloop
  endfacet
  facet normal 0 0 1
    outer loop
      vertex 43.8975 -15.2297 22.225
      vertex 44.1465 -15.7402 22.225
      vertex 54.375 0 22.225
    endloop
  endfacet
  facet normal -0.898785 0.438389 0
    outer loop
      vertex 43.8975 -22.8703 -22.225
      vertex 43.8975 -22.8703 22.225
      vertex 44.1465 -22.3598 22.225
    endloop
  endfacet
  facet normal -0.898785 0.438389 0
    outer loop
      vertex 43.8975 -22.8703 -22.225
      vertex 44.1465 -22.3598 22.225
      vertex 44.1465 -22.3598 -22.225
    endloop
  endfacet
  facet normal 0 0 1
    outer loop
      vertex 43.8975 -22.8703 22.225
      vertex 44.1465 -53.8402 22.225
      vertex 44.1465 -22.3598 22.225
    endloop
  endfacet
  facet normal 0 0 -1
    outer loop
      vertex 43.8975 -53.3297 -22.225
      vertex 43.8975 -22.8703 -22.225
      vertex 44.1465 -22.3598 -22.225
    endloop
  endfacet
  facet normal 0 0 -1
    outer loop
      vertex 43.8975 -53.3297 -22.225
      vertex 44.1465 -22.3598 -22.225
      vertex 44.1465 -53.8402 -22.225
    endloop
  endfacet
  facet normal -0.898785 -0.438389 0
    outer loop
      vertex 43.8975 -53.3297 -22.225
      vertex 44.1465 -53.8402 -22.225
      vertex 43.8975 -53.3297 22.225
    endloop
  endfacet
  facet normal -0.898785 -0.438389 0
    outer loop
      vertex 43.8975 -53.3297 22.225
      vertex 44.1465 -53.8402 -22.225
      vertex 44.1465 -53.8402 22.225
    endloop
  endfacet
  facet normal 0 0 1
    outer loop
      vertex 43.8975 -53.3297 22.225
      vertex 44.1465 -53.8402 22.225
      vertex 43.8975 -22.8703 22.225
    endloop
  endfacet
  facet normal -0.898785 0.438389 0
    outer loop
      vertex 43.8975 -60.9703 -22.225
      vertex 43.8975 -60.9703 22.225
      vertex 44.1465 -60.4598 22.225
    endloop
  endfacet
  facet normal 0 0 -1
    outer loop
      vertex 43.8975 -60.9703 -22.225
      vertex 44.1465 -60.4598 -22.225
      vertex 54.375 -76.2 -22.225
    endloop
  endfacet
  facet normal -0.898785 0.438389 0
    outer loop
      vertex 43.8975 -60.9703 -22.225
      vertex 44.1465 -60.4598 22.225
      vertex 44.1465 -60.4598 -22.225
    endloop
  endfacet
  facet normal 0 0 1
    outer loop
      vertex 43.8975 -60.9703 22.225
      vertex 54.375 -76.2 22.225
      vertex 44.1465 -60.4598 22.225
    endloop
  endfacet
  facet normal -0.927221 -0.374515 0
    outer loop
      vertex 44.1465 -15.7402 -22.225
      vertex 44.3592 -16.2668 -22.225
      vertex 44.1465 -15.7402 22.225
    endloop
  endfacet
  facet normal 0 0 -1
    outer loop
      vertex 44.1465 -15.7402 -22.225
      vertex 54.375 0 -22.225
      vertex 44.3592 -16.2668 -22.225
    endloop
  endfacet
  facet normal -0.927221 -0.374515 0
    outer loop
      vertex 44.1465 -15.7402 22.225
      vertex 44.3592 -16.2668 -22.225
      vertex 44.3592 -16.2668 22.225
    endloop
  endfacet
  facet normal 0 0 1
    outer loop
      vertex 44.1465 -15.7402 22.225
      vertex 44.3592 -16.2668 22.225
      vertex 54.375 0 22.225
    endloop
  endfacet
  facet normal -0.927221 0.374515 0
    outer loop
      vertex 44.1465 -22.3598 -22.225
      vertex 44.1465 -22.3598 22.225
      vertex 44.3592 -21.8332 22.225
    endloop
  endfacet
  facet normal -0.927221 0.374515 0
    outer loop
      vertex 44.1465 -22.3598 -22.225
      vertex 44.3592 -21.8332 22.225
      vertex 44.3592 -21.8332 -22.225
    endloop
  endfacet
  facet normal 0 0 1
    outer loop
      vertex 44.1465 -22.3598 22.225
      vertex 44.3592 -54.3668 22.225
      vertex 44.3592 -21.8332 22.225
    endloop
  endfacet
  facet normal 0 0 -1
    outer loop
      vertex 44.1465 -53.8402 -22.225
      vertex 44.1465 -22.3598 -22.225
      vertex 44.3592 -21.8332 -22.225
    endloop
  endfacet
  facet normal 0 0 -1
    outer loop
      vertex 44.1465 -53.8402 -22.225
      vertex 44.3592 -21.8332 -22.225
      vertex 44.3592 -54.3668 -22.225
    endloop
  endfacet
  facet normal -0.927221 -0.374515 0
    outer loop
      vertex 44.1465 -53.8402 -22.225
      vertex 44.3592 -54.3668 -22.225
      vertex 44.1465 -53.8402 22.225
    endloop
  endfacet
  facet normal -0.927221 -0.374515 0
    outer loop
      vertex 44.1465 -53.8402 22.225
      vertex 44.3592 -54.3668 -22.225
      vertex 44.3592 -54.3668 22.225
    endloop
  endfacet
  facet normal 0 0 1
    outer loop
      vertex 44.1465 -53.8402 22.225
      vertex 44.3592 -54.3668 22.225
      vertex 44.1465 -22.3598 22.225
    endloop
  endfacet
  facet normal -0.927221 0.374515 0
    outer loop
      vertex 44.1465 -60.4598 -22.225
      vertex 44.1465 -60.4598 22.225
      vertex 44.3592 -59.9332 22.225
    endloop
  endfacet
  facet normal 0 0 -1
    outer loop
      vertex 44.1465 -60.4598 -22.225
      vertex 44.3592 -59.9332 -22.225
      vertex 54.375 -76.2 -22.225
    endloop
  endfacet
  facet normal -0.927221 0.374515 0
    outer loop
      vertex 44.1465 -60.4598 -22.225
      vertex 44.3592 -59.9332 22.225
      vertex 44.3592 -59.9332 -22.225
    endloop
  endfacet
  facet normal 0 0 1
    outer loop
      vertex 44.1465 -60.4598 22.225
      vertex 54.375 -76.2 22.225
      vertex 44.3592 -59.9332 22.225
    endloop
  endfacet
  facet normal -0.951016 -0.309142 0
    outer loop
      vertex 44.3592 -16.2668 -22.225
      vertex 44.5348 -16.807 -22.225
      vertex 44.3592 -16.2668 22.225
    endloop
  endfacet
  facet normal 0 0 -1
    outer loop
      vertex 44.3592 -16.2668 -22.225
      vertex 54.375 0 -22.225
      vertex 44.5348 -16.807 -22.225
    endloop
  endfacet
  facet normal -0.951016 -0.309142 0
    outer loop
      vertex 44.3592 -16.2668 22.225
      vertex 44.5348 -16.807 -22.225
      vertex 44.5348 -16.807 22.225
    endloop
  endfacet
  facet normal 0 0 1
    outer loop
      vertex 44.3592 -16.2668 22.225
      vertex 44.5348 -16.807 22.225
      vertex 54.375 0 22.225
    endloop
  endfacet
  facet normal -0.951016 0.309142 0
    outer loop
      vertex 44.3592 -21.8332 -22.225
      vertex 44.3592 -21.8332 22.225
      vertex 44.5348 -21.293 22.225
    endloop
  endfacet
  facet normal -0.951016 0.309142 0
    outer loop
      vertex 44.3592 -21.8332 -22.225
      vertex 44.5348 -21.293 22.225
      vertex 44.5348 -21.293 -22.225
    endloop
  endfacet
  facet normal 0 0 1
    outer loop
      vertex 44.3592 -21.8332 22.225
      vertex 44.5348 -54.907 22.225
      vertex 44.5348 -21.293 22.225
    endloop
  endfacet
  facet normal 0 0 -1
    outer loop
      vertex 44.3592 -54.3668 -22.225
      vertex 44.3592 -21.8332 -22.225
      vertex 44.5348 -21.293 -22.225
    endloop
  endfacet
  facet normal 0 0 -1
    outer loop
      vertex 44.3592 -54.3668 -22.225
      vertex 44.5348 -21.293 -22.225
      vertex 44.5348 -54.907 -22.225
    endloop
  endfacet
  facet normal -0.951016 -0.309142 0
    outer loop
      vertex 44.3592 -54.3668 -22.225
      vertex 44.5348 -54.907 -22.225
      vertex 44.3592 -54.3668 22.225
    endloop
  endfacet
  facet normal -0.951016 -0.309142 0
    outer loop
      vertex 44.3592 -54.3668 22.225
      vertex 44.5348 -54.907 -22.225
      vertex 44.5348 -54.907 22.225
    endloop
  endfacet
  facet normal 0 0 1
    outer loop
      vertex 44.3592 -54.3668 22.225
      vertex 44.5348 -54.907 22.225
      vertex 44.3592 -21.8332 22.225
    endloop
  endfacet
  facet normal -0.951016 0.309142 0
    outer loop
      vertex 44.3592 -59.9332 -22.225
      vertex 44.3592 -59.9332 22.225
      vertex 44.5348 -59.393 22.225
    endloop
  endfacet
  facet normal 0 0 -1
    outer loop
      vertex 44.3592 -59.9332 -22.225
      vertex 44.5348 -59.393 -22.225
      vertex 54.375 -76.2 -22.225
    endloop
  endfacet
  facet normal -0.951016 0.309142 0
    outer loop
      vertex 44.3592 -59.9332 -22.225
      vertex 44.5348 -59.393 22.225
      vertex 44.5348 -59.393 -22.225
    endloop
  endfacet
  facet normal 0 0 1
    outer loop
      vertex 44.3592 -59.9332 22.225
      vertex 54.375 -76.2 22.225
      vertex 44.5348 -59.393 22.225
    endloop
  endfacet
  facet normal -0.970298 -0.241914 0
    outer loop
      vertex 44.5348 -16.807 -22.225
      vertex 44.6722 -17.3581 -22.225
      vertex 44.5348 -16.807 22.225
    endloop
  endfacet
  facet normal 0 0 -1
    outer loop
      vertex 44.5348 -16.807 -22.225
      vertex 54.375 0 -22.225
      vertex 44.6722 -17.3581 -22.225
    endloop
  endfacet
  facet normal -0.970298 -0.241914 0
    outer loop
      vertex 44.5348 -16.807 22.225
      vertex 44.6722 -17.3581 -22.225
      vertex 44.6722 -17.3581 22.225
    endloop
  endfacet
  facet normal 0 0 1
    outer loop
      vertex 44.5348 -16.807 22.225
      vertex 44.6722 -17.3581 22.225
      vertex 54.375 0 22.225
    endloop
  endfacet
  facet normal -0.970298 0.241914 0
    outer loop
      vertex 44.5348 -21.293 -22.225
      vertex 44.5348 -21.293 22.225
      vertex 44.6722 -20.7419 22.225
    endloop
  endfacet
  facet normal 0 0 -1
    outer loop
      vertex 44.5348 -21.293 -22.225
      vertex 44.6722 -20.7419 -22.225
      vertex 54.375 0 -22.225
    endloop
  endfacet
  facet normal -0.970298 0.241914 0
    outer loop
      vertex 44.5348 -21.293 -22.225
      vertex 44.6722 -20.7419 22.225
      vertex 44.6722 -20.7419 -22.225
    endloop
  endfacet
  facet normal 0 0 1
    outer loop
      vertex 44.5348 -21.293 22.225
      vertex 54.375 -76.2 22.225
      vertex 54.375 0 22.225
    endloop
  endfacet
  facet normal 0 0 1
    outer loop
      vertex 44.5348 -21.293 22.225
      vertex 54.375 0 22.225
      vertex 44.6722 -20.7419 22.225
    endloop
  endfacet
  facet normal 0 0 -1
    outer loop
      vertex 44.5348 -54.907 -22.225
      vertex 44.5348 -21.293 -22.225
      vertex 54.375 0 -22.225
    endloop
  endfacet
  facet normal -0.970298 -0.241914 0
    outer loop
      vertex 44.5348 -54.907 -22.225
      vertex 44.6722 -55.4581 -22.225
      vertex 44.5348 -54.907 22.225
    endloop
  endfacet
  facet normal 0 0 -1
    outer loop
      vertex 44.5348 -54.907 -22.225
      vertex 54.375 -76.2 -22.225
      vertex 44.6722 -55.4581 -22.225
    endloop
  endfacet
  facet normal 0 0 -1
    outer loop
      vertex 44.5348 -54.907 -22.225
      vertex 54.375 0 -22.225
      vertex 54.375 -76.2 -22.225
    endloop
  endfacet
  facet normal -0.970298 -0.241914 0
    outer loop
      vertex 44.5348 -54.907 22.225
      vertex 44.6722 -55.4581 -22.225
      vertex 44.6722 -55.4581 22.225
    endloop
  endfacet
  facet normal 0 0 1
    outer loop
      vertex 44.5348 -54.907 22.225
      vertex 44.6722 -55.4581 22.225
      vertex 54.375 -76.2 22.225
    endloop
  endfacet
  facet normal 0 0 1
    outer loop
      vertex 44.5348 -54.907 22.225
      vertex 54.375 -76.2 22.225
      vertex 44.5348 -21.293 22.225
    endloop
  endfacet
  facet normal -0.970298 0.241914 0
    outer loop
      vertex 44.5348 -59.393 -22.225
      vertex 44.5348 -59.393 22.225
      vertex 44.6722 -58.8419 22.225
    endloop
  endfacet
  facet normal 0 0 -1
    outer loop
      vertex 44.5348 -59.393 -22.225
      vertex 44.6722 -58.8419 -22.225
      vertex 54.375 -76.2 -22.225
    endloop
  endfacet
  facet normal -0.970298 0.241914 0
    outer loop
      vertex 44.5348 -59.393 -22.225
      vertex 44.6722 -58.8419 22.225
      vertex 44.6722 -58.8419 -22.225
    endloop
  endfacet
  facet normal 0 0 1
    outer loop
      vertex 44.5348 -59.393 22.225
      vertex 54.375 -76.2 22.225
      vertex 44.6722 -58.8419 22.225
    endloop
  endfacet
  facet normal -0.984819 -0.173584 0
    outer loop
      vertex 44.6722 -17.3581 -22.225
      vertex 44.7708 -17.9175 -22.225
      vertex 44.6722 -17.3581 22.225
    endloop
  endfacet
  facet normal 0 0 -1
    outer loop
      vertex 44.6722 -17.3581 -22.225
      vertex 54.375 0 -22.225
      vertex 44.7708 -17.9175 -22.225
    endloop
  endfacet
  facet normal -0.984819 -0.173584 0
    outer loop
      vertex 44.6722 -17.3581 22.225
      vertex 44.7708 -17.9175 -22.225
      vertex 44.7708 -17.9175 22.225
    endloop
  endfacet
  facet normal 0 0 1
    outer loop
      vertex 44.6722 -17.3581 22.225
      vertex 44.7708 -17.9175 22.225
      vertex 54.375 0 22.225
    endloop
  endfacet
  facet normal -0.984819 0.173584 0
    outer loop
      vertex 44.6722 -20.7419 -22.225
      vertex 44.6722 -20.7419 22.225
      vertex 44.7708 -20.1825 22.225
    endloop
  endfacet
  facet normal 0 0 -1
    outer loop
      vertex 44.6722 -20.7419 -22.225
      vertex 44.7708 -20.1825 -22.225
      vertex 54.375 0 -22.225
    endloop
  endfacet
  facet normal -0.984819 0.173584 0
    outer loop
      vertex 44.6722 -20.7419 -22.225
      vertex 44.7708 -20.1825 22.225
      vertex 44.7708 -20.1825 -22.225
    endloop
  endfacet
  facet normal 0 0 1
    outer loop
      vertex 44.6722 -20.7419 22.225
      vertex 54.375 0 22.225
      vertex 44.7708 -20.1825 22.225
    endloop
  endfacet
  facet normal -0.984819 -0.173584 0
    outer loop
      vertex 44.6722 -55.4581 -22.225
      vertex 44.7708 -56.0175 -22.225
      vertex 44.6722 -55.4581 22.225
    endloop
  endfacet
  facet normal 0 0 -1
    outer loop
      vertex 44.6722 -55.4581 -22.225
      vertex 54.375 -76.2 -22.225
      vertex 44.7708 -56.0175 -22.225
    endloop
  endfacet
  facet normal -0.984819 -0.173584 0
    outer loop
      vertex 44.6722 -55.4581 22.225
      vertex 44.7708 -56.0175 -22.225
      vertex 44.7708 -56.0175 22.225
    endloop
  endfacet
  facet normal 0 0 1
    outer loop
      vertex 44.6722 -55.4581 22.225
      vertex 44.7708 -56.0175 22.225
      vertex 54.375 -76.2 22.225
    endloop
  endfacet
  facet normal -0.984819 0.173584 0
    outer loop
      vertex 44.6722 -58.8419 -22.225
      vertex 44.6722 -58.8419 22.225
      vertex 44.7708 -58.2825 22.225
    endloop
  endfacet
  facet normal 0 0 -1
    outer loop
      vertex 44.6722 -58.8419 -22.225
      vertex 44.7708 -58.2825 -22.225
      vertex 54.375 -76.2 -22.225
    endloop
  endfacet
  facet normal -0.984819 0.173584 0
    outer loop
      vertex 44.6722 -58.8419 -22.225
      vertex 44.7708 -58.2825 22.225
      vertex 44.7708 -58.2825 -22.225
    endloop
  endfacet
  facet normal 0 0 1
    outer loop
      vertex 44.6722 -58.8419 22.225
      vertex 54.375 -76.2 22.225
      vertex 44.7708 -58.2825 22.225
    endloop
  endfacet
  facet normal -0.994517 -0.104575 0
    outer loop
      vertex 44.7708 -17.9175 -22.225
      vertex 44.8302 -18.4824 -22.225
      vertex 44.7708 -17.9175 22.225
    endloop
  endfacet
  facet normal 0 0 -1
    outer loop
      vertex 44.7708 -17.9175 -22.225
      vertex 54.375 0 -22.225
      vertex 44.8302 -18.4824 -22.225
    endloop
  endfacet
  facet normal -0.994517 -0.104575 0
    outer loop
      vertex 44.7708 -17.9175 22.225
      vertex 44.8302 -18.4824 -22.225
      vertex 44.8302 -18.4824 22.225
    endloop
  endfacet
  facet normal 0 0 1
    outer loop
      vertex 44.7708 -17.9175 22.225
      vertex 44.8302 -18.4824 22.225
      vertex 54.375 0 22.225
    endloop
  endfacet
  facet normal -0.994517 0.104575 0
    outer loop
      vertex 44.7708 -20.1825 -22.225
      vertex 44.7708 -20.1825 22.225
      vertex 44.8302 -19.6176 22.225
    endloop
  endfacet
  facet normal 0 0 -1
    outer loop
      vertex 44.7708 -20.1825 -22.225
      vertex 44.8302 -19.6176 -22.225
      vertex 54.375 0 -22.225
    endloop
  endfacet
  facet normal -0.994517 0.104575 0
    outer loop
      vertex 44.7708 -20.1825 -22.225
      vertex 44.8302 -19.6176 22.225
      vertex 44.8302 -19.6176 -22.225
    endloop
  endfacet
  facet normal 0 0 1
    outer loop
      vertex 44.7708 -20.1825 22.225
      vertex 54.375 0 22.225
      vertex 44.8302 -19.6176 22.225
    endloop
  endfacet
  facet normal -0.994517 -0.104575 0
    outer loop
      vertex 44.7708 -56.0175 -22.225
      vertex 44.8302 -56.5824 -22.225
      vertex 44.7708 -56.0175 22.225
    endloop
  endfacet
  facet normal 0 0 -1
    outer loop
      vertex 44.7708 -56.0175 -22.225
      vertex 54.375 -76.2 -22.225
      vertex 44.8302 -56.5824 -22.225
    endloop
  endfacet
  facet normal -0.994517 -0.104575 0
    outer loop
      vertex 44.7708 -56.0175 22.225
      vertex 44.8302 -56.5824 -22.225
      vertex 44.8302 -56.5824 22.225
    endloop
  endfacet
  facet normal 0 0 1
    outer loop
      vertex 44.7708 -56.0175 22.225
      vertex 44.8302 -56.5824 22.225
      vertex 54.375 -76.2 22.225
    endloop
  endfacet
  facet normal -0.994517 0.104575 0
    outer loop
      vertex 44.7708 -58.2825 -22.225
      vertex 44.7708 -58.2825 22.225
      vertex 44.8302 -57.7176 22.225
    endloop
  endfacet
  facet normal 0 0 -1
    outer loop
      vertex 44.7708 -58.2825 -22.225
      vertex 44.8302 -57.7176 -22.225
      vertex 54.375 -76.2 -22.225
    endloop
  endfacet
  facet normal -0.994517 0.104575 0
    outer loop
      vertex 44.7708 -58.2825 -22.225
      vertex 44.8302 -57.7176 22.225
      vertex 44.8302 -57.7176 -22.225
    endloop
  endfacet
  facet normal 0 0 1
    outer loop
      vertex 44.7708 -58.2825 22.225
      vertex 54.375 -76.2 22.225
      vertex 44.8302 -57.7176 22.225
    endloop
  endfacet
  facet normal -0.999392 -0.0348625 0
    outer loop
      vertex 44.8302 -18.4824 -22.225
      vertex 44.85 -19.05 -22.225
      vertex 44.8302 -18.4824 22.225
    endloop
  endfacet
  facet normal 0 0 -1
    outer loop
      vertex 44.8302 -18.4824 -22.225
      vertex 54.375 0 -22.225
      vertex 44.85 -19.05 -22.225
    endloop
  endfacet
  facet normal -0.999392 -0.0348625 0
    outer loop
      vertex 44.8302 -18.4824 22.225
      vertex 44.85 -19.05 -22.225
      vertex 44.85 -19.05 22.225
    endloop
  endfacet
  facet normal 0 0 1
    outer loop
      vertex 44.8302 -18.4824 22.225
      vertex 44.85 -19.05 22.225
      vertex 54.375 0 22.225
    endloop
  endfacet
  facet normal -0.999392 0.0348625 0
    outer loop
      vertex 44.8302 -19.6176 -22.225
      vertex 44.8302 -19.6176 22.225
      vertex 44.85 -19.05 22.225
    endloop
  endfacet
  facet normal 0 0 -1
    outer loop
      vertex 44.8302 -19.6176 -22.225
      vertex 44.85 -19.05 -22.225
      vertex 54.375 0 -22.225
    endloop
  endfacet
  facet normal -0.999392 0.0348625 0
    outer loop
      vertex 44.8302 -19.6176 -22.225
      vertex 44.85 -19.05 22.225
      vertex 44.85 -19.05 -22.225
    endloop
  endfacet
  facet normal 0 0 1
    outer loop
      vertex 44.8302 -19.6176 22.225
      vertex 54.375 0 22.225
      vertex 44.85 -19.05 22.225
    endloop
  endfacet
  facet normal -0.999392 -0.0348625 0
    outer loop
      vertex 44.8302 -56.5824 -22.225
      vertex 44.85 -57.15 -22.225
      vertex 44.8302 -56.5824 22.225
    endloop
  endfacet
  facet normal 0 0 -1
    outer loop
      vertex 44.8302 -56.5824 -22.225
      vertex 54.375 -76.2 -22.225
      vertex 44.85 -57.15 -22.225
    endloop
  endfacet
  facet normal -0.999392 -0.0348625 0
    outer loop
      vertex 44.8302 -56.5824 22.225
      vertex 44.85 -57.15 -22.225
      vertex 44.85 -57.15 22.225
    endloop
  endfacet
  facet normal 0 0 1
    outer loop
      vertex 44.8302 -56.5824 22.225
      vertex 44.85 -57.15 22.225
      vertex 54.375 -76.2 22.225
    endloop
  endfacet
  facet normal -0.999392 0.0348625 0
    outer loop
      vertex 44.8302 -57.7176 -22.225
      vertex 44.8302 -57.7176 22.225
      vertex 44.85 -57.15 22.225
    endloop
  endfacet
  facet normal 0 0 -1
    outer loop
      vertex 44.8302 -57.7176 -22.225
      vertex 44.85 -57.15 -22.225
      vertex 54.375 -76.2 -22.225
    endloop
  endfacet
  facet normal -0.999392 0.0348625 0
    outer loop
      vertex 44.8302 -57.7176 -22.225
      vertex 44.85 -57.15 22.225
      vertex 44.85 -57.15 -22.225
    endloop
  endfacet
  facet normal 0 0 1
    outer loop
      vertex 44.8302 -57.7176 22.225
      vertex 54.375 -76.2 22.225
      vertex 44.85 -57.15 22.225
    endloop
  endfacet
  facet normal -0.341969 0 0.939711
    outer loop
      vertex 5.88677 -38.1078 -18.1176
      vertex 7.13626 -38.1078 -17.6629
      vertex 5.88677 0 -18.1176
    endloop
  endfacet
  facet normal -0.341969 0 -0.939711
    outer loop
      vertex 5.88677 -38.1078 18.1176
      vertex 5.88677 0 18.1176
      vertex 7.13626 0 17.6629
    endloop
  endfacet
  facet normal -0.341969 0 -0.939711
    outer loop
      vertex 5.88677 -38.1078 18.1176
      vertex 7.13626 0 17.6629
      vertex 7.13626 -38.1078 17.6629
    endloop
  endfacet
  facet normal -0.341969 0 0.939711
    outer loop
      vertex 5.88677 0 -18.1176
      vertex 7.13626 -38.1078 -17.6629
      vertex 7.13626 0 -17.6629
    endloop
  endfacet
  facet normal 1 0 0
    outer loop
      vertex 54.375 -33.3404 -0.166208
      vertex 54.375 0 -22.225
      vertex 54.375 -33.3404 0.166208
    endloop
  endfacet
  facet normal 1 0 0
    outer loop
      vertex 54.375 -33.3404 0.166208
      vertex 54.375 0 -22.225
      vertex 54.375 0 22.225
    endloop
  endfacet
  facet normal 1 0 0
    outer loop
      vertex 54.375 -33.3636 -0.497816
      vertex 54.375 0 -22.225
      vertex 54.375 -33.3404 -0.166208
    endloop
  endfacet
  facet normal 1 0 0
    outer loop
      vertex 54.375 -33.3636 0.497816
      vertex 54.375 -33.3404 0.166208
      vertex 54.375 0 22.225
    endloop
  endfacet
  facet normal 1 0 0
    outer loop
      vertex 54.375 -33.4099 -0.826999
      vertex 54.375 0 -22.225
      vertex 54.375 -33.3636 -0.497816
    endloop
  endfacet
  facet normal 1 0 0
    outer loop
      vertex 54.375 -33.4099 0.826999
      vertex 54.375 -33.3636 0.497816
      vertex 54.375 0 22.225
    endloop
  endfacet
  facet normal 1 0 0
    outer loop
      vertex 54.375 -33.479 -1.15215
      vertex 54.375 0 -22.225
      vertex 54.375 -33.4099 -0.826999
    endloop
  endfacet
  facet normal 1 0 0
    outer loop
      vertex 54.375 -33.479 1.15215
      vertex 54.375 -33.4099 0.826999
      vertex 54.375 0 22.225
    endloop
  endfacet
  facet normal 1 0 0
    outer loop
      vertex 54.375 -33.5706 -1.47169
      vertex 54.375 0 -22.225
      vertex 54.375 -33.479 -1.15215
    endloop
  endfacet
  facet normal 1 0 0
    outer loop
      vertex 54.375 -33.5706 1.47169
      vertex 54.375 -33.479 1.15215
      vertex 54.375 0 22.225
    endloop
  endfacet
  facet normal 1 0 0
    outer loop
      vertex 54.375 -33.6843 -1.78406
      vertex 54.375 0 -22.225
      vertex 54.375 -33.5706 -1.47169
    endloop
  endfacet
  facet normal 1 0 0
    outer loop
      vertex 54.375 -33.6843 1.78406
      vertex 54.375 -33.5706 1.47169
      vertex 54.375 0 22.225
    endloop
  endfacet
  facet normal 1 0 0
    outer loop
      vertex 54.375 -33.8195 -2.08774
      vertex 54.375 0 -22.225
      vertex 54.375 -33.6843 -1.78406
    endloop
  endfacet
  facet normal 1 0 0
    outer loop
      vertex 54.375 -33.8195 2.08774
      vertex 54.375 -33.6843 1.78406
      vertex 54.375 0 22.225
    endloop
  endfacet
  facet normal 1 0 0
    outer loop
      vertex 54.375 -33.9756 -2.38125
      vertex 54.375 0 -22.225
      vertex 54.375 -33.8195 -2.08774
    endloop
  endfacet
  facet normal 1 0 0
    outer loop
      vertex 54.375 -33.9756 2.38125
      vertex 54.375 -33.8195 2.08774
      vertex 54.375 0 22.225
    endloop
  endfacet
  facet normal 1 0 0
    outer loop
      vertex 54.375 -34.1517 -2.66316
      vertex 54.375 0 -22.225
      vertex 54.375 -33.9756 -2.38125
    endloop
  endfacet
  facet normal 1 0 0
    outer loop
      vertex 54.375 -34.1517 2.66316
      vertex 54.375 -33.9756 2.38125
      vertex 54.375 0 22.225
    endloop
  endfacet
  facet normal 1 0 0
    outer loop
      vertex 54.375 -34.3471 -2.93209
      vertex 54.375 0 -22.225
      vertex 54.375 -34.1517 -2.66316
    endloop
  endfacet
  facet normal 1 0 0
    outer loop
      vertex 54.375 -34.3471 2.93209
      vertex 54.375 -34.1517 2.66316
      vertex 54.375 0 22.225
    endloop
  endfacet
  facet normal 1 0 0
    outer loop
      vertex 54.375 -34.5608 -3.18673
      vertex 54.375 0 -22.225
      vertex 54.375 -34.3471 -2.93209
    endloop
  endfacet
  facet normal 1 0 0
    outer loop
      vertex 54.375 -34.5608 3.18673
      vertex 54.375 -34.3471 2.93209
      vertex 54.375 0 22.225
    endloop
  endfacet
  facet normal 1 0 0
    outer loop
      vertex 54.375 -34.7917 -3.42586
      vertex 54.375 0 -22.225
      vertex 54.375 -34.5608 -3.18673
    endloop
  endfacet
  facet normal 1 0 0
    outer loop
      vertex 54.375 -34.7917 3.42586
      vertex 54.375 -34.5608 3.18673
      vertex 54.375 0 22.225
    endloop
  endfacet
  facet normal 1 0 0
    outer loop
      vertex 54.375 -35.0387 -3.64829
      vertex 54.375 0 -22.225
      vertex 54.375 -34.7917 -3.42586
    endloop
  endfacet
  facet normal 1 0 0
    outer loop
      vertex 54.375 -35.0387 3.64829
      vertex 54.375 -34.7917 3.42586
      vertex 54.375 0 22.225
    endloop
  endfacet
  facet normal 1 0 0
    outer loop
      vertex 54.375 -35.3007 -3.85294
      vertex 54.375 0 -22.225
      vertex 54.375 -35.0387 -3.64829
    endloop
  endfacet
  facet normal 1 0 0
    outer loop
      vertex 54.375 -35.3007 3.85294
      vertex 54.375 -35.0387 3.64829
      vertex 54.375 0 22.225
    endloop
  endfacet
  facet normal 1 0 0
    outer loop
      vertex 54.375 -35.5763 -4.03883
      vertex 54.375 0 -22.225
      vertex 54.375 -35.3007 -3.85294
    endloop
  endfacet
  facet normal 1 0 0
    outer loop
      vertex 54.375 -35.5763 4.03883
      vertex 54.375 -35.3007 3.85294
      vertex 54.375 0 22.225
    endloop
  endfacet
  facet normal 1 0 0
    outer loop
      vertex 54.375 -35.8641 -4.20504
      vertex 54.375 0 -22.225
      vertex 54.375 -35.5763 -4.03883
    endloop
  endfacet
  facet normal 1 0 0
    outer loop
      vertex 54.375 -35.8641 4.20504
      vertex 54.375 -35.5763 4.03883
      vertex 54.375 0 22.225
    endloop
  endfacet
  facet normal 1 0 0
    outer loop
      vertex 54.375 -36.1629 -4.35076
      vertex 54.375 0 -22.225
      vertex 54.375 -35.8641 -4.20504
    endloop
  endfacet
  facet normal 1 0 0
    outer loop
      vertex 54.375 -36.1629 4.35076
      vertex 54.375 -35.8641 4.20504
      vertex 54.375 0 22.225
    endloop
  endfacet
  facet normal 1 0 0
    outer loop
      vertex 54.375 -36.4711 -4.47529
      vertex 54.375 0 -22.225
      vertex 54.375 -36.1629 -4.35076
    endloop
  endfacet
  facet normal 1 0 0
    outer loop
      vertex 54.375 -36.4711 4.47529
      vertex 54.375 -36.1629 4.35076
      vertex 54.375 0 22.225
    endloop
  endfacet
  facet normal 1 0 0
    outer loop
      vertex 54.375 -36.7873 -4.57801
      vertex 54.375 0 -22.225
      vertex 54.375 -36.4711 -4.47529
    endloop
  endfacet
  facet normal 1 0 0
    outer loop
      vertex 54.375 -36.7873 4.57801
      vertex 54.375 -36.4711 4.47529
      vertex 54.375 0 22.225
    endloop
  endfacet
  facet normal 1 0 0
    outer loop
      vertex 54.375 -37.1098 -4.65843
      vertex 54.375 0 -22.225
      vertex 54.375 -36.7873 -4.57801
    endloop
  endfacet
  facet normal 1 0 0
    outer loop
      vertex 54.375 -37.1098 4.65843
      vertex 54.375 -36.7873 4.57801
      vertex 54.375 0 22.225
    endloop
  endfacet
  facet normal 1 0 0
    outer loop
      vertex 54.375 -37.4372 -4.71615
      vertex 54.375 0 -22.225
      vertex 54.375 -37.1098 -4.65843
    endloop
  endfacet
  facet normal 1 0 0
    outer loop
      vertex 54.375 -37.4372 4.71615
      vertex 54.375 -37.1098 4.65843
      vertex 54.375 0 22.225
    endloop
  endfacet
  facet normal 1 0 0
    outer loop
      vertex 54.375 -37.7678 -4.7509
      vertex 54.375 0 -22.225
      vertex 54.375 -37.4372 -4.71615
    endloop
  endfacet
  facet normal 1 0 0
    outer loop
      vertex 54.375 -37.7678 4.7509
      vertex 54.375 -37.4372 4.71615
      vertex 54.375 0 22.225
    endloop
  endfacet
  facet normal 1 0 0
    outer loop
      vertex 54.375 -38.1 -4.7625
      vertex 54.375 0 -22.225
      vertex 54.375 -37.7678 -4.7509
    endloop
  endfacet
  facet normal 1 0 0
    outer loop
      vertex 54.375 -38.1 4.7625
      vertex 54.375 -37.7678 4.7509
      vertex 54.375 0 22.225
    endloop
  endfacet
  facet normal 1 0 0
    outer loop
      vertex 54.375 -76.2 -22.225
      vertex 54.375 -38.1 -4.7625
      vertex 54.375 -38.4322 -4.7509
    endloop
  endfacet
  facet normal 1 0 0
    outer loop
      vertex 54.375 -76.2 -22.225
      vertex 54.375 -38.4322 -4.7509
      vertex 54.375 -38.7628 -4.71615
    endloop
  endfacet
  facet normal 1 0 0
    outer loop
      vertex 54.375 -76.2 -22.225
      vertex 54.375 -38.7628 -4.71615
      vertex 54.375 -39.0902 -4.65843
    endloop
  endfacet
  facet normal 1 0 0
    outer loop
      vertex 54.375 -76.2 -22.225
      vertex 54.375 -39.0902 -4.65843
      vertex 54.375 -39.4127 -4.57801
    endloop
  endfacet
  facet normal 1 0 0
    outer loop
      vertex 54.375 -76.2 -22.225
      vertex 54.375 -39.4127 -4.57801
      vertex 54.375 -39.7289 -4.47529
    endloop
  endfacet
  facet normal 1 0 0
    outer loop
      vertex 54.375 -76.2 -22.225
      vertex 54.375 -39.7289 -4.47529
      vertex 54.375 -40.0371 -4.35076
    endloop
  endfacet
  facet normal 1 0 0
    outer loop
      vertex 54.375 -76.2 -22.225
      vertex 54.375 -40.0371 -4.35076
      vertex 54.375 -40.3359 -4.20504
    endloop
  endfacet
  facet normal 1 0 0
    outer loop
      vertex 54.375 -76.2 -22.225
      vertex 54.375 -40.3359 -4.20504
      vertex 54.375 -40.6237 -4.03883
    endloop
  endfacet
  facet normal 1 0 0
    outer loop
      vertex 54.375 -76.2 -22.225
      vertex 54.375 -40.6237 -4.03883
      vertex 54.375 -40.8993 -3.85294
    endloop
  endfacet
  facet normal 1 0 0
    outer loop
      vertex 54.375 -76.2 -22.225
      vertex 54.375 -40.8993 -3.85294
      vertex 54.375 -41.1613 -3.64829
    endloop
  endfacet
  facet normal 1 0 0
    outer loop
      vertex 54.375 -76.2 -22.225
      vertex 54.375 -41.1613 -3.64829
      vertex 54.375 -41.4083 -3.42586
    endloop
  endfacet
  facet normal 1 0 0
    outer loop
      vertex 54.375 -76.2 -22.225
      vertex 54.375 -41.4083 -3.42586
      vertex 54.375 -41.6392 -3.18673
    endloop
  endfacet
  facet normal 1 0 0
    outer loop
      vertex 54.375 -76.2 -22.225
      vertex 54.375 -41.6392 -3.18673
      vertex 54.375 -41.8529 -2.93209
    endloop
  endfacet
  facet normal 1 0 0
    outer loop
      vertex 54.375 -76.2 -22.225
      vertex 54.375 -41.8529 -2.93209
      vertex 54.375 -42.0483 -2.66316
    endloop
  endfacet
  facet normal 1 0 0
    outer loop
      vertex 54.375 -76.2 -22.225
      vertex 54.375 -42.0483 -2.66316
      vertex 54.375 -42.2244 -2.38125
    endloop
  endfacet
  facet normal 1 0 0
    outer loop
      vertex 54.375 -76.2 -22.225
      vertex 54.375 -42.2244 -2.38125
      vertex 54.375 -42.3805 -2.08774
    endloop
  endfacet
  facet normal 1 0 0
    outer loop
      vertex 54.375 -76.2 -22.225
      vertex 54.375 -42.3805 -2.08774
      vertex 54.375 -42.5157 -1.78406
    endloop
  endfacet
  facet normal 1 0 0
    outer loop
      vertex 54.375 -76.2 -22.225
      vertex 54.375 -42.5157 -1.78406
      vertex 54.375 -42.6294 -1.47169
    endloop
  endfacet
  facet normal 1 0 0
    outer loop
      vertex 54.375 -76.2 -22.225
      vertex 54.375 -42.6294 -1.47169
      vertex 54.375 -42.721 -1.15215
    endloop
  endfacet
  facet normal 1 0 0
    outer loop
      vertex 54.375 -76.2 -22.225
      vertex 54.375 -42.721 -1.15215
      vertex 54.375 -42.7901 -0.826999
    endloop
  endfacet
  facet normal 1 0 0
    outer loop
      vertex 54.375 -76.2 -22.225
      vertex 54.375 -42.7901 -0.826999
      vertex 54.375 -42.8364 -0.497816
    endloop
  endfacet
  facet normal 1 0 0
    outer loop
      vertex 54.375 -76.2 -22.225
      vertex 54.375 -42.8364 -0.497816
      vertex 54.375 -42.8596 -0.166208
    endloop
  endfacet
  facet normal 1 0 0
    outer loop
      vertex 54.375 -76.2 -22.225
      vertex 54.375 -42.8596 -0.166208
      vertex 54.375 -76.2 22.225
    endloop
  endfacet
  facet normal 1 0 0
    outer loop
      vertex 54.375 -76.2 -22.225
      vertex 54.375 0 -22.225
      vertex 54.375 -38.1 -4.7625
    endloop
  endfacet
  facet normal 1 0 0
    outer loop
      vertex 54.375 -76.2 22.225
      vertex 54.375 -38.1 4.7625
      vertex 54.375 0 22.225
    endloop
  endfacet
  facet normal 1 0 0
    outer loop
      vertex 54.375 -76.2 22.225
      vertex 54.375 -38.4322 4.7509
      vertex 54.375 -38.1 4.7625
    endloop
  endfacet
  facet normal 1 0 0
    outer loop
      vertex 54.375 -76.2 22.225
      vertex 54.375 -38.7628 4.71615
      vertex 54.375 -38.4322 4.7509
    endloop
  endfacet
  facet normal 1 0 0
    outer loop
      vertex 54.375 -76.2 22.225
      vertex 54.375 -39.0902 4.65843
      vertex 54.375 -38.7628 4.71615
    endloop
  endfacet
  facet normal 1 0 0
    outer loop
      vertex 54.375 -76.2 22.225
      vertex 54.375 -39.4127 4.57801
      vertex 54.375 -39.0902 4.65843
    endloop
  endfacet
  facet normal 1 0 0
    outer loop
      vertex 54.375 -76.2 22.225
      vertex 54.375 -39.7289 4.47529
      vertex 54.375 -39.4127 4.57801
    endloop
  endfacet
  facet normal 1 0 0
    outer loop
      vertex 54.375 -76.2 22.225
      vertex 54.375 -40.0371 4.35076
      vertex 54.375 -39.7289 4.47529
    endloop
  endfacet
  facet normal 1 0 0
    outer loop
      vertex 54.375 -76.2 22.225
      vertex 54.375 -40.3359 4.20504
      vertex 54.375 -40.0371 4.35076
    endloop
  endfacet
  facet normal 1 0 0
    outer loop
      vertex 54.375 -76.2 22.225
      vertex 54.375 -40.6237 4.03883
      vertex 54.375 -40.3359 4.20504
    endloop
  endfacet
  facet normal 1 0 0
    outer loop
      vertex 54.375 -76.2 22.225
      vertex 54.375 -40.8993 3.85294
      vertex 54.375 -40.6237 4.03883
    endloop
  endfacet
  facet normal 1 0 0
    outer loop
      vertex 54.375 -76.2 22.225
      vertex 54.375 -41.1613 3.64829
      vertex 54.375 -40.8993 3.85294
    endloop
  endfacet
  facet normal 1 0 0
    outer loop
      vertex 54.375 -76.2 22.225
      vertex 54.375 -41.4083 3.42586
      vertex 54.375 -41.1613 3.64829
    endloop
  endfacet
  facet normal 1 0 0
    outer loop
      vertex 54.375 -76.2 22.225
      vertex 54.375 -41.6392 3.18673
      vertex 54.375 -41.4083 3.42586
    endloop
  endfacet
  facet normal 1 0 0
    outer loop
      vertex 54.375 -76.2 22.225
      vertex 54.375 -41.8529 2.93209
      vertex 54.375 -41.6392 3.18673
    endloop
  endfacet
  facet normal 1 0 0
    outer loop
      vertex 54.375 -76.2 22.225
      vertex 54.375 -42.0483 2.66316
      vertex 54.375 -41.8529 2.93209
    endloop
  endfacet
  facet normal 1 0 0
    outer loop
      vertex 54.375 -76.2 22.225
      vertex 54.375 -42.2244 2.38125
      vertex 54.375 -42.0483 2.66316
    endloop
  endfacet
  facet normal 1 0 0
    outer loop
      vertex 54.375 -76.2 22.225
      vertex 54.375 -42.3805 2.08774
      vertex 54.375 -42.2244 2.38125
    endloop
  endfacet
  facet normal 1 0 0
    outer loop
      vertex 54.375 -76.2 22.225
      vertex 54.375 -42.5157 1.78406
      vertex 54.375 -42.3805 2.08774
    endloop
  endfacet
  facet normal 1 0 0
    outer loop
      vertex 54.375 -76.2 22.225
      vertex 54.375 -42.6294 1.47169
      vertex 54.375 -42.5157 1.78406
    endloop
  endfacet
  facet normal 1 0 0
    outer loop
      vertex 54.375 -76.2 22.225
      vertex 54.375 -42.721 1.15215
      vertex 54.375 -42.6294 1.47169
    endloop
  endfacet
  facet normal 1 0 0
    outer loop
      vertex 54.375 -76.2 22.225
      vertex 54.375 -42.7901 0.826999
      vertex 54.375 -42.721 1.15215
    endloop
  endfacet
  facet normal 1 0 0
    outer loop
      vertex 54.375 -76.2 22.225
      vertex 54.375 -42.8364 0.497816
      vertex 54.375 -42.7901 0.826999
    endloop
  endfacet
  facet normal 1 0 0
    outer loop
      vertex 54.375 -76.2 22.225
      vertex 54.375 -42.8596 -0.166208
      vertex 54.375 -42.8596 0.166208
    endloop
  endfacet
  facet normal 1 0 0
    outer loop
      vertex 54.375 -76.2 22.225
      vertex 54.375 -42.8596 0.166208
      vertex 54.375 -42.8364 0.497816
    endloop
  endfacet
  facet normal -0.406785 0 0.913524
    outer loop
      vertex 7.13626 -38.1078 -17.6629
      vertex 8.35097 -38.1078 -17.122
      vertex 7.13626 0 -17.6629
    endloop
  endfacet
  facet normal -0.406785 0 -0.913524
    outer loop
      vertex 7.13626 -38.1078 17.6629
      vertex 7.13626 0 17.6629
      vertex 8.35097 0 17.122
    endloop
  endfacet
  facet normal -0.406785 0 -0.913524
    outer loop
      vertex 7.13626 -38.1078 17.6629
      vertex 8.35097 0 17.122
      vertex 8.35097 -38.1078 17.122
    endloop
  endfacet
  facet normal -0.406785 0 0.913524
    outer loop
      vertex 7.13626 0 -17.6629
      vertex 8.35097 -38.1078 -17.122
      vertex 8.35097 0 -17.122
    endloop
  endfacet
  facet normal -0.469446 0 0.882961
    outer loop
      vertex 8.35097 -38.1078 -17.122
      vertex 9.525 -38.1078 -16.4978
      vertex 8.35097 0 -17.122
    endloop
  endfacet
  facet normal -0.469446 0 -0.882961
    outer loop
      vertex 8.35097 -38.1078 17.122
      vertex 8.35097 0 17.122
      vertex 9.525 0 16.4978
    endloop
  endfacet
  facet normal -0.469446 0 -0.882961
    outer loop
      vertex 8.35097 -38.1078 17.122
      vertex 9.525 0 16.4978
      vertex 9.525 -38.1078 16.4978
    endloop
  endfacet
  facet normal -0.469446 0 0.882961
    outer loop
      vertex 8.35097 0 -17.122
      vertex 9.525 -38.1078 -16.4978
      vertex 9.525 0 -16.4978
    endloop
  endfacet
  facet normal 0 1 0
    outer loop
      vertex 8.35097 0 -17.122
      vertex 9.525 0 -16.4978
      vertex 54.375 0 -22.225
    endloop
  endfacet
  facet normal 0 1 0
    outer loop
      vertex 8.35097 0 17.122
      vertex 54.375 0 22.225
      vertex 9.525 0 16.4978
    endloop
  endfacet
  facet normal -0.529918 0 0.848049
    outer loop
      vertex 9.525 -38.1078 -16.4978
      vertex 10.6526 -38.1078 -15.7932
      vertex 9.525 0 -16.4978
    endloop
  endfacet
  facet normal -0.529918 0 -0.848049
    outer loop
      vertex 9.525 -38.1078 16.4978
      vertex 10.6526 0 15.7932
      vertex 10.6526 -38.1078 15.7932
    endloop
  endfacet
  facet normal -0.529918 0 -0.848049
    outer loop
      vertex 9.525 -38.1078 16.4978
      vertex 9.525 0 16.4978
      vertex 10.6526 0 15.7932
    endloop
  endfacet
  facet normal -0.529918 0 0.848049
    outer loop
      vertex 9.525 0 -16.4978
      vertex 10.6526 -38.1078 -15.7932
      vertex 10.6526 0 -15.7932
    endloop
  endfacet
  facet normal 0 1 0
    outer loop
      vertex 9.525 0 -16.4978
      vertex 10.6526 0 -15.7932
      vertex 54.375 0 -22.225
    endloop
  endfacet
  facet normal 0 1 0
    outer loop
      vertex 9.525 0 16.4978
      vertex 54.375 0 22.225
      vertex 10.6526 0 15.7932
    endloop
  endfacet
endsolid OpenSCAD_Model
