solid OpenSCAD_Model
  facet normal 0 1 0
    outer loop
      vertex -0.450195 -12.8921 0
      vertex -0.450195 -12.8921 6.35
      vertex 0.450195 -12.8921 0
    endloop
  endfacet
  facet normal 0 1 0
    outer loop
      vertex -0.450195 -12.8921 6.35
      vertex 0.450195 -12.8921 6.35
      vertex 0.450195 -12.8921 0
    endloop
  endfacet
  facet normal 0 -1 0
    outer loop
      vertex -0.450195 12.8921 0
      vertex 0.450195 12.8921 0
      vertex 0.450195 12.8921 6.35
    endloop
  endfacet
  facet normal 0 -1 0
    outer loop
      vertex -0.450195 12.8921 0
      vertex 0.450195 12.8921 6.35
      vertex -0.450195 12.8921 6.35
    endloop
  endfacet
  facet normal 0 0 -1
    outer loop
      vertex -0.450195 12.8921 0
      vertex 6.30594 35.9652 0
      vertex 6.61745 35.7706 0
    endloop
  endfacet
  facet normal 0 0 -1
    outer loop
      vertex -0.450195 12.8921 0
      vertex 6.61745 35.7706 0
      vertex 0.450195 12.8921 0
    endloop
  endfacet
  facet normal 0 0 1
    outer loop
      vertex -0.450195 12.8921 6.35
      vertex 0.450195 12.8921 6.35
      vertex 6.61745 35.7706 6.35
    endloop
  endfacet
  facet normal 0 0 1
    outer loop
      vertex -0.450195 12.8921 6.35
      vertex 6.61745 35.7706 6.35
      vertex 6.30594 35.9652 6.35
    endloop
  endfacet
  facet normal 0.030008 -0.99955 0
    outer loop
      vertex -0.465515 85.6974 0
      vertex 0.420517 85.724 0
      vertex 0.420517 85.724 6.35
    endloop
  endfacet
  facet normal 0.030008 -0.99955 0
    outer loop
      vertex -0.465515 85.6974 0
      vertex 0.420517 85.724 6.35
      vertex -0.465515 85.6974 6.35
    endloop
  endfacet
  facet normal 0 0 -1
    outer loop
      vertex -0.465515 85.6974 0
      vertex 0.965256 114.296 0
      vertex 0.420517 85.724 0
    endloop
  endfacet
  facet normal 0 0 1
    outer loop
      vertex -0.465515 85.6974 6.35
      vertex 0.420517 85.724 6.35
      vertex 0.965256 114.296 6.35
    endloop
  endfacet
  facet normal 0.03971 0.999211 0
    outer loop
      vertex -0.589813 60.3595 0
      vertex -0.589813 60.3595 6.35
      vertex 0.295914 60.3243 0
    endloop
  endfacet
  facet normal 0 0 -1
    outer loop
      vertex -0.589813 60.3595 0
      vertex 0.295914 60.3243 0
      vertex 5.7274 44.2388 0
    endloop
  endfacet
  facet normal 0 0 -1
    outer loop
      vertex -0.589813 60.3595 0
      vertex 5.46317 43.9837 0
      vertex 5.21739 43.7107 0
    endloop
  endfacet
  facet normal 0 0 -1
    outer loop
      vertex -0.589813 60.3595 0
      vertex 5.7274 44.2388 0
      vertex 5.46317 43.9837 0
    endloop
  endfacet
  facet normal 0.03971 0.999211 0
    outer loop
      vertex -0.589813 60.3595 6.35
      vertex 0.295914 60.3243 6.35
      vertex 0.295914 60.3243 0
    endloop
  endfacet
  facet normal 0 0 1
    outer loop
      vertex -0.589813 60.3595 6.35
      vertex 5.21739 43.7107 6.35
      vertex 5.46317 43.9837 6.35
    endloop
  endfacet
  facet normal 0 0 1
    outer loop
      vertex -0.589813 60.3595 6.35
      vertex 5.46317 43.9837 6.35
      vertex 5.7274 44.2388 6.35
    endloop
  endfacet
  facet normal 0 0 1
    outer loop
      vertex -0.589813 60.3595 6.35
      vertex 5.7274 44.2388 6.35
      vertex 0.295914 60.3243 6.35
    endloop
  endfacet
  facet normal 0 0 -1
    outer loop
      vertex -0.782608 -22.4113 0
      vertex -0.450195 -12.8921 0
      vertex 0.450195 -12.8921 0
    endloop
  endfacet
  facet normal 0 0 -1
    outer loop
      vertex -0.782608 -22.4113 0
      vertex 0.450195 -12.8921 0
      vertex 0.782608 -22.4113 0
    endloop
  endfacet
  facet normal 0 -1 0
    outer loop
      vertex -0.782608 -22.4113 0
      vertex 0.782608 -22.4113 0
      vertex -0.782608 -22.4113 6.35
    endloop
  endfacet
  facet normal 0 0 1
    outer loop
      vertex -0.782608 -22.4113 6.35
      vertex 0.450195 -12.8921 6.35
      vertex -0.450195 -12.8921 6.35
    endloop
  endfacet
  facet normal 0 -1 0
    outer loop
      vertex -0.782608 -22.4113 6.35
      vertex 0.782608 -22.4113 0
      vertex 0.782608 -22.4113 6.35
    endloop
  endfacet
  facet normal 0 0 1
    outer loop
      vertex -0.782608 -22.4113 6.35
      vertex 0.782608 -22.4113 6.35
      vertex 0.450195 -12.8921 6.35
    endloop
  endfacet
  facet normal 0.0997232 -0.995015 0
    outer loop
      vertex -1.34755 85.609 0
      vertex -0.465515 85.6974 0
      vertex -0.465515 85.6974 6.35
    endloop
  endfacet
  facet normal 0.0997232 -0.995015 0
    outer loop
      vertex -1.34755 85.609 0
      vertex -0.465515 85.6974 6.35
      vertex -1.34755 85.609 6.35
    endloop
  endfacet
  facet normal 0 0 -1
    outer loop
      vertex -1.3484 -12.8293 0
      vertex -0.450195 -12.8921 0
      vertex -0.782608 -22.4113 0
    endloop
  endfacet
  facet normal 0.069747 0.997565 0
    outer loop
      vertex -1.3484 -12.8293 0
      vertex -1.3484 -12.8293 6.35
      vertex -0.450195 -12.8921 0
    endloop
  endfacet
  facet normal 0.069747 0.997565 0
    outer loop
      vertex -1.3484 -12.8293 6.35
      vertex -0.450195 -12.8921 6.35
      vertex -0.450195 -12.8921 0
    endloop
  endfacet
  facet normal 0 0 1
    outer loop
      vertex -1.3484 -12.8293 6.35
      vertex -0.782608 -22.4113 6.35
      vertex -0.450195 -12.8921 6.35
    endloop
  endfacet
  facet normal 0.069747 -0.997565 0
    outer loop
      vertex -1.3484 12.8293 0
      vertex -0.450195 12.8921 0
      vertex -0.450195 12.8921 6.35
    endloop
  endfacet
  facet normal 0.069747 -0.997565 0
    outer loop
      vertex -1.3484 12.8293 0
      vertex -0.450195 12.8921 6.35
      vertex -1.3484 12.8293 6.35
    endloop
  endfacet
  facet normal 0 0 -1
    outer loop
      vertex -1.47093 60.4565 0
      vertex -0.589813 60.3595 0
      vertex 5.21739 43.7107 0
    endloop
  endfacet
  facet normal 0.109426 0.993995 0
    outer loop
      vertex -1.47093 60.4565 0
      vertex -1.47093 60.4565 6.35
      vertex -0.589813 60.3595 0
    endloop
  endfacet
  facet normal 0.109426 0.993995 0
    outer loop
      vertex -1.47093 60.4565 6.35
      vertex -0.589813 60.3595 6.35
      vertex -0.589813 60.3595 0
    endloop
  endfacet
  facet normal 0 0 1
    outer loop
      vertex -1.47093 60.4565 6.35
      vertex 5.21739 43.7107 6.35
      vertex -0.589813 60.3595 6.35
    endloop
  endfacet
  facet normal -0.529791 0.848128 0
    outer loop
      vertex -10.0971 34.8111 0
      vertex -10.0971 34.8111 6.35
      vertex -9.78557 35.0057 0
    endloop
  endfacet
  facet normal 0 0 -1
    outer loop
      vertex -10.0971 34.8111 0
      vertex -9.78557 35.0057 0
      vertex -2.24005 12.704 0
    endloop
  endfacet
  facet normal 0 0 1
    outer loop
      vertex -10.0971 34.8111 6.35
      vertex -2.24005 12.704 6.35
      vertex -9.78557 35.0057 6.35
    endloop
  endfacet
  facet normal -0.529791 0.848128 0
    outer loop
      vertex -10.0971 34.8111 6.35
      vertex -9.78557 35.0057 6.35
      vertex -9.78557 35.0057 0
    endloop
  endfacet
  facet normal 0 0 -1
    outer loop
      vertex -10.0971 43.926 0
      vertex -2.34315 60.6147 0
      vertex -9.78557 43.7313 0
    endloop
  endfacet
  facet normal 0 0 -1
    outer loop
      vertex -10.0971 43.926 0
      vertex -3.20221 60.8334 0
      vertex -2.34315 60.6147 0
    endloop
  endfacet
  facet normal -0.529987 -0.848006 0
    outer loop
      vertex -10.0971 43.926 0
      vertex -9.78557 43.7313 0
      vertex -9.78557 43.7313 6.35
    endloop
  endfacet
  facet normal -0.529987 -0.848006 0
    outer loop
      vertex -10.0971 43.926 0
      vertex -9.78557 43.7313 6.35
      vertex -10.0971 43.926 6.35
    endloop
  endfacet
  facet normal 0 0 1
    outer loop
      vertex -10.0971 43.926 6.35
      vertex -2.34315 60.6147 6.35
      vertex -3.20221 60.8334 6.35
    endloop
  endfacet
  facet normal 0 0 1
    outer loop
      vertex -10.0971 43.926 6.35
      vertex -9.78557 43.7313 6.35
      vertex -2.34315 60.6147 6.35
    endloop
  endfacet
  facet normal 0.806114 -0.59176 0
    outer loop
      vertex -10.1356 80.1774 0
      vertex -9.61102 80.892 0
      vertex -9.61102 80.892 6.35
    endloop
  endfacet
  facet normal 0.806114 -0.59176 0
    outer loop
      vertex -10.1356 80.1774 0
      vertex -9.61102 80.892 6.35
      vertex -10.1356 80.1774 6.35
    endloop
  endfacet
  facet normal 0.811921 0.583767 0
    outer loop
      vertex -10.2052 65.9741 0
      vertex -10.2052 65.9741 6.35
      vertex -9.68774 65.2544 0
    endloop
  endfacet
  facet normal 0.811921 0.583767 0
    outer loop
      vertex -10.2052 65.9741 6.35
      vertex -9.68774 65.2544 6.35
      vertex -9.68774 65.2544 0
    endloop
  endfacet
  facet normal 0 0 -1
    outer loop
      vertex -10.4214 34.6386 0
      vertex -10.0971 34.8111 0
      vertex -2.24005 12.704 0
    endloop
  endfacet
  facet normal -0.469613 0.882872 0
    outer loop
      vertex -10.4214 34.6386 0
      vertex -10.4214 34.6386 6.35
      vertex -10.0971 34.8111 0
    endloop
  endfacet
  facet normal 0 0 -1
    outer loop
      vertex -10.4214 34.6386 0
      vertex -2.24005 12.704 0
      vertex -3.12079 12.5168 0
    endloop
  endfacet
  facet normal -0.469613 0.882872 0
    outer loop
      vertex -10.4214 34.6386 6.35
      vertex -10.0971 34.8111 6.35
      vertex -10.0971 34.8111 0
    endloop
  endfacet
  facet normal 0 0 1
    outer loop
      vertex -10.4214 34.6386 6.35
      vertex -2.24005 12.704 6.35
      vertex -10.0971 34.8111 6.35
    endloop
  endfacet
  facet normal 0 0 1
    outer loop
      vertex -10.4214 34.6386 6.35
      vertex -3.12079 12.5168 6.35
      vertex -2.24005 12.704 6.35
    endloop
  endfacet
  facet normal -0.469401 -0.882985 0
    outer loop
      vertex -10.4214 44.0984 0
      vertex -10.0971 43.926 0
      vertex -10.0971 43.926 6.35
    endloop
  endfacet
  facet normal -0.469401 -0.882985 0
    outer loop
      vertex -10.4214 44.0984 0
      vertex -10.0971 43.926 6.35
      vertex -10.4214 44.0984 6.35
    endloop
  endfacet
  facet normal 0 0 -1
    outer loop
      vertex -10.4214 44.0984 0
      vertex -3.20221 60.8334 0
      vertex -10.0971 43.926 0
    endloop
  endfacet
  facet normal 0 0 -1
    outer loop
      vertex -10.4214 44.0984 0
      vertex -4.04391 61.1115 0
      vertex -3.20221 60.8334 0
    endloop
  endfacet
  facet normal 0 0 1
    outer loop
      vertex -10.4214 44.0984 6.35
      vertex -10.0971 43.926 6.35
      vertex -3.20221 60.8334 6.35
    endloop
  endfacet
  facet normal 0 0 1
    outer loop
      vertex -10.4214 44.0984 6.35
      vertex -3.20221 60.8334 6.35
      vertex -4.04391 61.1115 6.35
    endloop
  endfacet
  facet normal 0.788015 0.615656 0
    outer loop
      vertex -10.4363 -7.58243 0
      vertex -10.4363 -7.58243 6.35
      vertex -9.88197 -8.29195 0
    endloop
  endfacet
  facet normal 0.788015 0.615656 0
    outer loop
      vertex -10.4363 -7.58243 6.35
      vertex -9.88197 -8.29195 6.35
      vertex -9.88197 -8.29195 0
    endloop
  endfacet
  facet normal 0.788015 -0.615656 0
    outer loop
      vertex -10.4363 7.58243 0
      vertex -9.88197 8.29195 0
      vertex -9.88197 8.29195 6.35
    endloop
  endfacet
  facet normal 0.788015 -0.615656 0
    outer loop
      vertex -10.4363 7.58243 0
      vertex -9.88197 8.29195 6.35
      vertex -10.4363 7.58243 6.35
    endloop
  endfacet
  facet normal 0.845441 -0.534069 0
    outer loop
      vertex -10.609 79.428 0
      vertex -10.1356 80.1774 0
      vertex -10.1356 80.1774 6.35
    endloop
  endfacet
  facet normal 0.845441 -0.534069 0
    outer loop
      vertex -10.609 79.428 0
      vertex -10.1356 80.1774 6.35
      vertex -10.609 79.428 6.35
    endloop
  endfacet
  facet normal 0.850599 0.525815 0
    outer loop
      vertex -10.6713 66.7281 0
      vertex -10.6713 66.7281 6.35
      vertex -10.2052 65.9741 0
    endloop
  endfacet
  facet normal 0.850599 0.525815 0
    outer loop
      vertex -10.6713 66.7281 6.35
      vertex -10.2052 65.9741 6.35
      vertex -10.2052 65.9741 0
    endloop
  endfacet
  facet normal 0 0 -1
    outer loop
      vertex -10.757 34.4892 0
      vertex -10.4214 34.6386 0
      vertex -3.12079 12.5168 0
    endloop
  endfacet
  facet normal -0.406694 0.913564 0
    outer loop
      vertex -10.757 34.4892 0
      vertex -10.757 34.4892 6.35
      vertex -10.4214 34.6386 0
    endloop
  endfacet
  facet normal 0 0 -1
    outer loop
      vertex -10.757 34.4892 0
      vertex -3.12079 12.5168 0
      vertex -3.98631 12.2686 0
    endloop
  endfacet
  facet normal -0.406694 0.913564 0
    outer loop
      vertex -10.757 34.4892 6.35
      vertex -10.4214 34.6386 6.35
      vertex -10.4214 34.6386 0
    endloop
  endfacet
  facet normal 0 0 1
    outer loop
      vertex -10.757 34.4892 6.35
      vertex -3.12079 12.5168 6.35
      vertex -10.4214 34.6386 6.35
    endloop
  endfacet
  facet normal 0 0 1
    outer loop
      vertex -10.757 34.4892 6.35
      vertex -3.98631 12.2686 6.35
      vertex -3.12079 12.5168 6.35
    endloop
  endfacet
  facet normal -0.406694 -0.913564 0
    outer loop
      vertex -10.757 44.2478 0
      vertex -10.4214 44.0984 0
      vertex -10.4214 44.0984 6.35
    endloop
  endfacet
  facet normal -0.406694 -0.913564 0
    outer loop
      vertex -10.757 44.2478 0
      vertex -10.4214 44.0984 6.35
      vertex -10.757 44.2478 6.35
    endloop
  endfacet
  facet normal 0 0 -1
    outer loop
      vertex -10.757 44.2478 0
      vertex -4.04391 61.1115 0
      vertex -10.4214 44.0984 0
    endloop
  endfacet
  facet normal 0 0 1
    outer loop
      vertex -10.757 44.2478 6.35
      vertex -10.4214 44.0984 6.35
      vertex -4.04391 61.1115 6.35
    endloop
  endfacet
  facet normal -0.0695585 0.997578 0
    outer loop
      vertex -10.9231 113.777 0
      vertex -10.9231 113.777 6.35
      vertex -4.98569 114.191 6.35
    endloop
  endfacet
  facet normal 0 0 -1
    outer loop
      vertex -10.9231 113.777 0
      vertex -3.08243 85.2492 0
      vertex -3.92682 84.9794 0
    endloop
  endfacet
  facet normal 0 0 -1
    outer loop
      vertex -10.9231 113.777 0
      vertex -3.92682 84.9794 0
      vertex -4.75035 84.6513 0
    endloop
  endfacet
  facet normal 0 0 -1
    outer loop
      vertex -10.9231 113.777 0
      vertex -4.75035 84.6513 0
      vertex -5.54898 84.2667 0
    endloop
  endfacet
  facet normal 0 0 -1
    outer loop
      vertex -10.9231 113.777 0
      vertex -4.98569 114.191 0
      vertex -3.08243 85.2492 0
    endloop
  endfacet
  facet normal -0.0695585 0.997578 0
    outer loop
      vertex -10.9231 113.777 0
      vertex -4.98569 114.191 6.35
      vertex -4.98569 114.191 0
    endloop
  endfacet
  facet normal 0 0 1
    outer loop
      vertex -10.9231 113.777 6.35
      vertex -3.08243 85.2492 6.35
      vertex -4.98569 114.191 6.35
    endloop
  endfacet
  facet normal 0 0 1
    outer loop
      vertex -10.9231 113.777 6.35
      vertex -3.92682 84.9794 6.35
      vertex -3.08243 85.2492 6.35
    endloop
  endfacet
  facet normal 0 0 1
    outer loop
      vertex -10.9231 113.777 6.35
      vertex -4.75035 84.6513 6.35
      vertex -3.92682 84.9794 6.35
    endloop
  endfacet
  facet normal 0 0 1
    outer loop
      vertex -10.9231 113.777 6.35
      vertex -5.54898 84.2667 6.35
      vertex -4.75035 84.6513 6.35
    endloop
  endfacet
  facet normal 0.829041 0.559187 0
    outer loop
      vertex -10.9398 -6.83595 0
      vertex -10.9398 -6.83595 6.35
      vertex -10.4363 -7.58243 0
    endloop
  endfacet
  facet normal 0.829041 0.559187 0
    outer loop
      vertex -10.9398 -6.83595 6.35
      vertex -10.4363 -7.58243 6.35
      vertex -10.4363 -7.58243 0
    endloop
  endfacet
  facet normal 0.829041 -0.559187 0
    outer loop
      vertex -10.9398 6.83595 0
      vertex -10.4363 7.58243 0
      vertex -10.4363 7.58243 6.35
    endloop
  endfacet
  facet normal 0.829041 -0.559187 0
    outer loop
      vertex -10.9398 6.83595 0
      vertex -10.4363 7.58243 6.35
      vertex -10.9398 6.83595 6.35
    endloop
  endfacet
  facet normal -0.871917 0.489653 0
    outer loop
      vertex -101.087 53.3478 0
      vertex -101.087 53.3478 6.35
      vertex -98.1725 58.5376 6.35
    endloop
  endfacet
  facet normal 0 0 -1
    outer loop
      vertex -101.087 53.3478 0
      vertex -76.0164 33.7095 0
      vertex -76.7537 33.2174 0
    endloop
  endfacet
  facet normal 0 0 -1
    outer loop
      vertex -101.087 53.3478 0
      vertex -76.7537 33.2174 0
      vertex -77.4549 32.6751 0
    endloop
  endfacet
  facet normal 0 0 -1
    outer loop
      vertex -101.087 53.3478 0
      vertex -77.4549 32.6751 0
      vertex -78.1166 32.0852 0
    endloop
  endfacet
  facet normal 0 0 -1
    outer loop
      vertex -101.087 53.3478 0
      vertex -98.1725 58.5376 0
      vertex -76.0164 33.7095 0
    endloop
  endfacet
  facet normal -0.871917 0.489653 0
    outer loop
      vertex -101.087 53.3478 0
      vertex -98.1725 58.5376 6.35
      vertex -98.1725 58.5376 0
    endloop
  endfacet
  facet normal 0 0 1
    outer loop
      vertex -101.087 53.3478 6.35
      vertex -76.0164 33.7095 6.35
      vertex -98.1725 58.5376 6.35
    endloop
  endfacet
  facet normal 0 0 1
    outer loop
      vertex -101.087 53.3478 6.35
      vertex -76.7537 33.2174 6.35
      vertex -76.0164 33.7095 6.35
    endloop
  endfacet
  facet normal 0 0 1
    outer loop
      vertex -101.087 53.3478 6.35
      vertex -77.4549 32.6751 6.35
      vertex -76.7537 33.2174 6.35
    endloop
  endfacet
  facet normal 0 0 1
    outer loop
      vertex -101.087 53.3478 6.35
      vertex -78.1166 32.0852 6.35
      vertex -77.4549 32.6751 6.35
    endloop
  endfacet
  facet normal 0 0 -1
    outer loop
      vertex -103.727 48.0135 0
      vertex -101.087 53.3478 0
      vertex -78.1166 32.0852 0
    endloop
  endfacet
  facet normal -0.896244 0.443561 0
    outer loop
      vertex -103.727 48.0135 0
      vertex -101.087 53.3478 6.35
      vertex -101.087 53.3478 0
    endloop
  endfacet
  facet normal -0.896244 0.443561 0
    outer loop
      vertex -103.727 48.0135 0
      vertex -103.727 48.0135 6.35
      vertex -101.087 53.3478 6.35
    endloop
  endfacet
  facet normal 0 0 -1
    outer loop
      vertex -103.727 48.0135 0
      vertex -78.1166 32.0852 0
      vertex -78.7355 31.4505 0
    endloop
  endfacet
  facet normal 0 0 -1
    outer loop
      vertex -103.727 48.0135 0
      vertex -78.7355 31.4505 0
      vertex -79.3086 30.7743 0
    endloop
  endfacet
  facet normal 0 0 1
    outer loop
      vertex -103.727 48.0135 6.35
      vertex -78.1166 32.0852 6.35
      vertex -101.087 53.3478 6.35
    endloop
  endfacet
  facet normal 0 0 1
    outer loop
      vertex -103.727 48.0135 6.35
      vertex -78.7355 31.4505 6.35
      vertex -78.1166 32.0852 6.35
    endloop
  endfacet
  facet normal 0 0 1
    outer loop
      vertex -103.727 48.0135 6.35
      vertex -79.3086 30.7743 6.35
      vertex -78.7355 31.4505 6.35
    endloop
  endfacet
  facet normal 0 0 -1
    outer loop
      vertex -106.085 42.5489 0
      vertex -103.727 48.0135 0
      vertex -79.3086 30.7743 0
    endloop
  endfacet
  facet normal -0.918167 0.396193 0
    outer loop
      vertex -106.085 42.5489 0
      vertex -103.727 48.0135 6.35
      vertex -103.727 48.0135 0
    endloop
  endfacet
  facet normal -0.918167 0.396193 0
    outer loop
      vertex -106.085 42.5489 0
      vertex -106.085 42.5489 6.35
      vertex -103.727 48.0135 6.35
    endloop
  endfacet
  facet normal 0 0 -1
    outer loop
      vertex -106.085 42.5489 0
      vertex -79.3086 30.7743 0
      vertex -79.8332 30.0597 0
    endloop
  endfacet
  facet normal 0 0 -1
    outer loop
      vertex -106.085 42.5489 0
      vertex -79.8332 30.0597 0
      vertex -80.3066 29.3103 0
    endloop
  endfacet
  facet normal 0 0 -1
    outer loop
      vertex -106.085 42.5489 0
      vertex -80.3066 29.3103 0
      vertex -80.7266 28.5296 0
    endloop
  endfacet
  facet normal 0 0 1
    outer loop
      vertex -106.085 42.5489 6.35
      vertex -79.3086 30.7743 6.35
      vertex -103.727 48.0135 6.35
    endloop
  endfacet
  facet normal 0 0 1
    outer loop
      vertex -106.085 42.5489 6.35
      vertex -79.8332 30.0597 6.35
      vertex -79.3086 30.7743 6.35
    endloop
  endfacet
  facet normal 0 0 1
    outer loop
      vertex -106.085 42.5489 6.35
      vertex -80.3066 29.3103 6.35
      vertex -79.8332 30.0597 6.35
    endloop
  endfacet
  facet normal 0 0 1
    outer loop
      vertex -106.085 42.5489 6.35
      vertex -80.7266 28.5296 6.35
      vertex -80.3066 29.3103 6.35
    endloop
  endfacet
  facet normal 0 0 -1
    outer loop
      vertex -108.156 36.9689 0
      vertex -106.085 42.5489 0
      vertex -80.7266 28.5296 0
    endloop
  endfacet
  facet normal -0.937511 0.347955 0
    outer loop
      vertex -108.156 36.9689 0
      vertex -106.085 42.5489 6.35
      vertex -106.085 42.5489 0
    endloop
  endfacet
  facet normal -0.937511 0.347955 0
    outer loop
      vertex -108.156 36.9689 0
      vertex -108.156 36.9689 6.35
      vertex -106.085 42.5489 6.35
    endloop
  endfacet
  facet normal 0 0 -1
    outer loop
      vertex -108.156 36.9689 0
      vertex -80.7266 28.5296 0
      vertex -81.0911 27.7216 0
    endloop
  endfacet
  facet normal 0 0 -1
    outer loop
      vertex -108.156 36.9689 0
      vertex -81.0911 27.7216 0
      vertex -81.3984 26.8901 0
    endloop
  endfacet
  facet normal 0 0 -1
    outer loop
      vertex -108.156 36.9689 0
      vertex -81.3984 26.8901 0
      vertex -81.6469 26.0392 0
    endloop
  endfacet
  facet normal 0 0 1
    outer loop
      vertex -108.156 36.9689 6.35
      vertex -80.7266 28.5296 6.35
      vertex -106.085 42.5489 6.35
    endloop
  endfacet
  facet normal 0 0 1
    outer loop
      vertex -108.156 36.9689 6.35
      vertex -81.0911 27.7216 6.35
      vertex -80.7266 28.5296 6.35
    endloop
  endfacet
  facet normal 0 0 1
    outer loop
      vertex -108.156 36.9689 6.35
      vertex -81.3984 26.8901 6.35
      vertex -81.0911 27.7216 6.35
    endloop
  endfacet
  facet normal 0 0 1
    outer loop
      vertex -108.156 36.9689 6.35
      vertex -81.6469 26.0392 6.35
      vertex -81.3984 26.8901 6.35
    endloop
  endfacet
  facet normal 0 0 -1
    outer loop
      vertex -109.934 31.2888 0
      vertex -108.156 36.9689 0
      vertex -81.6469 26.0392 0
    endloop
  endfacet
  facet normal -0.954338 0.298729 0
    outer loop
      vertex -109.934 31.2888 0
      vertex -108.156 36.9689 6.35
      vertex -108.156 36.9689 0
    endloop
  endfacet
  facet normal -0.954338 0.298729 0
    outer loop
      vertex -109.934 31.2888 0
      vertex -109.934 31.2888 6.35
      vertex -108.156 36.9689 6.35
    endloop
  endfacet
  facet normal 0 0 -1
    outer loop
      vertex -109.934 31.2888 0
      vertex -81.6469 26.0392 0
      vertex -81.8354 25.173 0
    endloop
  endfacet
  facet normal 0 0 -1
    outer loop
      vertex -109.934 31.2888 0
      vertex -81.8354 25.173 0
      vertex -81.9631 24.2958 0
    endloop
  endfacet
  facet normal 0 0 -1
    outer loop
      vertex -109.934 31.2888 0
      vertex -81.9631 24.2958 0
      vertex -82.0293 23.4119 0
    endloop
  endfacet
  facet normal 0 0 1
    outer loop
      vertex -109.934 31.2888 6.35
      vertex -81.6469 26.0392 6.35
      vertex -108.156 36.9689 6.35
    endloop
  endfacet
  facet normal 0 0 1
    outer loop
      vertex -109.934 31.2888 6.35
      vertex -81.8354 25.173 6.35
      vertex -81.6469 26.0392 6.35
    endloop
  endfacet
  facet normal 0 0 1
    outer loop
      vertex -109.934 31.2888 6.35
      vertex -81.9631 24.2958 6.35
      vertex -81.8354 25.173 6.35
    endloop
  endfacet
  facet normal 0 0 1
    outer loop
      vertex -109.934 31.2888 6.35
      vertex -82.0293 23.4119 6.35
      vertex -81.9631 24.2958 6.35
    endloop
  endfacet
  facet normal 0.880623 -0.473817 0
    outer loop
      vertex -11.029 78.6474 0
      vertex -10.609 79.428 0
      vertex -10.609 79.428 6.35
    endloop
  endfacet
  facet normal 0.880623 -0.473817 0
    outer loop
      vertex -11.029 78.6474 0
      vertex -10.609 79.428 6.35
      vertex -11.029 78.6474 6.35
    endloop
  endfacet
  facet normal 0.885268 0.465081 0
    outer loop
      vertex -11.0836 67.5129 0
      vertex -11.0836 67.5129 6.35
      vertex -10.6713 66.7281 0
    endloop
  endfacet
  facet normal 0.885268 0.465081 0
    outer loop
      vertex -11.0836 67.5129 6.35
      vertex -10.6713 66.7281 6.35
      vertex -10.6713 66.7281 0
    endloop
  endfacet
  facet normal 0 0 -1
    outer loop
      vertex -11.1021 34.3636 0
      vertex -10.757 34.4892 0
      vertex -3.98631 12.2686 0
    endloop
  endfacet
  facet normal -0.342005 0.939698 0
    outer loop
      vertex -11.1021 34.3636 0
      vertex -11.1021 34.3636 6.35
      vertex -10.757 34.4892 0
    endloop
  endfacet
  facet normal -0.342005 0.939698 0
    outer loop
      vertex -11.1021 34.3636 6.35
      vertex -10.757 34.4892 6.35
      vertex -10.757 34.4892 0
    endloop
  endfacet
  facet normal 0 0 1
    outer loop
      vertex -11.1021 34.3636 6.35
      vertex -3.98631 12.2686 6.35
      vertex -10.757 34.4892 6.35
    endloop
  endfacet
  facet normal -0.342005 -0.939698 0
    outer loop
      vertex -11.1021 44.3734 0
      vertex -10.757 44.2478 0
      vertex -10.757 44.2478 6.35
    endloop
  endfacet
  facet normal -0.342005 -0.939698 0
    outer loop
      vertex -11.1021 44.3734 0
      vertex -10.757 44.2478 6.35
      vertex -11.1021 44.3734 6.35
    endloop
  endfacet
  facet normal 0 0 -1
    outer loop
      vertex -11.1021 44.3734 0
      vertex -4.04391 61.1115 0
      vertex -10.757 44.2478 0
    endloop
  endfacet
  facet normal 0 0 -1
    outer loop
      vertex -11.1021 44.3734 0
      vertex -4.86417 61.4476 0
      vertex -4.04391 61.1115 0
    endloop
  endfacet
  facet normal 0 0 1
    outer loop
      vertex -11.1021 44.3734 6.35
      vertex -10.757 44.2478 6.35
      vertex -4.04391 61.1115 6.35
    endloop
  endfacet
  facet normal 0 0 1
    outer loop
      vertex -11.1021 44.3734 6.35
      vertex -4.04391 61.1115 6.35
      vertex -4.86417 61.4476 6.35
    endloop
  endfacet
  facet normal 0 0 -1
    outer loop
      vertex -11.2125 -19.4206 0
      vertex -6.45 -11.1717 0
      vertex -9.83046 -20.1554 0
    endloop
  endfacet
  facet normal -0.46945 -0.882959 0
    outer loop
      vertex -11.2125 -19.4206 0
      vertex -9.83046 -20.1554 0
      vertex -11.2125 -19.4206 6.35
    endloop
  endfacet
  facet normal -0.46945 -0.882959 0
    outer loop
      vertex -11.2125 -19.4206 6.35
      vertex -9.83046 -20.1554 0
      vertex -9.83046 -20.1554 6.35
    endloop
  endfacet
  facet normal 0 0 1
    outer loop
      vertex -11.2125 -19.4206 6.35
      vertex -9.83046 -20.1554 6.35
      vertex -6.45 -11.1717 6.35
    endloop
  endfacet
  facet normal 0.866026 0.5 0
    outer loop
      vertex -11.39 -6.05618 0
      vertex -11.39 -6.05618 6.35
      vertex -10.9398 -6.83595 0
    endloop
  endfacet
  facet normal 0.866026 0.5 0
    outer loop
      vertex -11.39 -6.05618 6.35
      vertex -10.9398 -6.83595 6.35
      vertex -10.9398 -6.83595 0
    endloop
  endfacet
  facet normal 0.866026 -0.5 0
    outer loop
      vertex -11.39 6.05618 0
      vertex -10.9398 6.83595 0
      vertex -10.9398 6.83595 6.35
    endloop
  endfacet
  facet normal 0.866026 -0.5 0
    outer loop
      vertex -11.39 6.05618 0
      vertex -10.9398 6.83595 6.35
      vertex -11.39 6.05618 6.35
    endloop
  endfacet
  facet normal 0.91156 -0.411167 0
    outer loop
      vertex -11.3935 77.8393 0
      vertex -11.029 78.6474 0
      vertex -11.029 78.6474 6.35
    endloop
  endfacet
  facet normal 0.91156 -0.411167 0
    outer loop
      vertex -11.3935 77.8393 0
      vertex -11.029 78.6474 6.35
      vertex -11.3935 77.8393 6.35
    endloop
  endfacet
  facet normal 0.915506 0.402304 0
    outer loop
      vertex -11.4402 68.3244 0
      vertex -11.4402 68.3244 6.35
      vertex -11.0836 67.5129 0
    endloop
  endfacet
  facet normal 0.915506 0.402304 0
    outer loop
      vertex -11.4402 68.3244 6.35
      vertex -11.0836 67.5129 6.35
      vertex -11.0836 67.5129 0
    endloop
  endfacet
  facet normal 0 0 -1
    outer loop
      vertex -11.4552 34.2623 0
      vertex -11.1021 34.3636 0
      vertex -3.98631 12.2686 0
    endloop
  endfacet
  facet normal -0.275764 0.961225 0
    outer loop
      vertex -11.4552 34.2623 0
      vertex -11.4552 34.2623 6.35
      vertex -11.1021 34.3636 0
    endloop
  endfacet
  facet normal 0 0 -1
    outer loop
      vertex -11.4552 34.2623 0
      vertex -3.98631 12.2686 0
      vertex -4.83241 11.9607 0
    endloop
  endfacet
  facet normal -0.275764 0.961225 0
    outer loop
      vertex -11.4552 34.2623 6.35
      vertex -11.1021 34.3636 6.35
      vertex -11.1021 34.3636 0
    endloop
  endfacet
  facet normal 0 0 1
    outer loop
      vertex -11.4552 34.2623 6.35
      vertex -3.98631 12.2686 6.35
      vertex -11.1021 34.3636 6.35
    endloop
  endfacet
  facet normal 0 0 1
    outer loop
      vertex -11.4552 34.2623 6.35
      vertex -4.83241 11.9607 6.35
      vertex -3.98631 12.2686 6.35
    endloop
  endfacet
  facet normal -0.275764 -0.961225 0
    outer loop
      vertex -11.4552 44.4747 0
      vertex -11.1021 44.3734 0
      vertex -11.1021 44.3734 6.35
    endloop
  endfacet
  facet normal -0.275764 -0.961225 0
    outer loop
      vertex -11.4552 44.4747 0
      vertex -11.1021 44.3734 6.35
      vertex -11.4552 44.4747 6.35
    endloop
  endfacet
  facet normal 0 0 -1
    outer loop
      vertex -11.4552 44.4747 0
      vertex -4.86417 61.4476 0
      vertex -11.1021 44.3734 0
    endloop
  endfacet
  facet normal 0 0 -1
    outer loop
      vertex -11.4552 44.4747 0
      vertex -5.659 61.8401 0
      vertex -4.86417 61.4476 0
    endloop
  endfacet
  facet normal 0 0 1
    outer loop
      vertex -11.4552 44.4747 6.35
      vertex -11.1021 44.3734 6.35
      vertex -4.86417 61.4476 6.35
    endloop
  endfacet
  facet normal 0 0 1
    outer loop
      vertex -11.4552 44.4747 6.35
      vertex -4.86417 61.4476 6.35
      vertex -5.659 61.8401 6.35
    endloop
  endfacet
  facet normal 0.937992 -0.346657 0
    outer loop
      vertex -11.7008 77.0078 0
      vertex -11.3935 77.8393 0
      vertex -11.3935 77.8393 6.35
    endloop
  endfacet
  facet normal 0.937992 -0.346657 0
    outer loop
      vertex -11.7008 77.0078 0
      vertex -11.3935 77.8393 6.35
      vertex -11.7008 77.0078 6.35
    endloop
  endfacet
  facet normal 0.941361 0.337401 0
    outer loop
      vertex -11.7393 69.1589 0
      vertex -11.7393 69.1589 6.35
      vertex -11.4402 68.3244 0
    endloop
  endfacet
  facet normal 0.941361 0.337401 0
    outer loop
      vertex -11.7393 69.1589 6.35
      vertex -11.4402 68.3244 6.35
      vertex -11.4402 68.3244 0
    endloop
  endfacet
  facet normal 0.898799 0.43836 0
    outer loop
      vertex -11.7847 -5.2469 0
      vertex -11.7847 -5.2469 6.35
      vertex -11.39 -6.05618 0
    endloop
  endfacet
  facet normal 0.898799 0.43836 0
    outer loop
      vertex -11.7847 -5.2469 6.35
      vertex -11.39 -6.05618 6.35
      vertex -11.39 -6.05618 0
    endloop
  endfacet
  facet normal 0.898799 -0.43836 0
    outer loop
      vertex -11.7847 5.2469 0
      vertex -11.39 6.05618 0
      vertex -11.39 6.05618 6.35
    endloop
  endfacet
  facet normal 0.898799 -0.43836 0
    outer loop
      vertex -11.7847 5.2469 0
      vertex -11.39 6.05618 6.35
      vertex -11.7847 5.2469 6.35
    endloop
  endfacet
  facet normal 0 0 -1
    outer loop
      vertex -11.8145 34.186 0
      vertex -11.4552 34.2623 0
      vertex -4.83241 11.9607 0
    endloop
  endfacet
  facet normal -0.207725 0.978187 0
    outer loop
      vertex -11.8145 34.186 0
      vertex -11.8145 34.186 6.35
      vertex -11.4552 34.2623 0
    endloop
  endfacet
  facet normal 0 0 -1
    outer loop
      vertex -11.8145 34.186 0
      vertex -4.83241 11.9607 0
      vertex -5.65498 11.5944 0
    endloop
  endfacet
  facet normal -0.207725 0.978187 0
    outer loop
      vertex -11.8145 34.186 6.35
      vertex -11.4552 34.2623 6.35
      vertex -11.4552 34.2623 0
    endloop
  endfacet
  facet normal 0 0 1
    outer loop
      vertex -11.8145 34.186 6.35
      vertex -4.83241 11.9607 6.35
      vertex -11.4552 34.2623 6.35
    endloop
  endfacet
  facet normal 0 0 1
    outer loop
      vertex -11.8145 34.186 6.35
      vertex -5.65498 11.5944 6.35
      vertex -4.83241 11.9607 6.35
    endloop
  endfacet
  facet normal -0.207986 -0.978132 0
    outer loop
      vertex -11.8145 44.5511 0
      vertex -11.4552 44.4747 0
      vertex -11.4552 44.4747 6.35
    endloop
  endfacet
  facet normal -0.207986 -0.978132 0
    outer loop
      vertex -11.8145 44.5511 0
      vertex -11.4552 44.4747 6.35
      vertex -11.8145 44.5511 6.35
    endloop
  endfacet
  facet normal 0 0 -1
    outer loop
      vertex -11.8145 44.5511 0
      vertex -5.659 61.8401 0
      vertex -11.4552 44.4747 0
    endloop
  endfacet
  facet normal 0 0 1
    outer loop
      vertex -11.8145 44.5511 6.35
      vertex -11.4552 44.4747 6.35
      vertex -5.659 61.8401 6.35
    endloop
  endfacet
  facet normal 0.959903 -0.280334 0
    outer loop
      vertex -11.9493 76.1569 0
      vertex -11.7008 77.0078 0
      vertex -11.7008 77.0078 6.35
    endloop
  endfacet
  facet normal 0.959903 -0.280334 0
    outer loop
      vertex -11.9493 76.1569 0
      vertex -11.7008 77.0078 6.35
      vertex -11.9493 76.1569 6.35
    endloop
  endfacet
  facet normal 0.962619 0.27086 0
    outer loop
      vertex -11.9794 70.0122 0
      vertex -11.9794 70.0122 6.35
      vertex -11.7393 69.1589 0
    endloop
  endfacet
  facet normal 0.962619 0.27086 0
    outer loop
      vertex -11.9794 70.0122 6.35
      vertex -11.7393 69.1589 6.35
      vertex -11.7393 69.1589 0
    endloop
  endfacet
  facet normal 0 0 -1
    outer loop
      vertex -111.414 25.5238 0
      vertex -109.934 31.2888 0
      vertex -82.0293 23.4119 0
    endloop
  endfacet
  facet normal -0.968591 0.248658 0
    outer loop
      vertex -111.414 25.5238 0
      vertex -109.934 31.2888 6.35
      vertex -109.934 31.2888 0
    endloop
  endfacet
  facet normal -0.968591 0.248658 0
    outer loop
      vertex -111.414 25.5238 0
      vertex -111.414 25.5238 6.35
      vertex -109.934 31.2888 6.35
    endloop
  endfacet
  facet normal 0 0 -1
    outer loop
      vertex -111.414 25.5238 0
      vertex -82.0293 23.4119 0
      vertex -82.0336 22.5254 0
    endloop
  endfacet
  facet normal 0 0 -1
    outer loop
      vertex -111.414 25.5238 0
      vertex -82.0336 22.5254 0
      vertex -81.9762 21.6408 0
    endloop
  endfacet
  facet normal 0 0 1
    outer loop
      vertex -111.414 25.5238 6.35
      vertex -81.9762 21.6408 6.35
      vertex -82.0336 22.5254 6.35
    endloop
  endfacet
  facet normal 0 0 1
    outer loop
      vertex -111.414 25.5238 6.35
      vertex -82.0293 23.4119 6.35
      vertex -109.934 31.2888 6.35
    endloop
  endfacet
  facet normal 0 0 1
    outer loop
      vertex -111.414 25.5238 6.35
      vertex -82.0336 22.5254 6.35
      vertex -82.0293 23.4119 6.35
    endloop
  endfacet
  facet normal 0 0 -1
    outer loop
      vertex -112.591 19.6895 0
      vertex -111.414 25.5238 0
      vertex -81.9762 21.6408 0
    endloop
  endfacet
  facet normal -0.980252 0.197754 0
    outer loop
      vertex -112.591 19.6895 0
      vertex -111.414 25.5238 6.35
      vertex -111.414 25.5238 0
    endloop
  endfacet
  facet normal -0.980252 0.197754 0
    outer loop
      vertex -112.591 19.6895 0
      vertex -112.591 19.6895 6.35
      vertex -111.414 25.5238 6.35
    endloop
  endfacet
  facet normal 0 0 -1
    outer loop
      vertex -112.591 19.6895 0
      vertex -81.677 19.8945 0
      vertex -81.4369 19.0412 0
    endloop
  endfacet
  facet normal 0 0 -1
    outer loop
      vertex -112.591 19.6895 0
      vertex -81.8571 20.7624 0
      vertex -81.677 19.8945 0
    endloop
  endfacet
  facet normal 0 0 -1
    outer loop
      vertex -112.591 19.6895 0
      vertex -81.9762 21.6408 0
      vertex -81.8571 20.7624 0
    endloop
  endfacet
  facet normal 0 0 1
    outer loop
      vertex -112.591 19.6895 6.35
      vertex -81.4369 19.0412 6.35
      vertex -81.677 19.8945 6.35
    endloop
  endfacet
  facet normal 0 0 1
    outer loop
      vertex -112.591 19.6895 6.35
      vertex -81.677 19.8945 6.35
      vertex -81.8571 20.7624 6.35
    endloop
  endfacet
  facet normal 0 0 1
    outer loop
      vertex -112.591 19.6895 6.35
      vertex -81.8571 20.7624 6.35
      vertex -81.9762 21.6408 6.35
    endloop
  endfacet
  facet normal 0 0 1
    outer loop
      vertex -112.591 19.6895 6.35
      vertex -81.9762 21.6408 6.35
      vertex -111.414 25.5238 6.35
    endloop
  endfacet
  facet normal 0 0 -1
    outer loop
      vertex -113.464 13.8019 0
      vertex -112.591 19.6895 0
      vertex -81.4369 19.0412 0
    endloop
  endfacet
  facet normal -0.989185 0.146674 0
    outer loop
      vertex -113.464 13.8019 0
      vertex -112.591 19.6895 6.35
      vertex -112.591 19.6895 0
    endloop
  endfacet
  facet normal -0.989185 0.146674 0
    outer loop
      vertex -113.464 13.8019 0
      vertex -113.464 13.8019 6.35
      vertex -112.591 19.6895 6.35
    endloop
  endfacet
  facet normal 0 0 -1
    outer loop
      vertex -113.464 13.8019 0
      vertex -81.1378 18.2067 0
      vertex -80.7812 17.3951 0
    endloop
  endfacet
  facet normal 0 0 -1
    outer loop
      vertex -113.464 13.8019 0
      vertex -81.4369 19.0412 0
      vertex -81.1378 18.2067 0
    endloop
  endfacet
  facet normal 0 0 1
    outer loop
      vertex -113.464 13.8019 6.35
      vertex -80.7812 17.3951 6.35
      vertex -81.1378 18.2067 6.35
    endloop
  endfacet
  facet normal 0 0 1
    outer loop
      vertex -113.464 13.8019 6.35
      vertex -81.1378 18.2067 6.35
      vertex -81.4369 19.0412 6.35
    endloop
  endfacet
  facet normal 0 0 1
    outer loop
      vertex -113.464 13.8019 6.35
      vertex -81.4369 19.0412 6.35
      vertex -112.591 19.6895 6.35
    endloop
  endfacet
  facet normal 0.0871559 -0.996195 0
    outer loop
      vertex -113.865 -9.9619 0
      vertex -22.3295 -1.95357 0
      vertex -113.865 -9.9619 6.35
    endloop
  endfacet
  facet normal 0 0 -1
    outer loop
      vertex -113.865 -9.9619 0
      vertex -41.2432 2.24713 0
      vertex -22.3295 -1.95357 0
    endloop
  endfacet
  facet normal 0 0 -1
    outer loop
      vertex -113.865 -9.9619 0
      vertex -41.6069 2.29826 0
      vertex -41.2432 2.24713 0
    endloop
  endfacet
  facet normal 0 0 -1
    outer loop
      vertex -113.865 -9.9619 0
      vertex -41.9662 2.37463 0
      vertex -41.6069 2.29826 0
    endloop
  endfacet
  facet normal 0 0 -1
    outer loop
      vertex -113.865 -9.9619 0
      vertex -42.3193 2.47588 0
      vertex -41.9662 2.37463 0
    endloop
  endfacet
  facet normal 0 0 -1
    outer loop
      vertex -113.865 -9.9619 0
      vertex -42.6645 2.6015 0
      vertex -42.3193 2.47588 0
    endloop
  endfacet
  facet normal 0 0 -1
    outer loop
      vertex -113.865 -9.9619 0
      vertex -43 2.7509 0
      vertex -42.6645 2.6015 0
    endloop
  endfacet
  facet normal 0 0 -1
    outer loop
      vertex -113.865 -9.9619 0
      vertex -43.3243 2.92336 0
      vertex -43 2.7509 0
    endloop
  endfacet
  facet normal 0 0 -1
    outer loop
      vertex -113.865 -9.9619 0
      vertex -69.4017 10.2065 0
      vertex -43.3243 2.92336 0
    endloop
  endfacet
  facet normal 0 0 -1
    outer loop
      vertex -113.865 -9.9619 0
      vertex -70.2874 10.2418 0
      vertex -69.4017 10.2065 0
    endloop
  endfacet
  facet normal 0 0 -1
    outer loop
      vertex -113.865 -9.9619 0
      vertex -71.1685 10.3388 0
      vertex -70.2874 10.2418 0
    endloop
  endfacet
  facet normal 0 0 -1
    outer loop
      vertex -113.865 -9.9619 0
      vertex -72.0407 10.497 0
      vertex -71.1685 10.3388 0
    endloop
  endfacet
  facet normal 0 0 -1
    outer loop
      vertex -113.865 -9.9619 0
      vertex -72.8998 10.7157 0
      vertex -72.0407 10.497 0
    endloop
  endfacet
  facet normal 0 0 -1
    outer loop
      vertex -113.865 -9.9619 0
      vertex -73.7415 10.9937 0
      vertex -72.8998 10.7157 0
    endloop
  endfacet
  facet normal 0 0 -1
    outer loop
      vertex -113.865 -9.9619 0
      vertex -74.5618 11.3298 0
      vertex -73.7415 10.9937 0
    endloop
  endfacet
  facet normal 0 0 -1
    outer loop
      vertex -113.865 -9.9619 0
      vertex -75.3566 11.7223 0
      vertex -74.5618 11.3298 0
    endloop
  endfacet
  facet normal 0 0 -1
    outer loop
      vertex -113.865 -9.9619 0
      vertex -76.1221 12.1693 0
      vertex -75.3566 11.7223 0
    endloop
  endfacet
  facet normal 0 0 -1
    outer loop
      vertex -113.865 -9.9619 0
      vertex -76.8545 12.6686 0
      vertex -76.1221 12.1693 0
    endloop
  endfacet
  facet normal 0.0871559 -0.996195 0
    outer loop
      vertex -113.865 -9.9619 6.35
      vertex -22.3295 -1.95357 0
      vertex -22.3295 -1.95357 6.35
    endloop
  endfacet
  facet normal 0 0 1
    outer loop
      vertex -113.865 -9.9619 6.35
      vertex -22.3295 -1.95357 6.35
      vertex -41.2432 2.24713 6.35
    endloop
  endfacet
  facet normal 0 0 1
    outer loop
      vertex -113.865 -9.9619 6.35
      vertex -41.2432 2.24713 6.35
      vertex -41.6069 2.29826 6.35
    endloop
  endfacet
  facet normal 0 0 1
    outer loop
      vertex -113.865 -9.9619 6.35
      vertex -41.6069 2.29826 6.35
      vertex -41.9662 2.37463 6.35
    endloop
  endfacet
  facet normal 0 0 1
    outer loop
      vertex -113.865 -9.9619 6.35
      vertex -41.9662 2.37463 6.35
      vertex -42.3193 2.47588 6.35
    endloop
  endfacet
  facet normal 0 0 1
    outer loop
      vertex -113.865 -9.9619 6.35
      vertex -42.3193 2.47588 6.35
      vertex -42.6645 2.6015 6.35
    endloop
  endfacet
  facet normal 0 0 1
    outer loop
      vertex -113.865 -9.9619 6.35
      vertex -42.6645 2.6015 6.35
      vertex -43 2.7509 6.35
    endloop
  endfacet
  facet normal 0 0 1
    outer loop
      vertex -113.865 -9.9619 6.35
      vertex -43 2.7509 6.35
      vertex -43.3243 2.92336 6.35
    endloop
  endfacet
  facet normal 0 0 1
    outer loop
      vertex -113.865 -9.9619 6.35
      vertex -43.3243 2.92336 6.35
      vertex -69.4017 10.2065 6.35
    endloop
  endfacet
  facet normal 0 0 1
    outer loop
      vertex -113.865 -9.9619 6.35
      vertex -69.4017 10.2065 6.35
      vertex -70.2874 10.2418 6.35
    endloop
  endfacet
  facet normal 0 0 1
    outer loop
      vertex -113.865 -9.9619 6.35
      vertex -70.2874 10.2418 6.35
      vertex -71.1685 10.3388 6.35
    endloop
  endfacet
  facet normal 0 0 1
    outer loop
      vertex -113.865 -9.9619 6.35
      vertex -71.1685 10.3388 6.35
      vertex -72.0407 10.497 6.35
    endloop
  endfacet
  facet normal 0 0 1
    outer loop
      vertex -113.865 -9.9619 6.35
      vertex -72.0407 10.497 6.35
      vertex -72.8998 10.7157 6.35
    endloop
  endfacet
  facet normal 0 0 1
    outer loop
      vertex -113.865 -9.9619 6.35
      vertex -72.8998 10.7157 6.35
      vertex -73.7415 10.9937 6.35
    endloop
  endfacet
  facet normal 0 0 1
    outer loop
      vertex -113.865 -9.9619 6.35
      vertex -73.7415 10.9937 6.35
      vertex -74.5618 11.3298 6.35
    endloop
  endfacet
  facet normal 0 0 1
    outer loop
      vertex -113.865 -9.9619 6.35
      vertex -74.5618 11.3298 6.35
      vertex -75.3566 11.7223 6.35
    endloop
  endfacet
  facet normal 0 0 1
    outer loop
      vertex -113.865 -9.9619 6.35
      vertex -75.3566 11.7223 6.35
      vertex -76.1221 12.1693 6.35
    endloop
  endfacet
  facet normal 0 0 1
    outer loop
      vertex -113.865 -9.9619 6.35
      vertex -76.1221 12.1693 6.35
      vertex -76.8545 12.6686 6.35
    endloop
  endfacet
  facet normal 0 0 -1
    outer loop
      vertex -114.028 7.87686 0
      vertex -113.464 13.8019 0
      vertex -80.7812 17.3951 0
    endloop
  endfacet
  facet normal -0.9955 0.0947609 0
    outer loop
      vertex -114.028 7.87686 0
      vertex -113.464 13.8019 6.35
      vertex -113.464 13.8019 0
    endloop
  endfacet
  facet normal -0.9955 0.0947609 0
    outer loop
      vertex -114.028 7.87686 0
      vertex -114.028 7.87686 6.35
      vertex -113.464 13.8019 6.35
    endloop
  endfacet
  facet normal 0 0 -1
    outer loop
      vertex -114.028 7.87686 0
      vertex -79.9028 15.8564 0
      vertex -79.3853 15.1367 0
    endloop
  endfacet
  facet normal 0 0 -1
    outer loop
      vertex -114.028 7.87686 0
      vertex -80.3689 16.6104 0
      vertex -79.9028 15.8564 0
    endloop
  endfacet
  facet normal 0 0 -1
    outer loop
      vertex -114.028 7.87686 0
      vertex -80.7812 17.3951 0
      vertex -80.3689 16.6104 0
    endloop
  endfacet
  facet normal 0 0 1
    outer loop
      vertex -114.028 7.87686 6.35
      vertex -79.3853 15.1367 6.35
      vertex -79.9028 15.8564 6.35
    endloop
  endfacet
  facet normal 0 0 1
    outer loop
      vertex -114.028 7.87686 6.35
      vertex -79.9028 15.8564 6.35
      vertex -80.3689 16.6104 6.35
    endloop
  endfacet
  facet normal 0 0 1
    outer loop
      vertex -114.028 7.87686 6.35
      vertex -80.3689 16.6104 6.35
      vertex -80.7812 17.3951 6.35
    endloop
  endfacet
  facet normal 0 0 1
    outer loop
      vertex -114.028 7.87686 6.35
      vertex -80.7812 17.3951 6.35
      vertex -113.464 13.8019 6.35
    endloop
  endfacet
  facet normal -0.998128 -0.0611571 0
    outer loop
      vertex -114.229 -4.02116 0
      vertex -113.865 -9.9619 0
      vertex -114.229 -4.02116 6.35
    endloop
  endfacet
  facet normal 0 0 -1
    outer loop
      vertex -114.229 -4.02116 0
      vertex -76.8545 12.6686 0
      vertex -113.865 -9.9619 0
    endloop
  endfacet
  facet normal 0 0 -1
    outer loop
      vertex -114.229 -4.02116 0
      vertex -77.5504 13.2178 0
      vertex -76.8545 12.6686 0
    endloop
  endfacet
  facet normal 0 0 -1
    outer loop
      vertex -114.229 -4.02116 0
      vertex -78.2062 13.8141 0
      vertex -77.5504 13.2178 0
    endloop
  endfacet
  facet normal -0.998128 -0.0611571 0
    outer loop
      vertex -114.229 -4.02116 6.35
      vertex -113.865 -9.9619 0
      vertex -113.865 -9.9619 6.35
    endloop
  endfacet
  facet normal 0 0 1
    outer loop
      vertex -114.229 -4.02116 6.35
      vertex -113.865 -9.9619 6.35
      vertex -76.8545 12.6686 6.35
    endloop
  endfacet
  facet normal 0 0 1
    outer loop
      vertex -114.229 -4.02116 6.35
      vertex -76.8545 12.6686 6.35
      vertex -77.5504 13.2178 6.35
    endloop
  endfacet
  facet normal 0 0 1
    outer loop
      vertex -114.229 -4.02116 6.35
      vertex -77.5504 13.2178 6.35
      vertex -78.2062 13.8141 6.35
    endloop
  endfacet
  facet normal 0 0 -1
    outer loop
      vertex -114.284 1.93047 0
      vertex -114.028 7.87686 0
      vertex -79.3853 15.1367 0
    endloop
  endfacet
  facet normal -0.999075 0.0430115 0
    outer loop
      vertex -114.284 1.93047 0
      vertex -114.028 7.87686 6.35
      vertex -114.028 7.87686 0
    endloop
  endfacet
  facet normal -0.999957 -0.00924077 0
    outer loop
      vertex -114.284 1.93047 0
      vertex -114.229 -4.02116 0
      vertex -114.284 1.93047 6.35
    endloop
  endfacet
  facet normal -0.999075 0.0430115 0
    outer loop
      vertex -114.284 1.93047 0
      vertex -114.284 1.93047 6.35
      vertex -114.028 7.87686 6.35
    endloop
  endfacet
  facet normal 0 0 -1
    outer loop
      vertex -114.284 1.93047 0
      vertex -78.2062 13.8141 0
      vertex -114.229 -4.02116 0
    endloop
  endfacet
  facet normal 0 0 -1
    outer loop
      vertex -114.284 1.93047 0
      vertex -78.8189 14.4548 0
      vertex -78.2062 13.8141 0
    endloop
  endfacet
  facet normal 0 0 -1
    outer loop
      vertex -114.284 1.93047 0
      vertex -79.3853 15.1367 0
      vertex -78.8189 14.4548 0
    endloop
  endfacet
  facet normal -0.999957 -0.00924077 0
    outer loop
      vertex -114.284 1.93047 6.35
      vertex -114.229 -4.02116 0
      vertex -114.229 -4.02116 6.35
    endloop
  endfacet
  facet normal 0 0 1
    outer loop
      vertex -114.284 1.93047 6.35
      vertex -114.229 -4.02116 6.35
      vertex -78.2062 13.8141 6.35
    endloop
  endfacet
  facet normal 0 0 1
    outer loop
      vertex -114.284 1.93047 6.35
      vertex -78.2062 13.8141 6.35
      vertex -78.8189 14.4548 6.35
    endloop
  endfacet
  facet normal 0 0 1
    outer loop
      vertex -114.284 1.93047 6.35
      vertex -78.8189 14.4548 6.35
      vertex -79.3853 15.1367 6.35
    endloop
  endfacet
  facet normal 0 0 1
    outer loop
      vertex -114.284 1.93047 6.35
      vertex -79.3853 15.1367 6.35
      vertex -114.028 7.87686 6.35
    endloop
  endfacet
  facet normal 0.927184 0.374605 0
    outer loop
      vertex -12.122 -4.41205 0
      vertex -12.122 -4.41205 6.35
      vertex -11.7847 -5.2469 0
    endloop
  endfacet
  facet normal 0.927184 0.374605 0
    outer loop
      vertex -12.122 -4.41205 6.35
      vertex -11.7847 -5.2469 6.35
      vertex -11.7847 -5.2469 0
    endloop
  endfacet
  facet normal 0.927184 -0.374605 0
    outer loop
      vertex -12.122 4.41205 0
      vertex -11.7847 5.2469 0
      vertex -11.7847 5.2469 6.35
    endloop
  endfacet
  facet normal 0.927184 -0.374605 0
    outer loop
      vertex -12.122 4.41205 0
      vertex -11.7847 5.2469 6.35
      vertex -12.122 4.41205 6.35
    endloop
  endfacet
  facet normal 0.977125 -0.212664 0
    outer loop
      vertex -12.1378 75.2908 0
      vertex -11.9493 76.1569 0
      vertex -11.9493 76.1569 6.35
    endloop
  endfacet
  facet normal 0.977125 -0.212664 0
    outer loop
      vertex -12.1378 75.2908 0
      vertex -11.9493 76.1569 6.35
      vertex -12.1378 75.2908 6.35
    endloop
  endfacet
  facet normal 0.979145 0.203161 0
    outer loop
      vertex -12.1595 70.8802 0
      vertex -12.1595 70.8802 6.35
      vertex -11.9794 70.0122 0
    endloop
  endfacet
  facet normal 0.979145 0.203161 0
    outer loop
      vertex -12.1595 70.8802 6.35
      vertex -11.9794 70.0122 6.35
      vertex -11.9794 70.0122 0
    endloop
  endfacet
  facet normal 0 0 -1
    outer loop
      vertex -12.1782 34.1348 0
      vertex -11.8145 34.186 0
      vertex -5.65498 11.5944 0
    endloop
  endfacet
  facet normal -0.139401 0.990236 0
    outer loop
      vertex -12.1782 34.1348 0
      vertex -12.1782 34.1348 6.35
      vertex -11.8145 34.186 0
    endloop
  endfacet
  facet normal -0.139401 0.990236 0
    outer loop
      vertex -12.1782 34.1348 6.35
      vertex -11.8145 34.186 6.35
      vertex -11.8145 34.186 0
    endloop
  endfacet
  facet normal 0 0 1
    outer loop
      vertex -12.1782 34.1348 6.35
      vertex -5.65498 11.5944 6.35
      vertex -11.8145 34.186 6.35
    endloop
  endfacet
  facet normal -0.139134 -0.990274 0
    outer loop
      vertex -12.1782 44.6022 0
      vertex -11.8145 44.5511 0
      vertex -11.8145 44.5511 6.35
    endloop
  endfacet
  facet normal -0.139134 -0.990274 0
    outer loop
      vertex -12.1782 44.6022 0
      vertex -11.8145 44.5511 6.35
      vertex -12.1782 44.6022 6.35
    endloop
  endfacet
  facet normal 0 0 -1
    outer loop
      vertex -12.1782 44.6022 0
      vertex -5.659 61.8401 0
      vertex -11.8145 44.5511 0
    endloop
  endfacet
  facet normal 0 0 -1
    outer loop
      vertex -12.1782 44.6022 0
      vertex -6.4245 62.287 0
      vertex -5.659 61.8401 0
    endloop
  endfacet
  facet normal 0 0 1
    outer loop
      vertex -12.1782 44.6022 6.35
      vertex -11.8145 44.5511 6.35
      vertex -5.659 61.8401 6.35
    endloop
  endfacet
  facet normal 0 0 1
    outer loop
      vertex -12.1782 44.6022 6.35
      vertex -5.659 61.8401 6.35
      vertex -6.4245 62.287 6.35
    endloop
  endfacet
  facet normal 0.989569 -0.144058 0
    outer loop
      vertex -12.2655 74.4136 0
      vertex -12.1378 75.2908 0
      vertex -12.1378 75.2908 6.35
    endloop
  endfacet
  facet normal 0.989569 -0.144058 0
    outer loop
      vertex -12.2655 74.4136 0
      vertex -12.1378 75.2908 6.35
      vertex -12.2655 74.4136 6.35
    endloop
  endfacet
  facet normal 0.990948 0.134247 0
    outer loop
      vertex -12.2785 71.7586 0
      vertex -12.2785 71.7586 6.35
      vertex -12.1595 70.8802 0
    endloop
  endfacet
  facet normal 0.990948 0.134247 0
    outer loop
      vertex -12.2785 71.7586 6.35
      vertex -12.1595 70.8802 6.35
      vertex -12.1595 70.8802 0
    endloop
  endfacet
  facet normal 0.997208 -0.0746778 0
    outer loop
      vertex -12.3317 73.5296 0
      vertex -12.2655 74.4136 0
      vertex -12.2655 74.4136 6.35
    endloop
  endfacet
  facet normal 0.997208 -0.0746778 0
    outer loop
      vertex -12.3317 73.5296 0
      vertex -12.2655 74.4136 6.35
      vertex -12.3317 73.5296 6.35
    endloop
  endfacet
  facet normal 0.999988 -0.00485103 0
    outer loop
      vertex -12.336 72.6432 0
      vertex -12.3317 73.5296 0
      vertex -12.3317 73.5296 6.35
    endloop
  endfacet
  facet normal 0.999988 -0.00485103 0
    outer loop
      vertex -12.336 72.6432 0
      vertex -12.3317 73.5296 6.35
      vertex -12.336 72.6432 6.35
    endloop
  endfacet
  facet normal 0.997894 0.0648642 0
    outer loop
      vertex -12.336 72.6432 0
      vertex -12.336 72.6432 6.35
      vertex -12.2785 71.7586 0
    endloop
  endfacet
  facet normal 0.997894 0.0648642 0
    outer loop
      vertex -12.336 72.6432 6.35
      vertex -12.2785 71.7586 6.35
      vertex -12.2785 71.7586 0
    endloop
  endfacet
  facet normal 0.951037 0.309076 0
    outer loop
      vertex -12.4003 -3.55571 0
      vertex -12.4003 -3.55571 6.35
      vertex -12.122 -4.41205 0
    endloop
  endfacet
  facet normal 0.951037 0.309076 0
    outer loop
      vertex -12.4003 -3.55571 6.35
      vertex -12.122 -4.41205 6.35
      vertex -12.122 -4.41205 0
    endloop
  endfacet
  facet normal 0.951037 -0.309076 0
    outer loop
      vertex -12.4003 3.55571 0
      vertex -12.122 4.41205 0
      vertex -12.122 4.41205 6.35
    endloop
  endfacet
  facet normal 0.951037 -0.309076 0
    outer loop
      vertex -12.4003 3.55571 0
      vertex -12.122 4.41205 6.35
      vertex -12.4003 3.55571 6.35
    endloop
  endfacet
  facet normal -0.529896 -0.848063 0
    outer loop
      vertex -12.5399 -18.5912 0
      vertex -11.2125 -19.4206 0
      vertex -12.5399 -18.5912 6.35
    endloop
  endfacet
  facet normal 0 0 -1
    outer loop
      vertex -12.5399 -18.5912 0
      vertex -6.45 -11.1717 0
      vertex -11.2125 -19.4206 0
    endloop
  endfacet
  facet normal 0 0 -1
    outer loop
      vertex -12.5399 -18.5912 0
      vertex -7.21358 -10.6946 0
      vertex -6.45 -11.1717 0
    endloop
  endfacet
  facet normal 0 0 -1
    outer loop
      vertex -12.5399 -18.5912 0
      vertex -7.94203 -10.1653 0
      vertex -7.21358 -10.6946 0
    endloop
  endfacet
  facet normal -0.529896 -0.848063 0
    outer loop
      vertex -12.5399 -18.5912 6.35
      vertex -11.2125 -19.4206 0
      vertex -11.2125 -19.4206 6.35
    endloop
  endfacet
  facet normal 0 0 1
    outer loop
      vertex -12.5399 -18.5912 6.35
      vertex -11.2125 -19.4206 6.35
      vertex -6.45 -11.1717 6.35
    endloop
  endfacet
  facet normal 0 0 1
    outer loop
      vertex -12.5399 -18.5912 6.35
      vertex -6.45 -11.1717 6.35
      vertex -7.21358 -10.6946 6.35
    endloop
  endfacet
  facet normal 0 0 1
    outer loop
      vertex -12.5399 -18.5912 6.35
      vertex -7.21358 -10.6946 6.35
      vertex -7.94203 -10.1653 6.35
    endloop
  endfacet
  facet normal 0 0 -1
    outer loop
      vertex -12.5447 34.1092 0
      vertex -12.1782 34.1348 0
      vertex -5.65498 11.5944 0
    endloop
  endfacet
  facet normal -0.0696802 0.997569 0
    outer loop
      vertex -12.5447 34.1092 0
      vertex -12.5447 34.1092 6.35
      vertex -12.1782 34.1348 0
    endloop
  endfacet
  facet normal 0 0 -1
    outer loop
      vertex -12.5447 34.1092 0
      vertex -5.65498 11.5944 0
      vertex -6.45 11.1717 0
    endloop
  endfacet
  facet normal -0.0696802 0.997569 0
    outer loop
      vertex -12.5447 34.1092 6.35
      vertex -12.1782 34.1348 6.35
      vertex -12.1782 34.1348 0
    endloop
  endfacet
  facet normal 0 0 1
    outer loop
      vertex -12.5447 34.1092 6.35
      vertex -5.65498 11.5944 6.35
      vertex -12.1782 34.1348 6.35
    endloop
  endfacet
  facet normal 0 0 1
    outer loop
      vertex -12.5447 34.1092 6.35
      vertex -6.45 11.1717 6.35
      vertex -5.65498 11.5944 6.35
    endloop
  endfacet
  facet normal -0.0696802 -0.997569 0
    outer loop
      vertex -12.5447 44.6278 0
      vertex -12.1782 44.6022 0
      vertex -12.1782 44.6022 6.35
    endloop
  endfacet
  facet normal -0.0696802 -0.997569 0
    outer loop
      vertex -12.5447 44.6278 0
      vertex -12.1782 44.6022 6.35
      vertex -12.5447 44.6278 6.35
    endloop
  endfacet
  facet normal 0 0 -1
    outer loop
      vertex -12.5447 44.6278 0
      vertex -6.4245 62.287 0
      vertex -12.1782 44.6022 0
    endloop
  endfacet
  facet normal 0 0 -1
    outer loop
      vertex -12.5447 44.6278 0
      vertex -7.15695 62.7863 0
      vertex -6.4245 62.287 0
    endloop
  endfacet
  facet normal 0 0 1
    outer loop
      vertex -12.5447 44.6278 6.35
      vertex -12.1782 44.6022 6.35
      vertex -6.4245 62.287 6.35
    endloop
  endfacet
  facet normal 0 0 1
    outer loop
      vertex -12.5447 44.6278 6.35
      vertex -6.4245 62.287 6.35
      vertex -7.15695 62.7863 6.35
    endloop
  endfacet
  facet normal 0.970303 0.241893 0
    outer loop
      vertex -12.6181 -2.68205 0
      vertex -12.6181 -2.68205 6.35
      vertex -12.4003 -3.55571 0
    endloop
  endfacet
  facet normal 0.970303 0.241893 0
    outer loop
      vertex -12.6181 -2.68205 6.35
      vertex -12.4003 -3.55571 6.35
      vertex -12.4003 -3.55571 0
    endloop
  endfacet
  facet normal 0.970303 -0.241893 0
    outer loop
      vertex -12.6181 2.68205 0
      vertex -12.4003 3.55571 0
      vertex -12.4003 3.55571 6.35
    endloop
  endfacet
  facet normal 0.970303 -0.241893 0
    outer loop
      vertex -12.6181 2.68205 0
      vertex -12.4003 3.55571 6.35
      vertex -12.6181 2.68205 6.35
    endloop
  endfacet
  facet normal 0.984818 0.17359 0
    outer loop
      vertex -12.7744 -1.79532 0
      vertex -12.7744 -1.79532 6.35
      vertex -12.6181 -2.68205 0
    endloop
  endfacet
  facet normal 0.984818 0.17359 0
    outer loop
      vertex -12.7744 -1.79532 6.35
      vertex -12.6181 -2.68205 6.35
      vertex -12.6181 -2.68205 0
    endloop
  endfacet
  facet normal 0.984818 -0.17359 0
    outer loop
      vertex -12.7744 1.79532 0
      vertex -12.6181 2.68205 0
      vertex -12.6181 2.68205 6.35
    endloop
  endfacet
  facet normal 0.984818 -0.17359 0
    outer loop
      vertex -12.7744 1.79532 0
      vertex -12.6181 2.68205 6.35
      vertex -12.7744 1.79532 6.35
    endloop
  endfacet
  facet normal 0.994512 0.10462 0
    outer loop
      vertex -12.8686 -0.899857 0
      vertex -12.8686 -0.899857 6.35
      vertex -12.7744 -1.79532 0
    endloop
  endfacet
  facet normal 0.994512 0.10462 0
    outer loop
      vertex -12.8686 -0.899857 6.35
      vertex -12.7744 -1.79532 6.35
      vertex -12.7744 -1.79532 0
    endloop
  endfacet
  facet normal 0.994512 -0.10462 0
    outer loop
      vertex -12.8686 0.899857 0
      vertex -12.7744 1.79532 0
      vertex -12.7744 1.79532 6.35
    endloop
  endfacet
  facet normal 0.994512 -0.10462 0
    outer loop
      vertex -12.8686 0.899857 0
      vertex -12.7744 1.79532 6.35
      vertex -12.8686 0.899857 6.35
    endloop
  endfacet
  facet normal 0.999392 -0.0348732 0
    outer loop
      vertex -12.9 0 0
      vertex -12.8686 0.899857 0
      vertex -12.8686 0.899857 6.35
    endloop
  endfacet
  facet normal 0.999392 -0.0348732 0
    outer loop
      vertex -12.9 0 0
      vertex -12.8686 0.899857 6.35
      vertex -12.9 0 6.35
    endloop
  endfacet
  facet normal 0.999392 0.0348732 0
    outer loop
      vertex -12.9 0 0
      vertex -12.9 0 6.35
      vertex -12.8686 -0.899857 0
    endloop
  endfacet
  facet normal 0.999392 0.0348732 0
    outer loop
      vertex -12.9 0 6.35
      vertex -12.8686 -0.899857 6.35
      vertex -12.8686 -0.899857 0
    endloop
  endfacet
  facet normal 0 0 -1
    outer loop
      vertex -12.912 34.1092 0
      vertex -12.5447 34.1092 0
      vertex -6.45 11.1717 0
    endloop
  endfacet
  facet normal 0 1 0
    outer loop
      vertex -12.912 34.1092 0
      vertex -12.912 34.1092 6.35
      vertex -12.5447 34.1092 0
    endloop
  endfacet
  facet normal 0 0 -1
    outer loop
      vertex -12.912 34.1092 0
      vertex -6.45 11.1717 0
      vertex -7.21358 10.6946 0
    endloop
  endfacet
  facet normal 0 1 0
    outer loop
      vertex -12.912 34.1092 6.35
      vertex -12.5447 34.1092 6.35
      vertex -12.5447 34.1092 0
    endloop
  endfacet
  facet normal 0 0 1
    outer loop
      vertex -12.912 34.1092 6.35
      vertex -6.45 11.1717 6.35
      vertex -12.5447 34.1092 6.35
    endloop
  endfacet
  facet normal 0 0 1
    outer loop
      vertex -12.912 34.1092 6.35
      vertex -7.21358 10.6946 6.35
      vertex -6.45 11.1717 6.35
    endloop
  endfacet
  facet normal 0 -1 0
    outer loop
      vertex -12.912 44.6278 0
      vertex -12.5447 44.6278 0
      vertex -12.5447 44.6278 6.35
    endloop
  endfacet
  facet normal 0 -1 0
    outer loop
      vertex -12.912 44.6278 0
      vertex -12.5447 44.6278 6.35
      vertex -12.912 44.6278 6.35
    endloop
  endfacet
  facet normal 0 0 -1
    outer loop
      vertex -12.912 44.6278 0
      vertex -7.15695 62.7863 0
      vertex -12.5447 44.6278 0
    endloop
  endfacet
  facet normal 0 0 1
    outer loop
      vertex -12.912 44.6278 6.35
      vertex -12.5447 44.6278 6.35
      vertex -7.15695 62.7863 6.35
    endloop
  endfacet
  facet normal 0 0 -1
    outer loop
      vertex -13.2784 34.1348 0
      vertex -12.912 34.1092 0
      vertex -7.21358 10.6946 0
    endloop
  endfacet
  facet normal 0.0696991 0.997568 0
    outer loop
      vertex -13.2784 34.1348 0
      vertex -13.2784 34.1348 6.35
      vertex -12.912 34.1092 0
    endloop
  endfacet
  facet normal 0.0696991 0.997568 0
    outer loop
      vertex -13.2784 34.1348 6.35
      vertex -12.912 34.1092 6.35
      vertex -12.912 34.1092 0
    endloop
  endfacet
  facet normal 0 0 1
    outer loop
      vertex -13.2784 34.1348 6.35
      vertex -7.21358 10.6946 6.35
      vertex -12.912 34.1092 6.35
    endloop
  endfacet
  facet normal 0.0696991 -0.997568 0
    outer loop
      vertex -13.2784 44.6022 0
      vertex -12.912 44.6278 0
      vertex -12.912 44.6278 6.35
    endloop
  endfacet
  facet normal 0.0696991 -0.997568 0
    outer loop
      vertex -13.2784 44.6022 0
      vertex -12.912 44.6278 6.35
      vertex -13.2784 44.6022 6.35
    endloop
  endfacet
  facet normal 0 0 -1
    outer loop
      vertex -13.2784 44.6022 0
      vertex -7.15695 62.7863 0
      vertex -12.912 44.6278 0
    endloop
  endfacet
  facet normal 0 0 -1
    outer loop
      vertex -13.2784 44.6022 0
      vertex -7.8528 63.3355 0
      vertex -7.15695 62.7863 0
    endloop
  endfacet
  facet normal 0 0 1
    outer loop
      vertex -13.2784 44.6022 6.35
      vertex -12.912 44.6278 6.35
      vertex -7.15695 62.7863 6.35
    endloop
  endfacet
  facet normal 0 0 1
    outer loop
      vertex -13.2784 44.6022 6.35
      vertex -7.15695 62.7863 6.35
      vertex -7.8528 63.3355 6.35
    endloop
  endfacet
  facet normal 0.139363 0.990241 0
    outer loop
      vertex -13.6422 34.186 0
      vertex -13.6422 34.186 6.35
      vertex -13.2784 34.1348 0
    endloop
  endfacet
  facet normal 0.139363 0.990241 0
    outer loop
      vertex -13.6422 34.186 6.35
      vertex -13.2784 34.1348 6.35
      vertex -13.2784 34.1348 0
    endloop
  endfacet
  facet normal 0.139096 -0.990279 0
    outer loop
      vertex -13.6422 44.5511 0
      vertex -13.2784 44.6022 0
      vertex -13.2784 44.6022 6.35
    endloop
  endfacet
  facet normal 0.139096 -0.990279 0
    outer loop
      vertex -13.6422 44.5511 0
      vertex -13.2784 44.6022 6.35
      vertex -13.6422 44.5511 6.35
    endloop
  endfacet
  facet normal 0 0 -1
    outer loop
      vertex -13.6422 44.5511 0
      vertex -7.8528 63.3355 0
      vertex -13.2784 44.6022 0
    endloop
  endfacet
  facet normal 0 0 -1
    outer loop
      vertex -13.6422 44.5511 0
      vertex -8.50864 63.9319 0
      vertex -7.8528 63.3355 0
    endloop
  endfacet
  facet normal 0 0 1
    outer loop
      vertex -13.6422 44.5511 6.35
      vertex -13.2784 44.6022 6.35
      vertex -7.8528 63.3355 6.35
    endloop
  endfacet
  facet normal 0 0 1
    outer loop
      vertex -13.6422 44.5511 6.35
      vertex -7.8528 63.3355 6.35
      vertex -8.50864 63.9319 6.35
    endloop
  endfacet
  facet normal -0.587818 -0.808993 0
    outer loop
      vertex -13.8062 -17.6711 0
      vertex -12.5399 -18.5912 0
      vertex -13.8062 -17.6711 6.35
    endloop
  endfacet
  facet normal 0 0 -1
    outer loop
      vertex -13.8062 -17.6711 0
      vertex -7.94203 -10.1653 0
      vertex -12.5399 -18.5912 0
    endloop
  endfacet
  facet normal 0 0 -1
    outer loop
      vertex -13.8062 -17.6711 0
      vertex -8.63177 -9.58656 0
      vertex -7.94203 -10.1653 0
    endloop
  endfacet
  facet normal -0.587818 -0.808993 0
    outer loop
      vertex -13.8062 -17.6711 6.35
      vertex -12.5399 -18.5912 0
      vertex -12.5399 -18.5912 6.35
    endloop
  endfacet
  facet normal 0 0 1
    outer loop
      vertex -13.8062 -17.6711 6.35
      vertex -12.5399 -18.5912 6.35
      vertex -7.94203 -10.1653 6.35
    endloop
  endfacet
  facet normal 0 0 1
    outer loop
      vertex -13.8062 -17.6711 6.35
      vertex -7.94203 -10.1653 6.35
      vertex -8.63177 -9.58656 6.35
    endloop
  endfacet
  facet normal 0.207781 0.978175 0
    outer loop
      vertex -14.0014 34.2623 0
      vertex -14.0014 34.2623 6.35
      vertex -13.6422 34.186 0
    endloop
  endfacet
  facet normal 0.207781 0.978175 0
    outer loop
      vertex -14.0014 34.2623 6.35
      vertex -13.6422 34.186 6.35
      vertex -13.6422 34.186 0
    endloop
  endfacet
  facet normal 0.208041 -0.97812 0
    outer loop
      vertex -14.0014 44.4747 0
      vertex -13.6422 44.5511 0
      vertex -13.6422 44.5511 6.35
    endloop
  endfacet
  facet normal 0.208041 -0.97812 0
    outer loop
      vertex -14.0014 44.4747 0
      vertex -13.6422 44.5511 6.35
      vertex -14.0014 44.4747 6.35
    endloop
  endfacet
  facet normal 0 0 -1
    outer loop
      vertex -14.0014 44.4747 0
      vertex -8.50864 63.9319 0
      vertex -13.6422 44.5511 0
    endloop
  endfacet
  facet normal 0 0 -1
    outer loop
      vertex -14.0014 44.4747 0
      vertex -9.12128 64.5726 0
      vertex -8.50864 63.9319 0
    endloop
  endfacet
  facet normal 0 0 1
    outer loop
      vertex -14.0014 44.4747 6.35
      vertex -13.6422 44.5511 6.35
      vertex -8.50864 63.9319 6.35
    endloop
  endfacet
  facet normal 0 0 1
    outer loop
      vertex -14.0014 44.4747 6.35
      vertex -8.50864 63.9319 6.35
      vertex -9.12128 64.5726 6.35
    endloop
  endfacet
  facet normal 0.275764 0.961225 0
    outer loop
      vertex -14.3545 34.3636 0
      vertex -14.3545 34.3636 6.35
      vertex -14.0014 34.2623 0
    endloop
  endfacet
  facet normal 0.275764 0.961225 0
    outer loop
      vertex -14.3545 34.3636 6.35
      vertex -14.0014 34.2623 6.35
      vertex -14.0014 34.2623 0
    endloop
  endfacet
  facet normal 0.275764 -0.961225 0
    outer loop
      vertex -14.3545 44.3734 0
      vertex -14.0014 44.4747 0
      vertex -14.0014 44.4747 6.35
    endloop
  endfacet
  facet normal 0.275764 -0.961225 0
    outer loop
      vertex -14.3545 44.3734 0
      vertex -14.0014 44.4747 6.35
      vertex -14.3545 44.3734 6.35
    endloop
  endfacet
  facet normal 0 0 -1
    outer loop
      vertex -14.3545 44.3734 0
      vertex -9.12128 64.5726 0
      vertex -14.0014 44.4747 0
    endloop
  endfacet
  facet normal 0 0 1
    outer loop
      vertex -14.3545 44.3734 6.35
      vertex -14.0014 44.4747 6.35
      vertex -9.12128 64.5726 6.35
    endloop
  endfacet
  facet normal 0.341918 0.93973 0
    outer loop
      vertex -14.6997 34.4892 0
      vertex -14.6997 34.4892 6.35
      vertex -14.3545 34.3636 0
    endloop
  endfacet
  facet normal 0.341918 0.93973 0
    outer loop
      vertex -14.6997 34.4892 6.35
      vertex -14.3545 34.3636 6.35
      vertex -14.3545 34.3636 0
    endloop
  endfacet
  facet normal 0.341918 -0.93973 0
    outer loop
      vertex -14.6997 44.2478 0
      vertex -14.3545 44.3734 0
      vertex -14.3545 44.3734 6.35
    endloop
  endfacet
  facet normal 0.341918 -0.93973 0
    outer loop
      vertex -14.6997 44.2478 0
      vertex -14.3545 44.3734 6.35
      vertex -14.6997 44.2478 6.35
    endloop
  endfacet
  facet normal -0.642795 -0.766038 0
    outer loop
      vertex -15.0052 -16.665 0
      vertex -13.8062 -17.6711 0
      vertex -15.0052 -16.665 6.35
    endloop
  endfacet
  facet normal 0 0 -1
    outer loop
      vertex -15.0052 -16.665 0
      vertex -8.63177 -9.58656 0
      vertex -13.8062 -17.6711 0
    endloop
  endfacet
  facet normal 0 0 -1
    outer loop
      vertex -15.0052 -16.665 0
      vertex -9.27948 -8.96109 0
      vertex -8.63177 -9.58656 0
    endloop
  endfacet
  facet normal -0.642795 -0.766038 0
    outer loop
      vertex -15.0052 -16.665 6.35
      vertex -13.8062 -17.6711 0
      vertex -13.8062 -17.6711 6.35
    endloop
  endfacet
  facet normal 0 0 1
    outer loop
      vertex -15.0052 -16.665 6.35
      vertex -13.8062 -17.6711 6.35
      vertex -8.63177 -9.58656 6.35
    endloop
  endfacet
  facet normal 0 0 1
    outer loop
      vertex -15.0052 -16.665 6.35
      vertex -8.63177 -9.58656 6.35
      vertex -9.27948 -8.96109 6.35
    endloop
  endfacet
  facet normal 0.406795 0.913519 0
    outer loop
      vertex -15.0352 34.6386 0
      vertex -15.0352 34.6386 6.35
      vertex -14.6997 34.4892 0
    endloop
  endfacet
  facet normal 0.406795 0.913519 0
    outer loop
      vertex -15.0352 34.6386 6.35
      vertex -14.6997 34.4892 6.35
      vertex -14.6997 34.4892 0
    endloop
  endfacet
  facet normal 0.406795 -0.913519 0
    outer loop
      vertex -15.0352 44.0984 0
      vertex -14.6997 44.2478 0
      vertex -14.6997 44.2478 6.35
    endloop
  endfacet
  facet normal 0.406795 -0.913519 0
    outer loop
      vertex -15.0352 44.0984 0
      vertex -14.6997 44.2478 6.35
      vertex -15.0352 44.0984 6.35
    endloop
  endfacet
  facet normal 0.4695 0.882932 0
    outer loop
      vertex -15.3596 34.8111 0
      vertex -15.3596 34.8111 6.35
      vertex -15.0352 34.6386 0
    endloop
  endfacet
  facet normal 0.4695 0.882932 0
    outer loop
      vertex -15.3596 34.8111 6.35
      vertex -15.0352 34.6386 6.35
      vertex -15.0352 34.6386 0
    endloop
  endfacet
  facet normal 0.469288 -0.883045 0
    outer loop
      vertex -15.3596 43.926 0
      vertex -15.0352 44.0984 0
      vertex -15.0352 44.0984 6.35
    endloop
  endfacet
  facet normal 0.469288 -0.883045 0
    outer loop
      vertex -15.3596 43.926 0
      vertex -15.0352 44.0984 6.35
      vertex -15.3596 43.926 6.35
    endloop
  endfacet
  facet normal 0.529828 0.848105 0
    outer loop
      vertex -15.6711 35.0057 0
      vertex -15.6711 35.0057 6.35
      vertex -15.3596 34.8111 0
    endloop
  endfacet
  facet normal 0.529828 0.848105 0
    outer loop
      vertex -15.6711 35.0057 6.35
      vertex -15.3596 34.8111 6.35
      vertex -15.3596 34.8111 0
    endloop
  endfacet
  facet normal 0.530023 -0.847983 0
    outer loop
      vertex -15.6711 43.7313 0
      vertex -15.3596 43.926 0
      vertex -15.3596 43.926 6.35
    endloop
  endfacet
  facet normal 0.530023 -0.847983 0
    outer loop
      vertex -15.6711 43.7313 0
      vertex -15.3596 43.926 6.35
      vertex -15.6711 43.7313 6.35
    endloop
  endfacet
  facet normal 0.587864 0.80896 0
    outer loop
      vertex -15.9682 35.2216 0
      vertex -15.9682 35.2216 6.35
      vertex -15.6711 35.0057 0
    endloop
  endfacet
  facet normal 0.587864 0.80896 0
    outer loop
      vertex -15.9682 35.2216 6.35
      vertex -15.6711 35.0057 6.35
      vertex -15.6711 35.0057 0
    endloop
  endfacet
  facet normal 0.587864 -0.80896 0
    outer loop
      vertex -15.9682 43.5154 0
      vertex -15.6711 43.7313 0
      vertex -15.6711 43.7313 6.35
    endloop
  endfacet
  facet normal 0.587864 -0.80896 0
    outer loop
      vertex -15.9682 43.5154 0
      vertex -15.6711 43.7313 6.35
      vertex -15.9682 43.5154 6.35
    endloop
  endfacet
  facet normal -0.694637 -0.719361 0
    outer loop
      vertex -16.1312 -15.5777 0
      vertex -15.0052 -16.665 0
      vertex -16.1312 -15.5777 6.35
    endloop
  endfacet
  facet normal 0 0 -1
    outer loop
      vertex -16.1312 -15.5777 0
      vertex -9.27948 -8.96109 0
      vertex -15.0052 -16.665 0
    endloop
  endfacet
  facet normal -0.694637 -0.719361 0
    outer loop
      vertex -16.1312 -15.5777 6.35
      vertex -15.0052 -16.665 0
      vertex -15.0052 -16.665 6.35
    endloop
  endfacet
  facet normal 0 0 1
    outer loop
      vertex -16.1312 -15.5777 6.35
      vertex -15.0052 -16.665 6.35
      vertex -9.27948 -8.96109 6.35
    endloop
  endfacet
  facet normal 0.642751 0.766075 0
    outer loop
      vertex -16.2496 35.4577 0
      vertex -16.2496 35.4577 6.35
      vertex -15.9682 35.2216 0
    endloop
  endfacet
  facet normal 0.642751 0.766075 0
    outer loop
      vertex -16.2496 35.4577 6.35
      vertex -15.9682 35.2216 6.35
      vertex -15.9682 35.2216 0
    endloop
  endfacet
  facet normal 0.642751 -0.766075 0
    outer loop
      vertex -16.2496 43.2793 0
      vertex -15.9682 43.5154 0
      vertex -15.9682 43.5154 6.35
    endloop
  endfacet
  facet normal 0.642751 -0.766075 0
    outer loop
      vertex -16.2496 43.2793 0
      vertex -15.9682 43.5154 6.35
      vertex -16.2496 43.2793 6.35
    endloop
  endfacet
  facet normal 0.694614 0.719383 0
    outer loop
      vertex -16.5139 35.7129 0
      vertex -16.5139 35.7129 6.35
      vertex -16.2496 35.4577 0
    endloop
  endfacet
  facet normal 0.694614 0.719383 0
    outer loop
      vertex -16.5139 35.7129 6.35
      vertex -16.2496 35.4577 6.35
      vertex -16.2496 35.4577 0
    endloop
  endfacet
  facet normal 0.694473 -0.719519 0
    outer loop
      vertex -16.5139 43.0242 0
      vertex -16.2496 43.2793 0
      vertex -16.2496 43.2793 6.35
    endloop
  endfacet
  facet normal 0.694473 -0.719519 0
    outer loop
      vertex -16.5139 43.0242 0
      vertex -16.2496 43.2793 6.35
      vertex -16.5139 43.0242 6.35
    endloop
  endfacet
  facet normal 0.743172 0.6691 0
    outer loop
      vertex -16.7596 35.9858 0
      vertex -16.7596 35.9858 6.35
      vertex -16.5139 35.7129 0
    endloop
  endfacet
  facet normal 0.743172 0.6691 0
    outer loop
      vertex -16.7596 35.9858 6.35
      vertex -16.5139 35.7129 6.35
      vertex -16.5139 35.7129 0
    endloop
  endfacet
  facet normal 0.743294 -0.668965 0
    outer loop
      vertex -16.7596 42.7512 0
      vertex -16.5139 43.0242 0
      vertex -16.5139 43.0242 6.35
    endloop
  endfacet
  facet normal 0.743294 -0.668965 0
    outer loop
      vertex -16.7596 42.7512 0
      vertex -16.5139 43.0242 6.35
      vertex -16.7596 42.7512 6.35
    endloop
  endfacet
  facet normal 0 0 -1
    outer loop
      vertex -16.831 113.054 0
      vertex -10.9231 113.777 0
      vertex -5.54898 84.2667 0
    endloop
  endfacet
  facet normal -0.121472 0.992595 0
    outer loop
      vertex -16.831 113.054 0
      vertex -10.9231 113.777 6.35
      vertex -10.9231 113.777 0
    endloop
  endfacet
  facet normal -0.121472 0.992595 0
    outer loop
      vertex -16.831 113.054 0
      vertex -16.831 113.054 6.35
      vertex -10.9231 113.777 6.35
    endloop
  endfacet
  facet normal 0 0 -1
    outer loop
      vertex -16.831 113.054 0
      vertex -5.54898 84.2667 0
      vertex -6.31883 83.8272 0
    endloop
  endfacet
  facet normal 0 0 -1
    outer loop
      vertex -16.831 113.054 0
      vertex -6.31883 83.8272 0
      vertex -7.05615 83.3351 0
    endloop
  endfacet
  facet normal 0 0 1
    outer loop
      vertex -16.831 113.054 6.35
      vertex -5.54898 84.2667 6.35
      vertex -10.9231 113.777 6.35
    endloop
  endfacet
  facet normal 0 0 1
    outer loop
      vertex -16.831 113.054 6.35
      vertex -6.31883 83.8272 6.35
      vertex -5.54898 84.2667 6.35
    endloop
  endfacet
  facet normal 0 0 1
    outer loop
      vertex -16.831 113.054 6.35
      vertex -7.05615 83.3351 6.35
      vertex -6.31883 83.8272 6.35
    endloop
  endfacet
  facet normal 0.787987 0.615692 0
    outer loop
      vertex -16.9858 36.2753 0
      vertex -16.9858 36.2753 6.35
      vertex -16.7596 35.9858 0
    endloop
  endfacet
  facet normal 0.787987 0.615692 0
    outer loop
      vertex -16.9858 36.2753 6.35
      vertex -16.7596 35.9858 6.35
      vertex -16.7596 35.9858 0
    endloop
  endfacet
  facet normal 0.787987 -0.615692 0
    outer loop
      vertex -16.9858 42.4617 0
      vertex -16.7596 42.7512 0
      vertex -16.7596 42.7512 6.35
    endloop
  endfacet
  facet normal 0.787987 -0.615692 0
    outer loop
      vertex -16.9858 42.4617 0
      vertex -16.7596 42.7512 6.35
      vertex -16.9858 42.4617 6.35
    endloop
  endfacet
  facet normal -0.743161 -0.669113 0
    outer loop
      vertex -17.1785 -14.4145 0
      vertex -16.1312 -15.5777 0
      vertex -17.1785 -14.4145 6.35
    endloop
  endfacet
  facet normal 0 0 -1
    outer loop
      vertex -17.1785 -14.4145 0
      vertex -9.27948 -8.96109 0
      vertex -16.1312 -15.5777 0
    endloop
  endfacet
  facet normal 0 0 -1
    outer loop
      vertex -17.1785 -14.4145 0
      vertex -9.88197 -8.29195 0
      vertex -9.27948 -8.96109 0
    endloop
  endfacet
  facet normal -0.743161 -0.669113 0
    outer loop
      vertex -17.1785 -14.4145 6.35
      vertex -16.1312 -15.5777 0
      vertex -16.1312 -15.5777 6.35
    endloop
  endfacet
  facet normal 0 0 1
    outer loop
      vertex -17.1785 -14.4145 6.35
      vertex -16.1312 -15.5777 6.35
      vertex -9.27948 -8.96109 6.35
    endloop
  endfacet
  facet normal 0 0 1
    outer loop
      vertex -17.1785 -14.4145 6.35
      vertex -9.27948 -8.96109 6.35
      vertex -9.88197 -8.29195 6.35
    endloop
  endfacet
  facet normal 0.829022 0.559216 0
    outer loop
      vertex -17.1912 36.5798 0
      vertex -17.1912 36.5798 6.35
      vertex -16.9858 36.2753 0
    endloop
  endfacet
  facet normal 0.829022 0.559216 0
    outer loop
      vertex -17.1912 36.5798 6.35
      vertex -16.9858 36.2753 6.35
      vertex -16.9858 36.2753 0
    endloop
  endfacet
  facet normal 0.829022 -0.559216 0
    outer loop
      vertex -17.1912 42.1572 0
      vertex -16.9858 42.4617 0
      vertex -16.9858 42.4617 6.35
    endloop
  endfacet
  facet normal 0.829022 -0.559216 0
    outer loop
      vertex -17.1912 42.1572 0
      vertex -16.9858 42.4617 6.35
      vertex -17.1912 42.1572 6.35
    endloop
  endfacet
  facet normal 0.86609 0.499887 0
    outer loop
      vertex -17.3748 36.8979 0
      vertex -17.3748 36.8979 6.35
      vertex -17.1912 36.5798 0
    endloop
  endfacet
  facet normal 0.86609 0.499887 0
    outer loop
      vertex -17.3748 36.8979 6.35
      vertex -17.1912 36.5798 6.35
      vertex -17.1912 36.5798 0
    endloop
  endfacet
  facet normal 0.86609 -0.499887 0
    outer loop
      vertex -17.3748 41.8391 0
      vertex -17.1912 42.1572 0
      vertex -17.1912 42.1572 6.35
    endloop
  endfacet
  facet normal 0.86609 -0.499887 0
    outer loop
      vertex -17.3748 41.8391 0
      vertex -17.1912 42.1572 6.35
      vertex -17.3748 41.8391 6.35
    endloop
  endfacet
  facet normal 0.89874 0.438483 0
    outer loop
      vertex -17.5359 37.2281 0
      vertex -17.5359 37.2281 6.35
      vertex -17.3748 36.8979 0
    endloop
  endfacet
  facet normal 0.89874 0.438483 0
    outer loop
      vertex -17.5359 37.2281 6.35
      vertex -17.3748 36.8979 6.35
      vertex -17.3748 36.8979 0
    endloop
  endfacet
  facet normal 0.898687 -0.43859 0
    outer loop
      vertex -17.5359 41.509 0
      vertex -17.3748 41.8391 0
      vertex -17.3748 41.8391 6.35
    endloop
  endfacet
  facet normal 0.898687 -0.43859 0
    outer loop
      vertex -17.5359 41.509 0
      vertex -17.3748 41.8391 6.35
      vertex -17.5359 41.509 6.35
    endloop
  endfacet
  facet normal 0.927156 0.374675 0
    outer loop
      vertex -17.6735 37.5686 0
      vertex -17.6735 37.5686 6.35
      vertex -17.5359 37.2281 0
    endloop
  endfacet
  facet normal 0.927156 0.374675 0
    outer loop
      vertex -17.6735 37.5686 6.35
      vertex -17.5359 37.2281 6.35
      vertex -17.5359 37.2281 0
    endloop
  endfacet
  facet normal 0.927195 -0.37458 0
    outer loop
      vertex -17.6735 41.1684 0
      vertex -17.5359 41.509 0
      vertex -17.5359 41.509 6.35
    endloop
  endfacet
  facet normal 0.927195 -0.37458 0
    outer loop
      vertex -17.6735 41.1684 0
      vertex -17.5359 41.509 6.35
      vertex -17.6735 41.1684 6.35
    endloop
  endfacet
  facet normal 0.951078 0.308951 0
    outer loop
      vertex -17.787 37.918 0
      vertex -17.787 37.918 6.35
      vertex -17.6735 37.5686 0
    endloop
  endfacet
  facet normal 0.951078 0.308951 0
    outer loop
      vertex -17.787 37.918 6.35
      vertex -17.6735 37.5686 6.35
      vertex -17.6735 37.5686 0
    endloop
  endfacet
  facet normal 0.951078 -0.308951 0
    outer loop
      vertex -17.787 40.819 0
      vertex -17.6735 41.1684 0
      vertex -17.6735 41.1684 6.35
    endloop
  endfacet
  facet normal 0.951078 -0.308951 0
    outer loop
      vertex -17.787 40.819 0
      vertex -17.6735 41.1684 6.35
      vertex -17.787 40.819 6.35
    endloop
  endfacet
  facet normal 0.970334 0.241767 0
    outer loop
      vertex -17.8758 38.2744 0
      vertex -17.8758 38.2744 6.35
      vertex -17.787 37.918 0
    endloop
  endfacet
  facet normal 0.970334 0.241767 0
    outer loop
      vertex -17.8758 38.2744 6.35
      vertex -17.787 37.918 6.35
      vertex -17.787 37.918 0
    endloop
  endfacet
  facet normal 0.970334 -0.241767 0
    outer loop
      vertex -17.8758 40.4626 0
      vertex -17.787 40.819 0
      vertex -17.787 40.819 6.35
    endloop
  endfacet
  facet normal 0.970334 -0.241767 0
    outer loop
      vertex -17.8758 40.4626 0
      vertex -17.787 40.819 6.35
      vertex -17.8758 40.4626 6.35
    endloop
  endfacet
  facet normal 0.984797 0.173708 0
    outer loop
      vertex -17.9396 38.6361 0
      vertex -17.9396 38.6361 6.35
      vertex -17.8758 38.2744 0
    endloop
  endfacet
  facet normal 0.984797 0.173708 0
    outer loop
      vertex -17.9396 38.6361 6.35
      vertex -17.8758 38.2744 6.35
      vertex -17.8758 38.2744 0
    endloop
  endfacet
  facet normal 0.984797 -0.173708 0
    outer loop
      vertex -17.9396 40.1009 0
      vertex -17.8758 40.4626 0
      vertex -17.8758 40.4626 6.35
    endloop
  endfacet
  facet normal 0.984797 -0.173708 0
    outer loop
      vertex -17.9396 40.1009 0
      vertex -17.8758 40.4626 6.35
      vertex -17.9396 40.1009 6.35
    endloop
  endfacet
  facet normal 0.99452 0.104543 0
    outer loop
      vertex -17.978 39.0014 0
      vertex -17.978 39.0014 6.35
      vertex -17.9396 38.6361 0
    endloop
  endfacet
  facet normal 0.99452 0.104543 0
    outer loop
      vertex -17.978 39.0014 6.35
      vertex -17.9396 38.6361 6.35
      vertex -17.9396 38.6361 0
    endloop
  endfacet
  facet normal 0.99452 -0.104543 0
    outer loop
      vertex -17.978 39.7356 0
      vertex -17.9396 40.1009 0
      vertex -17.9396 40.1009 6.35
    endloop
  endfacet
  facet normal 0.99452 -0.104543 0
    outer loop
      vertex -17.978 39.7356 0
      vertex -17.9396 40.1009 6.35
      vertex -17.978 39.7356 6.35
    endloop
  endfacet
  facet normal 0.999393 -0.0348467 0
    outer loop
      vertex -17.9908 39.3685 0
      vertex -17.978 39.7356 0
      vertex -17.978 39.7356 6.35
    endloop
  endfacet
  facet normal 0.999393 -0.0348467 0
    outer loop
      vertex -17.9908 39.3685 0
      vertex -17.978 39.7356 6.35
      vertex -17.9908 39.3685 6.35
    endloop
  endfacet
  facet normal 0.999393 0.0348467 0
    outer loop
      vertex -17.9908 39.3685 0
      vertex -17.9908 39.3685 6.35
      vertex -17.978 39.0014 0
    endloop
  endfacet
  facet normal 0.999393 0.0348467 0
    outer loop
      vertex -17.9908 39.3685 6.35
      vertex -17.978 39.0014 6.35
      vertex -17.978 39.0014 0
    endloop
  endfacet
  facet normal 0 0 -1
    outer loop
      vertex -18.1422 -13.1811 0
      vertex -10.4363 -7.58243 0
      vertex -9.88197 -8.29195 0
    endloop
  endfacet
  facet normal 0 0 -1
    outer loop
      vertex -18.1422 -13.1811 0
      vertex -10.9398 -6.83595 0
      vertex -10.4363 -7.58243 0
    endloop
  endfacet
  facet normal -0.787991 -0.615686 0
    outer loop
      vertex -18.1422 -13.1811 0
      vertex -17.1785 -14.4145 0
      vertex -18.1422 -13.1811 6.35
    endloop
  endfacet
  facet normal 0 0 -1
    outer loop
      vertex -18.1422 -13.1811 0
      vertex -9.88197 -8.29195 0
      vertex -17.1785 -14.4145 0
    endloop
  endfacet
  facet normal 0 0 1
    outer loop
      vertex -18.1422 -13.1811 6.35
      vertex -10.4363 -7.58243 6.35
      vertex -10.9398 -6.83595 6.35
    endloop
  endfacet
  facet normal -0.787991 -0.615686 0
    outer loop
      vertex -18.1422 -13.1811 6.35
      vertex -17.1785 -14.4145 0
      vertex -17.1785 -14.4145 6.35
    endloop
  endfacet
  facet normal 0 0 1
    outer loop
      vertex -18.1422 -13.1811 6.35
      vertex -17.1785 -14.4145 6.35
      vertex -9.88197 -8.29195 6.35
    endloop
  endfacet
  facet normal 0 0 1
    outer loop
      vertex -18.1422 -13.1811 6.35
      vertex -9.88197 -8.29195 6.35
      vertex -10.4363 -7.58243 6.35
    endloop
  endfacet
  facet normal 0 0 -1
    outer loop
      vertex -19.0175 -11.8834 0
      vertex -10.9398 -6.83595 0
      vertex -18.1422 -13.1811 0
    endloop
  endfacet
  facet normal -0.82904 -0.559189 0
    outer loop
      vertex -19.0175 -11.8834 0
      vertex -18.1422 -13.1811 0
      vertex -19.0175 -11.8834 6.35
    endloop
  endfacet
  facet normal -0.82904 -0.559189 0
    outer loop
      vertex -19.0175 -11.8834 6.35
      vertex -18.1422 -13.1811 0
      vertex -18.1422 -13.1811 6.35
    endloop
  endfacet
  facet normal 0 0 1
    outer loop
      vertex -19.0175 -11.8834 6.35
      vertex -18.1422 -13.1811 6.35
      vertex -10.9398 -6.83595 6.35
    endloop
  endfacet
  facet normal 0 0 -1
    outer loop
      vertex -19.8001 -10.5279 0
      vertex -10.9398 -6.83595 0
      vertex -19.0175 -11.8834 0
    endloop
  endfacet
  facet normal 0 0 -1
    outer loop
      vertex -19.8001 -10.5279 0
      vertex -11.39 -6.05618 0
      vertex -10.9398 -6.83595 0
    endloop
  endfacet
  facet normal 0 0 -1
    outer loop
      vertex -19.8001 -10.5279 0
      vertex -11.7847 -5.2469 0
      vertex -11.39 -6.05618 0
    endloop
  endfacet
  facet normal -0.866025 -0.500001 0
    outer loop
      vertex -19.8001 -10.5279 0
      vertex -19.0175 -11.8834 0
      vertex -19.8001 -10.5279 6.35
    endloop
  endfacet
  facet normal 0 0 1
    outer loop
      vertex -19.8001 -10.5279 6.35
      vertex -10.9398 -6.83595 6.35
      vertex -11.39 -6.05618 6.35
    endloop
  endfacet
  facet normal 0 0 1
    outer loop
      vertex -19.8001 -10.5279 6.35
      vertex -11.39 -6.05618 6.35
      vertex -11.7847 -5.2469 6.35
    endloop
  endfacet
  facet normal -0.866025 -0.500001 0
    outer loop
      vertex -19.8001 -10.5279 6.35
      vertex -19.0175 -11.8834 0
      vertex -19.0175 -11.8834 6.35
    endloop
  endfacet
  facet normal 0 0 1
    outer loop
      vertex -19.8001 -10.5279 6.35
      vertex -19.0175 -11.8834 6.35
      vertex -10.9398 -6.83595 6.35
    endloop
  endfacet
  facet normal 0.168766 -0.985656 0
    outer loop
      vertex -2.22127 85.4594 0
      vertex -1.34755 85.609 0
      vertex -1.34755 85.609 6.35
    endloop
  endfacet
  facet normal 0.168766 -0.985656 0
    outer loop
      vertex -2.22127 85.4594 0
      vertex -1.34755 85.609 6.35
      vertex -2.22127 85.4594 6.35
    endloop
  endfacet
  facet normal 0.139159 0.99027 0
    outer loop
      vertex -2.24005 -12.704 0
      vertex -2.24005 -12.704 6.35
      vertex -1.3484 -12.8293 0
    endloop
  endfacet
  facet normal 0.139159 0.99027 0
    outer loop
      vertex -2.24005 -12.704 6.35
      vertex -1.3484 -12.8293 6.35
      vertex -1.3484 -12.8293 0
    endloop
  endfacet
  facet normal 0.139159 -0.99027 0
    outer loop
      vertex -2.24005 12.704 0
      vertex -1.3484 12.8293 0
      vertex -1.3484 12.8293 6.35
    endloop
  endfacet
  facet normal 0.139159 -0.99027 0
    outer loop
      vertex -2.24005 12.704 0
      vertex -1.3484 12.8293 6.35
      vertex -2.24005 12.704 6.35
    endloop
  endfacet
  facet normal 0.178465 0.983946 0
    outer loop
      vertex -2.34315 60.6147 0
      vertex -2.34315 60.6147 6.35
      vertex -1.47093 60.4565 0
    endloop
  endfacet
  facet normal 0.178465 0.983946 0
    outer loop
      vertex -2.34315 60.6147 6.35
      vertex -1.47093 60.4565 6.35
      vertex -1.47093 60.4565 0
    endloop
  endfacet
  facet normal -0.0697654 -0.997563 0
    outer loop
      vertex -2.34404 -22.3021 0
      vertex -0.782608 -22.4113 0
      vertex -2.34404 -22.3021 6.35
    endloop
  endfacet
  facet normal 0 0 -1
    outer loop
      vertex -2.34404 -22.3021 0
      vertex -1.3484 -12.8293 0
      vertex -0.782608 -22.4113 0
    endloop
  endfacet
  facet normal -0.0697654 -0.997563 0
    outer loop
      vertex -2.34404 -22.3021 6.35
      vertex -0.782608 -22.4113 0
      vertex -0.782608 -22.4113 6.35
    endloop
  endfacet
  facet normal 0 0 1
    outer loop
      vertex -2.34404 -22.3021 6.35
      vertex -0.782608 -22.4113 6.35
      vertex -1.3484 -12.8293 6.35
    endloop
  endfacet
  facet normal 0 0 -1
    outer loop
      vertex -20.4863 -9.12106 0
      vertex -11.7847 -5.2469 0
      vertex -19.8001 -10.5279 0
    endloop
  endfacet
  facet normal -0.898784 -0.438391 0
    outer loop
      vertex -20.4863 -9.12106 0
      vertex -19.8001 -10.5279 0
      vertex -20.4863 -9.12106 6.35
    endloop
  endfacet
  facet normal -0.898784 -0.438391 0
    outer loop
      vertex -20.4863 -9.12106 6.35
      vertex -19.8001 -10.5279 0
      vertex -19.8001 -10.5279 6.35
    endloop
  endfacet
  facet normal 0 0 1
    outer loop
      vertex -20.4863 -9.12106 6.35
      vertex -19.8001 -10.5279 6.35
      vertex -11.7847 -5.2469 6.35
    endloop
  endfacet
  facet normal 0 0 -1
    outer loop
      vertex -21.0726 -7.6698 0
      vertex -11.7847 -5.2469 0
      vertex -20.4863 -9.12106 0
    endloop
  endfacet
  facet normal 0 0 -1
    outer loop
      vertex -21.0726 -7.6698 0
      vertex -12.122 -4.41205 0
      vertex -11.7847 -5.2469 0
    endloop
  endfacet
  facet normal 0 0 -1
    outer loop
      vertex -21.0726 -7.6698 0
      vertex -12.4003 -3.55571 0
      vertex -12.122 -4.41205 0
    endloop
  endfacet
  facet normal -0.927194 -0.374581 0
    outer loop
      vertex -21.0726 -7.6698 0
      vertex -20.4863 -9.12106 0
      vertex -21.0726 -7.6698 6.35
    endloop
  endfacet
  facet normal 0 0 1
    outer loop
      vertex -21.0726 -7.6698 6.35
      vertex -11.7847 -5.2469 6.35
      vertex -12.122 -4.41205 6.35
    endloop
  endfacet
  facet normal 0 0 1
    outer loop
      vertex -21.0726 -7.6698 6.35
      vertex -12.122 -4.41205 6.35
      vertex -12.4003 -3.55571 6.35
    endloop
  endfacet
  facet normal -0.927194 -0.374581 0
    outer loop
      vertex -21.0726 -7.6698 6.35
      vertex -20.4863 -9.12106 0
      vertex -20.4863 -9.12106 6.35
    endloop
  endfacet
  facet normal 0 0 1
    outer loop
      vertex -21.0726 -7.6698 6.35
      vertex -20.4863 -9.12106 6.35
      vertex -11.7847 -5.2469 6.35
    endloop
  endfacet
  facet normal 0 0 -1
    outer loop
      vertex -21.5563 -6.18117 0
      vertex -12.4003 -3.55571 0
      vertex -21.0726 -7.6698 0
    endloop
  endfacet
  facet normal 0 0 -1
    outer loop
      vertex -21.5563 -6.18117 0
      vertex -12.6181 -2.68205 0
      vertex -12.4003 -3.55571 0
    endloop
  endfacet
  facet normal -0.951054 -0.309026 0
    outer loop
      vertex -21.5563 -6.18117 0
      vertex -21.0726 -7.6698 0
      vertex -21.5563 -6.18117 6.35
    endloop
  endfacet
  facet normal 0 0 1
    outer loop
      vertex -21.5563 -6.18117 6.35
      vertex -12.4003 -3.55571 6.35
      vertex -12.6181 -2.68205 6.35
    endloop
  endfacet
  facet normal -0.951054 -0.309026 0
    outer loop
      vertex -21.5563 -6.18117 6.35
      vertex -21.0726 -7.6698 0
      vertex -21.0726 -7.6698 6.35
    endloop
  endfacet
  facet normal 0 0 1
    outer loop
      vertex -21.5563 -6.18117 6.35
      vertex -21.0726 -7.6698 6.35
      vertex -12.4003 -3.55571 6.35
    endloop
  endfacet
  facet normal 0 0 -1
    outer loop
      vertex -21.935 -4.66241 0
      vertex -12.6181 -2.68205 0
      vertex -21.5563 -6.18117 0
    endloop
  endfacet
  facet normal -0.970291 -0.24194 0
    outer loop
      vertex -21.935 -4.66241 0
      vertex -21.5563 -6.18117 0
      vertex -21.935 -4.66241 6.35
    endloop
  endfacet
  facet normal -0.970291 -0.24194 0
    outer loop
      vertex -21.935 -4.66241 6.35
      vertex -21.5563 -6.18117 0
      vertex -21.5563 -6.18117 6.35
    endloop
  endfacet
  facet normal 0 0 1
    outer loop
      vertex -21.935 -4.66241 6.35
      vertex -21.5563 -6.18117 6.35
      vertex -12.6181 -2.68205 6.35
    endloop
  endfacet
  facet normal 0 0 -1
    outer loop
      vertex -22.2068 -3.12096 0
      vertex -12.6181 -2.68205 0
      vertex -21.935 -4.66241 0
    endloop
  endfacet
  facet normal 0 0 -1
    outer loop
      vertex -22.2068 -3.12096 0
      vertex -12.7744 -1.79532 0
      vertex -12.6181 -2.68205 0
    endloop
  endfacet
  facet normal -0.984808 -0.173649 0
    outer loop
      vertex -22.2068 -3.12096 0
      vertex -21.935 -4.66241 0
      vertex -22.2068 -3.12096 6.35
    endloop
  endfacet
  facet normal 0 0 1
    outer loop
      vertex -22.2068 -3.12096 6.35
      vertex -12.6181 -2.68205 6.35
      vertex -12.7744 -1.79532 6.35
    endloop
  endfacet
  facet normal -0.984808 -0.173649 0
    outer loop
      vertex -22.2068 -3.12096 6.35
      vertex -21.935 -4.66241 0
      vertex -21.935 -4.66241 6.35
    endloop
  endfacet
  facet normal 0 0 1
    outer loop
      vertex -22.2068 -3.12096 6.35
      vertex -21.935 -4.66241 6.35
      vertex -12.6181 -2.68205 6.35
    endloop
  endfacet
  facet normal 0 0 -1
    outer loop
      vertex -22.3295 -1.95357 0
      vertex -11.7847 5.2469 0
      vertex -12.122 4.41205 0
    endloop
  endfacet
  facet normal 0 0 -1
    outer loop
      vertex -22.3295 -1.95357 0
      vertex -12.122 4.41205 0
      vertex -12.4003 3.55571 0
    endloop
  endfacet
  facet normal 0 0 -1
    outer loop
      vertex -22.3295 -1.95357 0
      vertex -12.4003 3.55571 0
      vertex -12.6181 2.68205 0
    endloop
  endfacet
  facet normal 0 0 -1
    outer loop
      vertex -22.3295 -1.95357 0
      vertex -12.6181 2.68205 0
      vertex -12.7744 1.79532 0
    endloop
  endfacet
  facet normal 0 0 -1
    outer loop
      vertex -22.3295 -1.95357 0
      vertex -12.7744 -1.79532 0
      vertex -22.2068 -3.12096 0
    endloop
  endfacet
  facet normal 0 0 -1
    outer loop
      vertex -22.3295 -1.95357 0
      vertex -12.7744 1.79532 0
      vertex -12.8686 0.899857 0
    endloop
  endfacet
  facet normal 0 0 -1
    outer loop
      vertex -22.3295 -1.95357 0
      vertex -12.8686 -0.899857 0
      vertex -12.7744 -1.79532 0
    endloop
  endfacet
  facet normal 0 0 -1
    outer loop
      vertex -22.3295 -1.95357 0
      vertex -12.8686 0.899857 0
      vertex -12.9 0 0
    endloop
  endfacet
  facet normal 0 0 -1
    outer loop
      vertex -22.3295 -1.95357 0
      vertex -12.9 0 0
      vertex -12.8686 -0.899857 0
    endloop
  endfacet
  facet normal -0.994522 -0.10453 0
    outer loop
      vertex -22.3295 -1.95357 0
      vertex -22.2068 -3.12096 0
      vertex -22.3295 -1.95357 6.35
    endloop
  endfacet
  facet normal 0 0 1
    outer loop
      vertex -22.3295 -1.95357 6.35
      vertex -12.122 4.41205 6.35
      vertex -11.7847 5.2469 6.35
    endloop
  endfacet
  facet normal 0 0 1
    outer loop
      vertex -22.3295 -1.95357 6.35
      vertex -12.4003 3.55571 6.35
      vertex -12.122 4.41205 6.35
    endloop
  endfacet
  facet normal 0 0 1
    outer loop
      vertex -22.3295 -1.95357 6.35
      vertex -12.6181 2.68205 6.35
      vertex -12.4003 3.55571 6.35
    endloop
  endfacet
  facet normal 0 0 1
    outer loop
      vertex -22.3295 -1.95357 6.35
      vertex -12.7744 -1.79532 6.35
      vertex -12.8686 -0.899857 6.35
    endloop
  endfacet
  facet normal 0 0 1
    outer loop
      vertex -22.3295 -1.95357 6.35
      vertex -12.7744 1.79532 6.35
      vertex -12.6181 2.68205 6.35
    endloop
  endfacet
  facet normal 0 0 1
    outer loop
      vertex -22.3295 -1.95357 6.35
      vertex -12.8686 -0.899857 6.35
      vertex -12.9 0 6.35
    endloop
  endfacet
  facet normal 0 0 1
    outer loop
      vertex -22.3295 -1.95357 6.35
      vertex -12.8686 0.899857 6.35
      vertex -12.7744 1.79532 6.35
    endloop
  endfacet
  facet normal 0 0 1
    outer loop
      vertex -22.3295 -1.95357 6.35
      vertex -12.9 0 6.35
      vertex -12.8686 0.899857 6.35
    endloop
  endfacet
  facet normal -0.994522 -0.10453 0
    outer loop
      vertex -22.3295 -1.95357 6.35
      vertex -22.2068 -3.12096 0
      vertex -22.2068 -3.12096 6.35
    endloop
  endfacet
  facet normal 0 0 1
    outer loop
      vertex -22.3295 -1.95357 6.35
      vertex -22.2068 -3.12096 6.35
      vertex -12.7744 -1.79532 6.35
    endloop
  endfacet
  facet normal 0 0 -1
    outer loop
      vertex -22.6931 112.025 0
      vertex -16.831 113.054 0
      vertex -7.05615 83.3351 0
    endloop
  endfacet
  facet normal -0.172891 0.984941 0
    outer loop
      vertex -22.6931 112.025 0
      vertex -16.831 113.054 6.35
      vertex -16.831 113.054 0
    endloop
  endfacet
  facet normal -0.172891 0.984941 0
    outer loop
      vertex -22.6931 112.025 0
      vertex -22.6931 112.025 6.35
      vertex -16.831 113.054 6.35
    endloop
  endfacet
  facet normal 0 0 -1
    outer loop
      vertex -22.6931 112.025 0
      vertex -7.05615 83.3351 0
      vertex -7.75734 82.7928 0
    endloop
  endfacet
  facet normal 0 0 -1
    outer loop
      vertex -22.6931 112.025 0
      vertex -7.75734 82.7928 0
      vertex -8.41901 82.2029 0
    endloop
  endfacet
  facet normal 0 0 -1
    outer loop
      vertex -22.6931 112.025 0
      vertex -8.41901 82.2029 0
      vertex -9.0379 81.5683 0
    endloop
  endfacet
  facet normal 0 0 1
    outer loop
      vertex -22.6931 112.025 6.35
      vertex -7.05615 83.3351 6.35
      vertex -16.831 113.054 6.35
    endloop
  endfacet
  facet normal 0 0 1
    outer loop
      vertex -22.6931 112.025 6.35
      vertex -7.75734 82.7928 6.35
      vertex -7.05615 83.3351 6.35
    endloop
  endfacet
  facet normal 0 0 1
    outer loop
      vertex -22.6931 112.025 6.35
      vertex -8.41901 82.2029 6.35
      vertex -7.75734 82.7928 6.35
    endloop
  endfacet
  facet normal 0 0 1
    outer loop
      vertex -22.6931 112.025 6.35
      vertex -9.0379 81.5683 6.35
      vertex -8.41901 82.2029 6.35
    endloop
  endfacet
  facet normal 0 0 -1
    outer loop
      vertex -25.8449 27.2804 0
      vertex -15.0352 34.6386 0
      vertex -14.6997 34.4892 0
    endloop
  endfacet
  facet normal 0 0 1
    outer loop
      vertex -25.8449 27.2804 6.35
      vertex -14.6997 34.4892 6.35
      vertex -15.0352 34.6386 6.35
    endloop
  endfacet
  facet normal 0 0 -1
    outer loop
      vertex -25.8577 26.9133 0
      vertex -14.6997 34.4892 0
      vertex -14.3545 34.3636 0
    endloop
  endfacet
  facet normal 0 0 -1
    outer loop
      vertex -25.8577 26.9133 0
      vertex -25.8449 27.2804 0
      vertex -14.6997 34.4892 0
    endloop
  endfacet
  facet normal -0.999393 0.0348467 0
    outer loop
      vertex -25.8577 26.9133 0
      vertex -25.8577 26.9133 6.35
      vertex -25.8449 27.2804 0
    endloop
  endfacet
  facet normal 0 0 1
    outer loop
      vertex -25.8577 26.9133 6.35
      vertex -14.3545 34.3636 6.35
      vertex -14.6997 34.4892 6.35
    endloop
  endfacet
  facet normal 0 0 1
    outer loop
      vertex -25.8577 26.9133 6.35
      vertex -14.6997 34.4892 6.35
      vertex -25.8449 27.2804 6.35
    endloop
  endfacet
  facet normal -0.999393 0.0348467 0
    outer loop
      vertex -25.8577 26.9133 6.35
      vertex -25.8449 27.2804 6.35
      vertex -25.8449 27.2804 0
    endloop
  endfacet
  facet normal 0 0 -1
    outer loop
      vertex -25.8577 27.6475 0
      vertex -15.0352 34.6386 0
      vertex -25.8449 27.2804 0
    endloop
  endfacet
  facet normal 0 0 -1
    outer loop
      vertex -25.8577 27.6475 0
      vertex -15.3596 34.8111 0
      vertex -15.0352 34.6386 0
    endloop
  endfacet
  facet normal -0.999393 -0.0348467 0
    outer loop
      vertex -25.8577 27.6475 0
      vertex -25.8449 27.2804 0
      vertex -25.8449 27.2804 6.35
    endloop
  endfacet
  facet normal -0.999393 -0.0348467 0
    outer loop
      vertex -25.8577 27.6475 0
      vertex -25.8449 27.2804 6.35
      vertex -25.8577 27.6475 6.35
    endloop
  endfacet
  facet normal 0 0 1
    outer loop
      vertex -25.8577 27.6475 6.35
      vertex -15.0352 34.6386 6.35
      vertex -15.3596 34.8111 6.35
    endloop
  endfacet
  facet normal 0 0 1
    outer loop
      vertex -25.8577 27.6475 6.35
      vertex -25.8449 27.2804 6.35
      vertex -15.0352 34.6386 6.35
    endloop
  endfacet
  facet normal 0 0 -1
    outer loop
      vertex -25.8961 26.548 0
      vertex -14.3545 34.3636 0
      vertex -14.0014 34.2623 0
    endloop
  endfacet
  facet normal 0 0 -1
    outer loop
      vertex -25.8961 26.548 0
      vertex -25.8577 26.9133 0
      vertex -14.3545 34.3636 0
    endloop
  endfacet
  facet normal -0.99452 0.104543 0
    outer loop
      vertex -25.8961 26.548 0
      vertex -25.8961 26.548 6.35
      vertex -25.8577 26.9133 0
    endloop
  endfacet
  facet normal 0 0 1
    outer loop
      vertex -25.8961 26.548 6.35
      vertex -14.0014 34.2623 6.35
      vertex -14.3545 34.3636 6.35
    endloop
  endfacet
  facet normal 0 0 1
    outer loop
      vertex -25.8961 26.548 6.35
      vertex -14.3545 34.3636 6.35
      vertex -25.8577 26.9133 6.35
    endloop
  endfacet
  facet normal -0.99452 0.104543 0
    outer loop
      vertex -25.8961 26.548 6.35
      vertex -25.8577 26.9133 6.35
      vertex -25.8577 26.9133 0
    endloop
  endfacet
  facet normal 0 0 -1
    outer loop
      vertex -25.8961 28.0128 0
      vertex -15.3596 34.8111 0
      vertex -25.8577 27.6475 0
    endloop
  endfacet
  facet normal 0 0 -1
    outer loop
      vertex -25.8961 28.0128 0
      vertex -15.6711 35.0057 0
      vertex -15.3596 34.8111 0
    endloop
  endfacet
  facet normal -0.99452 -0.104543 0
    outer loop
      vertex -25.8961 28.0128 0
      vertex -25.8577 27.6475 0
      vertex -25.8577 27.6475 6.35
    endloop
  endfacet
  facet normal -0.99452 -0.104543 0
    outer loop
      vertex -25.8961 28.0128 0
      vertex -25.8577 27.6475 6.35
      vertex -25.8961 28.0128 6.35
    endloop
  endfacet
  facet normal 0 0 1
    outer loop
      vertex -25.8961 28.0128 6.35
      vertex -15.3596 34.8111 6.35
      vertex -15.6711 35.0057 6.35
    endloop
  endfacet
  facet normal 0 0 1
    outer loop
      vertex -25.8961 28.0128 6.35
      vertex -25.8577 27.6475 6.35
      vertex -15.3596 34.8111 6.35
    endloop
  endfacet
  facet normal 0 0 -1
    outer loop
      vertex -25.9599 26.1863 0
      vertex -14.0014 34.2623 0
      vertex -13.6422 34.186 0
    endloop
  endfacet
  facet normal 0 0 -1
    outer loop
      vertex -25.9599 26.1863 0
      vertex -25.8961 26.548 0
      vertex -14.0014 34.2623 0
    endloop
  endfacet
  facet normal -0.984797 0.173708 0
    outer loop
      vertex -25.9599 26.1863 0
      vertex -25.9599 26.1863 6.35
      vertex -25.8961 26.548 0
    endloop
  endfacet
  facet normal 0 0 1
    outer loop
      vertex -25.9599 26.1863 6.35
      vertex -13.6422 34.186 6.35
      vertex -14.0014 34.2623 6.35
    endloop
  endfacet
  facet normal 0 0 1
    outer loop
      vertex -25.9599 26.1863 6.35
      vertex -14.0014 34.2623 6.35
      vertex -25.8961 26.548 6.35
    endloop
  endfacet
  facet normal -0.984797 0.173708 0
    outer loop
      vertex -25.9599 26.1863 6.35
      vertex -25.8961 26.548 6.35
      vertex -25.8961 26.548 0
    endloop
  endfacet
  facet normal 0 0 -1
    outer loop
      vertex -25.9599 28.3746 0
      vertex -15.6711 35.0057 0
      vertex -25.8961 28.0128 0
    endloop
  endfacet
  facet normal 0 0 -1
    outer loop
      vertex -25.9599 28.3746 0
      vertex -15.9682 35.2216 0
      vertex -15.6711 35.0057 0
    endloop
  endfacet
  facet normal -0.984805 -0.173661 0
    outer loop
      vertex -25.9599 28.3746 0
      vertex -25.8961 28.0128 0
      vertex -25.8961 28.0128 6.35
    endloop
  endfacet
  facet normal -0.984805 -0.173661 0
    outer loop
      vertex -25.9599 28.3746 0
      vertex -25.8961 28.0128 6.35
      vertex -25.9599 28.3746 6.35
    endloop
  endfacet
  facet normal 0 0 1
    outer loop
      vertex -25.9599 28.3746 6.35
      vertex -15.6711 35.0057 6.35
      vertex -15.9682 35.2216 6.35
    endloop
  endfacet
  facet normal 0 0 1
    outer loop
      vertex -25.9599 28.3746 6.35
      vertex -25.8961 28.0128 6.35
      vertex -15.6711 35.0057 6.35
    endloop
  endfacet
  facet normal 0 0 -1
    outer loop
      vertex -26.0487 25.8299 0
      vertex -13.6422 34.186 0
      vertex -13.2784 34.1348 0
    endloop
  endfacet
  facet normal 0 0 -1
    outer loop
      vertex -26.0487 25.8299 0
      vertex -25.9599 26.1863 0
      vertex -13.6422 34.186 0
    endloop
  endfacet
  facet normal -0.970334 0.241767 0
    outer loop
      vertex -26.0487 25.8299 0
      vertex -26.0487 25.8299 6.35
      vertex -25.9599 26.1863 0
    endloop
  endfacet
  facet normal 0 0 1
    outer loop
      vertex -26.0487 25.8299 6.35
      vertex -13.2784 34.1348 6.35
      vertex -13.6422 34.186 6.35
    endloop
  endfacet
  facet normal 0 0 1
    outer loop
      vertex -26.0487 25.8299 6.35
      vertex -13.6422 34.186 6.35
      vertex -25.9599 26.1863 6.35
    endloop
  endfacet
  facet normal -0.970334 0.241767 0
    outer loop
      vertex -26.0487 25.8299 6.35
      vertex -25.9599 26.1863 6.35
      vertex -25.9599 26.1863 0
    endloop
  endfacet
  facet normal 0 0 -1
    outer loop
      vertex -26.0487 28.731 0
      vertex -15.9682 35.2216 0
      vertex -25.9599 28.3746 0
    endloop
  endfacet
  facet normal 0 0 -1
    outer loop
      vertex -26.0487 28.731 0
      vertex -16.2496 35.4577 0
      vertex -15.9682 35.2216 0
    endloop
  endfacet
  facet normal -0.970334 -0.241767 0
    outer loop
      vertex -26.0487 28.731 0
      vertex -25.9599 28.3746 0
      vertex -25.9599 28.3746 6.35
    endloop
  endfacet
  facet normal -0.970334 -0.241767 0
    outer loop
      vertex -26.0487 28.731 0
      vertex -25.9599 28.3746 6.35
      vertex -26.0487 28.731 6.35
    endloop
  endfacet
  facet normal 0 0 1
    outer loop
      vertex -26.0487 28.731 6.35
      vertex -15.9682 35.2216 6.35
      vertex -16.2496 35.4577 6.35
    endloop
  endfacet
  facet normal 0 0 1
    outer loop
      vertex -26.0487 28.731 6.35
      vertex -25.9599 28.3746 6.35
      vertex -15.9682 35.2216 6.35
    endloop
  endfacet
  facet normal 0 0 -1
    outer loop
      vertex -26.1622 25.4805 0
      vertex -13.2784 34.1348 0
      vertex -7.21358 10.6946 0
    endloop
  endfacet
  facet normal 0 0 -1
    outer loop
      vertex -26.1622 25.4805 0
      vertex -26.0487 25.8299 0
      vertex -13.2784 34.1348 0
    endloop
  endfacet
  facet normal -0.951078 0.308951 0
    outer loop
      vertex -26.1622 25.4805 0
      vertex -26.1622 25.4805 6.35
      vertex -26.0487 25.8299 0
    endloop
  endfacet
  facet normal 0 0 1
    outer loop
      vertex -26.1622 25.4805 6.35
      vertex -13.2784 34.1348 6.35
      vertex -26.0487 25.8299 6.35
    endloop
  endfacet
  facet normal -0.951078 0.308951 0
    outer loop
      vertex -26.1622 25.4805 6.35
      vertex -26.0487 25.8299 6.35
      vertex -26.0487 25.8299 0
    endloop
  endfacet
  facet normal 0 0 1
    outer loop
      vertex -26.1622 25.4805 6.35
      vertex -7.21358 10.6946 6.35
      vertex -13.2784 34.1348 6.35
    endloop
  endfacet
  facet normal 0 0 -1
    outer loop
      vertex -26.1622 29.0803 0
      vertex -16.2496 35.4577 0
      vertex -26.0487 28.731 0
    endloop
  endfacet
  facet normal 0 0 -1
    outer loop
      vertex -26.1622 29.0803 0
      vertex -16.5139 35.7129 0
      vertex -16.2496 35.4577 0
    endloop
  endfacet
  facet normal -0.951052 -0.309031 0
    outer loop
      vertex -26.1622 29.0803 0
      vertex -26.0487 28.731 0
      vertex -26.0487 28.731 6.35
    endloop
  endfacet
  facet normal -0.951052 -0.309031 0
    outer loop
      vertex -26.1622 29.0803 0
      vertex -26.0487 28.731 6.35
      vertex -26.1622 29.0803 6.35
    endloop
  endfacet
  facet normal 0 0 1
    outer loop
      vertex -26.1622 29.0803 6.35
      vertex -16.2496 35.4577 6.35
      vertex -16.5139 35.7129 6.35
    endloop
  endfacet
  facet normal 0 0 1
    outer loop
      vertex -26.1622 29.0803 6.35
      vertex -26.0487 28.731 6.35
      vertex -16.2496 35.4577 6.35
    endloop
  endfacet
  facet normal 0 0 -1
    outer loop
      vertex -26.2998 25.14 0
      vertex -26.1622 25.4805 0
      vertex -7.21358 10.6946 0
    endloop
  endfacet
  facet normal -0.927156 0.374675 0
    outer loop
      vertex -26.2998 25.14 0
      vertex -26.2998 25.14 6.35
      vertex -26.1622 25.4805 0
    endloop
  endfacet
  facet normal 0 0 -1
    outer loop
      vertex -26.2998 25.14 0
      vertex -7.21358 10.6946 0
      vertex -7.94203 10.1653 0
    endloop
  endfacet
  facet normal -0.927156 0.374675 0
    outer loop
      vertex -26.2998 25.14 6.35
      vertex -26.1622 25.4805 6.35
      vertex -26.1622 25.4805 0
    endloop
  endfacet
  facet normal 0 0 1
    outer loop
      vertex -26.2998 25.14 6.35
      vertex -7.21358 10.6946 6.35
      vertex -26.1622 25.4805 6.35
    endloop
  endfacet
  facet normal 0 0 1
    outer loop
      vertex -26.2998 25.14 6.35
      vertex -7.94203 10.1653 6.35
      vertex -7.21358 10.6946 6.35
    endloop
  endfacet
  facet normal 0 0 -1
    outer loop
      vertex -26.2998 29.4209 0
      vertex -16.5139 35.7129 0
      vertex -26.1622 29.0803 0
    endloop
  endfacet
  facet normal 0 0 -1
    outer loop
      vertex -26.2998 29.4209 0
      vertex -16.7596 35.9858 0
      vertex -16.5139 35.7129 0
    endloop
  endfacet
  facet normal -0.927195 -0.37458 0
    outer loop
      vertex -26.2998 29.4209 0
      vertex -26.1622 29.0803 0
      vertex -26.1622 29.0803 6.35
    endloop
  endfacet
  facet normal -0.927195 -0.37458 0
    outer loop
      vertex -26.2998 29.4209 0
      vertex -26.1622 29.0803 6.35
      vertex -26.2998 29.4209 6.35
    endloop
  endfacet
  facet normal 0 0 1
    outer loop
      vertex -26.2998 29.4209 6.35
      vertex -16.5139 35.7129 6.35
      vertex -16.7596 35.9858 6.35
    endloop
  endfacet
  facet normal 0 0 1
    outer loop
      vertex -26.2998 29.4209 6.35
      vertex -26.1622 29.0803 6.35
      vertex -16.5139 35.7129 6.35
    endloop
  endfacet
  facet normal 0 0 -1
    outer loop
      vertex -26.4608 24.8098 0
      vertex -26.2998 25.14 0
      vertex -7.94203 10.1653 0
    endloop
  endfacet
  facet normal -0.898847 0.438263 0
    outer loop
      vertex -26.4608 24.8098 0
      vertex -26.4608 24.8098 6.35
      vertex -26.2998 25.14 0
    endloop
  endfacet
  facet normal 0 0 -1
    outer loop
      vertex -26.4608 24.8098 0
      vertex -7.94203 10.1653 0
      vertex -8.63177 9.58656 0
    endloop
  endfacet
  facet normal -0.898847 0.438263 0
    outer loop
      vertex -26.4608 24.8098 6.35
      vertex -26.2998 25.14 6.35
      vertex -26.2998 25.14 0
    endloop
  endfacet
  facet normal 0 0 1
    outer loop
      vertex -26.4608 24.8098 6.35
      vertex -7.94203 10.1653 6.35
      vertex -26.2998 25.14 6.35
    endloop
  endfacet
  facet normal 0 0 1
    outer loop
      vertex -26.4608 24.8098 6.35
      vertex -8.63177 9.58656 6.35
      vertex -7.94203 10.1653 6.35
    endloop
  endfacet
  facet normal 0 0 -1
    outer loop
      vertex -26.4608 29.751 0
      vertex -16.7596 35.9858 0
      vertex -26.2998 29.4209 0
    endloop
  endfacet
  facet normal 0 0 -1
    outer loop
      vertex -26.4608 29.751 0
      vertex -16.9858 36.2753 0
      vertex -16.7596 35.9858 0
    endloop
  endfacet
  facet normal -0.898795 -0.43837 0
    outer loop
      vertex -26.4608 29.751 0
      vertex -26.2998 29.4209 0
      vertex -26.2998 29.4209 6.35
    endloop
  endfacet
  facet normal -0.898795 -0.43837 0
    outer loop
      vertex -26.4608 29.751 0
      vertex -26.2998 29.4209 6.35
      vertex -26.4608 29.751 6.35
    endloop
  endfacet
  facet normal 0 0 1
    outer loop
      vertex -26.4608 29.751 6.35
      vertex -16.7596 35.9858 6.35
      vertex -16.9858 36.2753 6.35
    endloop
  endfacet
  facet normal 0 0 1
    outer loop
      vertex -26.4608 29.751 6.35
      vertex -26.2998 29.4209 6.35
      vertex -16.7596 35.9858 6.35
    endloop
  endfacet
  facet normal 0 0 -1
    outer loop
      vertex -26.6445 24.4917 0
      vertex -26.4608 24.8098 0
      vertex -8.63177 9.58656 0
    endloop
  endfacet
  facet normal -0.865972 0.500092 0
    outer loop
      vertex -26.6445 24.4917 0
      vertex -26.6445 24.4917 6.35
      vertex -26.4608 24.8098 0
    endloop
  endfacet
  facet normal -0.865972 0.500092 0
    outer loop
      vertex -26.6445 24.4917 6.35
      vertex -26.4608 24.8098 6.35
      vertex -26.4608 24.8098 0
    endloop
  endfacet
  facet normal 0 0 1
    outer loop
      vertex -26.6445 24.4917 6.35
      vertex -8.63177 9.58656 6.35
      vertex -26.4608 24.8098 6.35
    endloop
  endfacet
  facet normal 0 0 -1
    outer loop
      vertex -26.6445 30.0691 0
      vertex -16.9858 36.2753 0
      vertex -26.4608 29.751 0
    endloop
  endfacet
  facet normal 0 0 -1
    outer loop
      vertex -26.6445 30.0691 0
      vertex -17.1912 36.5798 0
      vertex -16.9858 36.2753 0
    endloop
  endfacet
  facet normal -0.865972 -0.500092 0
    outer loop
      vertex -26.6445 30.0691 0
      vertex -26.4608 29.751 0
      vertex -26.4608 29.751 6.35
    endloop
  endfacet
  facet normal -0.865972 -0.500092 0
    outer loop
      vertex -26.6445 30.0691 0
      vertex -26.4608 29.751 6.35
      vertex -26.6445 30.0691 6.35
    endloop
  endfacet
  facet normal 0 0 1
    outer loop
      vertex -26.6445 30.0691 6.35
      vertex -16.9858 36.2753 6.35
      vertex -17.1912 36.5798 6.35
    endloop
  endfacet
  facet normal 0 0 1
    outer loop
      vertex -26.6445 30.0691 6.35
      vertex -26.4608 29.751 6.35
      vertex -16.9858 36.2753 6.35
    endloop
  endfacet
  facet normal 0 0 -1
    outer loop
      vertex -26.8499 24.1872 0
      vertex -26.6445 24.4917 0
      vertex -8.63177 9.58656 0
    endloop
  endfacet
  facet normal -0.829022 0.559216 0
    outer loop
      vertex -26.8499 24.1872 0
      vertex -26.8499 24.1872 6.35
      vertex -26.6445 24.4917 0
    endloop
  endfacet
  facet normal 0 0 -1
    outer loop
      vertex -26.8499 24.1872 0
      vertex -8.63177 9.58656 0
      vertex -9.27948 8.96109 0
    endloop
  endfacet
  facet normal -0.829022 0.559216 0
    outer loop
      vertex -26.8499 24.1872 6.35
      vertex -26.6445 24.4917 6.35
      vertex -26.6445 24.4917 0
    endloop
  endfacet
  facet normal 0 0 1
    outer loop
      vertex -26.8499 24.1872 6.35
      vertex -8.63177 9.58656 6.35
      vertex -26.6445 24.4917 6.35
    endloop
  endfacet
  facet normal 0 0 1
    outer loop
      vertex -26.8499 24.1872 6.35
      vertex -9.27948 8.96109 6.35
      vertex -8.63177 9.58656 6.35
    endloop
  endfacet
  facet normal 0 0 -1
    outer loop
      vertex -26.8499 30.3736 0
      vertex -17.1912 36.5798 0
      vertex -26.6445 30.0691 0
    endloop
  endfacet
  facet normal 0 0 -1
    outer loop
      vertex -26.8499 30.3736 0
      vertex -17.3748 36.8979 0
      vertex -17.1912 36.5798 0
    endloop
  endfacet
  facet normal -0.829022 -0.559216 0
    outer loop
      vertex -26.8499 30.3736 0
      vertex -26.6445 30.0691 0
      vertex -26.6445 30.0691 6.35
    endloop
  endfacet
  facet normal -0.829022 -0.559216 0
    outer loop
      vertex -26.8499 30.3736 0
      vertex -26.6445 30.0691 6.35
      vertex -26.8499 30.3736 6.35
    endloop
  endfacet
  facet normal 0 0 1
    outer loop
      vertex -26.8499 30.3736 6.35
      vertex -17.1912 36.5798 6.35
      vertex -17.3748 36.8979 6.35
    endloop
  endfacet
  facet normal 0 0 1
    outer loop
      vertex -26.8499 30.3736 6.35
      vertex -26.6445 30.0691 6.35
      vertex -17.1912 36.5798 6.35
    endloop
  endfacet
  facet normal 0 0 -1
    outer loop
      vertex -27.076 23.8978 0
      vertex -26.8499 24.1872 0
      vertex -9.27948 8.96109 0
    endloop
  endfacet
  facet normal -0.788016 0.615655 0
    outer loop
      vertex -27.076 23.8978 0
      vertex -27.076 23.8978 6.35
      vertex -26.8499 24.1872 0
    endloop
  endfacet
  facet normal 0 0 -1
    outer loop
      vertex -27.076 23.8978 0
      vertex -9.27948 8.96109 0
      vertex -9.88197 8.29195 0
    endloop
  endfacet
  facet normal -0.788016 0.615655 0
    outer loop
      vertex -27.076 23.8978 6.35
      vertex -26.8499 24.1872 6.35
      vertex -26.8499 24.1872 0
    endloop
  endfacet
  facet normal 0 0 1
    outer loop
      vertex -27.076 23.8978 6.35
      vertex -9.27948 8.96109 6.35
      vertex -26.8499 24.1872 6.35
    endloop
  endfacet
  facet normal 0 0 1
    outer loop
      vertex -27.076 23.8978 6.35
      vertex -9.88197 8.29195 6.35
      vertex -9.27948 8.96109 6.35
    endloop
  endfacet
  facet normal 0 0 -1
    outer loop
      vertex -27.076 30.6631 0
      vertex -17.3748 36.8979 0
      vertex -26.8499 30.3736 0
    endloop
  endfacet
  facet normal 0 0 -1
    outer loop
      vertex -27.076 30.6631 0
      vertex -17.5359 37.2281 0
      vertex -17.3748 36.8979 0
    endloop
  endfacet
  facet normal -0.788119 -0.615523 0
    outer loop
      vertex -27.076 30.6631 0
      vertex -26.8499 30.3736 0
      vertex -26.8499 30.3736 6.35
    endloop
  endfacet
  facet normal -0.788119 -0.615523 0
    outer loop
      vertex -27.076 30.6631 0
      vertex -26.8499 30.3736 6.35
      vertex -27.076 30.6631 6.35
    endloop
  endfacet
  facet normal 0 0 1
    outer loop
      vertex -27.076 30.6631 6.35
      vertex -17.3748 36.8979 6.35
      vertex -17.5359 37.2281 6.35
    endloop
  endfacet
  facet normal 0 0 1
    outer loop
      vertex -27.076 30.6631 6.35
      vertex -26.8499 30.3736 6.35
      vertex -17.3748 36.8979 6.35
    endloop
  endfacet
  facet normal 0 0 -1
    outer loop
      vertex -27.3218 23.6248 0
      vertex -27.076 23.8978 0
      vertex -9.88197 8.29195 0
    endloop
  endfacet
  facet normal -0.743159 0.669115 0
    outer loop
      vertex -27.3218 23.6248 0
      vertex -27.3218 23.6248 6.35
      vertex -27.076 23.8978 0
    endloop
  endfacet
  facet normal 0 0 -1
    outer loop
      vertex -27.3218 23.6248 0
      vertex -9.88197 8.29195 0
      vertex -10.4363 7.58243 0
    endloop
  endfacet
  facet normal 0 0 1
    outer loop
      vertex -27.3218 23.6248 6.35
      vertex -10.4363 7.58243 6.35
      vertex -9.88197 8.29195 6.35
    endloop
  endfacet
  facet normal -0.743159 0.669115 0
    outer loop
      vertex -27.3218 23.6248 6.35
      vertex -27.076 23.8978 6.35
      vertex -27.076 23.8978 0
    endloop
  endfacet
  facet normal 0 0 1
    outer loop
      vertex -27.3218 23.6248 6.35
      vertex -9.88197 8.29195 6.35
      vertex -27.076 23.8978 6.35
    endloop
  endfacet
  facet normal 0 0 -1
    outer loop
      vertex -27.3218 30.9361 0
      vertex -17.5359 37.2281 0
      vertex -27.076 30.6631 0
    endloop
  endfacet
  facet normal 0 0 -1
    outer loop
      vertex -27.3218 30.9361 0
      vertex -17.6735 37.5686 0
      vertex -17.5359 37.2281 0
    endloop
  endfacet
  facet normal -0.743159 -0.669115 0
    outer loop
      vertex -27.3218 30.9361 0
      vertex -27.076 30.6631 0
      vertex -27.076 30.6631 6.35
    endloop
  endfacet
  facet normal -0.743159 -0.669115 0
    outer loop
      vertex -27.3218 30.9361 0
      vertex -27.076 30.6631 6.35
      vertex -27.3218 30.9361 6.35
    endloop
  endfacet
  facet normal 0 0 1
    outer loop
      vertex -27.3218 30.9361 6.35
      vertex -17.5359 37.2281 6.35
      vertex -17.6735 37.5686 6.35
    endloop
  endfacet
  facet normal 0 0 1
    outer loop
      vertex -27.3218 30.9361 6.35
      vertex -27.076 30.6631 6.35
      vertex -17.5359 37.2281 6.35
    endloop
  endfacet
  facet normal 0 0 -1
    outer loop
      vertex -27.5861 23.3696 0
      vertex -27.3218 23.6248 0
      vertex -10.4363 7.58243 0
    endloop
  endfacet
  facet normal -0.694614 0.719383 0
    outer loop
      vertex -27.5861 23.3696 0
      vertex -27.5861 23.3696 6.35
      vertex -27.3218 23.6248 0
    endloop
  endfacet
  facet normal 0 0 1
    outer loop
      vertex -27.5861 23.3696 6.35
      vertex -10.4363 7.58243 6.35
      vertex -27.3218 23.6248 6.35
    endloop
  endfacet
  facet normal -0.694614 0.719383 0
    outer loop
      vertex -27.5861 23.3696 6.35
      vertex -27.3218 23.6248 6.35
      vertex -27.3218 23.6248 0
    endloop
  endfacet
  facet normal 0 0 -1
    outer loop
      vertex -27.5861 31.1912 0
      vertex -17.6735 37.5686 0
      vertex -27.3218 30.9361 0
    endloop
  endfacet
  facet normal 0 0 -1
    outer loop
      vertex -27.5861 31.1912 0
      vertex -17.787 37.918 0
      vertex -17.6735 37.5686 0
    endloop
  endfacet
  facet normal -0.694473 -0.719519 0
    outer loop
      vertex -27.5861 31.1912 0
      vertex -27.3218 30.9361 0
      vertex -27.3218 30.9361 6.35
    endloop
  endfacet
  facet normal -0.694473 -0.719519 0
    outer loop
      vertex -27.5861 31.1912 0
      vertex -27.3218 30.9361 6.35
      vertex -27.5861 31.1912 6.35
    endloop
  endfacet
  facet normal 0 0 1
    outer loop
      vertex -27.5861 31.1912 6.35
      vertex -17.6735 37.5686 6.35
      vertex -17.787 37.918 6.35
    endloop
  endfacet
  facet normal 0 0 1
    outer loop
      vertex -27.5861 31.1912 6.35
      vertex -27.3218 30.9361 6.35
      vertex -17.6735 37.5686 6.35
    endloop
  endfacet
  facet normal 0 0 -1
    outer loop
      vertex -27.8674 23.1335 0
      vertex -10.4363 7.58243 0
      vertex -10.9398 6.83595 0
    endloop
  endfacet
  facet normal 0 0 -1
    outer loop
      vertex -27.8674 23.1335 0
      vertex -27.5861 23.3696 0
      vertex -10.4363 7.58243 0
    endloop
  endfacet
  facet normal -0.642886 0.765962 0
    outer loop
      vertex -27.8674 23.1335 0
      vertex -27.8674 23.1335 6.35
      vertex -27.5861 23.3696 0
    endloop
  endfacet
  facet normal 0 0 1
    outer loop
      vertex -27.8674 23.1335 6.35
      vertex -10.4363 7.58243 6.35
      vertex -27.5861 23.3696 6.35
    endloop
  endfacet
  facet normal 0 0 1
    outer loop
      vertex -27.8674 23.1335 6.35
      vertex -10.9398 6.83595 6.35
      vertex -10.4363 7.58243 6.35
    endloop
  endfacet
  facet normal -0.642886 0.765962 0
    outer loop
      vertex -27.8674 23.1335 6.35
      vertex -27.5861 23.3696 6.35
      vertex -27.5861 23.3696 0
    endloop
  endfacet
  facet normal 0 0 -1
    outer loop
      vertex -27.8674 31.4273 0
      vertex -17.787 37.918 0
      vertex -27.5861 31.1912 0
    endloop
  endfacet
  facet normal 0 0 -1
    outer loop
      vertex -27.8674 31.4273 0
      vertex -17.8758 38.2744 0
      vertex -17.787 37.918 0
    endloop
  endfacet
  facet normal -0.642886 -0.765962 0
    outer loop
      vertex -27.8674 31.4273 0
      vertex -27.5861 31.1912 0
      vertex -27.5861 31.1912 6.35
    endloop
  endfacet
  facet normal -0.642886 -0.765962 0
    outer loop
      vertex -27.8674 31.4273 0
      vertex -27.5861 31.1912 6.35
      vertex -27.8674 31.4273 6.35
    endloop
  endfacet
  facet normal 0 0 1
    outer loop
      vertex -27.8674 31.4273 6.35
      vertex -17.787 37.918 6.35
      vertex -17.8758 38.2744 6.35
    endloop
  endfacet
  facet normal 0 0 1
    outer loop
      vertex -27.8674 31.4273 6.35
      vertex -27.5861 31.1912 6.35
      vertex -17.787 37.918 6.35
    endloop
  endfacet
  facet normal 0 0 -1
    outer loop
      vertex -28.1646 22.9176 0
      vertex -10.9398 6.83595 0
      vertex -11.39 6.05618 0
    endloop
  endfacet
  facet normal 0 0 -1
    outer loop
      vertex -28.1646 22.9176 0
      vertex -27.8674 23.1335 0
      vertex -10.9398 6.83595 0
    endloop
  endfacet
  facet normal -0.587735 0.809054 0
    outer loop
      vertex -28.1646 22.9176 0
      vertex -28.1646 22.9176 6.35
      vertex -27.8674 23.1335 0
    endloop
  endfacet
  facet normal 0 0 1
    outer loop
      vertex -28.1646 22.9176 6.35
      vertex -10.9398 6.83595 6.35
      vertex -27.8674 23.1335 6.35
    endloop
  endfacet
  facet normal 0 0 1
    outer loop
      vertex -28.1646 22.9176 6.35
      vertex -11.39 6.05618 6.35
      vertex -10.9398 6.83595 6.35
    endloop
  endfacet
  facet normal -0.587735 0.809054 0
    outer loop
      vertex -28.1646 22.9176 6.35
      vertex -27.8674 23.1335 6.35
      vertex -27.8674 23.1335 0
    endloop
  endfacet
  facet normal 0 0 -1
    outer loop
      vertex -28.1646 31.6432 0
      vertex -17.8758 38.2744 0
      vertex -27.8674 31.4273 0
    endloop
  endfacet
  facet normal 0 0 -1
    outer loop
      vertex -28.1646 31.6432 0
      vertex -17.9396 38.6361 0
      vertex -17.8758 38.2744 0
    endloop
  endfacet
  facet normal -0.587735 -0.809054 0
    outer loop
      vertex -28.1646 31.6432 0
      vertex -27.8674 31.4273 0
      vertex -27.8674 31.4273 6.35
    endloop
  endfacet
  facet normal -0.587735 -0.809054 0
    outer loop
      vertex -28.1646 31.6432 0
      vertex -27.8674 31.4273 6.35
      vertex -28.1646 31.6432 6.35
    endloop
  endfacet
  facet normal 0 0 1
    outer loop
      vertex -28.1646 31.6432 6.35
      vertex -17.8758 38.2744 6.35
      vertex -17.9396 38.6361 6.35
    endloop
  endfacet
  facet normal 0 0 1
    outer loop
      vertex -28.1646 31.6432 6.35
      vertex -27.8674 31.4273 6.35
      vertex -17.8758 38.2744 6.35
    endloop
  endfacet
  facet normal 0 0 -1
    outer loop
      vertex -28.4761 22.723 0
      vertex -28.1646 22.9176 0
      vertex -11.39 6.05618 0
    endloop
  endfacet
  facet normal -0.529828 0.848105 0
    outer loop
      vertex -28.4761 22.723 0
      vertex -28.4761 22.723 6.35
      vertex -28.1646 22.9176 0
    endloop
  endfacet
  facet normal 0 0 1
    outer loop
      vertex -28.4761 22.723 6.35
      vertex -11.39 6.05618 6.35
      vertex -28.1646 22.9176 6.35
    endloop
  endfacet
  facet normal -0.529828 0.848105 0
    outer loop
      vertex -28.4761 22.723 6.35
      vertex -28.1646 22.9176 6.35
      vertex -28.1646 22.9176 0
    endloop
  endfacet
  facet normal 0 0 -1
    outer loop
      vertex -28.4761 31.8379 0
      vertex -17.9396 38.6361 0
      vertex -28.1646 31.6432 0
    endloop
  endfacet
  facet normal 0 0 -1
    outer loop
      vertex -28.4761 31.8379 0
      vertex -17.978 39.0014 0
      vertex -17.9396 38.6361 0
    endloop
  endfacet
  facet normal -0.530023 -0.847983 0
    outer loop
      vertex -28.4761 31.8379 0
      vertex -28.1646 31.6432 0
      vertex -28.1646 31.6432 6.35
    endloop
  endfacet
  facet normal -0.530023 -0.847983 0
    outer loop
      vertex -28.4761 31.8379 0
      vertex -28.1646 31.6432 6.35
      vertex -28.4761 31.8379 6.35
    endloop
  endfacet
  facet normal 0 0 1
    outer loop
      vertex -28.4761 31.8379 6.35
      vertex -17.9396 38.6361 6.35
      vertex -17.978 39.0014 6.35
    endloop
  endfacet
  facet normal 0 0 1
    outer loop
      vertex -28.4761 31.8379 6.35
      vertex -28.1646 31.6432 6.35
      vertex -17.9396 38.6361 6.35
    endloop
  endfacet
  facet normal 0 0 -1
    outer loop
      vertex -28.4938 110.691 0
      vertex -22.6931 112.025 0
      vertex -9.0379 81.5683 0
    endloop
  endfacet
  facet normal -0.224122 0.974561 0
    outer loop
      vertex -28.4938 110.691 0
      vertex -22.6931 112.025 6.35
      vertex -22.6931 112.025 0
    endloop
  endfacet
  facet normal -0.224122 0.974561 0
    outer loop
      vertex -28.4938 110.691 0
      vertex -28.4938 110.691 6.35
      vertex -22.6931 112.025 6.35
    endloop
  endfacet
  facet normal 0 0 -1
    outer loop
      vertex -28.4938 110.691 0
      vertex -9.0379 81.5683 0
      vertex -9.61102 80.892 0
    endloop
  endfacet
  facet normal 0 0 -1
    outer loop
      vertex -28.4938 110.691 0
      vertex -9.61102 80.892 0
      vertex -10.1356 80.1774 0
    endloop
  endfacet
  facet normal 0 0 1
    outer loop
      vertex -28.4938 110.691 6.35
      vertex -10.1356 80.1774 6.35
      vertex -9.61102 80.892 6.35
    endloop
  endfacet
  facet normal 0 0 1
    outer loop
      vertex -28.4938 110.691 6.35
      vertex -9.0379 81.5683 6.35
      vertex -22.6931 112.025 6.35
    endloop
  endfacet
  facet normal 0 0 1
    outer loop
      vertex -28.4938 110.691 6.35
      vertex -9.61102 80.892 6.35
      vertex -9.0379 81.5683 6.35
    endloop
  endfacet
  facet normal 0 0 -1
    outer loop
      vertex -28.8004 22.5505 0
      vertex -11.39 6.05618 0
      vertex -11.7847 5.2469 0
    endloop
  endfacet
  facet normal 0 0 -1
    outer loop
      vertex -28.8004 22.5505 0
      vertex -28.4761 22.723 0
      vertex -11.39 6.05618 0
    endloop
  endfacet
  facet normal -0.469613 0.882872 0
    outer loop
      vertex -28.8004 22.5505 0
      vertex -28.8004 22.5505 6.35
      vertex -28.4761 22.723 0
    endloop
  endfacet
  facet normal 0 0 1
    outer loop
      vertex -28.8004 22.5505 6.35
      vertex -11.39 6.05618 6.35
      vertex -28.4761 22.723 6.35
    endloop
  endfacet
  facet normal 0 0 1
    outer loop
      vertex -28.8004 22.5505 6.35
      vertex -11.7847 5.2469 6.35
      vertex -11.39 6.05618 6.35
    endloop
  endfacet
  facet normal -0.469613 0.882872 0
    outer loop
      vertex -28.8004 22.5505 6.35
      vertex -28.4761 22.723 6.35
      vertex -28.4761 22.723 0
    endloop
  endfacet
  facet normal 0 0 -1
    outer loop
      vertex -28.8004 32.0103 0
      vertex -17.978 39.0014 0
      vertex -28.4761 31.8379 0
    endloop
  endfacet
  facet normal 0 0 -1
    outer loop
      vertex -28.8004 32.0103 0
      vertex -17.9908 39.3685 0
      vertex -17.978 39.0014 0
    endloop
  endfacet
  facet normal -0.469401 -0.882985 0
    outer loop
      vertex -28.8004 32.0103 0
      vertex -28.4761 31.8379 0
      vertex -28.4761 31.8379 6.35
    endloop
  endfacet
  facet normal -0.469401 -0.882985 0
    outer loop
      vertex -28.8004 32.0103 0
      vertex -28.4761 31.8379 6.35
      vertex -28.8004 32.0103 6.35
    endloop
  endfacet
  facet normal 0 0 1
    outer loop
      vertex -28.8004 32.0103 6.35
      vertex -17.978 39.0014 6.35
      vertex -17.9908 39.3685 6.35
    endloop
  endfacet
  facet normal 0 0 1
    outer loop
      vertex -28.8004 32.0103 6.35
      vertex -28.4761 31.8379 6.35
      vertex -17.978 39.0014 6.35
    endloop
  endfacet
  facet normal -0.406694 0.913564 0
    outer loop
      vertex -29.136 22.4011 0
      vertex -29.136 22.4011 6.35
      vertex -28.8004 22.5505 0
    endloop
  endfacet
  facet normal -0.406694 0.913564 0
    outer loop
      vertex -29.136 22.4011 6.35
      vertex -28.8004 22.5505 6.35
      vertex -28.8004 22.5505 0
    endloop
  endfacet
  facet normal 0 0 -1
    outer loop
      vertex -29.136 32.1597 0
      vertex -17.978 39.7356 0
      vertex -17.9908 39.3685 0
    endloop
  endfacet
  facet normal 0 0 -1
    outer loop
      vertex -29.136 32.1597 0
      vertex -17.9908 39.3685 0
      vertex -28.8004 32.0103 0
    endloop
  endfacet
  facet normal -0.406694 -0.913564 0
    outer loop
      vertex -29.136 32.1597 0
      vertex -28.8004 32.0103 0
      vertex -28.8004 32.0103 6.35
    endloop
  endfacet
  facet normal -0.406694 -0.913564 0
    outer loop
      vertex -29.136 32.1597 0
      vertex -28.8004 32.0103 6.35
      vertex -29.136 32.1597 6.35
    endloop
  endfacet
  facet normal 0 0 1
    outer loop
      vertex -29.136 32.1597 6.35
      vertex -17.9908 39.3685 6.35
      vertex -17.978 39.7356 6.35
    endloop
  endfacet
  facet normal 0 0 1
    outer loop
      vertex -29.136 32.1597 6.35
      vertex -28.8004 32.0103 6.35
      vertex -17.9908 39.3685 6.35
    endloop
  endfacet
  facet normal -0.341918 0.93973 0
    outer loop
      vertex -29.4812 22.2755 0
      vertex -29.4812 22.2755 6.35
      vertex -29.136 22.4011 0
    endloop
  endfacet
  facet normal -0.341918 0.93973 0
    outer loop
      vertex -29.4812 22.2755 6.35
      vertex -29.136 22.4011 6.35
      vertex -29.136 22.4011 0
    endloop
  endfacet
  facet normal 0 0 -1
    outer loop
      vertex -29.4812 32.2854 0
      vertex -17.9396 40.1009 0
      vertex -17.978 39.7356 0
    endloop
  endfacet
  facet normal 0 0 -1
    outer loop
      vertex -29.4812 32.2854 0
      vertex -17.978 39.7356 0
      vertex -29.136 32.1597 0
    endloop
  endfacet
  facet normal -0.342158 -0.939642 0
    outer loop
      vertex -29.4812 32.2854 0
      vertex -29.136 32.1597 0
      vertex -29.136 32.1597 6.35
    endloop
  endfacet
  facet normal -0.342158 -0.939642 0
    outer loop
      vertex -29.4812 32.2854 0
      vertex -29.136 32.1597 6.35
      vertex -29.4812 32.2854 6.35
    endloop
  endfacet
  facet normal 0 0 1
    outer loop
      vertex -29.4812 32.2854 6.35
      vertex -17.978 39.7356 6.35
      vertex -17.9396 40.1009 6.35
    endloop
  endfacet
  facet normal 0 0 1
    outer loop
      vertex -29.4812 32.2854 6.35
      vertex -29.136 32.1597 6.35
      vertex -17.978 39.7356 6.35
    endloop
  endfacet
  facet normal -0.275836 0.961205 0
    outer loop
      vertex -29.8342 22.1742 0
      vertex -29.8342 22.1742 6.35
      vertex -29.4812 22.2755 0
    endloop
  endfacet
  facet normal -0.275836 0.961205 0
    outer loop
      vertex -29.8342 22.1742 6.35
      vertex -29.4812 22.2755 6.35
      vertex -29.4812 22.2755 0
    endloop
  endfacet
  facet normal 0 0 -1
    outer loop
      vertex -29.8342 32.3866 0
      vertex -17.8758 40.4626 0
      vertex -17.9396 40.1009 0
    endloop
  endfacet
  facet normal 0 0 -1
    outer loop
      vertex -29.8342 32.3866 0
      vertex -17.9396 40.1009 0
      vertex -29.4812 32.2854 0
    endloop
  endfacet
  facet normal -0.275584 -0.961277 0
    outer loop
      vertex -29.8342 32.3866 0
      vertex -29.4812 32.2854 0
      vertex -29.4812 32.2854 6.35
    endloop
  endfacet
  facet normal -0.275584 -0.961277 0
    outer loop
      vertex -29.8342 32.3866 0
      vertex -29.4812 32.2854 6.35
      vertex -29.8342 32.3866 6.35
    endloop
  endfacet
  facet normal 0 0 1
    outer loop
      vertex -29.8342 32.3866 6.35
      vertex -17.9396 40.1009 6.35
      vertex -17.8758 40.4626 6.35
    endloop
  endfacet
  facet normal 0 0 1
    outer loop
      vertex -29.8342 32.3866 6.35
      vertex -29.4812 32.2854 6.35
      vertex -17.9396 40.1009 6.35
    endloop
  endfacet
  facet normal 0 0 -1
    outer loop
      vertex -29.9384 59.6693 0
      vertex -10.2052 65.9741 0
      vertex -9.68774 65.2544 0
    endloop
  endfacet
  facet normal 0 0 -1
    outer loop
      vertex -29.9384 59.6693 0
      vertex -10.6713 66.7281 0
      vertex -10.2052 65.9741 0
    endloop
  endfacet
  facet normal 0 0 1
    outer loop
      vertex -29.9384 59.6693 6.35
      vertex -10.2052 65.9741 6.35
      vertex -10.6713 66.7281 6.35
    endloop
  endfacet
  facet normal 0 0 1
    outer loop
      vertex -29.9384 59.6693 6.35
      vertex -9.68774 65.2544 6.35
      vertex -10.2052 65.9741 6.35
    endloop
  endfacet
  facet normal 0 0 -1
    outer loop
      vertex -29.9427 58.7828 0
      vertex -29.9384 59.6693 0
      vertex -9.68774 65.2544 0
    endloop
  endfacet
  facet normal -0.999988 0.00485048 0
    outer loop
      vertex -29.9427 58.7828 0
      vertex -29.9427 58.7828 6.35
      vertex -29.9384 59.6693 0
    endloop
  endfacet
  facet normal -0.999988 0.00485048 0
    outer loop
      vertex -29.9427 58.7828 6.35
      vertex -29.9384 59.6693 6.35
      vertex -29.9384 59.6693 0
    endloop
  endfacet
  facet normal 0 0 1
    outer loop
      vertex -29.9427 58.7828 6.35
      vertex -9.68774 65.2544 6.35
      vertex -29.9384 59.6693 6.35
    endloop
  endfacet
  facet normal 0 0 -1
    outer loop
      vertex -29.9959 60.5538 0
      vertex -10.6713 66.7281 0
      vertex -29.9384 59.6693 0
    endloop
  endfacet
  facet normal -0.997894 -0.0648715 0
    outer loop
      vertex -29.9959 60.5538 0
      vertex -29.9384 59.6693 0
      vertex -29.9384 59.6693 6.35
    endloop
  endfacet
  facet normal -0.997894 -0.0648715 0
    outer loop
      vertex -29.9959 60.5538 0
      vertex -29.9384 59.6693 6.35
      vertex -29.9959 60.5538 6.35
    endloop
  endfacet
  facet normal 0 0 1
    outer loop
      vertex -29.9959 60.5538 6.35
      vertex -29.9384 59.6693 6.35
      vertex -10.6713 66.7281 6.35
    endloop
  endfacet
  facet normal 0.237128 -0.971479 0
    outer loop
      vertex -3.08243 85.2492 0
      vertex -2.22127 85.4594 0
      vertex -2.22127 85.4594 6.35
    endloop
  endfacet
  facet normal 0.237128 -0.971479 0
    outer loop
      vertex -3.08243 85.2492 0
      vertex -2.22127 85.4594 6.35
      vertex -3.08243 85.2492 6.35
    endloop
  endfacet
  facet normal 0.207904 0.978149 0
    outer loop
      vertex -3.12079 -12.5168 0
      vertex -3.12079 -12.5168 6.35
      vertex -2.24005 -12.704 0
    endloop
  endfacet
  facet normal 0.207904 0.978149 0
    outer loop
      vertex -3.12079 -12.5168 6.35
      vertex -2.24005 -12.704 6.35
      vertex -2.24005 -12.704 0
    endloop
  endfacet
  facet normal 0.207904 -0.978149 0
    outer loop
      vertex -3.12079 12.5168 0
      vertex -2.24005 12.704 0
      vertex -2.24005 12.704 6.35
    endloop
  endfacet
  facet normal 0.207904 -0.978149 0
    outer loop
      vertex -3.12079 12.5168 0
      vertex -2.24005 12.704 6.35
      vertex -3.12079 12.5168 6.35
    endloop
  endfacet
  facet normal 0.246711 0.969089 0
    outer loop
      vertex -3.20221 60.8334 0
      vertex -3.20221 60.8334 6.35
      vertex -2.34315 60.6147 0
    endloop
  endfacet
  facet normal 0.246711 0.969089 0
    outer loop
      vertex -3.20221 60.8334 6.35
      vertex -2.34315 60.6147 6.35
      vertex -2.34315 60.6147 0
    endloop
  endfacet
  facet normal 0 0 -1
    outer loop
      vertex -3.89406 -22.0843 0
      vertex -1.3484 -12.8293 0
      vertex -2.34404 -22.3021 0
    endloop
  endfacet
  facet normal 0 0 -1
    outer loop
      vertex -3.89406 -22.0843 0
      vertex -2.24005 -12.704 0
      vertex -1.3484 -12.8293 0
    endloop
  endfacet
  facet normal -0.139147 -0.990272 0
    outer loop
      vertex -3.89406 -22.0843 0
      vertex -2.34404 -22.3021 0
      vertex -3.89406 -22.0843 6.35
    endloop
  endfacet
  facet normal 0 0 -1
    outer loop
      vertex -3.89406 -22.0843 0
      vertex -3.12079 -12.5168 0
      vertex -2.24005 -12.704 0
    endloop
  endfacet
  facet normal 0 0 1
    outer loop
      vertex -3.89406 -22.0843 6.35
      vertex -1.3484 -12.8293 6.35
      vertex -2.24005 -12.704 6.35
    endloop
  endfacet
  facet normal 0 0 1
    outer loop
      vertex -3.89406 -22.0843 6.35
      vertex -2.24005 -12.704 6.35
      vertex -3.12079 -12.5168 6.35
    endloop
  endfacet
  facet normal -0.139147 -0.990272 0
    outer loop
      vertex -3.89406 -22.0843 6.35
      vertex -2.34404 -22.3021 0
      vertex -2.34404 -22.3021 6.35
    endloop
  endfacet
  facet normal 0 0 1
    outer loop
      vertex -3.89406 -22.0843 6.35
      vertex -2.34404 -22.3021 6.35
      vertex -1.3484 -12.8293 6.35
    endloop
  endfacet
  facet normal 0.304361 -0.952557 0
    outer loop
      vertex -3.92682 84.9794 0
      vertex -3.08243 85.2492 0
      vertex -3.08243 85.2492 6.35
    endloop
  endfacet
  facet normal 0.304361 -0.952557 0
    outer loop
      vertex -3.92682 84.9794 0
      vertex -3.08243 85.2492 6.35
      vertex -3.92682 84.9794 6.35
    endloop
  endfacet
  facet normal 0.275654 0.961257 0
    outer loop
      vertex -3.98631 -12.2686 0
      vertex -3.98631 -12.2686 6.35
      vertex -3.12079 -12.5168 0
    endloop
  endfacet
  facet normal 0.275654 0.961257 0
    outer loop
      vertex -3.98631 -12.2686 6.35
      vertex -3.12079 -12.5168 6.35
      vertex -3.12079 -12.5168 0
    endloop
  endfacet
  facet normal 0.275654 -0.961257 0
    outer loop
      vertex -3.98631 12.2686 0
      vertex -3.12079 12.5168 0
      vertex -3.12079 12.5168 6.35
    endloop
  endfacet
  facet normal 0.275654 -0.961257 0
    outer loop
      vertex -3.98631 12.2686 0
      vertex -3.12079 12.5168 6.35
      vertex -3.98631 12.2686 6.35
    endloop
  endfacet
  facet normal 0 0 -1
    outer loop
      vertex -30.0089 57.8988 0
      vertex -29.9427 58.7828 0
      vertex -9.68774 65.2544 0
    endloop
  endfacet
  facet normal -0.997208 0.0746778 0
    outer loop
      vertex -30.0089 57.8988 0
      vertex -30.0089 57.8988 6.35
      vertex -29.9427 58.7828 0
    endloop
  endfacet
  facet normal 0 0 -1
    outer loop
      vertex -30.0089 57.8988 0
      vertex -9.12128 64.5726 0
      vertex -14.3545 44.3734 0
    endloop
  endfacet
  facet normal 0 0 -1
    outer loop
      vertex -30.0089 57.8988 0
      vertex -9.68774 65.2544 0
      vertex -9.12128 64.5726 0
    endloop
  endfacet
  facet normal 0 0 1
    outer loop
      vertex -30.0089 57.8988 6.35
      vertex -14.3545 44.3734 6.35
      vertex -9.12128 64.5726 6.35
    endloop
  endfacet
  facet normal -0.997208 0.0746778 0
    outer loop
      vertex -30.0089 57.8988 6.35
      vertex -29.9427 58.7828 6.35
      vertex -29.9427 58.7828 0
    endloop
  endfacet
  facet normal 0 0 1
    outer loop
      vertex -30.0089 57.8988 6.35
      vertex -9.12128 64.5726 6.35
      vertex -9.68774 65.2544 6.35
    endloop
  endfacet
  facet normal 0 0 1
    outer loop
      vertex -30.0089 57.8988 6.35
      vertex -9.68774 65.2544 6.35
      vertex -29.9427 58.7828 6.35
    endloop
  endfacet
  facet normal 0 0 -1
    outer loop
      vertex -30.115 61.4323 0
      vertex -10.6713 66.7281 0
      vertex -29.9959 60.5538 0
    endloop
  endfacet
  facet normal 0 0 -1
    outer loop
      vertex -30.115 61.4323 0
      vertex -11.0836 67.5129 0
      vertex -10.6713 66.7281 0
    endloop
  endfacet
  facet normal 0 0 -1
    outer loop
      vertex -30.115 61.4323 0
      vertex -11.4402 68.3244 0
      vertex -11.0836 67.5129 0
    endloop
  endfacet
  facet normal -0.990935 -0.134343 0
    outer loop
      vertex -30.115 61.4323 0
      vertex -29.9959 60.5538 0
      vertex -29.9959 60.5538 6.35
    endloop
  endfacet
  facet normal -0.990935 -0.134343 0
    outer loop
      vertex -30.115 61.4323 0
      vertex -29.9959 60.5538 6.35
      vertex -30.115 61.4323 6.35
    endloop
  endfacet
  facet normal 0 0 1
    outer loop
      vertex -30.115 61.4323 6.35
      vertex -10.6713 66.7281 6.35
      vertex -11.0836 67.5129 6.35
    endloop
  endfacet
  facet normal 0 0 1
    outer loop
      vertex -30.115 61.4323 6.35
      vertex -11.0836 67.5129 6.35
      vertex -11.4402 68.3244 6.35
    endloop
  endfacet
  facet normal 0 0 1
    outer loop
      vertex -30.115 61.4323 6.35
      vertex -29.9959 60.5538 6.35
      vertex -10.6713 66.7281 6.35
    endloop
  endfacet
  facet normal 0 0 -1
    outer loop
      vertex -30.1366 57.0217 0
      vertex -14.3545 44.3734 0
      vertex -14.6997 44.2478 0
    endloop
  endfacet
  facet normal 0 0 -1
    outer loop
      vertex -30.1366 57.0217 0
      vertex -14.6997 44.2478 0
      vertex -15.0352 44.0984 0
    endloop
  endfacet
  facet normal 0 0 -1
    outer loop
      vertex -30.1366 57.0217 0
      vertex -30.0089 57.8988 0
      vertex -14.3545 44.3734 0
    endloop
  endfacet
  facet normal -0.989567 0.144074 0
    outer loop
      vertex -30.1366 57.0217 0
      vertex -30.1366 57.0217 6.35
      vertex -30.0089 57.8988 0
    endloop
  endfacet
  facet normal 0 0 1
    outer loop
      vertex -30.1366 57.0217 6.35
      vertex -14.3545 44.3734 6.35
      vertex -30.0089 57.8988 6.35
    endloop
  endfacet
  facet normal 0 0 1
    outer loop
      vertex -30.1366 57.0217 6.35
      vertex -14.6997 44.2478 6.35
      vertex -14.3545 44.3734 6.35
    endloop
  endfacet
  facet normal 0 0 1
    outer loop
      vertex -30.1366 57.0217 6.35
      vertex -15.0352 44.0984 6.35
      vertex -14.6997 44.2478 6.35
    endloop
  endfacet
  facet normal -0.989567 0.144074 0
    outer loop
      vertex -30.1366 57.0217 6.35
      vertex -30.0089 57.8988 6.35
      vertex -30.0089 57.8988 0
    endloop
  endfacet
  facet normal -0.207725 0.978187 0
    outer loop
      vertex -30.1935 22.0979 0
      vertex -30.1935 22.0979 6.35
      vertex -29.8342 22.1742 0
    endloop
  endfacet
  facet normal -0.207725 0.978187 0
    outer loop
      vertex -30.1935 22.0979 6.35
      vertex -29.8342 22.1742 6.35
      vertex -29.8342 22.1742 0
    endloop
  endfacet
  facet normal -0.207986 -0.978132 0
    outer loop
      vertex -30.1935 32.463 0
      vertex -29.8342 32.3866 0
      vertex -29.8342 32.3866 6.35
    endloop
  endfacet
  facet normal -0.207986 -0.978132 0
    outer loop
      vertex -30.1935 32.463 0
      vertex -29.8342 32.3866 6.35
      vertex -30.1935 32.463 6.35
    endloop
  endfacet
  facet normal 0 0 -1
    outer loop
      vertex -30.295 62.3002 0
      vertex -11.4402 68.3244 0
      vertex -30.115 61.4323 0
    endloop
  endfacet
  facet normal 0 0 -1
    outer loop
      vertex -30.295 62.3002 0
      vertex -11.7393 69.1589 0
      vertex -11.4402 68.3244 0
    endloop
  endfacet
  facet normal -0.979163 -0.203076 0
    outer loop
      vertex -30.295 62.3002 0
      vertex -30.115 61.4323 0
      vertex -30.115 61.4323 6.35
    endloop
  endfacet
  facet normal -0.979163 -0.203076 0
    outer loop
      vertex -30.295 62.3002 0
      vertex -30.115 61.4323 6.35
      vertex -30.295 62.3002 6.35
    endloop
  endfacet
  facet normal 0 0 1
    outer loop
      vertex -30.295 62.3002 6.35
      vertex -11.4402 68.3244 6.35
      vertex -11.7393 69.1589 6.35
    endloop
  endfacet
  facet normal 0 0 1
    outer loop
      vertex -30.295 62.3002 6.35
      vertex -30.115 61.4323 6.35
      vertex -11.4402 68.3244 6.35
    endloop
  endfacet
  facet normal 0 0 -1
    outer loop
      vertex -30.3251 56.1555 0
      vertex -15.0352 44.0984 0
      vertex -15.3596 43.926 0
    endloop
  endfacet
  facet normal 0 0 -1
    outer loop
      vertex -30.3251 56.1555 0
      vertex -30.1366 57.0217 0
      vertex -15.0352 44.0984 0
    endloop
  endfacet
  facet normal -0.977131 0.21264 0
    outer loop
      vertex -30.3251 56.1555 0
      vertex -30.3251 56.1555 6.35
      vertex -30.1366 57.0217 0
    endloop
  endfacet
  facet normal 0 0 1
    outer loop
      vertex -30.3251 56.1555 6.35
      vertex -15.0352 44.0984 6.35
      vertex -30.1366 57.0217 6.35
    endloop
  endfacet
  facet normal 0 0 1
    outer loop
      vertex -30.3251 56.1555 6.35
      vertex -15.3596 43.926 6.35
      vertex -15.0352 44.0984 6.35
    endloop
  endfacet
  facet normal -0.977131 0.21264 0
    outer loop
      vertex -30.3251 56.1555 6.35
      vertex -30.1366 57.0217 6.35
      vertex -30.1366 57.0217 0
    endloop
  endfacet
  facet normal 0 0 -1
    outer loop
      vertex -30.5352 63.1535 0
      vertex -11.7393 69.1589 0
      vertex -30.295 62.3002 0
    endloop
  endfacet
  facet normal -0.962589 -0.270964 0
    outer loop
      vertex -30.5352 63.1535 0
      vertex -30.295 62.3002 0
      vertex -30.295 62.3002 6.35
    endloop
  endfacet
  facet normal -0.962589 -0.270964 0
    outer loop
      vertex -30.5352 63.1535 0
      vertex -30.295 62.3002 6.35
      vertex -30.5352 63.1535 6.35
    endloop
  endfacet
  facet normal 0 0 1
    outer loop
      vertex -30.5352 63.1535 6.35
      vertex -30.295 62.3002 6.35
      vertex -11.7393 69.1589 6.35
    endloop
  endfacet
  facet normal -0.139096 0.990279 0
    outer loop
      vertex -30.5573 22.0468 0
      vertex -30.5573 22.0468 6.35
      vertex -30.1935 22.0979 0
    endloop
  endfacet
  facet normal -0.139096 0.990279 0
    outer loop
      vertex -30.5573 22.0468 6.35
      vertex -30.1935 22.0979 6.35
      vertex -30.1935 22.0979 0
    endloop
  endfacet
  facet normal -0.139096 -0.990279 0
    outer loop
      vertex -30.5573 32.5141 0
      vertex -30.1935 32.463 0
      vertex -30.1935 32.463 6.35
    endloop
  endfacet
  facet normal -0.139096 -0.990279 0
    outer loop
      vertex -30.5573 32.5141 0
      vertex -30.1935 32.463 6.35
      vertex -30.5573 32.5141 6.35
    endloop
  endfacet
  facet normal 0 0 -1
    outer loop
      vertex -30.5737 55.3046 0
      vertex -15.3596 43.926 0
      vertex -15.6711 43.7313 0
    endloop
  endfacet
  facet normal 0 0 -1
    outer loop
      vertex -30.5737 55.3046 0
      vertex -15.6711 43.7313 0
      vertex -15.9682 43.5154 0
    endloop
  endfacet
  facet normal 0 0 -1
    outer loop
      vertex -30.5737 55.3046 0
      vertex -30.3251 56.1555 0
      vertex -15.3596 43.926 0
    endloop
  endfacet
  facet normal -0.959872 0.280437 0
    outer loop
      vertex -30.5737 55.3046 0
      vertex -30.5737 55.3046 6.35
      vertex -30.3251 56.1555 0
    endloop
  endfacet
  facet normal 0 0 1
    outer loop
      vertex -30.5737 55.3046 6.35
      vertex -15.3596 43.926 6.35
      vertex -30.3251 56.1555 6.35
    endloop
  endfacet
  facet normal 0 0 1
    outer loop
      vertex -30.5737 55.3046 6.35
      vertex -15.6711 43.7313 6.35
      vertex -15.3596 43.926 6.35
    endloop
  endfacet
  facet normal 0 0 1
    outer loop
      vertex -30.5737 55.3046 6.35
      vertex -15.9682 43.5154 6.35
      vertex -15.6711 43.7313 6.35
    endloop
  endfacet
  facet normal -0.959872 0.280437 0
    outer loop
      vertex -30.5737 55.3046 6.35
      vertex -30.3251 56.1555 6.35
      vertex -30.3251 56.1555 0
    endloop
  endfacet
  facet normal 0 0 -1
    outer loop
      vertex -30.8342 63.988 0
      vertex -11.7393 69.1589 0
      vertex -30.5352 63.1535 0
    endloop
  endfacet
  facet normal 0 0 -1
    outer loop
      vertex -30.8342 63.988 0
      vertex -11.9794 70.0122 0
      vertex -11.7393 69.1589 0
    endloop
  endfacet
  facet normal 0 0 -1
    outer loop
      vertex -30.8342 63.988 0
      vertex -12.1595 70.8802 0
      vertex -11.9794 70.0122 0
    endloop
  endfacet
  facet normal -0.941397 -0.337301 0
    outer loop
      vertex -30.8342 63.988 0
      vertex -30.5352 63.1535 0
      vertex -30.5352 63.1535 6.35
    endloop
  endfacet
  facet normal -0.941397 -0.337301 0
    outer loop
      vertex -30.8342 63.988 0
      vertex -30.5352 63.1535 6.35
      vertex -30.8342 63.988 6.35
    endloop
  endfacet
  facet normal 0 0 1
    outer loop
      vertex -30.8342 63.988 6.35
      vertex -11.7393 69.1589 6.35
      vertex -11.9794 70.0122 6.35
    endloop
  endfacet
  facet normal 0 0 1
    outer loop
      vertex -30.8342 63.988 6.35
      vertex -11.9794 70.0122 6.35
      vertex -12.1595 70.8802 6.35
    endloop
  endfacet
  facet normal 0 0 1
    outer loop
      vertex -30.8342 63.988 6.35
      vertex -30.5352 63.1535 6.35
      vertex -11.7393 69.1589 6.35
    endloop
  endfacet
  facet normal 0 0 -1
    outer loop
      vertex -30.8809 54.4731 0
      vertex -15.9682 43.5154 0
      vertex -16.2496 43.2793 0
    endloop
  endfacet
  facet normal 0 0 -1
    outer loop
      vertex -30.8809 54.4731 0
      vertex -30.5737 55.3046 0
      vertex -15.9682 43.5154 0
    endloop
  endfacet
  facet normal -0.938029 0.346557 0
    outer loop
      vertex -30.8809 54.4731 0
      vertex -30.8809 54.4731 6.35
      vertex -30.5737 55.3046 0
    endloop
  endfacet
  facet normal 0 0 1
    outer loop
      vertex -30.8809 54.4731 6.35
      vertex -15.9682 43.5154 6.35
      vertex -30.5737 55.3046 6.35
    endloop
  endfacet
  facet normal 0 0 1
    outer loop
      vertex -30.8809 54.4731 6.35
      vertex -16.2496 43.2793 6.35
      vertex -15.9682 43.5154 6.35
    endloop
  endfacet
  facet normal -0.938029 0.346557 0
    outer loop
      vertex -30.8809 54.4731 6.35
      vertex -30.5737 55.3046 6.35
      vertex -30.5737 55.3046 0
    endloop
  endfacet
  facet normal -0.06997 0.997549 0
    outer loop
      vertex -30.9237 22.0211 0
      vertex -30.9237 22.0211 6.35
      vertex -30.5573 22.0468 0
    endloop
  endfacet
  facet normal -0.06997 0.997549 0
    outer loop
      vertex -30.9237 22.0211 6.35
      vertex -30.5573 22.0468 6.35
      vertex -30.5573 22.0468 0
    endloop
  endfacet
  facet normal -0.0696991 -0.997568 0
    outer loop
      vertex -30.9237 32.5397 0
      vertex -30.5573 32.5141 0
      vertex -30.5573 32.5141 6.35
    endloop
  endfacet
  facet normal -0.0696991 -0.997568 0
    outer loop
      vertex -30.9237 32.5397 0
      vertex -30.5573 32.5141 6.35
      vertex -30.9237 32.5397 6.35
    endloop
  endfacet
  facet normal 0 0 -1
    outer loop
      vertex -31.1908 64.7996 0
      vertex -12.1595 70.8802 0
      vertex -30.8342 63.988 0
    endloop
  endfacet
  facet normal -0.915524 -0.402262 0
    outer loop
      vertex -31.1908 64.7996 0
      vertex -30.8342 63.988 0
      vertex -30.8342 63.988 6.35
    endloop
  endfacet
  facet normal -0.915524 -0.402262 0
    outer loop
      vertex -31.1908 64.7996 0
      vertex -30.8342 63.988 6.35
      vertex -31.1908 64.7996 6.35
    endloop
  endfacet
  facet normal 0 0 1
    outer loop
      vertex -31.1908 64.7996 6.35
      vertex -30.8342 63.988 6.35
      vertex -12.1595 70.8802 6.35
    endloop
  endfacet
  facet normal 0 0 -1
    outer loop
      vertex -31.2455 53.6651 0
      vertex -16.2496 43.2793 0
      vertex -16.5139 43.0242 0
    endloop
  endfacet
  facet normal 0 0 -1
    outer loop
      vertex -31.2455 53.6651 0
      vertex -16.5139 43.0242 0
      vertex -16.7596 42.7512 0
    endloop
  endfacet
  facet normal 0 0 -1
    outer loop
      vertex -31.2455 53.6651 0
      vertex -30.8809 54.4731 0
      vertex -16.2496 43.2793 0
    endloop
  endfacet
  facet normal -0.911499 0.411303 0
    outer loop
      vertex -31.2455 53.6651 0
      vertex -31.2455 53.6651 6.35
      vertex -30.8809 54.4731 0
    endloop
  endfacet
  facet normal 0 0 1
    outer loop
      vertex -31.2455 53.6651 6.35
      vertex -16.2496 43.2793 6.35
      vertex -30.8809 54.4731 6.35
    endloop
  endfacet
  facet normal 0 0 1
    outer loop
      vertex -31.2455 53.6651 6.35
      vertex -16.5139 43.0242 6.35
      vertex -16.2496 43.2793 6.35
    endloop
  endfacet
  facet normal 0 0 1
    outer loop
      vertex -31.2455 53.6651 6.35
      vertex -16.7596 42.7512 6.35
      vertex -16.5139 43.0242 6.35
    endloop
  endfacet
  facet normal -0.911499 0.411303 0
    outer loop
      vertex -31.2455 53.6651 6.35
      vertex -30.8809 54.4731 6.35
      vertex -30.8809 54.4731 0
    endloop
  endfacet
  facet normal 0 1 0
    outer loop
      vertex -31.291 22.0211 0
      vertex -31.291 22.0211 6.35
      vertex -30.9237 22.0211 0
    endloop
  endfacet
  facet normal 0 1 0
    outer loop
      vertex -31.291 22.0211 6.35
      vertex -30.9237 22.0211 6.35
      vertex -30.9237 22.0211 0
    endloop
  endfacet
  facet normal 0 -1 0
    outer loop
      vertex -31.291 32.5397 0
      vertex -30.9237 32.5397 0
      vertex -30.9237 32.5397 6.35
    endloop
  endfacet
  facet normal 0 -1 0
    outer loop
      vertex -31.291 32.5397 0
      vertex -30.9237 32.5397 6.35
      vertex -31.291 32.5397 6.35
    endloop
  endfacet
  facet normal 0 0 -1
    outer loop
      vertex -31.6031 65.5843 0
      vertex -12.1595 70.8802 0
      vertex -31.1908 64.7996 0
    endloop
  endfacet
  facet normal 0 0 -1
    outer loop
      vertex -31.6031 65.5843 0
      vertex -12.2785 71.7586 0
      vertex -12.1595 70.8802 0
    endloop
  endfacet
  facet normal 0 0 -1
    outer loop
      vertex -31.6031 65.5843 0
      vertex -12.336 72.6432 0
      vertex -12.2785 71.7586 0
    endloop
  endfacet
  facet normal -0.885243 -0.465128 0
    outer loop
      vertex -31.6031 65.5843 0
      vertex -31.1908 64.7996 0
      vertex -31.1908 64.7996 6.35
    endloop
  endfacet
  facet normal -0.885243 -0.465128 0
    outer loop
      vertex -31.6031 65.5843 0
      vertex -31.1908 64.7996 6.35
      vertex -31.6031 65.5843 6.35
    endloop
  endfacet
  facet normal 0 0 1
    outer loop
      vertex -31.6031 65.5843 6.35
      vertex -12.1595 70.8802 6.35
      vertex -12.2785 71.7586 6.35
    endloop
  endfacet
  facet normal 0 0 1
    outer loop
      vertex -31.6031 65.5843 6.35
      vertex -12.2785 71.7586 6.35
      vertex -12.336 72.6432 6.35
    endloop
  endfacet
  facet normal 0 0 1
    outer loop
      vertex -31.6031 65.5843 6.35
      vertex -31.1908 64.7996 6.35
      vertex -12.1595 70.8802 6.35
    endloop
  endfacet
  facet normal 0.06997 0.997549 0
    outer loop
      vertex -31.6574 22.0468 0
      vertex -31.6574 22.0468 6.35
      vertex -31.291 22.0211 0
    endloop
  endfacet
  facet normal 0.06997 0.997549 0
    outer loop
      vertex -31.6574 22.0468 6.35
      vertex -31.291 22.0211 6.35
      vertex -31.291 22.0211 0
    endloop
  endfacet
  facet normal 0.0696991 -0.997568 0
    outer loop
      vertex -31.6574 32.5141 0
      vertex -31.291 32.5397 0
      vertex -31.291 32.5397 6.35
    endloop
  endfacet
  facet normal 0.0696991 -0.997568 0
    outer loop
      vertex -31.6574 32.5141 0
      vertex -31.291 32.5397 6.35
      vertex -31.6574 32.5141 6.35
    endloop
  endfacet
  facet normal 0 0 -1
    outer loop
      vertex -31.6654 52.8844 0
      vertex -16.7596 42.7512 0
      vertex -16.9858 42.4617 0
    endloop
  endfacet
  facet normal 0 0 -1
    outer loop
      vertex -31.6654 52.8844 0
      vertex -31.2455 53.6651 0
      vertex -16.7596 42.7512 0
    endloop
  endfacet
  facet normal -0.880696 0.473683 0
    outer loop
      vertex -31.6654 52.8844 0
      vertex -31.6654 52.8844 6.35
      vertex -31.2455 53.6651 0
    endloop
  endfacet
  facet normal 0 0 1
    outer loop
      vertex -31.6654 52.8844 6.35
      vertex -16.7596 42.7512 6.35
      vertex -31.2455 53.6651 6.35
    endloop
  endfacet
  facet normal 0 0 1
    outer loop
      vertex -31.6654 52.8844 6.35
      vertex -16.9858 42.4617 6.35
      vertex -16.7596 42.7512 6.35
    endloop
  endfacet
  facet normal -0.880696 0.473683 0
    outer loop
      vertex -31.6654 52.8844 6.35
      vertex -31.2455 53.6651 6.35
      vertex -31.2455 53.6651 0
    endloop
  endfacet
  facet normal 0.139096 0.990279 0
    outer loop
      vertex -32.0212 22.0979 0
      vertex -32.0212 22.0979 6.35
      vertex -31.6574 22.0468 0
    endloop
  endfacet
  facet normal 0.139096 0.990279 0
    outer loop
      vertex -32.0212 22.0979 6.35
      vertex -31.6574 22.0468 6.35
      vertex -31.6574 22.0468 0
    endloop
  endfacet
  facet normal 0.139096 -0.990279 0
    outer loop
      vertex -32.0212 32.463 0
      vertex -31.6574 32.5141 0
      vertex -31.6574 32.5141 6.35
    endloop
  endfacet
  facet normal 0.139096 -0.990279 0
    outer loop
      vertex -32.0212 32.463 0
      vertex -31.6574 32.5141 6.35
      vertex -32.0212 32.463 6.35
    endloop
  endfacet
  facet normal 0 0 -1
    outer loop
      vertex -32.0692 66.3383 0
      vertex -12.336 72.6432 0
      vertex -31.6031 65.5843 0
    endloop
  endfacet
  facet normal -0.850599 -0.525815 0
    outer loop
      vertex -32.0692 66.3383 0
      vertex -31.6031 65.5843 0
      vertex -31.6031 65.5843 6.35
    endloop
  endfacet
  facet normal -0.850599 -0.525815 0
    outer loop
      vertex -32.0692 66.3383 0
      vertex -31.6031 65.5843 6.35
      vertex -32.0692 66.3383 6.35
    endloop
  endfacet
  facet normal 0 0 1
    outer loop
      vertex -32.0692 66.3383 6.35
      vertex -31.6031 65.5843 6.35
      vertex -12.336 72.6432 6.35
    endloop
  endfacet
  facet normal 0 0 -1
    outer loop
      vertex -32.1389 52.135 0
      vertex -16.9858 42.4617 0
      vertex -17.1912 42.1572 0
    endloop
  endfacet
  facet normal 0 0 -1
    outer loop
      vertex -32.1389 52.135 0
      vertex -17.1912 42.1572 0
      vertex -17.3748 41.8391 0
    endloop
  endfacet
  facet normal 0 0 -1
    outer loop
      vertex -32.1389 52.135 0
      vertex -31.6654 52.8844 0
      vertex -16.9858 42.4617 0
    endloop
  endfacet
  facet normal -0.84539 0.53415 0
    outer loop
      vertex -32.1389 52.135 0
      vertex -32.1389 52.135 6.35
      vertex -31.6654 52.8844 0
    endloop
  endfacet
  facet normal 0 0 1
    outer loop
      vertex -32.1389 52.135 6.35
      vertex -16.9858 42.4617 6.35
      vertex -31.6654 52.8844 6.35
    endloop
  endfacet
  facet normal 0 0 1
    outer loop
      vertex -32.1389 52.135 6.35
      vertex -17.1912 42.1572 6.35
      vertex -16.9858 42.4617 6.35
    endloop
  endfacet
  facet normal 0 0 1
    outer loop
      vertex -32.1389 52.135 6.35
      vertex -17.3748 41.8391 6.35
      vertex -17.1912 42.1572 6.35
    endloop
  endfacet
  facet normal -0.84539 0.53415 0
    outer loop
      vertex -32.1389 52.135 6.35
      vertex -31.6654 52.8844 6.35
      vertex -31.6654 52.8844 0
    endloop
  endfacet
  facet normal 0.207725 0.978187 0
    outer loop
      vertex -32.3805 22.1742 0
      vertex -32.3805 22.1742 6.35
      vertex -32.0212 22.0979 0
    endloop
  endfacet
  facet normal 0.207725 0.978187 0
    outer loop
      vertex -32.3805 22.1742 6.35
      vertex -32.0212 22.0979 6.35
      vertex -32.0212 22.0979 0
    endloop
  endfacet
  facet normal 0.207986 -0.978132 0
    outer loop
      vertex -32.3805 32.3866 0
      vertex -32.0212 32.463 0
      vertex -32.0212 32.463 6.35
    endloop
  endfacet
  facet normal 0.207986 -0.978132 0
    outer loop
      vertex -32.3805 32.3866 0
      vertex -32.0212 32.463 6.35
      vertex -32.3805 32.3866 6.35
    endloop
  endfacet
  facet normal 0 0 -1
    outer loop
      vertex -32.5867 67.058 0
      vertex -12.2655 74.4136 0
      vertex -12.3317 73.5296 0
    endloop
  endfacet
  facet normal 0 0 -1
    outer loop
      vertex -32.5867 67.058 0
      vertex -12.3317 73.5296 0
      vertex -12.336 72.6432 0
    endloop
  endfacet
  facet normal 0 0 -1
    outer loop
      vertex -32.5867 67.058 0
      vertex -12.336 72.6432 0
      vertex -32.0692 66.3383 0
    endloop
  endfacet
  facet normal -0.8119 -0.583796 0
    outer loop
      vertex -32.5867 67.058 0
      vertex -32.0692 66.3383 0
      vertex -32.0692 66.3383 6.35
    endloop
  endfacet
  facet normal -0.8119 -0.583796 0
    outer loop
      vertex -32.5867 67.058 0
      vertex -32.0692 66.3383 6.35
      vertex -32.5867 67.058 6.35
    endloop
  endfacet
  facet normal 0 0 1
    outer loop
      vertex -32.5867 67.058 6.35
      vertex -12.3317 73.5296 6.35
      vertex -12.2655 74.4136 6.35
    endloop
  endfacet
  facet normal 0 0 1
    outer loop
      vertex -32.5867 67.058 6.35
      vertex -12.336 72.6432 6.35
      vertex -12.3317 73.5296 6.35
    endloop
  endfacet
  facet normal 0 0 1
    outer loop
      vertex -32.5867 67.058 6.35
      vertex -32.0692 66.3383 6.35
      vertex -12.336 72.6432 6.35
    endloop
  endfacet
  facet normal 0 0 -1
    outer loop
      vertex -32.6634 51.4204 0
      vertex -17.3748 41.8391 0
      vertex -17.5359 41.509 0
    endloop
  endfacet
  facet normal 0 0 -1
    outer loop
      vertex -32.6634 51.4204 0
      vertex -32.1389 52.135 0
      vertex -17.3748 41.8391 0
    endloop
  endfacet
  facet normal -0.806157 0.591701 0
    outer loop
      vertex -32.6634 51.4204 0
      vertex -32.6634 51.4204 6.35
      vertex -32.1389 52.135 0
    endloop
  endfacet
  facet normal 0 0 1
    outer loop
      vertex -32.6634 51.4204 6.35
      vertex -17.3748 41.8391 6.35
      vertex -32.1389 52.135 6.35
    endloop
  endfacet
  facet normal 0 0 1
    outer loop
      vertex -32.6634 51.4204 6.35
      vertex -17.5359 41.509 6.35
      vertex -17.3748 41.8391 6.35
    endloop
  endfacet
  facet normal -0.806157 0.591701 0
    outer loop
      vertex -32.6634 51.4204 6.35
      vertex -32.1389 52.135 6.35
      vertex -32.1389 52.135 0
    endloop
  endfacet
  facet normal 0.275764 0.961225 0
    outer loop
      vertex -32.7336 22.2755 0
      vertex -32.7336 22.2755 6.35
      vertex -32.3805 22.1742 0
    endloop
  endfacet
  facet normal 0.275764 0.961225 0
    outer loop
      vertex -32.7336 22.2755 6.35
      vertex -32.3805 22.1742 6.35
      vertex -32.3805 22.1742 0
    endloop
  endfacet
  facet normal 0.275512 -0.961298 0
    outer loop
      vertex -32.7336 32.2854 0
      vertex -32.3805 32.3866 0
      vertex -32.3805 32.3866 6.35
    endloop
  endfacet
  facet normal 0.275512 -0.961298 0
    outer loop
      vertex -32.7336 32.2854 0
      vertex -32.3805 32.3866 6.35
      vertex -32.7336 32.2854 6.35
    endloop
  endfacet
  facet normal 0.342005 0.939698 0
    outer loop
      vertex -33.0787 22.4011 0
      vertex -33.0787 22.4011 6.35
      vertex -32.7336 22.2755 0
    endloop
  endfacet
  facet normal 0.342005 0.939698 0
    outer loop
      vertex -33.0787 22.4011 6.35
      vertex -32.7336 22.2755 6.35
      vertex -32.7336 22.2755 0
    endloop
  endfacet
  facet normal 0.342246 -0.93961 0
    outer loop
      vertex -33.0787 32.1597 0
      vertex -32.7336 32.2854 0
      vertex -32.7336 32.2854 6.35
    endloop
  endfacet
  facet normal 0.342246 -0.93961 0
    outer loop
      vertex -33.0787 32.1597 0
      vertex -32.7336 32.2854 6.35
      vertex -33.0787 32.1597 6.35
    endloop
  endfacet
  facet normal 0 0 -1
    outer loop
      vertex -33.1532 67.7399 0
      vertex -12.2655 74.4136 0
      vertex -32.5867 67.058 0
    endloop
  endfacet
  facet normal -0.769191 -0.639019 0
    outer loop
      vertex -33.1532 67.7399 0
      vertex -32.5867 67.058 0
      vertex -32.5867 67.058 6.35
    endloop
  endfacet
  facet normal -0.769191 -0.639019 0
    outer loop
      vertex -33.1532 67.7399 0
      vertex -32.5867 67.058 6.35
      vertex -33.1532 67.7399 6.35
    endloop
  endfacet
  facet normal 0 0 1
    outer loop
      vertex -33.1532 67.7399 6.35
      vertex -32.5867 67.058 6.35
      vertex -12.2655 74.4136 6.35
    endloop
  endfacet
  facet normal 0 0 -1
    outer loop
      vertex -33.2365 50.7442 0
      vertex -17.5359 41.509 0
      vertex -17.6735 41.1684 0
    endloop
  endfacet
  facet normal 0 0 -1
    outer loop
      vertex -33.2365 50.7442 0
      vertex -17.6735 41.1684 0
      vertex -17.787 40.819 0
    endloop
  endfacet
  facet normal 0 0 -1
    outer loop
      vertex -33.2365 50.7442 0
      vertex -32.6634 51.4204 0
      vertex -17.5359 41.509 0
    endloop
  endfacet
  facet normal -0.762868 0.646554 0
    outer loop
      vertex -33.2365 50.7442 0
      vertex -33.2365 50.7442 6.35
      vertex -32.6634 51.4204 0
    endloop
  endfacet
  facet normal 0 0 1
    outer loop
      vertex -33.2365 50.7442 6.35
      vertex -17.5359 41.509 6.35
      vertex -32.6634 51.4204 6.35
    endloop
  endfacet
  facet normal 0 0 1
    outer loop
      vertex -33.2365 50.7442 6.35
      vertex -17.6735 41.1684 6.35
      vertex -17.5359 41.509 6.35
    endloop
  endfacet
  facet normal 0 0 1
    outer loop
      vertex -33.2365 50.7442 6.35
      vertex -17.787 40.819 6.35
      vertex -17.6735 41.1684 6.35
    endloop
  endfacet
  facet normal -0.762868 0.646554 0
    outer loop
      vertex -33.2365 50.7442 6.35
      vertex -32.6634 51.4204 6.35
      vertex -32.6634 51.4204 0
    endloop
  endfacet
  facet normal 0.406694 0.913564 0
    outer loop
      vertex -33.4143 22.5505 0
      vertex -33.4143 22.5505 6.35
      vertex -33.0787 22.4011 0
    endloop
  endfacet
  facet normal 0.406694 0.913564 0
    outer loop
      vertex -33.4143 22.5505 6.35
      vertex -33.0787 22.4011 6.35
      vertex -33.0787 22.4011 0
    endloop
  endfacet
  facet normal 0.406694 -0.913564 0
    outer loop
      vertex -33.4143 32.0103 0
      vertex -33.0787 32.1597 0
      vertex -33.0787 32.1597 6.35
    endloop
  endfacet
  facet normal 0.406694 -0.913564 0
    outer loop
      vertex -33.4143 32.0103 0
      vertex -33.0787 32.1597 6.35
      vertex -33.4143 32.0103 6.35
    endloop
  endfacet
  facet normal 0.469613 0.882872 0
    outer loop
      vertex -33.7386 22.723 0
      vertex -33.7386 22.723 6.35
      vertex -33.4143 22.5505 0
    endloop
  endfacet
  facet normal 0.469613 0.882872 0
    outer loop
      vertex -33.7386 22.723 6.35
      vertex -33.4143 22.5505 6.35
      vertex -33.4143 22.5505 0
    endloop
  endfacet
  facet normal 0.469401 -0.882985 0
    outer loop
      vertex -33.7386 31.8379 0
      vertex -33.4143 32.0103 0
      vertex -33.4143 32.0103 6.35
    endloop
  endfacet
  facet normal 0.469401 -0.882985 0
    outer loop
      vertex -33.7386 31.8379 0
      vertex -33.4143 32.0103 6.35
      vertex -33.7386 31.8379 6.35
    endloop
  endfacet
  facet normal 0 0 -1
    outer loop
      vertex -33.7658 68.3805 0
      vertex -12.1378 75.2908 0
      vertex -12.2655 74.4136 0
    endloop
  endfacet
  facet normal 0 0 -1
    outer loop
      vertex -33.7658 68.3805 0
      vertex -12.2655 74.4136 0
      vertex -33.1532 67.7399 0
    endloop
  endfacet
  facet normal -0.722725 -0.691136 0
    outer loop
      vertex -33.7658 68.3805 0
      vertex -33.1532 67.7399 0
      vertex -33.1532 67.7399 6.35
    endloop
  endfacet
  facet normal -0.722725 -0.691136 0
    outer loop
      vertex -33.7658 68.3805 0
      vertex -33.1532 67.7399 6.35
      vertex -33.7658 68.3805 6.35
    endloop
  endfacet
  facet normal 0 0 1
    outer loop
      vertex -33.7658 68.3805 6.35
      vertex -12.2655 74.4136 6.35
      vertex -12.1378 75.2908 6.35
    endloop
  endfacet
  facet normal 0 0 1
    outer loop
      vertex -33.7658 68.3805 6.35
      vertex -33.1532 67.7399 6.35
      vertex -12.2655 74.4136 6.35
    endloop
  endfacet
  facet normal 0 0 -1
    outer loop
      vertex -33.8554 50.1095 0
      vertex -17.787 40.819 0
      vertex -17.8758 40.4626 0
    endloop
  endfacet
  facet normal 0 0 -1
    outer loop
      vertex -33.8554 50.1095 0
      vertex -33.2365 50.7442 0
      vertex -17.787 40.819 0
    endloop
  endfacet
  facet normal -0.715962 0.698139 0
    outer loop
      vertex -33.8554 50.1095 0
      vertex -33.8554 50.1095 6.35
      vertex -33.2365 50.7442 0
    endloop
  endfacet
  facet normal 0 0 1
    outer loop
      vertex -33.8554 50.1095 6.35
      vertex -17.787 40.819 6.35
      vertex -33.2365 50.7442 6.35
    endloop
  endfacet
  facet normal 0 0 1
    outer loop
      vertex -33.8554 50.1095 6.35
      vertex -17.8758 40.4626 6.35
      vertex -17.787 40.819 6.35
    endloop
  endfacet
  facet normal -0.715962 0.698139 0
    outer loop
      vertex -33.8554 50.1095 6.35
      vertex -33.2365 50.7442 6.35
      vertex -33.2365 50.7442 0
    endloop
  endfacet
  facet normal 0.529828 0.848105 0
    outer loop
      vertex -34.0501 22.9176 0
      vertex -34.0501 22.9176 6.35
      vertex -33.7386 22.723 0
    endloop
  endfacet
  facet normal 0.529828 0.848105 0
    outer loop
      vertex -34.0501 22.9176 6.35
      vertex -33.7386 22.723 6.35
      vertex -33.7386 22.723 0
    endloop
  endfacet
  facet normal 0.530023 -0.847983 0
    outer loop
      vertex -34.0501 31.6432 0
      vertex -33.7386 31.8379 0
      vertex -33.7386 31.8379 6.35
    endloop
  endfacet
  facet normal 0.530023 -0.847983 0
    outer loop
      vertex -34.0501 31.6432 0
      vertex -33.7386 31.8379 6.35
      vertex -34.0501 31.6432 6.35
    endloop
  endfacet
  facet normal 0 0 -1
    outer loop
      vertex -34.2172 109.058 0
      vertex -10.1356 80.1774 0
      vertex -10.609 79.428 0
    endloop
  endfacet
  facet normal 0 0 -1
    outer loop
      vertex -34.2172 109.058 0
      vertex -28.4938 110.691 0
      vertex -10.1356 80.1774 0
    endloop
  endfacet
  facet normal -0.27437 0.961624 0
    outer loop
      vertex -34.2172 109.058 0
      vertex -28.4938 110.691 6.35
      vertex -28.4938 110.691 0
    endloop
  endfacet
  facet normal -0.27437 0.961624 0
    outer loop
      vertex -34.2172 109.058 0
      vertex -34.2172 109.058 6.35
      vertex -28.4938 110.691 6.35
    endloop
  endfacet
  facet normal 0 0 1
    outer loop
      vertex -34.2172 109.058 6.35
      vertex -10.1356 80.1774 6.35
      vertex -28.4938 110.691 6.35
    endloop
  endfacet
  facet normal 0 0 1
    outer loop
      vertex -34.2172 109.058 6.35
      vertex -10.609 79.428 6.35
      vertex -10.1356 80.1774 6.35
    endloop
  endfacet
  facet normal 0.587735 0.809054 0
    outer loop
      vertex -34.3473 23.1335 0
      vertex -34.3473 23.1335 6.35
      vertex -34.0501 22.9176 0
    endloop
  endfacet
  facet normal 0.587735 0.809054 0
    outer loop
      vertex -34.3473 23.1335 6.35
      vertex -34.0501 22.9176 6.35
      vertex -34.0501 22.9176 0
    endloop
  endfacet
  facet normal 0.587735 -0.809054 0
    outer loop
      vertex -34.3473 31.4273 0
      vertex -34.0501 31.6432 0
      vertex -34.0501 31.6432 6.35
    endloop
  endfacet
  facet normal 0.587735 -0.809054 0
    outer loop
      vertex -34.3473 31.4273 0
      vertex -34.0501 31.6432 6.35
      vertex -34.3473 31.4273 6.35
    endloop
  endfacet
  facet normal 0 0 -1
    outer loop
      vertex -34.4216 68.9769 0
      vertex -11.7008 77.0078 0
      vertex -11.9493 76.1569 0
    endloop
  endfacet
  facet normal 0 0 -1
    outer loop
      vertex -34.4216 68.9769 0
      vertex -11.9493 76.1569 0
      vertex -12.1378 75.2908 0
    endloop
  endfacet
  facet normal 0 0 -1
    outer loop
      vertex -34.4216 68.9769 0
      vertex -12.1378 75.2908 0
      vertex -33.7658 68.3805 0
    endloop
  endfacet
  facet normal -0.672808 -0.739818 0
    outer loop
      vertex -34.4216 68.9769 0
      vertex -33.7658 68.3805 0
      vertex -33.7658 68.3805 6.35
    endloop
  endfacet
  facet normal -0.672808 -0.739818 0
    outer loop
      vertex -34.4216 68.9769 0
      vertex -33.7658 68.3805 6.35
      vertex -34.4216 68.9769 6.35
    endloop
  endfacet
  facet normal 0 0 1
    outer loop
      vertex -34.4216 68.9769 6.35
      vertex -11.9493 76.1569 6.35
      vertex -11.7008 77.0078 6.35
    endloop
  endfacet
  facet normal 0 0 1
    outer loop
      vertex -34.4216 68.9769 6.35
      vertex -12.1378 75.2908 6.35
      vertex -11.9493 76.1569 6.35
    endloop
  endfacet
  facet normal 0 0 1
    outer loop
      vertex -34.4216 68.9769 6.35
      vertex -33.7658 68.3805 6.35
      vertex -12.1378 75.2908 6.35
    endloop
  endfacet
  facet normal 0 0 -1
    outer loop
      vertex -34.5171 49.5196 0
      vertex -17.8758 40.4626 0
      vertex -29.8342 32.3866 0
    endloop
  endfacet
  facet normal 0 0 -1
    outer loop
      vertex -34.5171 49.5196 0
      vertex -29.8342 32.3866 0
      vertex -30.1935 32.463 0
    endloop
  endfacet
  facet normal 0 0 -1
    outer loop
      vertex -34.5171 49.5196 0
      vertex -30.1935 32.463 0
      vertex -30.5573 32.5141 0
    endloop
  endfacet
  facet normal 0 0 -1
    outer loop
      vertex -34.5171 49.5196 0
      vertex -33.8554 50.1095 0
      vertex -17.8758 40.4626 0
    endloop
  endfacet
  facet normal -0.665448 0.746444 0
    outer loop
      vertex -34.5171 49.5196 0
      vertex -34.5171 49.5196 6.35
      vertex -33.8554 50.1095 0
    endloop
  endfacet
  facet normal 0 0 1
    outer loop
      vertex -34.5171 49.5196 6.35
      vertex -17.8758 40.4626 6.35
      vertex -33.8554 50.1095 6.35
    endloop
  endfacet
  facet normal 0 0 1
    outer loop
      vertex -34.5171 49.5196 6.35
      vertex -29.8342 32.3866 6.35
      vertex -17.8758 40.4626 6.35
    endloop
  endfacet
  facet normal 0 0 1
    outer loop
      vertex -34.5171 49.5196 6.35
      vertex -30.1935 32.463 6.35
      vertex -29.8342 32.3866 6.35
    endloop
  endfacet
  facet normal 0 0 1
    outer loop
      vertex -34.5171 49.5196 6.35
      vertex -30.5573 32.5141 6.35
      vertex -30.1935 32.463 6.35
    endloop
  endfacet
  facet normal -0.665448 0.746444 0
    outer loop
      vertex -34.5171 49.5196 6.35
      vertex -33.8554 50.1095 6.35
      vertex -33.8554 50.1095 0
    endloop
  endfacet
  facet normal 0.642751 0.766075 0
    outer loop
      vertex -34.6287 23.3696 0
      vertex -34.6287 23.3696 6.35
      vertex -34.3473 23.1335 0
    endloop
  endfacet
  facet normal 0.642751 0.766075 0
    outer loop
      vertex -34.6287 23.3696 6.35
      vertex -34.3473 23.1335 6.35
      vertex -34.3473 23.1335 0
    endloop
  endfacet
  facet normal 0.642751 -0.766075 0
    outer loop
      vertex -34.6287 31.1912 0
      vertex -34.3473 31.4273 0
      vertex -34.3473 31.4273 6.35
    endloop
  endfacet
  facet normal 0.642751 -0.766075 0
    outer loop
      vertex -34.6287 31.1912 0
      vertex -34.3473 31.4273 6.35
      vertex -34.6287 31.1912 6.35
    endloop
  endfacet
  facet normal 0.69475 0.719251 0
    outer loop
      vertex -34.8929 23.6248 0
      vertex -34.8929 23.6248 6.35
      vertex -34.6287 23.3696 0
    endloop
  endfacet
  facet normal 0.69475 0.719251 0
    outer loop
      vertex -34.8929 23.6248 6.35
      vertex -34.6287 23.3696 6.35
      vertex -34.6287 23.3696 0
    endloop
  endfacet
  facet normal 0.694609 -0.719387 0
    outer loop
      vertex -34.8929 30.9361 0
      vertex -34.6287 31.1912 0
      vertex -34.6287 31.1912 6.35
    endloop
  endfacet
  facet normal 0.694609 -0.719387 0
    outer loop
      vertex -34.8929 30.9361 0
      vertex -34.6287 31.1912 6.35
      vertex -34.8929 30.9361 6.35
    endloop
  endfacet
  facet normal 0 0 -1
    outer loop
      vertex -35.1175 69.5261 0
      vertex -11.3935 77.8393 0
      vertex -11.7008 77.0078 0
    endloop
  endfacet
  facet normal 0 0 -1
    outer loop
      vertex -35.1175 69.5261 0
      vertex -11.7008 77.0078 0
      vertex -34.4216 68.9769 0
    endloop
  endfacet
  facet normal -0.619509 -0.78499 0
    outer loop
      vertex -35.1175 69.5261 0
      vertex -34.4216 68.9769 0
      vertex -34.4216 68.9769 6.35
    endloop
  endfacet
  facet normal -0.619509 -0.78499 0
    outer loop
      vertex -35.1175 69.5261 0
      vertex -34.4216 68.9769 6.35
      vertex -35.1175 69.5261 6.35
    endloop
  endfacet
  facet normal 0 0 1
    outer loop
      vertex -35.1175 69.5261 6.35
      vertex -11.7008 77.0078 6.35
      vertex -11.3935 77.8393 6.35
    endloop
  endfacet
  facet normal 0 0 1
    outer loop
      vertex -35.1175 69.5261 6.35
      vertex -34.4216 68.9769 6.35
      vertex -11.7008 77.0078 6.35
    endloop
  endfacet
  facet normal 0.743159 0.669115 0
    outer loop
      vertex -35.1387 23.8978 0
      vertex -35.1387 23.8978 6.35
      vertex -34.8929 23.6248 0
    endloop
  endfacet
  facet normal 0.743159 0.669115 0
    outer loop
      vertex -35.1387 23.8978 6.35
      vertex -34.8929 23.6248 6.35
      vertex -34.8929 23.6248 0
    endloop
  endfacet
  facet normal 0.743159 -0.669115 0
    outer loop
      vertex -35.1387 30.6631 0
      vertex -34.8929 30.9361 0
      vertex -34.8929 30.9361 6.35
    endloop
  endfacet
  facet normal 0.743159 -0.669115 0
    outer loop
      vertex -35.1387 30.6631 0
      vertex -34.8929 30.9361 6.35
      vertex -35.1387 30.6631 6.35
    endloop
  endfacet
  facet normal 0 0 -1
    outer loop
      vertex -35.2183 48.9773 0
      vertex -30.5573 32.5141 0
      vertex -30.9237 32.5397 0
    endloop
  endfacet
  facet normal 0 0 -1
    outer loop
      vertex -35.2183 48.9773 0
      vertex -34.5171 49.5196 0
      vertex -30.5573 32.5141 0
    endloop
  endfacet
  facet normal -0.611775 0.791032 0
    outer loop
      vertex -35.2183 48.9773 0
      vertex -35.2183 48.9773 6.35
      vertex -34.5171 49.5196 0
    endloop
  endfacet
  facet normal 0 0 1
    outer loop
      vertex -35.2183 48.9773 6.35
      vertex -30.5573 32.5141 6.35
      vertex -34.5171 49.5196 6.35
    endloop
  endfacet
  facet normal 0 0 1
    outer loop
      vertex -35.2183 48.9773 6.35
      vertex -30.9237 32.5397 6.35
      vertex -30.5573 32.5141 6.35
    endloop
  endfacet
  facet normal -0.611775 0.791032 0
    outer loop
      vertex -35.2183 48.9773 6.35
      vertex -34.5171 49.5196 6.35
      vertex -34.5171 49.5196 0
    endloop
  endfacet
  facet normal 0.788016 0.615655 0
    outer loop
      vertex -35.3648 24.1872 0
      vertex -35.3648 24.1872 6.35
      vertex -35.1387 23.8978 0
    endloop
  endfacet
  facet normal 0.788016 0.615655 0
    outer loop
      vertex -35.3648 24.1872 6.35
      vertex -35.1387 23.8978 6.35
      vertex -35.1387 23.8978 0
    endloop
  endfacet
  facet normal 0.788119 -0.615523 0
    outer loop
      vertex -35.3648 30.3736 0
      vertex -35.1387 30.6631 0
      vertex -35.1387 30.6631 6.35
    endloop
  endfacet
  facet normal 0.788119 -0.615523 0
    outer loop
      vertex -35.3648 30.3736 0
      vertex -35.1387 30.6631 6.35
      vertex -35.3648 30.3736 6.35
    endloop
  endfacet
  facet normal 0 0 -1
    outer loop
      vertex -35.4434 7.11371 0
      vertex -35.4306 7.4808 0
      vertex -22.3295 -1.95357 0
    endloop
  endfacet
  facet normal -0.999393 0.0348477 0
    outer loop
      vertex -35.4434 7.11371 0
      vertex -35.4434 7.11371 6.35
      vertex -35.4306 7.4808 0
    endloop
  endfacet
  facet normal 0 0 1
    outer loop
      vertex -35.4434 7.11371 6.35
      vertex -22.3295 -1.95357 6.35
      vertex -35.4306 7.4808 6.35
    endloop
  endfacet
  facet normal -0.999393 0.0348477 0
    outer loop
      vertex -35.4434 7.11371 6.35
      vertex -35.4306 7.4808 6.35
      vertex -35.4306 7.4808 0
    endloop
  endfacet
  facet normal 0 0 -1
    outer loop
      vertex -35.4434 7.8479 0
      vertex -22.3295 -1.95357 0
      vertex -35.4306 7.4808 0
    endloop
  endfacet
  facet normal -0.999393 -0.0348467 0
    outer loop
      vertex -35.4434 7.8479 0
      vertex -35.4306 7.4808 0
      vertex -35.4306 7.4808 6.35
    endloop
  endfacet
  facet normal -0.999393 -0.0348467 0
    outer loop
      vertex -35.4434 7.8479 0
      vertex -35.4306 7.4808 6.35
      vertex -35.4434 7.8479 6.35
    endloop
  endfacet
  facet normal 0 0 1
    outer loop
      vertex -35.4434 7.8479 6.35
      vertex -35.4306 7.4808 6.35
      vertex -22.3295 -1.95357 6.35
    endloop
  endfacet
  facet normal 0 0 -1
    outer loop
      vertex -35.4818 6.74841 0
      vertex -35.4434 7.11371 0
      vertex -22.3295 -1.95357 0
    endloop
  endfacet
  facet normal -0.99452 0.104543 0
    outer loop
      vertex -35.4818 6.74841 0
      vertex -35.4818 6.74841 6.35
      vertex -35.4434 7.11371 0
    endloop
  endfacet
  facet normal 0 0 1
    outer loop
      vertex -35.4818 6.74841 6.35
      vertex -22.3295 -1.95357 6.35
      vertex -35.4434 7.11371 6.35
    endloop
  endfacet
  facet normal -0.99452 0.104543 0
    outer loop
      vertex -35.4818 6.74841 6.35
      vertex -35.4434 7.11371 6.35
      vertex -35.4434 7.11371 0
    endloop
  endfacet
  facet normal 0 0 -1
    outer loop
      vertex -35.4818 8.21321 0
      vertex -11.7847 5.2469 0
      vertex -22.3295 -1.95357 0
    endloop
  endfacet
  facet normal 0 0 -1
    outer loop
      vertex -35.4818 8.21321 0
      vertex -22.3295 -1.95357 0
      vertex -35.4434 7.8479 0
    endloop
  endfacet
  facet normal -0.994521 -0.10454 0
    outer loop
      vertex -35.4818 8.21321 0
      vertex -35.4434 7.8479 0
      vertex -35.4434 7.8479 6.35
    endloop
  endfacet
  facet normal -0.994521 -0.10454 0
    outer loop
      vertex -35.4818 8.21321 0
      vertex -35.4434 7.8479 6.35
      vertex -35.4818 8.21321 6.35
    endloop
  endfacet
  facet normal 0 0 1
    outer loop
      vertex -35.4818 8.21321 6.35
      vertex -22.3295 -1.95357 6.35
      vertex -11.7847 5.2469 6.35
    endloop
  endfacet
  facet normal 0 0 1
    outer loop
      vertex -35.4818 8.21321 6.35
      vertex -35.4434 7.8479 6.35
      vertex -22.3295 -1.95357 6.35
    endloop
  endfacet
  facet normal 0 0 -1
    outer loop
      vertex -35.5456 6.38667 0
      vertex -35.4818 6.74841 0
      vertex -22.3295 -1.95357 0
    endloop
  endfacet
  facet normal -0.984801 0.173689 0
    outer loop
      vertex -35.5456 6.38667 0
      vertex -35.5456 6.38667 6.35
      vertex -35.4818 6.74841 0
    endloop
  endfacet
  facet normal 0 0 1
    outer loop
      vertex -35.5456 6.38667 6.35
      vertex -22.3295 -1.95357 6.35
      vertex -35.4818 6.74841 6.35
    endloop
  endfacet
  facet normal -0.984801 0.173689 0
    outer loop
      vertex -35.5456 6.38667 6.35
      vertex -35.4818 6.74841 6.35
      vertex -35.4818 6.74841 0
    endloop
  endfacet
  facet normal 0 0 -1
    outer loop
      vertex -35.5456 8.57495 0
      vertex -11.7847 5.2469 0
      vertex -35.4818 8.21321 0
    endloop
  endfacet
  facet normal 0 0 -1
    outer loop
      vertex -35.5456 8.57495 0
      vertex -28.8004 22.5505 0
      vertex -11.7847 5.2469 0
    endloop
  endfacet
  facet normal -0.984801 -0.173689 0
    outer loop
      vertex -35.5456 8.57495 0
      vertex -35.4818 8.21321 0
      vertex -35.4818 8.21321 6.35
    endloop
  endfacet
  facet normal -0.984801 -0.173689 0
    outer loop
      vertex -35.5456 8.57495 0
      vertex -35.4818 8.21321 6.35
      vertex -35.5456 8.57495 6.35
    endloop
  endfacet
  facet normal 0 0 1
    outer loop
      vertex -35.5456 8.57495 6.35
      vertex -11.7847 5.2469 6.35
      vertex -28.8004 22.5505 6.35
    endloop
  endfacet
  facet normal 0 0 1
    outer loop
      vertex -35.5456 8.57495 6.35
      vertex -35.4818 8.21321 6.35
      vertex -11.7847 5.2469 6.35
    endloop
  endfacet
  facet normal 0.829022 0.559216 0
    outer loop
      vertex -35.5702 24.4917 0
      vertex -35.5702 24.4917 6.35
      vertex -35.3648 24.1872 0
    endloop
  endfacet
  facet normal 0.829022 0.559216 0
    outer loop
      vertex -35.5702 24.4917 6.35
      vertex -35.3648 24.1872 6.35
      vertex -35.3648 24.1872 0
    endloop
  endfacet
  facet normal 0.829022 -0.559216 0
    outer loop
      vertex -35.5702 30.0691 0
      vertex -35.3648 30.3736 0
      vertex -35.3648 30.3736 6.35
    endloop
  endfacet
  facet normal 0.829022 -0.559216 0
    outer loop
      vertex -35.5702 30.0691 0
      vertex -35.3648 30.3736 6.35
      vertex -35.5702 30.0691 6.35
    endloop
  endfacet
  facet normal 0 0 -1
    outer loop
      vertex -35.6344 6.03027 0
      vertex -35.5456 6.38667 0
      vertex -22.3295 -1.95357 0
    endloop
  endfacet
  facet normal -0.970334 0.241767 0
    outer loop
      vertex -35.6344 6.03027 0
      vertex -35.6344 6.03027 6.35
      vertex -35.5456 6.38667 0
    endloop
  endfacet
  facet normal 0 0 1
    outer loop
      vertex -35.6344 6.03027 6.35
      vertex -22.3295 -1.95357 6.35
      vertex -35.5456 6.38667 6.35
    endloop
  endfacet
  facet normal -0.970334 0.241767 0
    outer loop
      vertex -35.6344 6.03027 6.35
      vertex -35.5456 6.38667 6.35
      vertex -35.5456 6.38667 0
    endloop
  endfacet
  facet normal 0 0 -1
    outer loop
      vertex -35.6344 8.93135 0
      vertex -28.8004 22.5505 0
      vertex -35.5456 8.57495 0
    endloop
  endfacet
  facet normal 0 0 -1
    outer loop
      vertex -35.6344 8.93135 0
      vertex -29.136 22.4011 0
      vertex -28.8004 22.5505 0
    endloop
  endfacet
  facet normal -0.970334 -0.241767 0
    outer loop
      vertex -35.6344 8.93135 0
      vertex -35.5456 8.57495 0
      vertex -35.5456 8.57495 6.35
    endloop
  endfacet
  facet normal -0.970334 -0.241767 0
    outer loop
      vertex -35.6344 8.93135 0
      vertex -35.5456 8.57495 6.35
      vertex -35.6344 8.93135 6.35
    endloop
  endfacet
  facet normal 0 0 1
    outer loop
      vertex -35.6344 8.93135 6.35
      vertex -28.8004 22.5505 6.35
      vertex -29.136 22.4011 6.35
    endloop
  endfacet
  facet normal 0 0 1
    outer loop
      vertex -35.6344 8.93135 6.35
      vertex -35.5456 8.57495 6.35
      vertex -28.8004 22.5505 6.35
    endloop
  endfacet
  facet normal 0 0 -1
    outer loop
      vertex -35.748 5.68092 0
      vertex -35.6344 6.03027 0
      vertex -22.3295 -1.95357 0
    endloop
  endfacet
  facet normal -0.950985 0.309237 0
    outer loop
      vertex -35.748 5.68092 0
      vertex -35.748 5.68092 6.35
      vertex -35.6344 6.03027 0
    endloop
  endfacet
  facet normal 0 0 1
    outer loop
      vertex -35.748 5.68092 6.35
      vertex -22.3295 -1.95357 6.35
      vertex -35.6344 6.03027 6.35
    endloop
  endfacet
  facet normal -0.950985 0.309237 0
    outer loop
      vertex -35.748 5.68092 6.35
      vertex -35.6344 6.03027 6.35
      vertex -35.6344 6.03027 0
    endloop
  endfacet
  facet normal 0 0 -1
    outer loop
      vertex -35.748 9.28069 0
      vertex -29.136 22.4011 0
      vertex -35.6344 8.93135 0
    endloop
  endfacet
  facet normal 0 0 -1
    outer loop
      vertex -35.748 9.28069 0
      vertex -29.4812 22.2755 0
      vertex -29.136 22.4011 0
    endloop
  endfacet
  facet normal -0.950982 -0.309245 0
    outer loop
      vertex -35.748 9.28069 0
      vertex -35.6344 8.93135 0
      vertex -35.6344 8.93135 6.35
    endloop
  endfacet
  facet normal -0.950982 -0.309245 0
    outer loop
      vertex -35.748 9.28069 0
      vertex -35.6344 8.93135 6.35
      vertex -35.748 9.28069 6.35
    endloop
  endfacet
  facet normal 0 0 1
    outer loop
      vertex -35.748 9.28069 6.35
      vertex -29.136 22.4011 6.35
      vertex -29.4812 22.2755 6.35
    endloop
  endfacet
  facet normal 0 0 1
    outer loop
      vertex -35.748 9.28069 6.35
      vertex -35.6344 8.93135 6.35
      vertex -29.136 22.4011 6.35
    endloop
  endfacet
  facet normal 0.865972 0.500092 0
    outer loop
      vertex -35.7539 24.8098 0
      vertex -35.7539 24.8098 6.35
      vertex -35.5702 24.4917 0
    endloop
  endfacet
  facet normal 0.865972 0.500092 0
    outer loop
      vertex -35.7539 24.8098 6.35
      vertex -35.5702 24.4917 6.35
      vertex -35.5702 24.4917 0
    endloop
  endfacet
  facet normal 0.865972 -0.500092 0
    outer loop
      vertex -35.7539 29.751 0
      vertex -35.5702 30.0691 0
      vertex -35.5702 30.0691 6.35
    endloop
  endfacet
  facet normal 0.865972 -0.500092 0
    outer loop
      vertex -35.7539 29.751 0
      vertex -35.5702 30.0691 6.35
      vertex -35.7539 29.751 6.35
    endloop
  endfacet
  facet normal 0 0 -1
    outer loop
      vertex -35.85 70.0254 0
      vertex -11.3935 77.8393 0
      vertex -35.1175 69.5261 0
    endloop
  endfacet
  facet normal -0.563235 -0.826297 0
    outer loop
      vertex -35.85 70.0254 0
      vertex -35.1175 69.5261 0
      vertex -35.1175 69.5261 6.35
    endloop
  endfacet
  facet normal -0.563235 -0.826297 0
    outer loop
      vertex -35.85 70.0254 0
      vertex -35.1175 69.5261 6.35
      vertex -35.85 70.0254 6.35
    endloop
  endfacet
  facet normal 0 0 1
    outer loop
      vertex -35.85 70.0254 6.35
      vertex -35.1175 69.5261 6.35
      vertex -11.3935 77.8393 6.35
    endloop
  endfacet
  facet normal 0 0 -1
    outer loop
      vertex -35.8856 5.34036 0
      vertex -35.748 5.68092 0
      vertex -22.3295 -1.95357 0
    endloop
  endfacet
  facet normal -0.927179 0.374618 0
    outer loop
      vertex -35.8856 5.34036 0
      vertex -35.8856 5.34036 6.35
      vertex -35.748 5.68092 0
    endloop
  endfacet
  facet normal 0 0 1
    outer loop
      vertex -35.8856 5.34036 6.35
      vertex -22.3295 -1.95357 6.35
      vertex -35.748 5.68092 6.35
    endloop
  endfacet
  facet normal -0.927179 0.374618 0
    outer loop
      vertex -35.8856 5.34036 6.35
      vertex -35.748 5.68092 6.35
      vertex -35.748 5.68092 0
    endloop
  endfacet
  facet normal 0 0 -1
    outer loop
      vertex -35.8856 9.62126 0
      vertex -29.4812 22.2755 0
      vertex -35.748 9.28069 0
    endloop
  endfacet
  facet normal 0 0 -1
    outer loop
      vertex -35.8856 9.62126 0
      vertex -29.8342 22.1742 0
      vertex -29.4812 22.2755 0
    endloop
  endfacet
  facet normal -0.927183 -0.374608 0
    outer loop
      vertex -35.8856 9.62126 0
      vertex -35.748 9.28069 0
      vertex -35.748 9.28069 6.35
    endloop
  endfacet
  facet normal -0.927183 -0.374608 0
    outer loop
      vertex -35.8856 9.62126 0
      vertex -35.748 9.28069 6.35
      vertex -35.8856 9.62126 6.35
    endloop
  endfacet
  facet normal 0 0 1
    outer loop
      vertex -35.8856 9.62126 6.35
      vertex -29.4812 22.2755 6.35
      vertex -29.8342 22.1742 6.35
    endloop
  endfacet
  facet normal 0 0 1
    outer loop
      vertex -35.8856 9.62126 6.35
      vertex -35.748 9.28069 6.35
      vertex -29.4812 22.2755 6.35
    endloop
  endfacet
  facet normal 0.898847 0.438263 0
    outer loop
      vertex -35.9149 25.14 0
      vertex -35.9149 25.14 6.35
      vertex -35.7539 24.8098 0
    endloop
  endfacet
  facet normal 0.898847 0.438263 0
    outer loop
      vertex -35.9149 25.14 6.35
      vertex -35.7539 24.8098 6.35
      vertex -35.7539 24.8098 0
    endloop
  endfacet
  facet normal 0.898795 -0.43837 0
    outer loop
      vertex -35.9149 29.4209 0
      vertex -35.7539 29.751 0
      vertex -35.7539 29.751 6.35
    endloop
  endfacet
  facet normal 0.898795 -0.43837 0
    outer loop
      vertex -35.9149 29.4209 0
      vertex -35.7539 29.751 6.35
      vertex -35.9149 29.4209 6.35
    endloop
  endfacet
  facet normal 0 0 -1
    outer loop
      vertex -35.9556 48.4852 0
      vertex -30.9237 32.5397 0
      vertex -31.291 32.5397 0
    endloop
  endfacet
  facet normal 0 0 -1
    outer loop
      vertex -35.9556 48.4852 0
      vertex -31.291 32.5397 0
      vertex -31.6574 32.5141 0
    endloop
  endfacet
  facet normal 0 0 -1
    outer loop
      vertex -35.9556 48.4852 0
      vertex -35.2183 48.9773 0
      vertex -30.9237 32.5397 0
    endloop
  endfacet
  facet normal -0.555143 0.831755 0
    outer loop
      vertex -35.9556 48.4852 0
      vertex -35.9556 48.4852 6.35
      vertex -35.2183 48.9773 0
    endloop
  endfacet
  facet normal 0 0 1
    outer loop
      vertex -35.9556 48.4852 6.35
      vertex -30.9237 32.5397 6.35
      vertex -35.2183 48.9773 6.35
    endloop
  endfacet
  facet normal 0 0 1
    outer loop
      vertex -35.9556 48.4852 6.35
      vertex -31.291 32.5397 6.35
      vertex -30.9237 32.5397 6.35
    endloop
  endfacet
  facet normal 0 0 1
    outer loop
      vertex -35.9556 48.4852 6.35
      vertex -31.6574 32.5141 6.35
      vertex -31.291 32.5397 6.35
    endloop
  endfacet
  facet normal -0.555143 0.831755 0
    outer loop
      vertex -35.9556 48.4852 6.35
      vertex -35.2183 48.9773 6.35
      vertex -35.2183 48.9773 0
    endloop
  endfacet
  facet normal 0 0 -1
    outer loop
      vertex -36.0466 5.01021 0
      vertex -35.8856 5.34036 0
      vertex -22.3295 -1.95357 0
    endloop
  endfacet
  facet normal -0.898821 0.438316 0
    outer loop
      vertex -36.0466 5.01021 0
      vertex -36.0466 5.01021 6.35
      vertex -35.8856 5.34036 0
    endloop
  endfacet
  facet normal 0 0 1
    outer loop
      vertex -36.0466 5.01021 6.35
      vertex -22.3295 -1.95357 6.35
      vertex -35.8856 5.34036 6.35
    endloop
  endfacet
  facet normal -0.898821 0.438316 0
    outer loop
      vertex -36.0466 5.01021 6.35
      vertex -35.8856 5.34036 6.35
      vertex -35.8856 5.34036 0
    endloop
  endfacet
  facet normal 0 0 -1
    outer loop
      vertex -36.0466 9.9514 0
      vertex -29.8342 22.1742 0
      vertex -35.8856 9.62126 0
    endloop
  endfacet
  facet normal 0 0 -1
    outer loop
      vertex -36.0466 9.9514 0
      vertex -30.1935 22.0979 0
      vertex -29.8342 22.1742 0
    endloop
  endfacet
  facet normal -0.898816 -0.438327 0
    outer loop
      vertex -36.0466 9.9514 0
      vertex -35.8856 9.62126 0
      vertex -35.8856 9.62126 6.35
    endloop
  endfacet
  facet normal -0.898816 -0.438327 0
    outer loop
      vertex -36.0466 9.9514 0
      vertex -35.8856 9.62126 6.35
      vertex -36.0466 9.9514 6.35
    endloop
  endfacet
  facet normal 0 0 1
    outer loop
      vertex -36.0466 9.9514 6.35
      vertex -29.8342 22.1742 6.35
      vertex -30.1935 22.0979 6.35
    endloop
  endfacet
  facet normal 0 0 1
    outer loop
      vertex -36.0466 9.9514 6.35
      vertex -35.8856 9.62126 6.35
      vertex -29.8342 22.1742 6.35
    endloop
  endfacet
  facet normal 0.927156 0.374675 0
    outer loop
      vertex -36.0525 25.4805 0
      vertex -36.0525 25.4805 6.35
      vertex -35.9149 25.14 0
    endloop
  endfacet
  facet normal 0.927156 0.374675 0
    outer loop
      vertex -36.0525 25.4805 6.35
      vertex -35.9149 25.14 6.35
      vertex -35.9149 25.14 0
    endloop
  endfacet
  facet normal 0.927195 -0.37458 0
    outer loop
      vertex -36.0525 29.0803 0
      vertex -35.9149 29.4209 0
      vertex -35.9149 29.4209 6.35
    endloop
  endfacet
  facet normal 0.927195 -0.37458 0
    outer loop
      vertex -36.0525 29.0803 0
      vertex -35.9149 29.4209 6.35
      vertex -36.0525 29.0803 6.35
    endloop
  endfacet
  facet normal 0.951078 0.308951 0
    outer loop
      vertex -36.166 25.8299 0
      vertex -36.166 25.8299 6.35
      vertex -36.0525 25.4805 0
    endloop
  endfacet
  facet normal 0.951078 0.308951 0
    outer loop
      vertex -36.166 25.8299 6.35
      vertex -36.0525 25.4805 6.35
      vertex -36.0525 25.4805 0
    endloop
  endfacet
  facet normal 0.951052 -0.309031 0
    outer loop
      vertex -36.166 28.731 0
      vertex -36.0525 29.0803 0
      vertex -36.0525 29.0803 6.35
    endloop
  endfacet
  facet normal 0.951052 -0.309031 0
    outer loop
      vertex -36.166 28.731 0
      vertex -36.0525 29.0803 6.35
      vertex -36.166 28.731 6.35
    endloop
  endfacet
  facet normal 0 0 -1
    outer loop
      vertex -36.2302 10.2695 0
      vertex -30.1935 22.0979 0
      vertex -36.0466 9.9514 0
    endloop
  endfacet
  facet normal 0 0 -1
    outer loop
      vertex -36.2302 10.2695 0
      vertex -30.5573 22.0468 0
      vertex -30.1935 22.0979 0
    endloop
  endfacet
  facet normal -0.86609 -0.499887 0
    outer loop
      vertex -36.2302 10.2695 0
      vertex -36.0466 9.9514 0
      vertex -36.0466 9.9514 6.35
    endloop
  endfacet
  facet normal -0.86609 -0.499887 0
    outer loop
      vertex -36.2302 10.2695 0
      vertex -36.0466 9.9514 6.35
      vertex -36.2302 10.2695 6.35
    endloop
  endfacet
  facet normal 0 0 1
    outer loop
      vertex -36.2302 10.2695 6.35
      vertex -30.1935 22.0979 6.35
      vertex -30.5573 22.0468 6.35
    endloop
  endfacet
  facet normal 0 0 1
    outer loop
      vertex -36.2302 10.2695 6.35
      vertex -36.0466 9.9514 6.35
      vertex -30.1935 22.0979 6.35
    endloop
  endfacet
  facet normal 0 0 -1
    outer loop
      vertex -36.2302 4.69211 0
      vertex -36.0466 5.01021 0
      vertex -22.3295 -1.95357 0
    endloop
  endfacet
  facet normal -0.86609 0.499887 0
    outer loop
      vertex -36.2302 4.69211 0
      vertex -36.2302 4.69211 6.35
      vertex -36.0466 5.01021 0
    endloop
  endfacet
  facet normal 0 0 1
    outer loop
      vertex -36.2302 4.69211 6.35
      vertex -22.3295 -1.95357 6.35
      vertex -36.0466 5.01021 6.35
    endloop
  endfacet
  facet normal -0.86609 0.499887 0
    outer loop
      vertex -36.2302 4.69211 6.35
      vertex -36.0466 5.01021 6.35
      vertex -36.0466 5.01021 0
    endloop
  endfacet
  facet normal 0.97027 0.242023 0
    outer loop
      vertex -36.2549 26.1863 0
      vertex -36.2549 26.1863 6.35
      vertex -36.166 25.8299 0
    endloop
  endfacet
  facet normal 0.97027 0.242023 0
    outer loop
      vertex -36.2549 26.1863 6.35
      vertex -36.166 25.8299 6.35
      vertex -36.166 25.8299 0
    endloop
  endfacet
  facet normal 0.97027 -0.242023 0
    outer loop
      vertex -36.2549 28.3746 0
      vertex -36.166 28.731 0
      vertex -36.166 28.731 6.35
    endloop
  endfacet
  facet normal 0.97027 -0.242023 0
    outer loop
      vertex -36.2549 28.3746 0
      vertex -36.166 28.731 6.35
      vertex -36.2549 28.3746 6.35
    endloop
  endfacet
  facet normal 0.984844 0.173444 0
    outer loop
      vertex -36.3186 26.548 0
      vertex -36.3186 26.548 6.35
      vertex -36.2549 26.1863 0
    endloop
  endfacet
  facet normal 0.984844 0.173444 0
    outer loop
      vertex -36.3186 26.548 6.35
      vertex -36.2549 26.1863 6.35
      vertex -36.2549 26.1863 0
    endloop
  endfacet
  facet normal 0.984852 -0.173397 0
    outer loop
      vertex -36.3186 28.0128 0
      vertex -36.2549 28.3746 0
      vertex -36.2549 28.3746 6.35
    endloop
  endfacet
  facet normal 0.984852 -0.173397 0
    outer loop
      vertex -36.3186 28.0128 0
      vertex -36.2549 28.3746 6.35
      vertex -36.3186 28.0128 6.35
    endloop
  endfacet
  facet normal 0.99452 0.104543 0
    outer loop
      vertex -36.357 26.9133 0
      vertex -36.357 26.9133 6.35
      vertex -36.3186 26.548 0
    endloop
  endfacet
  facet normal 0.99452 0.104543 0
    outer loop
      vertex -36.357 26.9133 6.35
      vertex -36.3186 26.548 6.35
      vertex -36.3186 26.548 0
    endloop
  endfacet
  facet normal 0.99452 -0.104543 0
    outer loop
      vertex -36.357 27.6475 0
      vertex -36.3186 28.0128 0
      vertex -36.3186 28.0128 6.35
    endloop
  endfacet
  facet normal 0.99452 -0.104543 0
    outer loop
      vertex -36.357 27.6475 0
      vertex -36.3186 28.0128 6.35
      vertex -36.357 27.6475 6.35
    endloop
  endfacet
  facet normal 0.999383 -0.0351186 0
    outer loop
      vertex -36.3699 27.2804 0
      vertex -36.357 27.6475 0
      vertex -36.357 27.6475 6.35
    endloop
  endfacet
  facet normal 0.999383 -0.0351186 0
    outer loop
      vertex -36.3699 27.2804 0
      vertex -36.357 27.6475 6.35
      vertex -36.3699 27.2804 6.35
    endloop
  endfacet
  facet normal 0.999383 0.0351186 0
    outer loop
      vertex -36.3699 27.2804 0
      vertex -36.3699 27.2804 6.35
      vertex -36.357 26.9133 0
    endloop
  endfacet
  facet normal 0.999383 0.0351186 0
    outer loop
      vertex -36.3699 27.2804 6.35
      vertex -36.357 26.9133 6.35
      vertex -36.357 26.9133 0
    endloop
  endfacet
  facet normal 0 0 -1
    outer loop
      vertex -36.4356 10.574 0
      vertex -30.5573 22.0468 0
      vertex -36.2302 10.2695 0
    endloop
  endfacet
  facet normal 0 0 -1
    outer loop
      vertex -36.4356 10.574 0
      vertex -30.9237 22.0211 0
      vertex -30.5573 22.0468 0
    endloop
  endfacet
  facet normal -0.829022 -0.559216 0
    outer loop
      vertex -36.4356 10.574 0
      vertex -36.2302 10.2695 0
      vertex -36.2302 10.2695 6.35
    endloop
  endfacet
  facet normal -0.829022 -0.559216 0
    outer loop
      vertex -36.4356 10.574 0
      vertex -36.2302 10.2695 6.35
      vertex -36.4356 10.574 6.35
    endloop
  endfacet
  facet normal 0 0 1
    outer loop
      vertex -36.4356 10.574 6.35
      vertex -30.5573 22.0468 6.35
      vertex -30.9237 22.0211 6.35
    endloop
  endfacet
  facet normal 0 0 1
    outer loop
      vertex -36.4356 10.574 6.35
      vertex -36.2302 10.2695 6.35
      vertex -30.5573 22.0468 6.35
    endloop
  endfacet
  facet normal 0 0 -1
    outer loop
      vertex -36.4356 4.38759 0
      vertex -36.2302 4.69211 0
      vertex -22.3295 -1.95357 0
    endloop
  endfacet
  facet normal -0.829039 0.55919 0
    outer loop
      vertex -36.4356 4.38759 0
      vertex -36.4356 4.38759 6.35
      vertex -36.2302 4.69211 0
    endloop
  endfacet
  facet normal 0 0 1
    outer loop
      vertex -36.4356 4.38759 6.35
      vertex -22.3295 -1.95357 6.35
      vertex -36.2302 4.69211 6.35
    endloop
  endfacet
  facet normal -0.829039 0.55919 0
    outer loop
      vertex -36.4356 4.38759 6.35
      vertex -36.2302 4.69211 6.35
      vertex -36.2302 4.69211 0
    endloop
  endfacet
  facet normal 0 0 -1
    outer loop
      vertex -36.6155 70.4724 0
      vertex -10.609 79.428 0
      vertex -11.029 78.6474 0
    endloop
  endfacet
  facet normal 0 0 -1
    outer loop
      vertex -36.6155 70.4724 0
      vertex -11.029 78.6474 0
      vertex -11.3935 77.8393 0
    endloop
  endfacet
  facet normal 0 0 -1
    outer loop
      vertex -36.6155 70.4724 0
      vertex -11.3935 77.8393 0
      vertex -35.85 70.0254 0
    endloop
  endfacet
  facet normal -0.504257 -0.863554 0
    outer loop
      vertex -36.6155 70.4724 0
      vertex -35.85 70.0254 0
      vertex -35.85 70.0254 6.35
    endloop
  endfacet
  facet normal -0.504257 -0.863554 0
    outer loop
      vertex -36.6155 70.4724 0
      vertex -35.85 70.0254 6.35
      vertex -36.6155 70.4724 6.35
    endloop
  endfacet
  facet normal 0 0 1
    outer loop
      vertex -36.6155 70.4724 6.35
      vertex -11.029 78.6474 6.35
      vertex -10.609 79.428 6.35
    endloop
  endfacet
  facet normal 0 0 1
    outer loop
      vertex -36.6155 70.4724 6.35
      vertex -11.3935 77.8393 6.35
      vertex -11.029 78.6474 6.35
    endloop
  endfacet
  facet normal 0 0 1
    outer loop
      vertex -36.6155 70.4724 6.35
      vertex -35.85 70.0254 6.35
      vertex -11.3935 77.8393 6.35
    endloop
  endfacet
  facet normal 0 0 -1
    outer loop
      vertex -36.6618 10.8635 0
      vertex -30.9237 22.0211 0
      vertex -36.4356 10.574 0
    endloop
  endfacet
  facet normal 0 0 -1
    outer loop
      vertex -36.6618 10.8635 0
      vertex -31.291 22.0211 0
      vertex -30.9237 22.0211 0
    endloop
  endfacet
  facet normal -0.787987 -0.615692 0
    outer loop
      vertex -36.6618 10.8635 0
      vertex -36.4356 10.574 0
      vertex -36.4356 10.574 6.35
    endloop
  endfacet
  facet normal -0.787987 -0.615692 0
    outer loop
      vertex -36.6618 10.8635 0
      vertex -36.4356 10.574 6.35
      vertex -36.6618 10.8635 6.35
    endloop
  endfacet
  facet normal 0 0 1
    outer loop
      vertex -36.6618 10.8635 6.35
      vertex -30.9237 22.0211 6.35
      vertex -31.291 22.0211 6.35
    endloop
  endfacet
  facet normal 0 0 1
    outer loop
      vertex -36.6618 10.8635 6.35
      vertex -36.4356 10.574 6.35
      vertex -30.9237 22.0211 6.35
    endloop
  endfacet
  facet normal 0 0 -1
    outer loop
      vertex -36.6618 4.09814 0
      vertex -36.4356 4.38759 0
      vertex -22.3295 -1.95357 0
    endloop
  endfacet
  facet normal -0.787936 0.615758 0
    outer loop
      vertex -36.6618 4.09814 0
      vertex -36.6618 4.09814 6.35
      vertex -36.4356 4.38759 0
    endloop
  endfacet
  facet normal 0 0 1
    outer loop
      vertex -36.6618 4.09814 6.35
      vertex -22.3295 -1.95357 6.35
      vertex -36.4356 4.38759 6.35
    endloop
  endfacet
  facet normal -0.787936 0.615758 0
    outer loop
      vertex -36.6618 4.09814 6.35
      vertex -36.4356 4.38759 6.35
      vertex -36.4356 4.38759 0
    endloop
  endfacet
  facet normal 0 0 -1
    outer loop
      vertex -36.7255 48.0458 0
      vertex -31.6574 32.5141 0
      vertex -32.0212 32.463 0
    endloop
  endfacet
  facet normal 0 0 -1
    outer loop
      vertex -36.7255 48.0458 0
      vertex -35.9556 48.4852 0
      vertex -31.6574 32.5141 0
    endloop
  endfacet
  facet normal -0.495677 0.868507 0
    outer loop
      vertex -36.7255 48.0458 0
      vertex -36.7255 48.0458 6.35
      vertex -35.9556 48.4852 0
    endloop
  endfacet
  facet normal 0 0 1
    outer loop
      vertex -36.7255 48.0458 6.35
      vertex -31.6574 32.5141 6.35
      vertex -35.9556 48.4852 6.35
    endloop
  endfacet
  facet normal 0 0 1
    outer loop
      vertex -36.7255 48.0458 6.35
      vertex -32.0212 32.463 6.35
      vertex -31.6574 32.5141 6.35
    endloop
  endfacet
  facet normal -0.495677 0.868507 0
    outer loop
      vertex -36.7255 48.0458 6.35
      vertex -35.9556 48.4852 6.35
      vertex -35.9556 48.4852 0
    endloop
  endfacet
  facet normal 0 0 -1
    outer loop
      vertex -36.9076 11.1364 0
      vertex -31.291 22.0211 0
      vertex -36.6618 10.8635 0
    endloop
  endfacet
  facet normal 0 0 -1
    outer loop
      vertex -36.9076 11.1364 0
      vertex -31.6574 22.0468 0
      vertex -31.291 22.0211 0
    endloop
  endfacet
  facet normal -0.743037 -0.66925 0
    outer loop
      vertex -36.9076 11.1364 0
      vertex -36.6618 10.8635 0
      vertex -36.6618 10.8635 6.35
    endloop
  endfacet
  facet normal -0.743037 -0.66925 0
    outer loop
      vertex -36.9076 11.1364 0
      vertex -36.6618 10.8635 6.35
      vertex -36.9076 11.1364 6.35
    endloop
  endfacet
  facet normal 0 0 1
    outer loop
      vertex -36.9076 11.1364 6.35
      vertex -31.291 22.0211 6.35
      vertex -31.6574 22.0468 6.35
    endloop
  endfacet
  facet normal 0 0 1
    outer loop
      vertex -36.9076 11.1364 6.35
      vertex -36.6618 10.8635 6.35
      vertex -31.291 22.0211 6.35
    endloop
  endfacet
  facet normal 0 0 -1
    outer loop
      vertex -36.9076 3.82516 0
      vertex -36.6618 4.09814 0
      vertex -22.3295 -1.95357 0
    endloop
  endfacet
  facet normal -0.743134 0.669142 0
    outer loop
      vertex -36.9076 3.82516 0
      vertex -36.9076 3.82516 6.35
      vertex -36.6618 4.09814 0
    endloop
  endfacet
  facet normal 0 0 1
    outer loop
      vertex -36.9076 3.82516 6.35
      vertex -22.3295 -1.95357 6.35
      vertex -36.6618 4.09814 6.35
    endloop
  endfacet
  facet normal -0.743134 0.669142 0
    outer loop
      vertex -36.9076 3.82516 6.35
      vertex -36.6618 4.09814 6.35
      vertex -36.6618 4.09814 0
    endloop
  endfacet
  facet normal 0 0 -1
    outer loop
      vertex -37.1718 11.3916 0
      vertex -31.6574 22.0468 0
      vertex -36.9076 11.1364 0
    endloop
  endfacet
  facet normal 0 0 -1
    outer loop
      vertex -37.1718 11.3916 0
      vertex -32.0212 22.0979 0
      vertex -31.6574 22.0468 0
    endloop
  endfacet
  facet normal -0.69475 -0.719251 0
    outer loop
      vertex -37.1718 11.3916 0
      vertex -36.9076 11.1364 0
      vertex -36.9076 11.1364 6.35
    endloop
  endfacet
  facet normal -0.69475 -0.719251 0
    outer loop
      vertex -37.1718 11.3916 0
      vertex -36.9076 11.1364 6.35
      vertex -37.1718 11.3916 6.35
    endloop
  endfacet
  facet normal 0 0 1
    outer loop
      vertex -37.1718 11.3916 6.35
      vertex -31.6574 22.0468 6.35
      vertex -32.0212 22.0979 6.35
    endloop
  endfacet
  facet normal 0 0 1
    outer loop
      vertex -37.1718 11.3916 6.35
      vertex -36.9076 11.1364 6.35
      vertex -31.6574 22.0468 6.35
    endloop
  endfacet
  facet normal 0 0 -1
    outer loop
      vertex -37.1718 3.57001 0
      vertex -36.9076 3.82516 0
      vertex -22.3295 -1.95357 0
    endloop
  endfacet
  facet normal -0.69468 0.719319 0
    outer loop
      vertex -37.1718 3.57001 0
      vertex -37.1718 3.57001 6.35
      vertex -36.9076 3.82516 0
    endloop
  endfacet
  facet normal 0 0 1
    outer loop
      vertex -37.1718 3.57001 6.35
      vertex -22.3295 -1.95357 6.35
      vertex -36.9076 3.82516 6.35
    endloop
  endfacet
  facet normal -0.69468 0.719319 0
    outer loop
      vertex -37.1718 3.57001 6.35
      vertex -36.9076 3.82516 6.35
      vertex -36.9076 3.82516 0
    endloop
  endfacet
  facet normal 0 0 -1
    outer loop
      vertex -37.4103 70.8649 0
      vertex -10.609 79.428 0
      vertex -36.6155 70.4724 0
    endloop
  endfacet
  facet normal 0 0 -1
    outer loop
      vertex -37.4103 70.8649 0
      vertex -34.2172 109.058 0
      vertex -10.609 79.428 0
    endloop
  endfacet
  facet normal -0.442786 -0.896627 0
    outer loop
      vertex -37.4103 70.8649 0
      vertex -36.6155 70.4724 0
      vertex -36.6155 70.4724 6.35
    endloop
  endfacet
  facet normal -0.442786 -0.896627 0
    outer loop
      vertex -37.4103 70.8649 0
      vertex -36.6155 70.4724 6.35
      vertex -37.4103 70.8649 6.35
    endloop
  endfacet
  facet normal 0 0 1
    outer loop
      vertex -37.4103 70.8649 6.35
      vertex -10.609 79.428 6.35
      vertex -34.2172 109.058 6.35
    endloop
  endfacet
  facet normal 0 0 1
    outer loop
      vertex -37.4103 70.8649 6.35
      vertex -36.6155 70.4724 6.35
      vertex -10.609 79.428 6.35
    endloop
  endfacet
  facet normal 0 0 -1
    outer loop
      vertex -37.4532 11.6277 0
      vertex -32.0212 22.0979 0
      vertex -37.1718 11.3916 0
    endloop
  endfacet
  facet normal 0 0 -1
    outer loop
      vertex -37.4532 11.6277 0
      vertex -32.3805 22.1742 0
      vertex -32.0212 22.0979 0
    endloop
  endfacet
  facet normal -0.642751 -0.766075 0
    outer loop
      vertex -37.4532 11.6277 0
      vertex -37.1718 11.3916 0
      vertex -37.1718 11.3916 6.35
    endloop
  endfacet
  facet normal -0.642751 -0.766075 0
    outer loop
      vertex -37.4532 11.6277 0
      vertex -37.1718 11.3916 6.35
      vertex -37.4532 11.6277 6.35
    endloop
  endfacet
  facet normal 0 0 1
    outer loop
      vertex -37.4532 11.6277 6.35
      vertex -32.0212 22.0979 6.35
      vertex -32.3805 22.1742 6.35
    endloop
  endfacet
  facet normal 0 0 1
    outer loop
      vertex -37.4532 11.6277 6.35
      vertex -37.1718 11.3916 6.35
      vertex -32.0212 22.0979 6.35
    endloop
  endfacet
  facet normal 0 0 -1
    outer loop
      vertex -37.4532 3.33391 0
      vertex -37.1718 3.57001 0
      vertex -22.3295 -1.95357 0
    endloop
  endfacet
  facet normal -0.642751 0.766075 0
    outer loop
      vertex -37.4532 3.33391 0
      vertex -37.4532 3.33391 6.35
      vertex -37.1718 3.57001 0
    endloop
  endfacet
  facet normal 0 0 1
    outer loop
      vertex -37.4532 3.33391 6.35
      vertex -22.3295 -1.95357 6.35
      vertex -37.1718 3.57001 6.35
    endloop
  endfacet
  facet normal -0.642751 0.766075 0
    outer loop
      vertex -37.4532 3.33391 6.35
      vertex -37.1718 3.57001 6.35
      vertex -37.1718 3.57001 0
    endloop
  endfacet
  facet normal 0 0 -1
    outer loop
      vertex -37.5241 47.6611 0
      vertex -32.0212 32.463 0
      vertex -32.3805 32.3866 0
    endloop
  endfacet
  facet normal 0 0 -1
    outer loop
      vertex -37.5241 47.6611 0
      vertex -32.3805 32.3866 0
      vertex -32.7336 32.2854 0
    endloop
  endfacet
  facet normal 0 0 -1
    outer loop
      vertex -37.5241 47.6611 0
      vertex -36.7255 48.0458 0
      vertex -32.0212 32.463 0
    endloop
  endfacet
  facet normal -0.433989 0.900918 0
    outer loop
      vertex -37.5241 47.6611 0
      vertex -37.5241 47.6611 6.35
      vertex -36.7255 48.0458 0
    endloop
  endfacet
  facet normal 0 0 1
    outer loop
      vertex -37.5241 47.6611 6.35
      vertex -32.0212 32.463 6.35
      vertex -36.7255 48.0458 6.35
    endloop
  endfacet
  facet normal 0 0 1
    outer loop
      vertex -37.5241 47.6611 6.35
      vertex -32.3805 32.3866 6.35
      vertex -32.0212 32.463 6.35
    endloop
  endfacet
  facet normal 0 0 1
    outer loop
      vertex -37.5241 47.6611 6.35
      vertex -32.7336 32.2854 6.35
      vertex -32.3805 32.3866 6.35
    endloop
  endfacet
  facet normal -0.433989 0.900918 0
    outer loop
      vertex -37.5241 47.6611 6.35
      vertex -36.7255 48.0458 6.35
      vertex -36.7255 48.0458 0
    endloop
  endfacet
  facet normal 0 0 -1
    outer loop
      vertex -37.7503 11.8436 0
      vertex -32.3805 22.1742 0
      vertex -37.4532 11.6277 0
    endloop
  endfacet
  facet normal 0 0 -1
    outer loop
      vertex -37.7503 11.8436 0
      vertex -32.7336 22.2755 0
      vertex -32.3805 22.1742 0
    endloop
  endfacet
  facet normal -0.587864 -0.80896 0
    outer loop
      vertex -37.7503 11.8436 0
      vertex -37.4532 11.6277 0
      vertex -37.4532 11.6277 6.35
    endloop
  endfacet
  facet normal -0.587864 -0.80896 0
    outer loop
      vertex -37.7503 11.8436 0
      vertex -37.4532 11.6277 6.35
      vertex -37.7503 11.8436 6.35
    endloop
  endfacet
  facet normal 0 0 1
    outer loop
      vertex -37.7503 11.8436 6.35
      vertex -32.3805 22.1742 6.35
      vertex -32.7336 22.2755 6.35
    endloop
  endfacet
  facet normal 0 0 1
    outer loop
      vertex -37.7503 11.8436 6.35
      vertex -37.4532 11.6277 6.35
      vertex -32.3805 22.1742 6.35
    endloop
  endfacet
  facet normal 0 0 -1
    outer loop
      vertex -37.7503 3.118 0
      vertex -37.4532 3.33391 0
      vertex -22.3295 -1.95357 0
    endloop
  endfacet
  facet normal -0.587882 0.808947 0
    outer loop
      vertex -37.7503 3.118 0
      vertex -37.7503 3.118 6.35
      vertex -37.4532 3.33391 0
    endloop
  endfacet
  facet normal 0 0 1
    outer loop
      vertex -37.7503 3.118 6.35
      vertex -22.3295 -1.95357 6.35
      vertex -37.4532 3.33391 6.35
    endloop
  endfacet
  facet normal -0.587882 0.808947 0
    outer loop
      vertex -37.7503 3.118 6.35
      vertex -37.4532 3.33391 6.35
      vertex -37.4532 3.33391 0
    endloop
  endfacet
  facet normal 0 0 -1
    outer loop
      vertex -38.0618 12.0383 0
      vertex -32.7336 22.2755 0
      vertex -37.7503 11.8436 0
    endloop
  endfacet
  facet normal 0 0 -1
    outer loop
      vertex -38.0618 12.0383 0
      vertex -33.0787 22.4011 0
      vertex -32.7336 22.2755 0
    endloop
  endfacet
  facet normal -0.530023 -0.847983 0
    outer loop
      vertex -38.0618 12.0383 0
      vertex -37.7503 11.8436 0
      vertex -37.7503 11.8436 6.35
    endloop
  endfacet
  facet normal -0.530023 -0.847983 0
    outer loop
      vertex -38.0618 12.0383 0
      vertex -37.7503 11.8436 6.35
      vertex -38.0618 12.0383 6.35
    endloop
  endfacet
  facet normal 0 0 1
    outer loop
      vertex -38.0618 12.0383 6.35
      vertex -32.7336 22.2755 6.35
      vertex -33.0787 22.4011 6.35
    endloop
  endfacet
  facet normal 0 0 1
    outer loop
      vertex -38.0618 12.0383 6.35
      vertex -37.7503 11.8436 6.35
      vertex -32.7336 22.2755 6.35
    endloop
  endfacet
  facet normal 0 0 -1
    outer loop
      vertex -38.0618 2.92336 0
      vertex -37.7503 3.118 0
      vertex -22.3295 -1.95357 0
    endloop
  endfacet
  facet normal -0.529906 0.848056 0
    outer loop
      vertex -38.0618 2.92336 0
      vertex -38.0618 2.92336 6.35
      vertex -37.7503 3.118 0
    endloop
  endfacet
  facet normal 0 0 1
    outer loop
      vertex -38.0618 2.92336 6.35
      vertex -22.3295 -1.95357 6.35
      vertex -37.7503 3.118 6.35
    endloop
  endfacet
  facet normal -0.529906 0.848056 0
    outer loop
      vertex -38.0618 2.92336 6.35
      vertex -37.7503 3.118 6.35
      vertex -37.7503 3.118 0
    endloop
  endfacet
  facet normal 0 0 -1
    outer loop
      vertex -38.2305 71.201 0
      vertex -34.2172 109.058 0
      vertex -37.4103 70.8649 0
    endloop
  endfacet
  facet normal -0.379177 -0.925324 0
    outer loop
      vertex -38.2305 71.201 0
      vertex -37.4103 70.8649 0
      vertex -37.4103 70.8649 6.35
    endloop
  endfacet
  facet normal -0.379177 -0.925324 0
    outer loop
      vertex -38.2305 71.201 0
      vertex -37.4103 70.8649 6.35
      vertex -38.2305 71.201 6.35
    endloop
  endfacet
  facet normal 0 0 1
    outer loop
      vertex -38.2305 71.201 6.35
      vertex -37.4103 70.8649 6.35
      vertex -34.2172 109.058 6.35
    endloop
  endfacet
  facet normal 0 0 -1
    outer loop
      vertex -38.3476 47.3331 0
      vertex -32.7336 32.2854 0
      vertex -33.0787 32.1597 0
    endloop
  endfacet
  facet normal 0 0 -1
    outer loop
      vertex -38.3476 47.3331 0
      vertex -37.5241 47.6611 0
      vertex -32.7336 32.2854 0
    endloop
  endfacet
  facet normal -0.370029 0.92902 0
    outer loop
      vertex -38.3476 47.3331 0
      vertex -38.3476 47.3331 6.35
      vertex -37.5241 47.6611 0
    endloop
  endfacet
  facet normal 0 0 1
    outer loop
      vertex -38.3476 47.3331 6.35
      vertex -32.7336 32.2854 6.35
      vertex -37.5241 47.6611 6.35
    endloop
  endfacet
  facet normal 0 0 1
    outer loop
      vertex -38.3476 47.3331 6.35
      vertex -33.0787 32.1597 6.35
      vertex -32.7336 32.2854 6.35
    endloop
  endfacet
  facet normal -0.370029 0.92902 0
    outer loop
      vertex -38.3476 47.3331 6.35
      vertex -37.5241 47.6611 6.35
      vertex -37.5241 47.6611 0
    endloop
  endfacet
  facet normal 0 0 -1
    outer loop
      vertex -38.3862 12.2107 0
      vertex -33.0787 22.4011 0
      vertex -38.0618 12.0383 0
    endloop
  endfacet
  facet normal 0 0 -1
    outer loop
      vertex -38.3862 12.2107 0
      vertex -33.4143 22.5505 0
      vertex -33.0787 22.4011 0
    endloop
  endfacet
  facet normal -0.469288 -0.883045 0
    outer loop
      vertex -38.3862 12.2107 0
      vertex -38.0618 12.0383 0
      vertex -38.0618 12.0383 6.35
    endloop
  endfacet
  facet normal -0.469288 -0.883045 0
    outer loop
      vertex -38.3862 12.2107 0
      vertex -38.0618 12.0383 6.35
      vertex -38.3862 12.2107 6.35
    endloop
  endfacet
  facet normal 0 0 1
    outer loop
      vertex -38.3862 12.2107 6.35
      vertex -33.0787 22.4011 6.35
      vertex -33.4143 22.5505 6.35
    endloop
  endfacet
  facet normal 0 0 1
    outer loop
      vertex -38.3862 12.2107 6.35
      vertex -38.0618 12.0383 6.35
      vertex -33.0787 22.4011 6.35
    endloop
  endfacet
  facet normal 0 0 -1
    outer loop
      vertex -38.3862 2.7509 0
      vertex -38.0618 2.92336 0
      vertex -22.3295 -1.95357 0
    endloop
  endfacet
  facet normal -0.469415 0.882978 0
    outer loop
      vertex -38.3862 2.7509 0
      vertex -38.3862 2.7509 6.35
      vertex -38.0618 2.92336 0
    endloop
  endfacet
  facet normal 0 0 1
    outer loop
      vertex -38.3862 2.7509 6.35
      vertex -22.3295 -1.95357 6.35
      vertex -38.0618 2.92336 6.35
    endloop
  endfacet
  facet normal -0.469415 0.882978 0
    outer loop
      vertex -38.3862 2.7509 6.35
      vertex -38.0618 2.92336 6.35
      vertex -38.0618 2.92336 0
    endloop
  endfacet
  facet normal 0 0 -1
    outer loop
      vertex -38.7217 12.3601 0
      vertex -33.4143 22.5505 0
      vertex -38.3862 12.2107 0
    endloop
  endfacet
  facet normal 0 0 -1
    outer loop
      vertex -38.7217 12.3601 0
      vertex -33.7386 22.723 0
      vertex -33.4143 22.5505 0
    endloop
  endfacet
  facet normal -0.406795 -0.913519 0
    outer loop
      vertex -38.7217 12.3601 0
      vertex -38.3862 12.2107 0
      vertex -38.3862 12.2107 6.35
    endloop
  endfacet
  facet normal -0.406795 -0.913519 0
    outer loop
      vertex -38.7217 12.3601 0
      vertex -38.3862 12.2107 6.35
      vertex -38.7217 12.3601 6.35
    endloop
  endfacet
  facet normal 0 0 1
    outer loop
      vertex -38.7217 12.3601 6.35
      vertex -33.4143 22.5505 6.35
      vertex -33.7386 22.723 6.35
    endloop
  endfacet
  facet normal 0 0 1
    outer loop
      vertex -38.7217 12.3601 6.35
      vertex -38.3862 12.2107 6.35
      vertex -33.4143 22.5505 6.35
    endloop
  endfacet
  facet normal 0 0 -1
    outer loop
      vertex -38.7217 2.6015 0
      vertex -38.3862 2.7509 0
      vertex -22.3295 -1.95357 0
    endloop
  endfacet
  facet normal -0.406795 0.913519 0
    outer loop
      vertex -38.7217 2.6015 0
      vertex -38.7217 2.6015 6.35
      vertex -38.3862 2.7509 0
    endloop
  endfacet
  facet normal 0 0 1
    outer loop
      vertex -38.7217 2.6015 6.35
      vertex -22.3295 -1.95357 6.35
      vertex -38.3862 2.7509 6.35
    endloop
  endfacet
  facet normal -0.406795 0.913519 0
    outer loop
      vertex -38.7217 2.6015 6.35
      vertex -38.3862 2.7509 6.35
      vertex -38.3862 2.7509 0
    endloop
  endfacet
  facet normal 0 0 -1
    outer loop
      vertex -39.0669 12.4857 0
      vertex -33.7386 22.723 0
      vertex -38.7217 12.3601 0
    endloop
  endfacet
  facet normal 0 0 -1
    outer loop
      vertex -39.0669 12.4857 0
      vertex -34.0501 22.9176 0
      vertex -33.7386 22.723 0
    endloop
  endfacet
  facet normal -0.341918 -0.93973 0
    outer loop
      vertex -39.0669 12.4857 0
      vertex -38.7217 12.3601 0
      vertex -38.7217 12.3601 6.35
    endloop
  endfacet
  facet normal -0.341918 -0.93973 0
    outer loop
      vertex -39.0669 12.4857 0
      vertex -38.7217 12.3601 6.35
      vertex -39.0669 12.4857 6.35
    endloop
  endfacet
  facet normal 0 0 1
    outer loop
      vertex -39.0669 12.4857 6.35
      vertex -33.7386 22.723 6.35
      vertex -34.0501 22.9176 6.35
    endloop
  endfacet
  facet normal 0 0 1
    outer loop
      vertex -39.0669 12.4857 6.35
      vertex -38.7217 12.3601 6.35
      vertex -33.7386 22.723 6.35
    endloop
  endfacet
  facet normal 0 0 -1
    outer loop
      vertex -39.0669 2.47588 0
      vertex -38.7217 2.6015 0
      vertex -22.3295 -1.95357 0
    endloop
  endfacet
  facet normal -0.341966 0.939712 0
    outer loop
      vertex -39.0669 2.47588 0
      vertex -39.0669 2.47588 6.35
      vertex -38.7217 2.6015 0
    endloop
  endfacet
  facet normal 0 0 1
    outer loop
      vertex -39.0669 2.47588 6.35
      vertex -22.3295 -1.95357 6.35
      vertex -38.7217 2.6015 6.35
    endloop
  endfacet
  facet normal -0.341966 0.939712 0
    outer loop
      vertex -39.0669 2.47588 6.35
      vertex -38.7217 2.6015 6.35
      vertex -38.7217 2.6015 0
    endloop
  endfacet
  facet normal -0.313621 -0.949548 0
    outer loop
      vertex -39.0722 71.479 0
      vertex -38.2305 71.201 0
      vertex -38.2305 71.201 6.35
    endloop
  endfacet
  facet normal -0.313621 -0.949548 0
    outer loop
      vertex -39.0722 71.479 0
      vertex -38.2305 71.201 6.35
      vertex -39.0722 71.479 6.35
    endloop
  endfacet
  facet normal 0 0 -1
    outer loop
      vertex -39.192 47.0633 0
      vertex -33.0787 32.1597 0
      vertex -33.4143 32.0103 0
    endloop
  endfacet
  facet normal 0 0 -1
    outer loop
      vertex -39.192 47.0633 0
      vertex -33.4143 32.0103 0
      vertex -33.7386 31.8379 0
    endloop
  endfacet
  facet normal 0 0 -1
    outer loop
      vertex -39.192 47.0633 0
      vertex -38.3476 47.3331 0
      vertex -33.0787 32.1597 0
    endloop
  endfacet
  facet normal -0.304358 0.952558 0
    outer loop
      vertex -39.192 47.0633 0
      vertex -39.192 47.0633 6.35
      vertex -38.3476 47.3331 0
    endloop
  endfacet
  facet normal 0 0 1
    outer loop
      vertex -39.192 47.0633 6.35
      vertex -33.0787 32.1597 6.35
      vertex -38.3476 47.3331 6.35
    endloop
  endfacet
  facet normal 0 0 1
    outer loop
      vertex -39.192 47.0633 6.35
      vertex -33.4143 32.0103 6.35
      vertex -33.0787 32.1597 6.35
    endloop
  endfacet
  facet normal 0 0 1
    outer loop
      vertex -39.192 47.0633 6.35
      vertex -33.7386 31.8379 6.35
      vertex -33.4143 32.0103 6.35
    endloop
  endfacet
  facet normal -0.304358 0.952558 0
    outer loop
      vertex -39.192 47.0633 6.35
      vertex -38.3476 47.3331 6.35
      vertex -38.3476 47.3331 0
    endloop
  endfacet
  facet normal 0 0 -1
    outer loop
      vertex -39.42 12.587 0
      vertex -34.0501 22.9176 0
      vertex -39.0669 12.4857 0
    endloop
  endfacet
  facet normal 0 0 -1
    outer loop
      vertex -39.42 12.587 0
      vertex -34.3473 23.1335 0
      vertex -34.0501 22.9176 0
    endloop
  endfacet
  facet normal -0.275764 -0.961225 0
    outer loop
      vertex -39.42 12.587 0
      vertex -39.0669 12.4857 0
      vertex -39.0669 12.4857 6.35
    endloop
  endfacet
  facet normal -0.275764 -0.961225 0
    outer loop
      vertex -39.42 12.587 0
      vertex -39.0669 12.4857 6.35
      vertex -39.42 12.587 6.35
    endloop
  endfacet
  facet normal 0 0 1
    outer loop
      vertex -39.42 12.587 6.35
      vertex -34.0501 22.9176 6.35
      vertex -34.3473 23.1335 6.35
    endloop
  endfacet
  facet normal 0 0 1
    outer loop
      vertex -39.42 12.587 6.35
      vertex -39.0669 12.4857 6.35
      vertex -34.0501 22.9176 6.35
    endloop
  endfacet
  facet normal 0 0 -1
    outer loop
      vertex -39.42 2.37463 0
      vertex -39.0669 2.47588 0
      vertex -22.3295 -1.95357 0
    endloop
  endfacet
  facet normal -0.275638 0.961262 0
    outer loop
      vertex -39.42 2.37463 0
      vertex -39.42 2.37463 6.35
      vertex -39.0669 2.47588 0
    endloop
  endfacet
  facet normal 0 0 1
    outer loop
      vertex -39.42 2.37463 6.35
      vertex -22.3295 -1.95357 6.35
      vertex -39.0669 2.47588 6.35
    endloop
  endfacet
  facet normal -0.275638 0.961262 0
    outer loop
      vertex -39.42 2.37463 6.35
      vertex -39.0669 2.47588 6.35
      vertex -39.0669 2.47588 0
    endloop
  endfacet
  facet normal 0 0 -1
    outer loop
      vertex -39.7793 12.6634 0
      vertex -34.3473 23.1335 0
      vertex -39.42 12.587 0
    endloop
  endfacet
  facet normal 0 0 -1
    outer loop
      vertex -39.7793 12.6634 0
      vertex -34.6287 23.3696 0
      vertex -34.3473 23.1335 0
    endloop
  endfacet
  facet normal -0.207986 -0.978132 0
    outer loop
      vertex -39.7793 12.6634 0
      vertex -39.42 12.587 0
      vertex -39.42 12.587 6.35
    endloop
  endfacet
  facet normal -0.207986 -0.978132 0
    outer loop
      vertex -39.7793 12.6634 0
      vertex -39.42 12.587 6.35
      vertex -39.7793 12.6634 6.35
    endloop
  endfacet
  facet normal 0 0 1
    outer loop
      vertex -39.7793 12.6634 6.35
      vertex -34.3473 23.1335 6.35
      vertex -34.6287 23.3696 6.35
    endloop
  endfacet
  facet normal 0 0 1
    outer loop
      vertex -39.7793 12.6634 6.35
      vertex -39.42 12.587 6.35
      vertex -34.3473 23.1335 6.35
    endloop
  endfacet
  facet normal 0 0 -1
    outer loop
      vertex -39.7793 2.29826 0
      vertex -39.42 2.37463 0
      vertex -22.3295 -1.95357 0
    endloop
  endfacet
  facet normal -0.207908 0.978148 0
    outer loop
      vertex -39.7793 2.29826 0
      vertex -39.7793 2.29826 6.35
      vertex -39.42 2.37463 0
    endloop
  endfacet
  facet normal 0 0 1
    outer loop
      vertex -39.7793 2.29826 6.35
      vertex -22.3295 -1.95357 6.35
      vertex -39.42 2.37463 6.35
    endloop
  endfacet
  facet normal -0.207908 0.978148 0
    outer loop
      vertex -39.7793 2.29826 6.35
      vertex -39.42 2.37463 6.35
      vertex -39.42 2.37463 0
    endloop
  endfacet
  facet normal 0 0 -1
    outer loop
      vertex -39.8478 107.129 0
      vertex -34.2172 109.058 0
      vertex -38.2305 71.201 0
    endloop
  endfacet
  facet normal -0.3241 0.946023 0
    outer loop
      vertex -39.8478 107.129 0
      vertex -34.2172 109.058 6.35
      vertex -34.2172 109.058 0
    endloop
  endfacet
  facet normal 0 0 -1
    outer loop
      vertex -39.8478 107.129 0
      vertex -38.2305 71.201 0
      vertex -39.0722 71.479 0
    endloop
  endfacet
  facet normal -0.3241 0.946023 0
    outer loop
      vertex -39.8478 107.129 0
      vertex -39.8478 107.129 6.35
      vertex -34.2172 109.058 6.35
    endloop
  endfacet
  facet normal 0 0 1
    outer loop
      vertex -39.8478 107.129 6.35
      vertex -38.2305 71.201 6.35
      vertex -34.2172 109.058 6.35
    endloop
  endfacet
  facet normal 0 0 1
    outer loop
      vertex -39.8478 107.129 6.35
      vertex -39.0722 71.479 6.35
      vertex -38.2305 71.201 6.35
    endloop
  endfacet
  facet normal -0.2467 -0.969092 0
    outer loop
      vertex -39.9313 71.6977 0
      vertex -39.0722 71.479 0
      vertex -39.0722 71.479 6.35
    endloop
  endfacet
  facet normal -0.2467 -0.969092 0
    outer loop
      vertex -39.9313 71.6977 0
      vertex -39.0722 71.479 6.35
      vertex -39.9313 71.6977 6.35
    endloop
  endfacet
  facet normal 0 0 -1
    outer loop
      vertex -39.9313 71.6977 0
      vertex -39.8478 107.129 0
      vertex -39.0722 71.479 0
    endloop
  endfacet
  facet normal 0 0 1
    outer loop
      vertex -39.9313 71.6977 6.35
      vertex -39.0722 71.479 6.35
      vertex -39.8478 107.129 6.35
    endloop
  endfacet
  facet normal 0.313722 0.949515 0
    outer loop
      vertex -4.04391 61.1115 0
      vertex -4.04391 61.1115 6.35
      vertex -3.20221 60.8334 0
    endloop
  endfacet
  facet normal 0.313722 0.949515 0
    outer loop
      vertex -4.04391 61.1115 6.35
      vertex -3.20221 60.8334 6.35
      vertex -3.20221 60.8334 0
    endloop
  endfacet
  facet normal 0.370114 -0.928986 0
    outer loop
      vertex -4.75035 84.6513 0
      vertex -3.92682 84.9794 0
      vertex -3.92682 84.9794 6.35
    endloop
  endfacet
  facet normal 0.370114 -0.928986 0
    outer loop
      vertex -4.75035 84.6513 0
      vertex -3.92682 84.9794 6.35
      vertex -4.75035 84.6513 6.35
    endloop
  endfacet
  facet normal 0.341966 0.939712 0
    outer loop
      vertex -4.83241 -11.9607 0
      vertex -4.83241 -11.9607 6.35
      vertex -3.98631 -12.2686 0
    endloop
  endfacet
  facet normal 0.341966 0.939712 0
    outer loop
      vertex -4.83241 -11.9607 6.35
      vertex -3.98631 -12.2686 6.35
      vertex -3.98631 -12.2686 0
    endloop
  endfacet
  facet normal 0.341966 -0.939712 0
    outer loop
      vertex -4.83241 11.9607 0
      vertex -3.98631 12.2686 0
      vertex -3.98631 12.2686 6.35
    endloop
  endfacet
  facet normal 0.341966 -0.939712 0
    outer loop
      vertex -4.83241 11.9607 0
      vertex -3.98631 12.2686 6.35
      vertex -4.83241 11.9607 6.35
    endloop
  endfacet
  facet normal 0.379154 0.925334 0
    outer loop
      vertex -4.86417 61.4476 0
      vertex -4.86417 61.4476 6.35
      vertex -4.04391 61.1115 0
    endloop
  endfacet
  facet normal 0.379154 0.925334 0
    outer loop
      vertex -4.86417 61.4476 6.35
      vertex -4.04391 61.1115 6.35
      vertex -4.04391 61.1115 0
    endloop
  endfacet
  facet normal 0 0 -1
    outer loop
      vertex -4.98569 114.191 0
      vertex -0.465515 85.6974 0
      vertex -1.34755 85.609 0
    endloop
  endfacet
  facet normal 0 0 -1
    outer loop
      vertex -4.98569 114.191 0
      vertex -1.34755 85.609 0
      vertex -2.22127 85.4594 0
    endloop
  endfacet
  facet normal 0 0 -1
    outer loop
      vertex -4.98569 114.191 0
      vertex -2.22127 85.4594 0
      vertex -3.08243 85.2492 0
    endloop
  endfacet
  facet normal -0.0176415 0.999844 0
    outer loop
      vertex -4.98569 114.191 0
      vertex -4.98569 114.191 6.35
      vertex 0.965256 114.296 6.35
    endloop
  endfacet
  facet normal 0 0 -1
    outer loop
      vertex -4.98569 114.191 0
      vertex 0.965256 114.296 0
      vertex -0.465515 85.6974 0
    endloop
  endfacet
  facet normal -0.0176415 0.999844 0
    outer loop
      vertex -4.98569 114.191 0
      vertex 0.965256 114.296 6.35
      vertex 0.965256 114.296 0
    endloop
  endfacet
  facet normal 0 0 1
    outer loop
      vertex -4.98569 114.191 6.35
      vertex -0.465515 85.6974 6.35
      vertex 0.965256 114.296 6.35
    endloop
  endfacet
  facet normal 0 0 1
    outer loop
      vertex -4.98569 114.191 6.35
      vertex -1.34755 85.609 6.35
      vertex -0.465515 85.6974 6.35
    endloop
  endfacet
  facet normal 0 0 1
    outer loop
      vertex -4.98569 114.191 6.35
      vertex -2.22127 85.4594 6.35
      vertex -1.34755 85.609 6.35
    endloop
  endfacet
  facet normal 0 0 1
    outer loop
      vertex -4.98569 114.191 6.35
      vertex -3.08243 85.2492 6.35
      vertex -2.22127 85.4594 6.35
    endloop
  endfacet
  facet normal 0 0 -1
    outer loop
      vertex -40.0532 46.853 0
      vertex -33.7386 31.8379 0
      vertex -34.0501 31.6432 0
    endloop
  endfacet
  facet normal 0 0 -1
    outer loop
      vertex -40.0532 46.853 0
      vertex -39.192 47.0633 0
      vertex -33.7386 31.8379 0
    endloop
  endfacet
  facet normal -0.237224 0.971455 0
    outer loop
      vertex -40.0532 46.853 0
      vertex -40.0532 46.853 6.35
      vertex -39.192 47.0633 0
    endloop
  endfacet
  facet normal 0 0 1
    outer loop
      vertex -40.0532 46.853 6.35
      vertex -33.7386 31.8379 6.35
      vertex -39.192 47.0633 6.35
    endloop
  endfacet
  facet normal 0 0 1
    outer loop
      vertex -40.0532 46.853 6.35
      vertex -34.0501 31.6432 6.35
      vertex -33.7386 31.8379 6.35
    endloop
  endfacet
  facet normal -0.237224 0.971455 0
    outer loop
      vertex -40.0532 46.853 6.35
      vertex -39.192 47.0633 6.35
      vertex -39.192 47.0633 0
    endloop
  endfacet
  facet normal 0 0 -1
    outer loop
      vertex -40.143 12.7145 0
      vertex -34.6287 23.3696 0
      vertex -39.7793 12.6634 0
    endloop
  endfacet
  facet normal 0 0 -1
    outer loop
      vertex -40.143 12.7145 0
      vertex -34.8929 23.6248 0
      vertex -34.6287 23.3696 0
    endloop
  endfacet
  facet normal -0.139134 -0.990274 0
    outer loop
      vertex -40.143 12.7145 0
      vertex -39.7793 12.6634 0
      vertex -39.7793 12.6634 6.35
    endloop
  endfacet
  facet normal -0.139134 -0.990274 0
    outer loop
      vertex -40.143 12.7145 0
      vertex -39.7793 12.6634 6.35
      vertex -40.143 12.7145 6.35
    endloop
  endfacet
  facet normal 0 0 1
    outer loop
      vertex -40.143 12.7145 6.35
      vertex -34.6287 23.3696 6.35
      vertex -34.8929 23.6248 6.35
    endloop
  endfacet
  facet normal 0 0 1
    outer loop
      vertex -40.143 12.7145 6.35
      vertex -39.7793 12.6634 6.35
      vertex -34.6287 23.3696 6.35
    endloop
  endfacet
  facet normal 0 0 -1
    outer loop
      vertex -40.143 2.24713 0
      vertex -39.7793 2.29826 0
      vertex -22.3295 -1.95357 0
    endloop
  endfacet
  facet normal -0.139214 0.990262 0
    outer loop
      vertex -40.143 2.24713 0
      vertex -40.143 2.24713 6.35
      vertex -39.7793 2.29826 0
    endloop
  endfacet
  facet normal 0 0 1
    outer loop
      vertex -40.143 2.24713 6.35
      vertex -22.3295 -1.95357 6.35
      vertex -39.7793 2.29826 6.35
    endloop
  endfacet
  facet normal -0.139214 0.990262 0
    outer loop
      vertex -40.143 2.24713 6.35
      vertex -39.7793 2.29826 6.35
      vertex -39.7793 2.29826 0
    endloop
  endfacet
  facet normal 0 0 -1
    outer loop
      vertex -40.5094 12.7401 0
      vertex -34.8929 23.6248 0
      vertex -40.143 12.7145 0
    endloop
  endfacet
  facet normal 0 0 -1
    outer loop
      vertex -40.5094 12.7401 0
      vertex -35.1387 23.8978 0
      vertex -34.8929 23.6248 0
    endloop
  endfacet
  facet normal -0.0696991 -0.997568 0
    outer loop
      vertex -40.5094 12.7401 0
      vertex -40.143 12.7145 0
      vertex -40.143 12.7145 6.35
    endloop
  endfacet
  facet normal -0.0696991 -0.997568 0
    outer loop
      vertex -40.5094 12.7401 0
      vertex -40.143 12.7145 6.35
      vertex -40.5094 12.7401 6.35
    endloop
  endfacet
  facet normal 0 0 1
    outer loop
      vertex -40.5094 12.7401 6.35
      vertex -34.8929 23.6248 6.35
      vertex -35.1387 23.8978 6.35
    endloop
  endfacet
  facet normal 0 0 1
    outer loop
      vertex -40.5094 12.7401 6.35
      vertex -40.143 12.7145 6.35
      vertex -34.8929 23.6248 6.35
    endloop
  endfacet
  facet normal 0 0 -1
    outer loop
      vertex -40.5094 2.22151 0
      vertex -40.143 2.24713 0
      vertex -22.3295 -1.95357 0
    endloop
  endfacet
  facet normal -0.0697533 0.997564 0
    outer loop
      vertex -40.5094 2.22151 0
      vertex -40.5094 2.22151 6.35
      vertex -40.143 2.24713 0
    endloop
  endfacet
  facet normal 0 0 1
    outer loop
      vertex -40.5094 2.22151 6.35
      vertex -22.3295 -1.95357 6.35
      vertex -40.143 2.24713 6.35
    endloop
  endfacet
  facet normal -0.0697533 0.997564 0
    outer loop
      vertex -40.5094 2.22151 6.35
      vertex -40.143 2.24713 6.35
      vertex -40.143 2.24713 0
    endloop
  endfacet
  facet normal -0.178468 -0.983946 0
    outer loop
      vertex -40.8035 71.8559 0
      vertex -39.9313 71.6977 0
      vertex -39.9313 71.6977 6.35
    endloop
  endfacet
  facet normal -0.178468 -0.983946 0
    outer loop
      vertex -40.8035 71.8559 0
      vertex -39.9313 71.6977 6.35
      vertex -40.8035 71.8559 6.35
    endloop
  endfacet
  facet normal 0 0 -1
    outer loop
      vertex -40.8767 12.7401 0
      vertex -35.1387 23.8978 0
      vertex -40.5094 12.7401 0
    endloop
  endfacet
  facet normal 0 0 -1
    outer loop
      vertex -40.8767 12.7401 0
      vertex -35.3648 24.1872 0
      vertex -35.1387 23.8978 0
    endloop
  endfacet
  facet normal 0 -1 0
    outer loop
      vertex -40.8767 12.7401 0
      vertex -40.5094 12.7401 0
      vertex -40.5094 12.7401 6.35
    endloop
  endfacet
  facet normal 0 -1 0
    outer loop
      vertex -40.8767 12.7401 0
      vertex -40.5094 12.7401 6.35
      vertex -40.8767 12.7401 6.35
    endloop
  endfacet
  facet normal 0 0 1
    outer loop
      vertex -40.8767 12.7401 6.35
      vertex -35.1387 23.8978 6.35
      vertex -35.3648 24.1872 6.35
    endloop
  endfacet
  facet normal 0 0 1
    outer loop
      vertex -40.8767 12.7401 6.35
      vertex -40.5094 12.7401 6.35
      vertex -35.1387 23.8978 6.35
    endloop
  endfacet
  facet normal 0 0 -1
    outer loop
      vertex -40.8767 2.22151 0
      vertex -40.5094 2.22151 0
      vertex -22.3295 -1.95357 0
    endloop
  endfacet
  facet normal 0 1 0
    outer loop
      vertex -40.8767 2.22151 0
      vertex -40.8767 2.22151 6.35
      vertex -40.5094 2.22151 0
    endloop
  endfacet
  facet normal 0 0 1
    outer loop
      vertex -40.8767 2.22151 6.35
      vertex -22.3295 -1.95357 6.35
      vertex -40.5094 2.22151 6.35
    endloop
  endfacet
  facet normal 0 1 0
    outer loop
      vertex -40.8767 2.22151 6.35
      vertex -40.5094 2.22151 6.35
      vertex -40.5094 2.22151 0
    endloop
  endfacet
  facet normal 0 0 -1
    outer loop
      vertex -40.9269 46.7034 0
      vertex -34.0501 31.6432 0
      vertex -34.3473 31.4273 0
    endloop
  endfacet
  facet normal 0 0 -1
    outer loop
      vertex -40.9269 46.7034 0
      vertex -34.3473 31.4273 0
      vertex -34.6287 31.1912 0
    endloop
  endfacet
  facet normal 0 0 -1
    outer loop
      vertex -40.9269 46.7034 0
      vertex -40.0532 46.853 0
      vertex -34.0501 31.6432 0
    endloop
  endfacet
  facet normal -0.16877 0.985656 0
    outer loop
      vertex -40.9269 46.7034 0
      vertex -40.9269 46.7034 6.35
      vertex -40.0532 46.853 0
    endloop
  endfacet
  facet normal 0 0 1
    outer loop
      vertex -40.9269 46.7034 6.35
      vertex -34.0501 31.6432 6.35
      vertex -40.0532 46.853 6.35
    endloop
  endfacet
  facet normal 0 0 1
    outer loop
      vertex -40.9269 46.7034 6.35
      vertex -34.3473 31.4273 6.35
      vertex -34.0501 31.6432 6.35
    endloop
  endfacet
  facet normal 0 0 1
    outer loop
      vertex -40.9269 46.7034 6.35
      vertex -34.6287 31.1912 6.35
      vertex -34.3473 31.4273 6.35
    endloop
  endfacet
  facet normal -0.16877 0.985656 0
    outer loop
      vertex -40.9269 46.7034 6.35
      vertex -40.0532 46.853 6.35
      vertex -40.0532 46.853 0
    endloop
  endfacet
  facet normal 0 0 -1
    outer loop
      vertex -41.2432 12.7145 0
      vertex -35.3648 24.1872 0
      vertex -40.8767 12.7401 0
    endloop
  endfacet
  facet normal 0 0 -1
    outer loop
      vertex -41.2432 12.7145 0
      vertex -35.5702 24.4917 0
      vertex -35.3648 24.1872 0
    endloop
  endfacet
  facet normal 0.0696802 -0.997569 0
    outer loop
      vertex -41.2432 12.7145 0
      vertex -40.8767 12.7401 0
      vertex -40.8767 12.7401 6.35
    endloop
  endfacet
  facet normal 0.0696802 -0.997569 0
    outer loop
      vertex -41.2432 12.7145 0
      vertex -40.8767 12.7401 6.35
      vertex -41.2432 12.7145 6.35
    endloop
  endfacet
  facet normal 0 0 1
    outer loop
      vertex -41.2432 12.7145 6.35
      vertex -35.3648 24.1872 6.35
      vertex -35.5702 24.4917 6.35
    endloop
  endfacet
  facet normal 0 0 1
    outer loop
      vertex -41.2432 12.7145 6.35
      vertex -40.8767 12.7401 6.35
      vertex -35.3648 24.1872 6.35
    endloop
  endfacet
  facet normal 0 0 -1
    outer loop
      vertex -41.2432 2.24713 0
      vertex -40.8767 2.22151 0
      vertex -22.3295 -1.95357 0
    endloop
  endfacet
  facet normal 0.0697343 0.997566 0
    outer loop
      vertex -41.2432 2.24713 0
      vertex -41.2432 2.24713 6.35
      vertex -40.8767 2.22151 0
    endloop
  endfacet
  facet normal 0 0 1
    outer loop
      vertex -41.2432 2.24713 6.35
      vertex -22.3295 -1.95357 6.35
      vertex -40.8767 2.22151 6.35
    endloop
  endfacet
  facet normal 0.0697343 0.997566 0
    outer loop
      vertex -41.2432 2.24713 6.35
      vertex -40.8767 2.22151 6.35
      vertex -40.8767 2.22151 0
    endloop
  endfacet
  facet normal 0 0 -1
    outer loop
      vertex -41.6069 12.6634 0
      vertex -35.5702 24.4917 0
      vertex -41.2432 12.7145 0
    endloop
  endfacet
  facet normal 0 0 -1
    outer loop
      vertex -41.6069 12.6634 0
      vertex -35.7539 24.8098 0
      vertex -35.5702 24.4917 0
    endloop
  endfacet
  facet normal 0.139134 -0.990274 0
    outer loop
      vertex -41.6069 12.6634 0
      vertex -41.2432 12.7145 0
      vertex -41.2432 12.7145 6.35
    endloop
  endfacet
  facet normal 0.139134 -0.990274 0
    outer loop
      vertex -41.6069 12.6634 0
      vertex -41.2432 12.7145 6.35
      vertex -41.6069 12.6634 6.35
    endloop
  endfacet
  facet normal 0 0 1
    outer loop
      vertex -41.6069 12.6634 6.35
      vertex -35.5702 24.4917 6.35
      vertex -35.7539 24.8098 6.35
    endloop
  endfacet
  facet normal 0 0 1
    outer loop
      vertex -41.6069 12.6634 6.35
      vertex -41.2432 12.7145 6.35
      vertex -35.5702 24.4917 6.35
    endloop
  endfacet
  facet normal 0.139214 0.990262 0
    outer loop
      vertex -41.6069 2.29826 0
      vertex -41.6069 2.29826 6.35
      vertex -41.2432 2.24713 0
    endloop
  endfacet
  facet normal 0.139214 0.990262 0
    outer loop
      vertex -41.6069 2.29826 6.35
      vertex -41.2432 2.24713 6.35
      vertex -41.2432 2.24713 0
    endloop
  endfacet
  facet normal -0.109429 -0.993995 0
    outer loop
      vertex -41.6846 71.9529 0
      vertex -40.8035 71.8559 0
      vertex -40.8035 71.8559 6.35
    endloop
  endfacet
  facet normal -0.109429 -0.993995 0
    outer loop
      vertex -41.6846 71.9529 0
      vertex -40.8035 71.8559 6.35
      vertex -41.6846 71.9529 6.35
    endloop
  endfacet
  facet normal 0 0 -1
    outer loop
      vertex -41.8089 46.6151 0
      vertex -34.6287 31.1912 0
      vertex -34.8929 30.9361 0
    endloop
  endfacet
  facet normal 0 0 -1
    outer loop
      vertex -41.8089 46.6151 0
      vertex -40.9269 46.7034 0
      vertex -34.6287 31.1912 0
    endloop
  endfacet
  facet normal -0.0996154 0.995026 0
    outer loop
      vertex -41.8089 46.6151 0
      vertex -41.8089 46.6151 6.35
      vertex -40.9269 46.7034 0
    endloop
  endfacet
  facet normal 0 0 1
    outer loop
      vertex -41.8089 46.6151 6.35
      vertex -34.6287 31.1912 6.35
      vertex -40.9269 46.7034 6.35
    endloop
  endfacet
  facet normal 0 0 1
    outer loop
      vertex -41.8089 46.6151 6.35
      vertex -34.8929 30.9361 6.35
      vertex -34.6287 31.1912 6.35
    endloop
  endfacet
  facet normal -0.0996154 0.995026 0
    outer loop
      vertex -41.8089 46.6151 6.35
      vertex -40.9269 46.7034 6.35
      vertex -40.9269 46.7034 0
    endloop
  endfacet
  facet normal 0 0 -1
    outer loop
      vertex -41.9662 12.587 0
      vertex -35.7539 24.8098 0
      vertex -41.6069 12.6634 0
    endloop
  endfacet
  facet normal 0 0 -1
    outer loop
      vertex -41.9662 12.587 0
      vertex -35.9149 25.14 0
      vertex -35.7539 24.8098 0
    endloop
  endfacet
  facet normal 0.207986 -0.978132 0
    outer loop
      vertex -41.9662 12.587 0
      vertex -41.6069 12.6634 0
      vertex -41.6069 12.6634 6.35
    endloop
  endfacet
  facet normal 0.207986 -0.978132 0
    outer loop
      vertex -41.9662 12.587 0
      vertex -41.6069 12.6634 6.35
      vertex -41.9662 12.587 6.35
    endloop
  endfacet
  facet normal 0 0 1
    outer loop
      vertex -41.9662 12.587 6.35
      vertex -35.7539 24.8098 6.35
      vertex -35.9149 25.14 6.35
    endloop
  endfacet
  facet normal 0 0 1
    outer loop
      vertex -41.9662 12.587 6.35
      vertex -41.6069 12.6634 6.35
      vertex -35.7539 24.8098 6.35
    endloop
  endfacet
  facet normal 0.207908 0.978148 0
    outer loop
      vertex -41.9662 2.37463 0
      vertex -41.9662 2.37463 6.35
      vertex -41.6069 2.29826 0
    endloop
  endfacet
  facet normal 0.207908 0.978148 0
    outer loop
      vertex -41.9662 2.37463 6.35
      vertex -41.6069 2.29826 6.35
      vertex -41.6069 2.29826 0
    endloop
  endfacet
  facet normal 0 0 -1
    outer loop
      vertex -42.3193 12.4857 0
      vertex -35.9149 25.14 0
      vertex -41.9662 12.587 0
    endloop
  endfacet
  facet normal 0 0 -1
    outer loop
      vertex -42.3193 12.4857 0
      vertex -36.0525 25.4805 0
      vertex -35.9149 25.14 0
    endloop
  endfacet
  facet normal 0.275764 -0.961225 0
    outer loop
      vertex -42.3193 12.4857 0
      vertex -41.9662 12.587 0
      vertex -41.9662 12.587 6.35
    endloop
  endfacet
  facet normal 0.275764 -0.961225 0
    outer loop
      vertex -42.3193 12.4857 0
      vertex -41.9662 12.587 6.35
      vertex -42.3193 12.4857 6.35
    endloop
  endfacet
  facet normal 0 0 1
    outer loop
      vertex -42.3193 12.4857 6.35
      vertex -35.9149 25.14 6.35
      vertex -36.0525 25.4805 6.35
    endloop
  endfacet
  facet normal 0 0 1
    outer loop
      vertex -42.3193 12.4857 6.35
      vertex -41.9662 12.587 6.35
      vertex -35.9149 25.14 6.35
    endloop
  endfacet
  facet normal 0.275638 0.961262 0
    outer loop
      vertex -42.3193 2.47588 0
      vertex -42.3193 2.47588 6.35
      vertex -41.9662 2.37463 0
    endloop
  endfacet
  facet normal 0.275638 0.961262 0
    outer loop
      vertex -42.3193 2.47588 6.35
      vertex -41.9662 2.37463 6.35
      vertex -41.9662 2.37463 0
    endloop
  endfacet
  facet normal -0.0398194 -0.999207 0
    outer loop
      vertex -42.5704 71.9882 0
      vertex -41.6846 71.9529 0
      vertex -41.6846 71.9529 6.35
    endloop
  endfacet
  facet normal -0.0398194 -0.999207 0
    outer loop
      vertex -42.5704 71.9882 0
      vertex -41.6846 71.9529 6.35
      vertex -42.5704 71.9882 6.35
    endloop
  endfacet
  facet normal 0 0 -1
    outer loop
      vertex -42.6645 12.3601 0
      vertex -36.0525 25.4805 0
      vertex -42.3193 12.4857 0
    endloop
  endfacet
  facet normal 0.341918 -0.93973 0
    outer loop
      vertex -42.6645 12.3601 0
      vertex -42.3193 12.4857 0
      vertex -42.3193 12.4857 6.35
    endloop
  endfacet
  facet normal 0.341918 -0.93973 0
    outer loop
      vertex -42.6645 12.3601 0
      vertex -42.3193 12.4857 6.35
      vertex -42.6645 12.3601 6.35
    endloop
  endfacet
  facet normal 0 0 1
    outer loop
      vertex -42.6645 12.3601 6.35
      vertex -42.3193 12.4857 6.35
      vertex -36.0525 25.4805 6.35
    endloop
  endfacet
  facet normal 0.341966 0.939712 0
    outer loop
      vertex -42.6645 2.6015 0
      vertex -42.6645 2.6015 6.35
      vertex -42.3193 2.47588 0
    endloop
  endfacet
  facet normal 0.341966 0.939712 0
    outer loop
      vertex -42.6645 2.6015 6.35
      vertex -42.3193 2.47588 6.35
      vertex -42.3193 2.47588 0
    endloop
  endfacet
  facet normal 0 0 -1
    outer loop
      vertex -42.695 46.5885 0
      vertex -34.8929 30.9361 0
      vertex -35.1387 30.6631 0
    endloop
  endfacet
  facet normal 0 0 -1
    outer loop
      vertex -42.695 46.5885 0
      vertex -35.1387 30.6631 0
      vertex -35.3648 30.3736 0
    endloop
  endfacet
  facet normal 0 0 -1
    outer loop
      vertex -42.695 46.5885 0
      vertex -41.8089 46.6151 0
      vertex -34.8929 30.9361 0
    endloop
  endfacet
  facet normal -0.0300057 0.99955 0
    outer loop
      vertex -42.695 46.5885 0
      vertex -42.695 46.5885 6.35
      vertex -41.8089 46.6151 0
    endloop
  endfacet
  facet normal 0 0 1
    outer loop
      vertex -42.695 46.5885 6.35
      vertex -34.8929 30.9361 6.35
      vertex -41.8089 46.6151 6.35
    endloop
  endfacet
  facet normal 0 0 1
    outer loop
      vertex -42.695 46.5885 6.35
      vertex -35.1387 30.6631 6.35
      vertex -34.8929 30.9361 6.35
    endloop
  endfacet
  facet normal 0 0 1
    outer loop
      vertex -42.695 46.5885 6.35
      vertex -35.3648 30.3736 6.35
      vertex -35.1387 30.6631 6.35
    endloop
  endfacet
  facet normal -0.0300057 0.99955 0
    outer loop
      vertex -42.695 46.5885 6.35
      vertex -41.8089 46.6151 6.35
      vertex -41.8089 46.6151 0
    endloop
  endfacet
  facet normal 0.406795 -0.913519 0
    outer loop
      vertex -43 12.2107 0
      vertex -42.6645 12.3601 0
      vertex -42.6645 12.3601 6.35
    endloop
  endfacet
  facet normal 0.406795 -0.913519 0
    outer loop
      vertex -43 12.2107 0
      vertex -42.6645 12.3601 6.35
      vertex -43 12.2107 6.35
    endloop
  endfacet
  facet normal 0.406795 0.913519 0
    outer loop
      vertex -43 2.7509 0
      vertex -43 2.7509 6.35
      vertex -42.6645 2.6015 0
    endloop
  endfacet
  facet normal 0.406795 0.913519 0
    outer loop
      vertex -43 2.7509 6.35
      vertex -42.6645 2.6015 6.35
      vertex -42.6645 2.6015 0
    endloop
  endfacet
  facet normal 0.469401 -0.882985 0
    outer loop
      vertex -43.3243 12.0383 0
      vertex -43 12.2107 0
      vertex -43 12.2107 6.35
    endloop
  endfacet
  facet normal 0.469401 -0.882985 0
    outer loop
      vertex -43.3243 12.0383 0
      vertex -43 12.2107 6.35
      vertex -43.3243 12.0383 6.35
    endloop
  endfacet
  facet normal 0.469528 0.882918 0
    outer loop
      vertex -43.3243 2.92336 0
      vertex -43.3243 2.92336 6.35
      vertex -43 2.7509 0
    endloop
  endfacet
  facet normal 0.469528 0.882918 0
    outer loop
      vertex -43.3243 2.92336 6.35
      vertex -43 2.7509 6.35
      vertex -43 2.7509 0
    endloop
  endfacet
  facet normal 0.0300091 -0.99955 0
    outer loop
      vertex -43.4564 71.9616 0
      vertex -42.5704 71.9882 0
      vertex -42.5704 71.9882 6.35
    endloop
  endfacet
  facet normal 0.0300091 -0.99955 0
    outer loop
      vertex -43.4564 71.9616 0
      vertex -42.5704 71.9882 6.35
      vertex -43.4564 71.9616 6.35
    endloop
  endfacet
  facet normal 0 0 -1
    outer loop
      vertex -43.5807 46.6237 0
      vertex -35.3648 30.3736 0
      vertex -35.5702 30.0691 0
    endloop
  endfacet
  facet normal 0 0 -1
    outer loop
      vertex -43.5807 46.6237 0
      vertex -42.695 46.5885 0
      vertex -35.3648 30.3736 0
    endloop
  endfacet
  facet normal 0.0397112 0.999211 0
    outer loop
      vertex -43.5807 46.6237 0
      vertex -43.5807 46.6237 6.35
      vertex -42.695 46.5885 0
    endloop
  endfacet
  facet normal 0 0 1
    outer loop
      vertex -43.5807 46.6237 6.35
      vertex -35.3648 30.3736 6.35
      vertex -42.695 46.5885 6.35
    endloop
  endfacet
  facet normal 0 0 1
    outer loop
      vertex -43.5807 46.6237 6.35
      vertex -35.5702 30.0691 6.35
      vertex -35.3648 30.3736 6.35
    endloop
  endfacet
  facet normal 0.0397112 0.999211 0
    outer loop
      vertex -43.5807 46.6237 6.35
      vertex -42.695 46.5885 6.35
      vertex -42.695 46.5885 0
    endloop
  endfacet
  facet normal 0.530023 -0.847983 0
    outer loop
      vertex -43.6358 11.8436 0
      vertex -43.3243 12.0383 0
      vertex -43.3243 12.0383 6.35
    endloop
  endfacet
  facet normal 0.530023 -0.847983 0
    outer loop
      vertex -43.6358 11.8436 0
      vertex -43.3243 12.0383 6.35
      vertex -43.6358 11.8436 6.35
    endloop
  endfacet
  facet normal 0.529906 0.848056 0
    outer loop
      vertex -43.6358 3.118 0
      vertex -43.6358 3.118 6.35
      vertex -43.3243 2.92336 0
    endloop
  endfacet
  facet normal 0.529906 0.848056 0
    outer loop
      vertex -43.6358 3.118 6.35
      vertex -43.3243 2.92336 6.35
      vertex -43.3243 2.92336 0
    endloop
  endfacet
  facet normal 0.587735 -0.809054 0
    outer loop
      vertex -43.933 11.6277 0
      vertex -43.6358 11.8436 0
      vertex -43.6358 11.8436 6.35
    endloop
  endfacet
  facet normal 0.587735 -0.809054 0
    outer loop
      vertex -43.933 11.6277 0
      vertex -43.6358 11.8436 6.35
      vertex -43.933 11.6277 6.35
    endloop
  endfacet
  facet normal 0.587752 0.809041 0
    outer loop
      vertex -43.933 3.33391 0
      vertex -43.933 3.33391 6.35
      vertex -43.6358 3.118 0
    endloop
  endfacet
  facet normal 0.587752 0.809041 0
    outer loop
      vertex -43.933 3.33391 6.35
      vertex -43.6358 3.118 6.35
      vertex -43.6358 3.118 0
    endloop
  endfacet
  facet normal 0.642751 -0.766075 0
    outer loop
      vertex -44.2144 11.3916 0
      vertex -43.933 11.6277 0
      vertex -43.933 11.6277 6.35
    endloop
  endfacet
  facet normal 0.642751 -0.766075 0
    outer loop
      vertex -44.2144 11.3916 0
      vertex -43.933 11.6277 6.35
      vertex -44.2144 11.3916 6.35
    endloop
  endfacet
  facet normal 0.642751 0.766075 0
    outer loop
      vertex -44.2144 3.57001 0
      vertex -44.2144 3.57001 6.35
      vertex -43.933 3.33391 0
    endloop
  endfacet
  facet normal 0.642751 0.766075 0
    outer loop
      vertex -44.2144 3.57001 6.35
      vertex -43.933 3.33391 6.35
      vertex -43.933 3.33391 0
    endloop
  endfacet
  facet normal 0.0997159 -0.995016 0
    outer loop
      vertex -44.3385 71.8732 0
      vertex -43.4564 71.9616 0
      vertex -43.4564 71.9616 6.35
    endloop
  endfacet
  facet normal 0.0997159 -0.995016 0
    outer loop
      vertex -44.3385 71.8732 0
      vertex -43.4564 71.9616 6.35
      vertex -44.3385 71.8732 6.35
    endloop
  endfacet
  facet normal 0 0 -1
    outer loop
      vertex -44.4619 46.7207 0
      vertex -35.5702 30.0691 0
      vertex -35.7539 29.751 0
    endloop
  endfacet
  facet normal 0 0 -1
    outer loop
      vertex -44.4619 46.7207 0
      vertex -35.7539 29.751 0
      vertex -35.9149 29.4209 0
    endloop
  endfacet
  facet normal 0 0 -1
    outer loop
      vertex -44.4619 46.7207 0
      vertex -43.5807 46.6237 0
      vertex -35.5702 30.0691 0
    endloop
  endfacet
  facet normal 0.109416 0.993996 0
    outer loop
      vertex -44.4619 46.7207 0
      vertex -44.4619 46.7207 6.35
      vertex -43.5807 46.6237 0
    endloop
  endfacet
  facet normal 0 0 1
    outer loop
      vertex -44.4619 46.7207 6.35
      vertex -35.5702 30.0691 6.35
      vertex -43.5807 46.6237 6.35
    endloop
  endfacet
  facet normal 0 0 1
    outer loop
      vertex -44.4619 46.7207 6.35
      vertex -35.7539 29.751 6.35
      vertex -35.5702 30.0691 6.35
    endloop
  endfacet
  facet normal 0 0 1
    outer loop
      vertex -44.4619 46.7207 6.35
      vertex -35.9149 29.4209 6.35
      vertex -35.7539 29.751 6.35
    endloop
  endfacet
  facet normal 0.109416 0.993996 0
    outer loop
      vertex -44.4619 46.7207 6.35
      vertex -43.5807 46.6237 6.35
      vertex -43.5807 46.6237 0
    endloop
  endfacet
  facet normal 0.69475 -0.719251 0
    outer loop
      vertex -44.4786 11.1364 0
      vertex -44.2144 11.3916 0
      vertex -44.2144 11.3916 6.35
    endloop
  endfacet
  facet normal 0.69475 -0.719251 0
    outer loop
      vertex -44.4786 11.1364 0
      vertex -44.2144 11.3916 6.35
      vertex -44.4786 11.1364 6.35
    endloop
  endfacet
  facet normal 0.69468 0.719319 0
    outer loop
      vertex -44.4786 3.82516 0
      vertex -44.4786 3.82516 6.35
      vertex -44.2144 3.57001 0
    endloop
  endfacet
  facet normal 0.69468 0.719319 0
    outer loop
      vertex -44.4786 3.82516 6.35
      vertex -44.2144 3.57001 6.35
      vertex -44.2144 3.57001 0
    endloop
  endfacet
  facet normal 0.743037 -0.66925 0
    outer loop
      vertex -44.7244 10.8635 0
      vertex -44.4786 11.1364 0
      vertex -44.4786 11.1364 6.35
    endloop
  endfacet
  facet normal 0.743037 -0.66925 0
    outer loop
      vertex -44.7244 10.8635 0
      vertex -44.4786 11.1364 6.35
      vertex -44.7244 10.8635 6.35
    endloop
  endfacet
  facet normal 0.743134 0.669142 0
    outer loop
      vertex -44.7244 4.09814 0
      vertex -44.7244 4.09814 6.35
      vertex -44.4786 3.82516 0
    endloop
  endfacet
  facet normal 0.743134 0.669142 0
    outer loop
      vertex -44.7244 4.09814 6.35
      vertex -44.4786 3.82516 6.35
      vertex -44.4786 3.82516 0
    endloop
  endfacet
  facet normal 0.788119 -0.615523 0
    outer loop
      vertex -44.9505 10.574 0
      vertex -44.7244 10.8635 0
      vertex -44.7244 10.8635 6.35
    endloop
  endfacet
  facet normal 0.788119 -0.615523 0
    outer loop
      vertex -44.9505 10.574 0
      vertex -44.7244 10.8635 6.35
      vertex -44.9505 10.574 6.35
    endloop
  endfacet
  facet normal 0.788068 0.615589 0
    outer loop
      vertex -44.9505 4.38759 0
      vertex -44.9505 4.38759 6.35
      vertex -44.7244 4.09814 0
    endloop
  endfacet
  facet normal 0.788068 0.615589 0
    outer loop
      vertex -44.9505 4.38759 6.35
      vertex -44.7244 4.09814 6.35
      vertex -44.7244 4.09814 0
    endloop
  endfacet
  facet normal 0.829022 -0.559216 0
    outer loop
      vertex -45.1559 10.2695 0
      vertex -44.9505 10.574 0
      vertex -44.9505 10.574 6.35
    endloop
  endfacet
  facet normal 0.829022 -0.559216 0
    outer loop
      vertex -45.1559 10.2695 0
      vertex -44.9505 10.574 6.35
      vertex -45.1559 10.2695 6.35
    endloop
  endfacet
  facet normal 0.829039 0.55919 0
    outer loop
      vertex -45.1559 4.69211 0
      vertex -45.1559 4.69211 6.35
      vertex -44.9505 4.38759 0
    endloop
  endfacet
  facet normal 0.829039 0.55919 0
    outer loop
      vertex -45.1559 4.69211 6.35
      vertex -44.9505 4.38759 6.35
      vertex -44.9505 4.38759 0
    endloop
  endfacet
  facet normal 0.16877 -0.985656 0
    outer loop
      vertex -45.2122 71.7236 0
      vertex -44.3385 71.8732 0
      vertex -44.3385 71.8732 6.35
    endloop
  endfacet
  facet normal 0.16877 -0.985656 0
    outer loop
      vertex -45.2122 71.7236 0
      vertex -44.3385 71.8732 6.35
      vertex -45.2122 71.7236 6.35
    endloop
  endfacet
  facet normal 0 0 -1
    outer loop
      vertex -45.3341 46.8789 0
      vertex -44.4619 46.7207 0
      vertex -35.9149 29.4209 0
    endloop
  endfacet
  facet normal 0.178468 0.983946 0
    outer loop
      vertex -45.3341 46.8789 0
      vertex -45.3341 46.8789 6.35
      vertex -44.4619 46.7207 0
    endloop
  endfacet
  facet normal 0 0 1
    outer loop
      vertex -45.3341 46.8789 6.35
      vertex -35.9149 29.4209 6.35
      vertex -44.4619 46.7207 6.35
    endloop
  endfacet
  facet normal 0.178468 0.983946 0
    outer loop
      vertex -45.3341 46.8789 6.35
      vertex -44.4619 46.7207 6.35
      vertex -44.4619 46.7207 0
    endloop
  endfacet
  facet normal 0.865972 0.500092 0
    outer loop
      vertex -45.3396 5.01021 0
      vertex -45.3396 5.01021 6.35
      vertex -45.1559 4.69211 0
    endloop
  endfacet
  facet normal 0.865972 0.500092 0
    outer loop
      vertex -45.3396 5.01021 6.35
      vertex -45.1559 4.69211 6.35
      vertex -45.1559 4.69211 0
    endloop
  endfacet
  facet normal 0.865972 -0.500092 0
    outer loop
      vertex -45.3396 9.9514 0
      vertex -45.1559 10.2695 0
      vertex -45.1559 10.2695 6.35
    endloop
  endfacet
  facet normal 0.865972 -0.500092 0
    outer loop
      vertex -45.3396 9.9514 0
      vertex -45.1559 10.2695 6.35
      vertex -45.3396 9.9514 6.35
    endloop
  endfacet
  facet normal 0 0 -1
    outer loop
      vertex -45.3704 104.91 0
      vertex -39.8478 107.129 0
      vertex -39.9313 71.6977 0
    endloop
  endfacet
  facet normal -0.372833 0.927899 0
    outer loop
      vertex -45.3704 104.91 0
      vertex -39.8478 107.129 6.35
      vertex -39.8478 107.129 0
    endloop
  endfacet
  facet normal 0 0 -1
    outer loop
      vertex -45.3704 104.91 0
      vertex -39.9313 71.6977 0
      vertex -40.8035 71.8559 0
    endloop
  endfacet
  facet normal 0 0 -1
    outer loop
      vertex -45.3704 104.91 0
      vertex -40.8035 71.8559 0
      vertex -41.6846 71.9529 0
    endloop
  endfacet
  facet normal -0.372833 0.927899 0
    outer loop
      vertex -45.3704 104.91 0
      vertex -45.3704 104.91 6.35
      vertex -39.8478 107.129 6.35
    endloop
  endfacet
  facet normal 0 0 1
    outer loop
      vertex -45.3704 104.91 6.35
      vertex -39.9313 71.6977 6.35
      vertex -39.8478 107.129 6.35
    endloop
  endfacet
  facet normal 0 0 1
    outer loop
      vertex -45.3704 104.91 6.35
      vertex -40.8035 71.8559 6.35
      vertex -39.9313 71.6977 6.35
    endloop
  endfacet
  facet normal 0 0 1
    outer loop
      vertex -45.3704 104.91 6.35
      vertex -41.6846 71.9529 6.35
      vertex -40.8035 71.8559 6.35
    endloop
  endfacet
  facet normal 0.898821 0.438316 0
    outer loop
      vertex -45.5006 5.34036 0
      vertex -45.5006 5.34036 6.35
      vertex -45.3396 5.01021 0
    endloop
  endfacet
  facet normal 0.898821 0.438316 0
    outer loop
      vertex -45.5006 5.34036 6.35
      vertex -45.3396 5.01021 6.35
      vertex -45.3396 5.01021 0
    endloop
  endfacet
  facet normal 0.898816 -0.438327 0
    outer loop
      vertex -45.5006 9.62126 0
      vertex -45.3396 9.9514 0
      vertex -45.3396 9.9514 6.35
    endloop
  endfacet
  facet normal 0.898816 -0.438327 0
    outer loop
      vertex -45.5006 9.62126 0
      vertex -45.3396 9.9514 6.35
      vertex -45.5006 9.62126 6.35
    endloop
  endfacet
  facet normal 0.927179 0.374618 0
    outer loop
      vertex -45.6382 5.68092 0
      vertex -45.6382 5.68092 6.35
      vertex -45.5006 5.34036 0
    endloop
  endfacet
  facet normal 0.927179 0.374618 0
    outer loop
      vertex -45.6382 5.68092 6.35
      vertex -45.5006 5.34036 6.35
      vertex -45.5006 5.34036 0
    endloop
  endfacet
  facet normal 0.927183 -0.374608 0
    outer loop
      vertex -45.6382 9.28069 0
      vertex -45.5006 9.62126 0
      vertex -45.5006 9.62126 6.35
    endloop
  endfacet
  facet normal 0.927183 -0.374608 0
    outer loop
      vertex -45.6382 9.28069 0
      vertex -45.5006 9.62126 6.35
      vertex -45.6382 9.28069 6.35
    endloop
  endfacet
  facet normal 0.951065 0.308991 0
    outer loop
      vertex -45.7517 6.03027 0
      vertex -45.7517 6.03027 6.35
      vertex -45.6382 5.68092 0
    endloop
  endfacet
  facet normal 0.951065 0.308991 0
    outer loop
      vertex -45.7517 6.03027 6.35
      vertex -45.6382 5.68092 6.35
      vertex -45.6382 5.68092 0
    endloop
  endfacet
  facet normal 0.951062 -0.308999 0
    outer loop
      vertex -45.7517 8.93135 0
      vertex -45.6382 9.28069 0
      vertex -45.6382 9.28069 6.35
    endloop
  endfacet
  facet normal 0.951062 -0.308999 0
    outer loop
      vertex -45.7517 8.93135 0
      vertex -45.6382 9.28069 6.35
      vertex -45.7517 8.93135 6.35
    endloop
  endfacet
  facet normal 0.97027 0.242023 0
    outer loop
      vertex -45.8406 6.38667 0
      vertex -45.8406 6.38667 6.35
      vertex -45.7517 6.03027 0
    endloop
  endfacet
  facet normal 0.97027 0.242023 0
    outer loop
      vertex -45.8406 6.38667 6.35
      vertex -45.7517 6.03027 6.35
      vertex -45.7517 6.03027 0
    endloop
  endfacet
  facet normal 0.97027 -0.242023 0
    outer loop
      vertex -45.8406 8.57495 0
      vertex -45.7517 8.93135 0
      vertex -45.7517 8.93135 6.35
    endloop
  endfacet
  facet normal 0.97027 -0.242023 0
    outer loop
      vertex -45.8406 8.57495 0
      vertex -45.7517 8.93135 6.35
      vertex -45.8406 8.57495 6.35
    endloop
  endfacet
  facet normal 0.984801 0.173689 0
    outer loop
      vertex -45.9044 6.74841 0
      vertex -45.9044 6.74841 6.35
      vertex -45.8406 6.38667 0
    endloop
  endfacet
  facet normal 0.984801 0.173689 0
    outer loop
      vertex -45.9044 6.74841 6.35
      vertex -45.8406 6.38667 6.35
      vertex -45.8406 6.38667 0
    endloop
  endfacet
  facet normal 0.984801 -0.173689 0
    outer loop
      vertex -45.9044 8.21321 0
      vertex -45.8406 8.57495 0
      vertex -45.8406 8.57495 6.35
    endloop
  endfacet
  facet normal 0.984801 -0.173689 0
    outer loop
      vertex -45.9044 8.21321 0
      vertex -45.8406 8.57495 6.35
      vertex -45.9044 8.21321 6.35
    endloop
  endfacet
  facet normal 0.99452 0.104543 0
    outer loop
      vertex -45.9428 7.11371 0
      vertex -45.9428 7.11371 6.35
      vertex -45.9044 6.74841 0
    endloop
  endfacet
  facet normal 0.99452 0.104543 0
    outer loop
      vertex -45.9428 7.11371 6.35
      vertex -45.9044 6.74841 6.35
      vertex -45.9044 6.74841 0
    endloop
  endfacet
  facet normal 0.994521 -0.10454 0
    outer loop
      vertex -45.9428 7.8479 0
      vertex -45.9044 8.21321 0
      vertex -45.9044 8.21321 6.35
    endloop
  endfacet
  facet normal 0.994521 -0.10454 0
    outer loop
      vertex -45.9428 7.8479 0
      vertex -45.9044 8.21321 6.35
      vertex -45.9428 7.8479 6.35
    endloop
  endfacet
  facet normal 0.999393 -0.0348467 0
    outer loop
      vertex -45.9556 7.4808 0
      vertex -45.9428 7.8479 0
      vertex -45.9428 7.8479 6.35
    endloop
  endfacet
  facet normal 0.999393 -0.0348467 0
    outer loop
      vertex -45.9556 7.4808 0
      vertex -45.9428 7.8479 6.35
      vertex -45.9556 7.4808 6.35
    endloop
  endfacet
  facet normal 0.999393 0.0348477 0
    outer loop
      vertex -45.9556 7.4808 0
      vertex -45.9556 7.4808 6.35
      vertex -45.9428 7.11371 0
    endloop
  endfacet
  facet normal 0.999393 0.0348477 0
    outer loop
      vertex -45.9556 7.4808 6.35
      vertex -45.9428 7.11371 6.35
      vertex -45.9428 7.11371 0
    endloop
  endfacet
  facet normal 0.237143 -0.971475 0
    outer loop
      vertex -46.0733 71.5134 0
      vertex -45.2122 71.7236 0
      vertex -45.2122 71.7236 6.35
    endloop
  endfacet
  facet normal 0.237143 -0.971475 0
    outer loop
      vertex -46.0733 71.5134 0
      vertex -45.2122 71.7236 6.35
      vertex -46.0733 71.5134 6.35
    endloop
  endfacet
  facet normal 0.246727 0.969085 0
    outer loop
      vertex -46.1931 47.0976 0
      vertex -46.1931 47.0976 6.35
      vertex -45.3341 46.8789 0
    endloop
  endfacet
  facet normal 0.246727 0.969085 0
    outer loop
      vertex -46.1931 47.0976 6.35
      vertex -45.3341 46.8789 6.35
      vertex -45.3341 46.8789 0
    endloop
  endfacet
  facet normal 0.304358 -0.952558 0
    outer loop
      vertex -46.9177 71.2436 0
      vertex -46.0733 71.5134 0
      vertex -46.0733 71.5134 6.35
    endloop
  endfacet
  facet normal 0.304358 -0.952558 0
    outer loop
      vertex -46.9177 71.2436 0
      vertex -46.0733 71.5134 6.35
      vertex -46.9177 71.2436 6.35
    endloop
  endfacet
  facet normal 0.313722 0.949515 0
    outer loop
      vertex -47.0348 47.3757 0
      vertex -47.0348 47.3757 6.35
      vertex -46.1931 47.0976 0
    endloop
  endfacet
  facet normal 0.313722 0.949515 0
    outer loop
      vertex -47.0348 47.3757 6.35
      vertex -46.1931 47.0976 6.35
      vertex -46.1931 47.0976 0
    endloop
  endfacet
  facet normal 0.370087 -0.928997 0
    outer loop
      vertex -47.7413 70.9155 0
      vertex -46.9177 71.2436 0
      vertex -46.9177 71.2436 6.35
    endloop
  endfacet
  facet normal 0.370087 -0.928997 0
    outer loop
      vertex -47.7413 70.9155 0
      vertex -46.9177 71.2436 6.35
      vertex -47.7413 70.9155 6.35
    endloop
  endfacet
  facet normal 0.379138 0.92534 0
    outer loop
      vertex -47.8551 47.7118 0
      vertex -47.8551 47.7118 6.35
      vertex -47.0348 47.3757 0
    endloop
  endfacet
  facet normal 0.379138 0.92534 0
    outer loop
      vertex -47.8551 47.7118 6.35
      vertex -47.0348 47.3757 6.35
      vertex -47.0348 47.3757 0
    endloop
  endfacet
  facet normal 0.433897 -0.900962 0
    outer loop
      vertex -48.5399 70.5309 0
      vertex -47.7413 70.9155 0
      vertex -47.7413 70.9155 6.35
    endloop
  endfacet
  facet normal 0.433897 -0.900962 0
    outer loop
      vertex -48.5399 70.5309 0
      vertex -47.7413 70.9155 6.35
      vertex -48.5399 70.5309 6.35
    endloop
  endfacet
  facet normal 0.442786 0.896627 0
    outer loop
      vertex -48.6499 48.1043 0
      vertex -48.6499 48.1043 6.35
      vertex -47.8551 47.7118 0
    endloop
  endfacet
  facet normal 0.442786 0.896627 0
    outer loop
      vertex -48.6499 48.1043 6.35
      vertex -47.8551 47.7118 6.35
      vertex -47.8551 47.7118 0
    endloop
  endfacet
  facet normal 0.495811 -0.868431 0
    outer loop
      vertex -49.3097 70.0914 0
      vertex -48.5399 70.5309 0
      vertex -48.5399 70.5309 6.35
    endloop
  endfacet
  facet normal 0.495811 -0.868431 0
    outer loop
      vertex -49.3097 70.0914 0
      vertex -48.5399 70.5309 6.35
      vertex -49.3097 70.0914 6.35
    endloop
  endfacet
  facet normal 0.504173 0.863603 0
    outer loop
      vertex -49.4154 48.5512 0
      vertex -49.4154 48.5512 6.35
      vertex -48.6499 48.1043 0
    endloop
  endfacet
  facet normal 0.504173 0.863603 0
    outer loop
      vertex -49.4154 48.5512 6.35
      vertex -48.6499 48.1043 6.35
      vertex -48.6499 48.1043 0
    endloop
  endfacet
  facet normal 0 0 -1
    outer loop
      vertex -5.42509 -21.7589 0
      vertex -3.12079 -12.5168 0
      vertex -3.89406 -22.0843 0
    endloop
  endfacet
  facet normal -0.207893 -0.978152 0
    outer loop
      vertex -5.42509 -21.7589 0
      vertex -3.89406 -22.0843 0
      vertex -5.42509 -21.7589 6.35
    endloop
  endfacet
  facet normal -0.207893 -0.978152 0
    outer loop
      vertex -5.42509 -21.7589 6.35
      vertex -3.89406 -22.0843 0
      vertex -3.89406 -22.0843 6.35
    endloop
  endfacet
  facet normal 0 0 1
    outer loop
      vertex -5.42509 -21.7589 6.35
      vertex -3.89406 -22.0843 6.35
      vertex -3.12079 -12.5168 6.35
    endloop
  endfacet
  facet normal 0.433884 -0.900969 0
    outer loop
      vertex -5.54898 84.2667 0
      vertex -4.75035 84.6513 0
      vertex -4.75035 84.6513 6.35
    endloop
  endfacet
  facet normal 0.433884 -0.900969 0
    outer loop
      vertex -5.54898 84.2667 0
      vertex -4.75035 84.6513 6.35
      vertex -5.54898 84.2667 6.35
    endloop
  endfacet
  facet normal 0.4068 0.913517 0
    outer loop
      vertex -5.65498 -11.5944 0
      vertex -5.65498 -11.5944 6.35
      vertex -4.83241 -11.9607 0
    endloop
  endfacet
  facet normal 0.4068 0.913517 0
    outer loop
      vertex -5.65498 -11.5944 6.35
      vertex -4.83241 -11.9607 6.35
      vertex -4.83241 -11.9607 0
    endloop
  endfacet
  facet normal 0.4068 -0.913517 0
    outer loop
      vertex -5.65498 11.5944 0
      vertex -4.83241 11.9607 0
      vertex -4.83241 11.9607 6.35
    endloop
  endfacet
  facet normal 0.4068 -0.913517 0
    outer loop
      vertex -5.65498 11.5944 0
      vertex -4.83241 11.9607 6.35
      vertex -5.65498 11.5944 6.35
    endloop
  endfacet
  facet normal 0.442772 0.896634 0
    outer loop
      vertex -5.659 61.8401 0
      vertex -5.659 61.8401 6.35
      vertex -4.86417 61.4476 0
    endloop
  endfacet
  facet normal 0.442772 0.896634 0
    outer loop
      vertex -5.659 61.8401 6.35
      vertex -4.86417 61.4476 6.35
      vertex -4.86417 61.4476 0
    endloop
  endfacet
  facet normal 0.555091 -0.83179 0
    outer loop
      vertex -50.0471 69.5993 0
      vertex -49.3097 70.0914 0
      vertex -49.3097 70.0914 6.35
    endloop
  endfacet
  facet normal 0.555091 -0.83179 0
    outer loop
      vertex -50.0471 69.5993 0
      vertex -49.3097 70.0914 6.35
      vertex -50.0471 69.5993 6.35
    endloop
  endfacet
  facet normal 0.563235 0.826297 0
    outer loop
      vertex -50.1479 49.0505 0
      vertex -50.1479 49.0505 6.35
      vertex -49.4154 48.5512 0
    endloop
  endfacet
  facet normal 0.563235 0.826297 0
    outer loop
      vertex -50.1479 49.0505 6.35
      vertex -49.4154 48.5512 6.35
      vertex -49.4154 48.5512 0
    endloop
  endfacet
  facet normal 0.611775 -0.791032 0
    outer loop
      vertex -50.7483 69.057 0
      vertex -50.0471 69.5993 0
      vertex -50.0471 69.5993 6.35
    endloop
  endfacet
  facet normal 0.611775 -0.791032 0
    outer loop
      vertex -50.7483 69.057 0
      vertex -50.0471 69.5993 6.35
      vertex -50.7483 69.057 6.35
    endloop
  endfacet
  facet normal 0 0 -1
    outer loop
      vertex -50.7699 102.406 0
      vertex -41.6846 71.9529 0
      vertex -42.5704 71.9882 0
    endloop
  endfacet
  facet normal 0 0 -1
    outer loop
      vertex -50.7699 102.406 0
      vertex -42.5704 71.9882 0
      vertex -43.4564 71.9616 0
    endloop
  endfacet
  facet normal 0 0 -1
    outer loop
      vertex -50.7699 102.406 0
      vertex -43.4564 71.9616 0
      vertex -44.3385 71.8732 0
    endloop
  endfacet
  facet normal 0 0 -1
    outer loop
      vertex -50.7699 102.406 0
      vertex -45.3704 104.91 0
      vertex -41.6846 71.9529 0
    endloop
  endfacet
  facet normal -0.420709 0.907196 0
    outer loop
      vertex -50.7699 102.406 0
      vertex -45.3704 104.91 6.35
      vertex -45.3704 104.91 0
    endloop
  endfacet
  facet normal -0.420709 0.907196 0
    outer loop
      vertex -50.7699 102.406 0
      vertex -50.7699 102.406 6.35
      vertex -45.3704 104.91 6.35
    endloop
  endfacet
  facet normal 0 0 1
    outer loop
      vertex -50.7699 102.406 6.35
      vertex -41.6846 71.9529 6.35
      vertex -45.3704 104.91 6.35
    endloop
  endfacet
  facet normal 0 0 1
    outer loop
      vertex -50.7699 102.406 6.35
      vertex -42.5704 71.9882 6.35
      vertex -41.6846 71.9529 6.35
    endloop
  endfacet
  facet normal 0 0 1
    outer loop
      vertex -50.7699 102.406 6.35
      vertex -43.4564 71.9616 6.35
      vertex -42.5704 71.9882 6.35
    endloop
  endfacet
  facet normal 0 0 1
    outer loop
      vertex -50.7699 102.406 6.35
      vertex -44.3385 71.8732 6.35
      vertex -43.4564 71.9616 6.35
    endloop
  endfacet
  facet normal 0.619564 0.784946 0
    outer loop
      vertex -50.8437 49.5997 0
      vertex -50.8437 49.5997 6.35
      vertex -50.1479 49.0505 0
    endloop
  endfacet
  facet normal 0.619564 0.784946 0
    outer loop
      vertex -50.8437 49.5997 6.35
      vertex -50.1479 49.0505 6.35
      vertex -50.1479 49.0505 0
    endloop
  endfacet
  facet normal 0.665504 -0.746394 0
    outer loop
      vertex -51.4099 68.4671 0
      vertex -50.7483 69.057 0
      vertex -50.7483 69.057 6.35
    endloop
  endfacet
  facet normal 0.665504 -0.746394 0
    outer loop
      vertex -51.4099 68.4671 0
      vertex -50.7483 69.057 6.35
      vertex -51.4099 68.4671 6.35
    endloop
  endfacet
  facet normal 0.672751 0.739869 0
    outer loop
      vertex -51.4996 50.1961 0
      vertex -51.4996 50.1961 6.35
      vertex -50.8437 49.5997 0
    endloop
  endfacet
  facet normal 0.672751 0.739869 0
    outer loop
      vertex -51.4996 50.1961 6.35
      vertex -50.8437 49.5997 6.35
      vertex -50.8437 49.5997 0
    endloop
  endfacet
  facet normal 0.715907 -0.698196 0
    outer loop
      vertex -52.0288 67.8325 0
      vertex -51.4099 68.4671 0
      vertex -51.4099 68.4671 6.35
    endloop
  endfacet
  facet normal 0.715907 -0.698196 0
    outer loop
      vertex -52.0288 67.8325 0
      vertex -51.4099 68.4671 6.35
      vertex -52.0288 67.8325 6.35
    endloop
  endfacet
  facet normal 0.722725 0.691136 0
    outer loop
      vertex -52.1122 50.8367 0
      vertex -52.1122 50.8367 6.35
      vertex -51.4996 50.1961 0
    endloop
  endfacet
  facet normal 0.722725 0.691136 0
    outer loop
      vertex -52.1122 50.8367 6.35
      vertex -51.4996 50.1961 6.35
      vertex -51.4996 50.1961 0
    endloop
  endfacet
  facet normal 0.762915 -0.646498 0
    outer loop
      vertex -52.6019 67.1562 0
      vertex -52.0288 67.8325 0
      vertex -52.0288 67.8325 6.35
    endloop
  endfacet
  facet normal 0.762915 -0.646498 0
    outer loop
      vertex -52.6019 67.1562 0
      vertex -52.0288 67.8325 6.35
      vertex -52.6019 67.1562 6.35
    endloop
  endfacet
  facet normal 0.769247 0.638952 0
    outer loop
      vertex -52.6786 51.5186 0
      vertex -52.6786 51.5186 6.35
      vertex -52.1122 50.8367 0
    endloop
  endfacet
  facet normal 0.769247 0.638952 0
    outer loop
      vertex -52.6786 51.5186 6.35
      vertex -52.1122 50.8367 6.35
      vertex -52.1122 50.8367 0
    endloop
  endfacet
  facet normal 0.806104 -0.591774 0
    outer loop
      vertex -53.1265 66.4416 0
      vertex -52.6019 67.1562 0
      vertex -52.6019 67.1562 6.35
    endloop
  endfacet
  facet normal 0.806104 -0.591774 0
    outer loop
      vertex -53.1265 66.4416 0
      vertex -52.6019 67.1562 6.35
      vertex -53.1265 66.4416 6.35
    endloop
  endfacet
  facet normal 0.811847 0.583871 0
    outer loop
      vertex -53.1962 52.2383 0
      vertex -53.1962 52.2383 6.35
      vertex -52.6786 51.5186 0
    endloop
  endfacet
  facet normal 0.811847 0.583871 0
    outer loop
      vertex -53.1962 52.2383 6.35
      vertex -52.6786 51.5186 6.35
      vertex -52.6786 51.5186 0
    endloop
  endfacet
  facet normal 0.845441 -0.534069 0
    outer loop
      vertex -53.5999 65.6922 0
      vertex -53.1265 66.4416 0
      vertex -53.1265 66.4416 6.35
    endloop
  endfacet
  facet normal 0.845441 -0.534069 0
    outer loop
      vertex -53.5999 65.6922 0
      vertex -53.1265 66.4416 6.35
      vertex -53.5999 65.6922 6.35
    endloop
  endfacet
  facet normal 0.85065 0.525733 0
    outer loop
      vertex -53.6622 52.9923 0
      vertex -53.6622 52.9923 6.35
      vertex -53.1962 52.2383 0
    endloop
  endfacet
  facet normal 0.85065 0.525733 0
    outer loop
      vertex -53.6622 52.9923 6.35
      vertex -53.1962 52.2383 6.35
      vertex -53.1962 52.2383 0
    endloop
  endfacet
  facet normal 0.880649 -0.47377 0
    outer loop
      vertex -54.0199 64.9115 0
      vertex -53.5999 65.6922 0
      vertex -53.5999 65.6922 6.35
    endloop
  endfacet
  facet normal 0.880649 -0.47377 0
    outer loop
      vertex -54.0199 64.9115 0
      vertex -53.5999 65.6922 6.35
      vertex -54.0199 64.9115 6.35
    endloop
  endfacet
  facet normal 0.885268 0.465081 0
    outer loop
      vertex -54.0745 53.7771 0
      vertex -54.0745 53.7771 6.35
      vertex -53.6622 52.9923 0
    endloop
  endfacet
  facet normal 0.885268 0.465081 0
    outer loop
      vertex -54.0745 53.7771 6.35
      vertex -53.6622 52.9923 6.35
      vertex -53.6622 52.9923 0
    endloop
  endfacet
  facet normal 0.911541 -0.411209 0
    outer loop
      vertex -54.3844 64.1035 0
      vertex -54.0199 64.9115 0
      vertex -54.0199 64.9115 6.35
    endloop
  endfacet
  facet normal 0.911541 -0.411209 0
    outer loop
      vertex -54.3844 64.1035 0
      vertex -54.0199 64.9115 6.35
      vertex -54.3844 64.1035 6.35
    endloop
  endfacet
  facet normal 0.915506 0.402304 0
    outer loop
      vertex -54.4311 54.5886 0
      vertex -54.4311 54.5886 6.35
      vertex -54.0745 53.7771 0
    endloop
  endfacet
  facet normal 0.915506 0.402304 0
    outer loop
      vertex -54.4311 54.5886 6.35
      vertex -54.0745 53.7771 6.35
      vertex -54.0745 53.7771 0
    endloop
  endfacet
  facet normal 0.937992 -0.346657 0
    outer loop
      vertex -54.6917 63.272 0
      vertex -54.3844 64.1035 0
      vertex -54.3844 64.1035 6.35
    endloop
  endfacet
  facet normal 0.937992 -0.346657 0
    outer loop
      vertex -54.6917 63.272 0
      vertex -54.3844 64.1035 6.35
      vertex -54.6917 63.272 6.35
    endloop
  endfacet
  facet normal 0.941361 0.337401 0
    outer loop
      vertex -54.7302 55.4231 0
      vertex -54.7302 55.4231 6.35
      vertex -54.4311 54.5886 0
    endloop
  endfacet
  facet normal 0.941361 0.337401 0
    outer loop
      vertex -54.7302 55.4231 6.35
      vertex -54.4311 54.5886 6.35
      vertex -54.4311 54.5886 0
    endloop
  endfacet
  facet normal 0.959903 -0.280334 0
    outer loop
      vertex -54.9402 62.4211 0
      vertex -54.6917 63.272 0
      vertex -54.6917 63.272 6.35
    endloop
  endfacet
  facet normal 0.959903 -0.280334 0
    outer loop
      vertex -54.9402 62.4211 0
      vertex -54.6917 63.272 6.35
      vertex -54.9402 62.4211 6.35
    endloop
  endfacet
  facet normal 0.962589 0.270964 0
    outer loop
      vertex -54.9704 56.2764 0
      vertex -54.9704 56.2764 6.35
      vertex -54.7302 55.4231 0
    endloop
  endfacet
  facet normal 0.962589 0.270964 0
    outer loop
      vertex -54.9704 56.2764 6.35
      vertex -54.7302 55.4231 6.35
      vertex -54.7302 55.4231 0
    endloop
  endfacet
  facet normal 0.977102 -0.212772 0
    outer loop
      vertex -55.1288 61.555 0
      vertex -54.9402 62.4211 0
      vertex -54.9402 62.4211 6.35
    endloop
  endfacet
  facet normal 0.977102 -0.212772 0
    outer loop
      vertex -55.1288 61.555 0
      vertex -54.9402 62.4211 6.35
      vertex -55.1288 61.555 6.35
    endloop
  endfacet
  facet normal 0.979168 0.203053 0
    outer loop
      vertex -55.1504 57.1444 0
      vertex -55.1504 57.1444 6.35
      vertex -54.9704 56.2764 0
    endloop
  endfacet
  facet normal 0.979168 0.203053 0
    outer loop
      vertex -55.1504 57.1444 6.35
      vertex -54.9704 56.2764 6.35
      vertex -54.9704 56.2764 0
    endloop
  endfacet
  facet normal 0.989585 -0.143948 0
    outer loop
      vertex -55.2564 60.6778 0
      vertex -55.1288 61.555 0
      vertex -55.1288 61.555 6.35
    endloop
  endfacet
  facet normal 0.989585 -0.143948 0
    outer loop
      vertex -55.2564 60.6778 0
      vertex -55.1288 61.555 6.35
      vertex -55.2564 60.6778 6.35
    endloop
  endfacet
  facet normal 0.990933 0.134358 0
    outer loop
      vertex -55.2695 58.0228 0
      vertex -55.2695 58.0228 6.35
      vertex -55.1504 57.1444 0
    endloop
  endfacet
  facet normal 0.990933 0.134358 0
    outer loop
      vertex -55.2695 58.0228 6.35
      vertex -55.1504 57.1444 6.35
      vertex -55.1504 57.1444 0
    endloop
  endfacet
  facet normal 0.997208 -0.0746778 0
    outer loop
      vertex -55.3226 59.7938 0
      vertex -55.2564 60.6778 0
      vertex -55.2564 60.6778 6.35
    endloop
  endfacet
  facet normal 0.997208 -0.0746778 0
    outer loop
      vertex -55.3226 59.7938 0
      vertex -55.2564 60.6778 6.35
      vertex -55.3226 59.7938 6.35
    endloop
  endfacet
  facet normal 0.999988 -0.00496328 0
    outer loop
      vertex -55.327 58.9073 0
      vertex -55.3226 59.7938 0
      vertex -55.3226 59.7938 6.35
    endloop
  endfacet
  facet normal 0.999988 -0.00496328 0
    outer loop
      vertex -55.327 58.9073 0
      vertex -55.3226 59.7938 6.35
      vertex -55.327 58.9073 6.35
    endloop
  endfacet
  facet normal 0.997894 0.0648715 0
    outer loop
      vertex -55.327 58.9073 0
      vertex -55.327 58.9073 6.35
      vertex -55.2695 58.0228 0
    endloop
  endfacet
  facet normal 0.997894 0.0648715 0
    outer loop
      vertex -55.327 58.9073 6.35
      vertex -55.2695 58.0228 6.35
      vertex -55.2695 58.0228 0
    endloop
  endfacet
  facet normal 0 0 -1
    outer loop
      vertex -56.0318 99.6239 0
      vertex -44.3385 71.8732 0
      vertex -45.2122 71.7236 0
    endloop
  endfacet
  facet normal 0 0 -1
    outer loop
      vertex -56.0318 99.6239 0
      vertex -45.2122 71.7236 0
      vertex -46.0733 71.5134 0
    endloop
  endfacet
  facet normal 0 0 -1
    outer loop
      vertex -56.0318 99.6239 0
      vertex -46.0733 71.5134 0
      vertex -46.9177 71.2436 0
    endloop
  endfacet
  facet normal 0 0 -1
    outer loop
      vertex -56.0318 99.6239 0
      vertex -50.7699 102.406 0
      vertex -44.3385 71.8732 0
    endloop
  endfacet
  facet normal -0.467414 0.884039 0
    outer loop
      vertex -56.0318 99.6239 0
      vertex -50.7699 102.406 6.35
      vertex -50.7699 102.406 0
    endloop
  endfacet
  facet normal -0.467414 0.884039 0
    outer loop
      vertex -56.0318 99.6239 0
      vertex -56.0318 99.6239 6.35
      vertex -50.7699 102.406 6.35
    endloop
  endfacet
  facet normal 0 0 1
    outer loop
      vertex -56.0318 99.6239 6.35
      vertex -44.3385 71.8732 6.35
      vertex -50.7699 102.406 6.35
    endloop
  endfacet
  facet normal 0 0 1
    outer loop
      vertex -56.0318 99.6239 6.35
      vertex -45.2122 71.7236 6.35
      vertex -44.3385 71.8732 6.35
    endloop
  endfacet
  facet normal 0 0 1
    outer loop
      vertex -56.0318 99.6239 6.35
      vertex -46.0733 71.5134 6.35
      vertex -45.2122 71.7236 6.35
    endloop
  endfacet
  facet normal 0 0 1
    outer loop
      vertex -56.0318 99.6239 6.35
      vertex -46.9177 71.2436 6.35
      vertex -46.0733 71.5134 6.35
    endloop
  endfacet
  facet normal 0 0 -1
    outer loop
      vertex -56.6451 23.2873 0
      vertex -36.2549 26.1863 0
      vertex -36.166 25.8299 0
    endloop
  endfacet
  facet normal 0 0 1
    outer loop
      vertex -56.6451 23.2873 6.35
      vertex -36.166 25.8299 6.35
      vertex -36.2549 26.1863 6.35
    endloop
  endfacet
  facet normal 0 0 -1
    outer loop
      vertex -56.6494 22.4009 0
      vertex -36.0525 25.4805 0
      vertex -42.6645 12.3601 0
    endloop
  endfacet
  facet normal 0 0 -1
    outer loop
      vertex -56.6494 22.4009 0
      vertex -36.166 25.8299 0
      vertex -36.0525 25.4805 0
    endloop
  endfacet
  facet normal 0 0 -1
    outer loop
      vertex -56.6494 22.4009 0
      vertex -42.6645 12.3601 0
      vertex -43 12.2107 0
    endloop
  endfacet
  facet normal 0 0 -1
    outer loop
      vertex -56.6494 22.4009 0
      vertex -56.6451 23.2873 0
      vertex -36.166 25.8299 0
    endloop
  endfacet
  facet normal -0.999988 0.00485103 0
    outer loop
      vertex -56.6494 22.4009 0
      vertex -56.6494 22.4009 6.35
      vertex -56.6451 23.2873 0
    endloop
  endfacet
  facet normal 0 0 1
    outer loop
      vertex -56.6494 22.4009 6.35
      vertex -36.0525 25.4805 6.35
      vertex -36.166 25.8299 6.35
    endloop
  endfacet
  facet normal 0 0 1
    outer loop
      vertex -56.6494 22.4009 6.35
      vertex -36.166 25.8299 6.35
      vertex -56.6451 23.2873 6.35
    endloop
  endfacet
  facet normal 0 0 1
    outer loop
      vertex -56.6494 22.4009 6.35
      vertex -42.6645 12.3601 6.35
      vertex -36.0525 25.4805 6.35
    endloop
  endfacet
  facet normal 0 0 1
    outer loop
      vertex -56.6494 22.4009 6.35
      vertex -43 12.2107 6.35
      vertex -42.6645 12.3601 6.35
    endloop
  endfacet
  facet normal -0.999988 0.00485103 0
    outer loop
      vertex -56.6494 22.4009 6.35
      vertex -56.6451 23.2873 6.35
      vertex -56.6451 23.2873 0
    endloop
  endfacet
  facet normal 0 0 -1
    outer loop
      vertex -56.7026 24.1719 0
      vertex -36.2549 26.1863 0
      vertex -56.6451 23.2873 0
    endloop
  endfacet
  facet normal 0 0 -1
    outer loop
      vertex -56.7026 24.1719 0
      vertex -36.3186 26.548 0
      vertex -36.2549 26.1863 0
    endloop
  endfacet
  facet normal 0 0 -1
    outer loop
      vertex -56.7026 24.1719 0
      vertex -36.357 26.9133 0
      vertex -36.3186 26.548 0
    endloop
  endfacet
  facet normal -0.997894 -0.0648642 0
    outer loop
      vertex -56.7026 24.1719 0
      vertex -56.6451 23.2873 0
      vertex -56.6451 23.2873 6.35
    endloop
  endfacet
  facet normal -0.997894 -0.0648642 0
    outer loop
      vertex -56.7026 24.1719 0
      vertex -56.6451 23.2873 6.35
      vertex -56.7026 24.1719 6.35
    endloop
  endfacet
  facet normal 0 0 1
    outer loop
      vertex -56.7026 24.1719 6.35
      vertex -36.2549 26.1863 6.35
      vertex -36.3186 26.548 6.35
    endloop
  endfacet
  facet normal 0 0 1
    outer loop
      vertex -56.7026 24.1719 6.35
      vertex -36.3186 26.548 6.35
      vertex -36.357 26.9133 6.35
    endloop
  endfacet
  facet normal 0 0 1
    outer loop
      vertex -56.7026 24.1719 6.35
      vertex -56.6451 23.2873 6.35
      vertex -36.2549 26.1863 6.35
    endloop
  endfacet
  facet normal 0 0 -1
    outer loop
      vertex -56.7156 21.5169 0
      vertex -43 12.2107 0
      vertex -43.3243 12.0383 0
    endloop
  endfacet
  facet normal 0 0 -1
    outer loop
      vertex -56.7156 21.5169 0
      vertex -56.6494 22.4009 0
      vertex -43 12.2107 0
    endloop
  endfacet
  facet normal -0.997208 0.0746778 0
    outer loop
      vertex -56.7156 21.5169 0
      vertex -56.7156 21.5169 6.35
      vertex -56.6494 22.4009 0
    endloop
  endfacet
  facet normal 0 0 1
    outer loop
      vertex -56.7156 21.5169 6.35
      vertex -43 12.2107 6.35
      vertex -56.6494 22.4009 6.35
    endloop
  endfacet
  facet normal 0 0 1
    outer loop
      vertex -56.7156 21.5169 6.35
      vertex -43.3243 12.0383 6.35
      vertex -43 12.2107 6.35
    endloop
  endfacet
  facet normal -0.997208 0.0746778 0
    outer loop
      vertex -56.7156 21.5169 6.35
      vertex -56.6494 22.4009 6.35
      vertex -56.6494 22.4009 0
    endloop
  endfacet
  facet normal 0 0 -1
    outer loop
      vertex -56.8216 25.0503 0
      vertex -36.357 26.9133 0
      vertex -56.7026 24.1719 0
    endloop
  endfacet
  facet normal 0 0 -1
    outer loop
      vertex -56.8216 25.0503 0
      vertex -36.3699 27.2804 0
      vertex -36.357 26.9133 0
    endloop
  endfacet
  facet normal -0.990948 -0.134247 0
    outer loop
      vertex -56.8216 25.0503 0
      vertex -56.7026 24.1719 0
      vertex -56.7026 24.1719 6.35
    endloop
  endfacet
  facet normal -0.990948 -0.134247 0
    outer loop
      vertex -56.8216 25.0503 0
      vertex -56.7026 24.1719 6.35
      vertex -56.8216 25.0503 6.35
    endloop
  endfacet
  facet normal 0 0 1
    outer loop
      vertex -56.8216 25.0503 6.35
      vertex -36.357 26.9133 6.35
      vertex -36.3699 27.2804 6.35
    endloop
  endfacet
  facet normal 0 0 1
    outer loop
      vertex -56.8216 25.0503 6.35
      vertex -56.7026 24.1719 6.35
      vertex -36.357 26.9133 6.35
    endloop
  endfacet
  facet normal 0 0 -1
    outer loop
      vertex -56.8433 20.6397 0
      vertex -43.3243 12.0383 0
      vertex -43.6358 11.8436 0
    endloop
  endfacet
  facet normal 0 0 -1
    outer loop
      vertex -56.8433 20.6397 0
      vertex -43.6358 11.8436 0
      vertex -43.933 11.6277 0
    endloop
  endfacet
  facet normal 0 0 -1
    outer loop
      vertex -56.8433 20.6397 0
      vertex -56.7156 21.5169 0
      vertex -43.3243 12.0383 0
    endloop
  endfacet
  facet normal -0.989569 0.144058 0
    outer loop
      vertex -56.8433 20.6397 0
      vertex -56.8433 20.6397 6.35
      vertex -56.7156 21.5169 0
    endloop
  endfacet
  facet normal 0 0 1
    outer loop
      vertex -56.8433 20.6397 6.35
      vertex -43.3243 12.0383 6.35
      vertex -56.7156 21.5169 6.35
    endloop
  endfacet
  facet normal 0 0 1
    outer loop
      vertex -56.8433 20.6397 6.35
      vertex -43.6358 11.8436 6.35
      vertex -43.3243 12.0383 6.35
    endloop
  endfacet
  facet normal 0 0 1
    outer loop
      vertex -56.8433 20.6397 6.35
      vertex -43.933 11.6277 6.35
      vertex -43.6358 11.8436 6.35
    endloop
  endfacet
  facet normal -0.989569 0.144058 0
    outer loop
      vertex -56.8433 20.6397 6.35
      vertex -56.7156 21.5169 6.35
      vertex -56.7156 21.5169 0
    endloop
  endfacet
  facet normal 0 0 -1
    outer loop
      vertex -57.0017 25.9183 0
      vertex -36.3186 28.0128 0
      vertex -36.357 27.6475 0
    endloop
  endfacet
  facet normal 0 0 -1
    outer loop
      vertex -57.0017 25.9183 0
      vertex -36.357 27.6475 0
      vertex -36.3699 27.2804 0
    endloop
  endfacet
  facet normal 0 0 -1
    outer loop
      vertex -57.0017 25.9183 0
      vertex -36.3699 27.2804 0
      vertex -56.8216 25.0503 0
    endloop
  endfacet
  facet normal -0.979145 -0.203161 0
    outer loop
      vertex -57.0017 25.9183 0
      vertex -56.8216 25.0503 0
      vertex -56.8216 25.0503 6.35
    endloop
  endfacet
  facet normal -0.979145 -0.203161 0
    outer loop
      vertex -57.0017 25.9183 0
      vertex -56.8216 25.0503 6.35
      vertex -57.0017 25.9183 6.35
    endloop
  endfacet
  facet normal 0 0 1
    outer loop
      vertex -57.0017 25.9183 6.35
      vertex -36.357 27.6475 6.35
      vertex -36.3186 28.0128 6.35
    endloop
  endfacet
  facet normal 0 0 1
    outer loop
      vertex -57.0017 25.9183 6.35
      vertex -36.3699 27.2804 6.35
      vertex -36.357 27.6475 6.35
    endloop
  endfacet
  facet normal 0 0 1
    outer loop
      vertex -57.0017 25.9183 6.35
      vertex -56.8216 25.0503 6.35
      vertex -36.3699 27.2804 6.35
    endloop
  endfacet
  facet normal 0 0 -1
    outer loop
      vertex -57.0318 19.7736 0
      vertex -43.933 11.6277 0
      vertex -44.2144 11.3916 0
    endloop
  endfacet
  facet normal 0 0 -1
    outer loop
      vertex -57.0318 19.7736 0
      vertex -56.8433 20.6397 0
      vertex -43.933 11.6277 0
    endloop
  endfacet
  facet normal -0.977125 0.212664 0
    outer loop
      vertex -57.0318 19.7736 0
      vertex -57.0318 19.7736 6.35
      vertex -56.8433 20.6397 0
    endloop
  endfacet
  facet normal 0 0 1
    outer loop
      vertex -57.0318 19.7736 6.35
      vertex -43.933 11.6277 6.35
      vertex -56.8433 20.6397 6.35
    endloop
  endfacet
  facet normal 0 0 1
    outer loop
      vertex -57.0318 19.7736 6.35
      vertex -44.2144 11.3916 6.35
      vertex -43.933 11.6277 6.35
    endloop
  endfacet
  facet normal -0.977125 0.212664 0
    outer loop
      vertex -57.0318 19.7736 6.35
      vertex -56.8433 20.6397 6.35
      vertex -56.8433 20.6397 0
    endloop
  endfacet
  facet normal 0 0 -1
    outer loop
      vertex -57.2418 26.7716 0
      vertex -36.2549 28.3746 0
      vertex -36.3186 28.0128 0
    endloop
  endfacet
  facet normal 0 0 -1
    outer loop
      vertex -57.2418 26.7716 0
      vertex -36.3186 28.0128 0
      vertex -57.0017 25.9183 0
    endloop
  endfacet
  facet normal -0.962619 -0.27086 0
    outer loop
      vertex -57.2418 26.7716 0
      vertex -57.0017 25.9183 0
      vertex -57.0017 25.9183 6.35
    endloop
  endfacet
  facet normal -0.962619 -0.27086 0
    outer loop
      vertex -57.2418 26.7716 0
      vertex -57.0017 25.9183 6.35
      vertex -57.2418 26.7716 6.35
    endloop
  endfacet
  facet normal 0 0 1
    outer loop
      vertex -57.2418 26.7716 6.35
      vertex -36.3186 28.0128 6.35
      vertex -36.2549 28.3746 6.35
    endloop
  endfacet
  facet normal 0 0 1
    outer loop
      vertex -57.2418 26.7716 6.35
      vertex -57.0017 25.9183 6.35
      vertex -36.3186 28.0128 6.35
    endloop
  endfacet
  facet normal 0 0 -1
    outer loop
      vertex -57.2803 18.9227 0
      vertex -44.2144 11.3916 0
      vertex -44.4786 11.1364 0
    endloop
  endfacet
  facet normal 0 0 -1
    outer loop
      vertex -57.2803 18.9227 0
      vertex -44.4786 11.1364 0
      vertex -44.7244 10.8635 0
    endloop
  endfacet
  facet normal 0 0 -1
    outer loop
      vertex -57.2803 18.9227 0
      vertex -57.0318 19.7736 0
      vertex -44.2144 11.3916 0
    endloop
  endfacet
  facet normal -0.959903 0.280334 0
    outer loop
      vertex -57.2803 18.9227 0
      vertex -57.2803 18.9227 6.35
      vertex -57.0318 19.7736 0
    endloop
  endfacet
  facet normal 0 0 1
    outer loop
      vertex -57.2803 18.9227 6.35
      vertex -44.2144 11.3916 6.35
      vertex -57.0318 19.7736 6.35
    endloop
  endfacet
  facet normal 0 0 1
    outer loop
      vertex -57.2803 18.9227 6.35
      vertex -44.4786 11.1364 6.35
      vertex -44.2144 11.3916 6.35
    endloop
  endfacet
  facet normal 0 0 1
    outer loop
      vertex -57.2803 18.9227 6.35
      vertex -44.7244 10.8635 6.35
      vertex -44.4786 11.1364 6.35
    endloop
  endfacet
  facet normal -0.959903 0.280334 0
    outer loop
      vertex -57.2803 18.9227 6.35
      vertex -57.0318 19.7736 6.35
      vertex -57.0318 19.7736 0
    endloop
  endfacet
  facet normal 0 0 -1
    outer loop
      vertex -57.5409 27.6061 0
      vertex -36.0525 29.0803 0
      vertex -36.166 28.731 0
    endloop
  endfacet
  facet normal 0 0 -1
    outer loop
      vertex -57.5409 27.6061 0
      vertex -36.166 28.731 0
      vertex -36.2549 28.3746 0
    endloop
  endfacet
  facet normal 0 0 -1
    outer loop
      vertex -57.5409 27.6061 0
      vertex -36.2549 28.3746 0
      vertex -57.2418 26.7716 0
    endloop
  endfacet
  facet normal -0.941361 -0.337401 0
    outer loop
      vertex -57.5409 27.6061 0
      vertex -57.2418 26.7716 0
      vertex -57.2418 26.7716 6.35
    endloop
  endfacet
  facet normal -0.941361 -0.337401 0
    outer loop
      vertex -57.5409 27.6061 0
      vertex -57.2418 26.7716 6.35
      vertex -57.5409 27.6061 6.35
    endloop
  endfacet
  facet normal 0 0 1
    outer loop
      vertex -57.5409 27.6061 6.35
      vertex -36.166 28.731 6.35
      vertex -36.0525 29.0803 6.35
    endloop
  endfacet
  facet normal 0 0 1
    outer loop
      vertex -57.5409 27.6061 6.35
      vertex -36.2549 28.3746 6.35
      vertex -36.166 28.731 6.35
    endloop
  endfacet
  facet normal 0 0 1
    outer loop
      vertex -57.5409 27.6061 6.35
      vertex -57.2418 26.7716 6.35
      vertex -36.2549 28.3746 6.35
    endloop
  endfacet
  facet normal 0 0 -1
    outer loop
      vertex -57.5876 18.0912 0
      vertex -44.7244 10.8635 0
      vertex -44.9505 10.574 0
    endloop
  endfacet
  facet normal 0 0 -1
    outer loop
      vertex -57.5876 18.0912 0
      vertex -57.2803 18.9227 0
      vertex -44.7244 10.8635 0
    endloop
  endfacet
  facet normal -0.937992 0.346657 0
    outer loop
      vertex -57.5876 18.0912 0
      vertex -57.5876 18.0912 6.35
      vertex -57.2803 18.9227 0
    endloop
  endfacet
  facet normal 0 0 1
    outer loop
      vertex -57.5876 18.0912 6.35
      vertex -44.7244 10.8635 6.35
      vertex -57.2803 18.9227 6.35
    endloop
  endfacet
  facet normal 0 0 1
    outer loop
      vertex -57.5876 18.0912 6.35
      vertex -44.9505 10.574 6.35
      vertex -44.7244 10.8635 6.35
    endloop
  endfacet
  facet normal -0.937992 0.346657 0
    outer loop
      vertex -57.5876 18.0912 6.35
      vertex -57.2803 18.9227 6.35
      vertex -57.2803 18.9227 0
    endloop
  endfacet
  facet normal 0 0 -1
    outer loop
      vertex -57.8975 28.4176 0
      vertex -35.9149 29.4209 0
      vertex -36.0525 29.0803 0
    endloop
  endfacet
  facet normal 0 0 -1
    outer loop
      vertex -57.8975 28.4176 0
      vertex -36.0525 29.0803 0
      vertex -57.5409 27.6061 0
    endloop
  endfacet
  facet normal -0.915506 -0.402304 0
    outer loop
      vertex -57.8975 28.4176 0
      vertex -57.5409 27.6061 0
      vertex -57.5409 27.6061 6.35
    endloop
  endfacet
  facet normal -0.915506 -0.402304 0
    outer loop
      vertex -57.8975 28.4176 0
      vertex -57.5409 27.6061 6.35
      vertex -57.8975 28.4176 6.35
    endloop
  endfacet
  facet normal 0 0 1
    outer loop
      vertex -57.8975 28.4176 6.35
      vertex -36.0525 29.0803 6.35
      vertex -35.9149 29.4209 6.35
    endloop
  endfacet
  facet normal 0 0 1
    outer loop
      vertex -57.8975 28.4176 6.35
      vertex -57.5409 27.6061 6.35
      vertex -36.0525 29.0803 6.35
    endloop
  endfacet
  facet normal 0 0 -1
    outer loop
      vertex -57.9521 17.2831 0
      vertex -44.9505 10.574 0
      vertex -45.1559 10.2695 0
    endloop
  endfacet
  facet normal 0 0 -1
    outer loop
      vertex -57.9521 17.2831 0
      vertex -45.1559 10.2695 0
      vertex -45.3396 9.9514 0
    endloop
  endfacet
  facet normal 0 0 -1
    outer loop
      vertex -57.9521 17.2831 0
      vertex -57.5876 18.0912 0
      vertex -44.9505 10.574 0
    endloop
  endfacet
  facet normal -0.91156 0.411167 0
    outer loop
      vertex -57.9521 17.2831 0
      vertex -57.9521 17.2831 6.35
      vertex -57.5876 18.0912 0
    endloop
  endfacet
  facet normal 0 0 1
    outer loop
      vertex -57.9521 17.2831 6.35
      vertex -44.9505 10.574 6.35
      vertex -57.5876 18.0912 6.35
    endloop
  endfacet
  facet normal 0 0 1
    outer loop
      vertex -57.9521 17.2831 6.35
      vertex -45.1559 10.2695 6.35
      vertex -44.9505 10.574 6.35
    endloop
  endfacet
  facet normal 0 0 1
    outer loop
      vertex -57.9521 17.2831 6.35
      vertex -45.3396 9.9514 6.35
      vertex -45.1559 10.2695 6.35
    endloop
  endfacet
  facet normal -0.91156 0.411167 0
    outer loop
      vertex -57.9521 17.2831 6.35
      vertex -57.5876 18.0912 6.35
      vertex -57.5876 18.0912 0
    endloop
  endfacet
  facet normal 0 0 -1
    outer loop
      vertex -58.3098 29.2023 0
      vertex -35.9149 29.4209 0
      vertex -57.8975 28.4176 0
    endloop
  endfacet
  facet normal 0 0 -1
    outer loop
      vertex -58.3098 29.2023 0
      vertex -45.3341 46.8789 0
      vertex -35.9149 29.4209 0
    endloop
  endfacet
  facet normal 0 0 -1
    outer loop
      vertex -58.3098 29.2023 0
      vertex -46.1931 47.0976 0
      vertex -45.3341 46.8789 0
    endloop
  endfacet
  facet normal -0.885243 -0.465128 0
    outer loop
      vertex -58.3098 29.2023 0
      vertex -57.8975 28.4176 0
      vertex -57.8975 28.4176 6.35
    endloop
  endfacet
  facet normal -0.885243 -0.465128 0
    outer loop
      vertex -58.3098 29.2023 0
      vertex -57.8975 28.4176 6.35
      vertex -58.3098 29.2023 6.35
    endloop
  endfacet
  facet normal 0 0 1
    outer loop
      vertex -58.3098 29.2023 6.35
      vertex -35.9149 29.4209 6.35
      vertex -45.3341 46.8789 6.35
    endloop
  endfacet
  facet normal 0 0 1
    outer loop
      vertex -58.3098 29.2023 6.35
      vertex -45.3341 46.8789 6.35
      vertex -46.1931 47.0976 6.35
    endloop
  endfacet
  facet normal 0 0 1
    outer loop
      vertex -58.3098 29.2023 6.35
      vertex -57.8975 28.4176 6.35
      vertex -35.9149 29.4209 6.35
    endloop
  endfacet
  facet normal 0 0 -1
    outer loop
      vertex -58.3721 16.5025 0
      vertex -45.3396 9.9514 0
      vertex -45.5006 9.62126 0
    endloop
  endfacet
  facet normal 0 0 -1
    outer loop
      vertex -58.3721 16.5025 0
      vertex -45.5006 9.62126 0
      vertex -45.6382 9.28069 0
    endloop
  endfacet
  facet normal 0 0 -1
    outer loop
      vertex -58.3721 16.5025 0
      vertex -57.9521 17.2831 0
      vertex -45.3396 9.9514 0
    endloop
  endfacet
  facet normal -0.880623 0.473817 0
    outer loop
      vertex -58.3721 16.5025 0
      vertex -58.3721 16.5025 6.35
      vertex -57.9521 17.2831 0
    endloop
  endfacet
  facet normal 0 0 1
    outer loop
      vertex -58.3721 16.5025 6.35
      vertex -45.3396 9.9514 6.35
      vertex -57.9521 17.2831 6.35
    endloop
  endfacet
  facet normal 0 0 1
    outer loop
      vertex -58.3721 16.5025 6.35
      vertex -45.5006 9.62126 6.35
      vertex -45.3396 9.9514 6.35
    endloop
  endfacet
  facet normal 0 0 1
    outer loop
      vertex -58.3721 16.5025 6.35
      vertex -45.6382 9.28069 6.35
      vertex -45.5006 9.62126 6.35
    endloop
  endfacet
  facet normal -0.880623 0.473817 0
    outer loop
      vertex -58.3721 16.5025 6.35
      vertex -57.9521 17.2831 6.35
      vertex -57.9521 17.2831 0
    endloop
  endfacet
  facet normal 0 0 -1
    outer loop
      vertex -58.7759 29.9564 0
      vertex -46.1931 47.0976 0
      vertex -58.3098 29.2023 0
    endloop
  endfacet
  facet normal -0.85063 -0.525764 0
    outer loop
      vertex -58.7759 29.9564 0
      vertex -58.3098 29.2023 0
      vertex -58.3098 29.2023 6.35
    endloop
  endfacet
  facet normal -0.85063 -0.525764 0
    outer loop
      vertex -58.7759 29.9564 0
      vertex -58.3098 29.2023 6.35
      vertex -58.7759 29.9564 6.35
    endloop
  endfacet
  facet normal 0 0 1
    outer loop
      vertex -58.7759 29.9564 6.35
      vertex -58.3098 29.2023 6.35
      vertex -46.1931 47.0976 6.35
    endloop
  endfacet
  facet normal 0 0 -1
    outer loop
      vertex -58.8456 15.7531 0
      vertex -45.6382 9.28069 0
      vertex -45.7517 8.93135 0
    endloop
  endfacet
  facet normal 0 0 -1
    outer loop
      vertex -58.8456 15.7531 0
      vertex -58.3721 16.5025 0
      vertex -45.6382 9.28069 0
    endloop
  endfacet
  facet normal -0.84539 0.53415 0
    outer loop
      vertex -58.8456 15.7531 0
      vertex -58.8456 15.7531 6.35
      vertex -58.3721 16.5025 0
    endloop
  endfacet
  facet normal 0 0 1
    outer loop
      vertex -58.8456 15.7531 6.35
      vertex -45.6382 9.28069 6.35
      vertex -58.3721 16.5025 6.35
    endloop
  endfacet
  facet normal 0 0 1
    outer loop
      vertex -58.8456 15.7531 6.35
      vertex -45.7517 8.93135 6.35
      vertex -45.6382 9.28069 6.35
    endloop
  endfacet
  facet normal -0.84539 0.53415 0
    outer loop
      vertex -58.8456 15.7531 6.35
      vertex -58.3721 16.5025 6.35
      vertex -58.3721 16.5025 0
    endloop
  endfacet
  facet normal 0 0 -1
    outer loop
      vertex -59.2934 30.6761 0
      vertex -46.1931 47.0976 0
      vertex -58.7759 29.9564 0
    endloop
  endfacet
  facet normal 0 0 -1
    outer loop
      vertex -59.2934 30.6761 0
      vertex -47.0348 47.3757 0
      vertex -46.1931 47.0976 0
    endloop
  endfacet
  facet normal -0.8119 -0.583796 0
    outer loop
      vertex -59.2934 30.6761 0
      vertex -58.7759 29.9564 0
      vertex -58.7759 29.9564 6.35
    endloop
  endfacet
  facet normal -0.8119 -0.583796 0
    outer loop
      vertex -59.2934 30.6761 0
      vertex -58.7759 29.9564 6.35
      vertex -59.2934 30.6761 6.35
    endloop
  endfacet
  facet normal 0 0 1
    outer loop
      vertex -59.2934 30.6761 6.35
      vertex -46.1931 47.0976 6.35
      vertex -47.0348 47.3757 6.35
    endloop
  endfacet
  facet normal 0 0 1
    outer loop
      vertex -59.2934 30.6761 6.35
      vertex -58.7759 29.9564 6.35
      vertex -46.1931 47.0976 6.35
    endloop
  endfacet
  facet normal 0 0 -1
    outer loop
      vertex -59.3701 15.0385 0
      vertex -45.7517 8.93135 0
      vertex -45.8406 8.57495 0
    endloop
  endfacet
  facet normal 0 0 -1
    outer loop
      vertex -59.3701 15.0385 0
      vertex -45.8406 8.57495 0
      vertex -45.9044 8.21321 0
    endloop
  endfacet
  facet normal 0 0 -1
    outer loop
      vertex -59.3701 15.0385 0
      vertex -58.8456 15.7531 0
      vertex -45.7517 8.93135 0
    endloop
  endfacet
  facet normal -0.806157 0.591701 0
    outer loop
      vertex -59.3701 15.0385 0
      vertex -59.3701 15.0385 6.35
      vertex -58.8456 15.7531 0
    endloop
  endfacet
  facet normal 0 0 1
    outer loop
      vertex -59.3701 15.0385 6.35
      vertex -45.7517 8.93135 6.35
      vertex -58.8456 15.7531 6.35
    endloop
  endfacet
  facet normal 0 0 1
    outer loop
      vertex -59.3701 15.0385 6.35
      vertex -45.8406 8.57495 6.35
      vertex -45.7517 8.93135 6.35
    endloop
  endfacet
  facet normal 0 0 1
    outer loop
      vertex -59.3701 15.0385 6.35
      vertex -45.9044 8.21321 6.35
      vertex -45.8406 8.57495 6.35
    endloop
  endfacet
  facet normal -0.806157 0.591701 0
    outer loop
      vertex -59.3701 15.0385 6.35
      vertex -58.8456 15.7531 6.35
      vertex -58.8456 15.7531 0
    endloop
  endfacet
  facet normal 0 0 -1
    outer loop
      vertex -59.8598 31.3579 0
      vertex -47.0348 47.3757 0
      vertex -59.2934 30.6761 0
    endloop
  endfacet
  facet normal 0 0 -1
    outer loop
      vertex -59.8598 31.3579 0
      vertex -47.8551 47.7118 0
      vertex -47.0348 47.3757 0
    endloop
  endfacet
  facet normal -0.769201 -0.639007 0
    outer loop
      vertex -59.8598 31.3579 0
      vertex -59.2934 30.6761 0
      vertex -59.2934 30.6761 6.35
    endloop
  endfacet
  facet normal -0.769201 -0.639007 0
    outer loop
      vertex -59.8598 31.3579 0
      vertex -59.2934 30.6761 6.35
      vertex -59.8598 31.3579 6.35
    endloop
  endfacet
  facet normal 0 0 1
    outer loop
      vertex -59.8598 31.3579 6.35
      vertex -47.0348 47.3757 6.35
      vertex -47.8551 47.7118 6.35
    endloop
  endfacet
  facet normal 0 0 1
    outer loop
      vertex -59.8598 31.3579 6.35
      vertex -59.2934 30.6761 6.35
      vertex -47.0348 47.3757 6.35
    endloop
  endfacet
  facet normal 0 0 -1
    outer loop
      vertex -59.9432 14.3622 0
      vertex -45.9044 8.21321 0
      vertex -45.9428 7.8479 0
    endloop
  endfacet
  facet normal 0 0 -1
    outer loop
      vertex -59.9432 14.3622 0
      vertex -59.3701 15.0385 0
      vertex -45.9044 8.21321 0
    endloop
  endfacet
  facet normal -0.762915 0.646498 0
    outer loop
      vertex -59.9432 14.3622 0
      vertex -59.9432 14.3622 6.35
      vertex -59.3701 15.0385 0
    endloop
  endfacet
  facet normal 0 0 1
    outer loop
      vertex -59.9432 14.3622 6.35
      vertex -45.9044 8.21321 6.35
      vertex -59.3701 15.0385 6.35
    endloop
  endfacet
  facet normal 0 0 1
    outer loop
      vertex -59.9432 14.3622 6.35
      vertex -45.9428 7.8479 6.35
      vertex -45.9044 8.21321 6.35
    endloop
  endfacet
  facet normal -0.762915 0.646498 0
    outer loop
      vertex -59.9432 14.3622 6.35
      vertex -59.3701 15.0385 6.35
      vertex -59.3701 15.0385 0
    endloop
  endfacet
  facet normal 0.495787 -0.868444 0
    outer loop
      vertex -6.31883 83.8272 0
      vertex -5.54898 84.2667 0
      vertex -5.54898 84.2667 6.35
    endloop
  endfacet
  facet normal 0.495787 -0.868444 0
    outer loop
      vertex -6.31883 83.8272 0
      vertex -5.54898 84.2667 6.35
      vertex -6.31883 83.8272 6.35
    endloop
  endfacet
  facet normal 0.504173 0.863603 0
    outer loop
      vertex -6.4245 62.287 0
      vertex -6.4245 62.287 6.35
      vertex -5.659 61.8401 0
    endloop
  endfacet
  facet normal 0.504173 0.863603 0
    outer loop
      vertex -6.4245 62.287 6.35
      vertex -5.659 61.8401 6.35
      vertex -5.659 61.8401 0
    endloop
  endfacet
  facet normal 0.469455 0.882957 0
    outer loop
      vertex -6.45 -11.1717 0
      vertex -6.45 -11.1717 6.35
      vertex -5.65498 -11.5944 0
    endloop
  endfacet
  facet normal 0.469455 0.882957 0
    outer loop
      vertex -6.45 -11.1717 6.35
      vertex -5.65498 -11.5944 6.35
      vertex -5.65498 -11.5944 0
    endloop
  endfacet
  facet normal 0.469455 -0.882957 0
    outer loop
      vertex -6.45 11.1717 0
      vertex -5.65498 11.5944 0
      vertex -5.65498 11.5944 6.35
    endloop
  endfacet
  facet normal 0.469455 -0.882957 0
    outer loop
      vertex -6.45 11.1717 0
      vertex -5.65498 11.5944 6.35
      vertex -6.45 11.1717 6.35
    endloop
  endfacet
  facet normal 0 0 -1
    outer loop
      vertex -6.9297 -21.3274 0
      vertex -3.12079 -12.5168 0
      vertex -5.42509 -21.7589 0
    endloop
  endfacet
  facet normal 0 0 -1
    outer loop
      vertex -6.9297 -21.3274 0
      vertex -3.98631 -12.2686 0
      vertex -3.12079 -12.5168 0
    endloop
  endfacet
  facet normal -0.275673 -0.961252 0
    outer loop
      vertex -6.9297 -21.3274 0
      vertex -5.42509 -21.7589 0
      vertex -6.9297 -21.3274 6.35
    endloop
  endfacet
  facet normal 0 0 1
    outer loop
      vertex -6.9297 -21.3274 6.35
      vertex -3.12079 -12.5168 6.35
      vertex -3.98631 -12.2686 6.35
    endloop
  endfacet
  facet normal -0.275673 -0.961252 0
    outer loop
      vertex -6.9297 -21.3274 6.35
      vertex -5.42509 -21.7589 0
      vertex -5.42509 -21.7589 6.35
    endloop
  endfacet
  facet normal 0 0 1
    outer loop
      vertex -6.9297 -21.3274 6.35
      vertex -5.42509 -21.7589 6.35
      vertex -3.12079 -12.5168 6.35
    endloop
  endfacet
  facet normal 0 0 -1
    outer loop
      vertex -60.4725 31.9986 0
      vertex -47.8551 47.7118 0
      vertex -59.8598 31.3579 0
    endloop
  endfacet
  facet normal 0 0 -1
    outer loop
      vertex -60.4725 31.9986 0
      vertex -48.6499 48.1043 0
      vertex -47.8551 47.7118 0
    endloop
  endfacet
  facet normal 0 0 -1
    outer loop
      vertex -60.4725 31.9986 0
      vertex -49.4154 48.5512 0
      vertex -48.6499 48.1043 0
    endloop
  endfacet
  facet normal -0.722723 -0.691138 0
    outer loop
      vertex -60.4725 31.9986 0
      vertex -59.8598 31.3579 0
      vertex -59.8598 31.3579 6.35
    endloop
  endfacet
  facet normal -0.722723 -0.691138 0
    outer loop
      vertex -60.4725 31.9986 0
      vertex -59.8598 31.3579 6.35
      vertex -60.4725 31.9986 6.35
    endloop
  endfacet
  facet normal 0 0 1
    outer loop
      vertex -60.4725 31.9986 6.35
      vertex -47.8551 47.7118 6.35
      vertex -48.6499 48.1043 6.35
    endloop
  endfacet
  facet normal 0 0 1
    outer loop
      vertex -60.4725 31.9986 6.35
      vertex -48.6499 48.1043 6.35
      vertex -49.4154 48.5512 6.35
    endloop
  endfacet
  facet normal 0 0 1
    outer loop
      vertex -60.4725 31.9986 6.35
      vertex -59.8598 31.3579 6.35
      vertex -47.8551 47.7118 6.35
    endloop
  endfacet
  facet normal 0 0 -1
    outer loop
      vertex -60.5621 13.7276 0
      vertex -45.9428 7.8479 0
      vertex -45.9556 7.4808 0
    endloop
  endfacet
  facet normal 0 0 -1
    outer loop
      vertex -60.5621 13.7276 0
      vertex -45.9556 7.4808 0
      vertex -45.9428 7.11371 0
    endloop
  endfacet
  facet normal 0 0 -1
    outer loop
      vertex -60.5621 13.7276 0
      vertex -59.9432 14.3622 0
      vertex -45.9428 7.8479 0
    endloop
  endfacet
  facet normal -0.715907 0.698196 0
    outer loop
      vertex -60.5621 13.7276 0
      vertex -60.5621 13.7276 6.35
      vertex -59.9432 14.3622 0
    endloop
  endfacet
  facet normal 0 0 1
    outer loop
      vertex -60.5621 13.7276 6.35
      vertex -45.9428 7.11371 6.35
      vertex -45.9556 7.4808 6.35
    endloop
  endfacet
  facet normal 0 0 1
    outer loop
      vertex -60.5621 13.7276 6.35
      vertex -45.9428 7.8479 6.35
      vertex -59.9432 14.3622 6.35
    endloop
  endfacet
  facet normal 0 0 1
    outer loop
      vertex -60.5621 13.7276 6.35
      vertex -45.9556 7.4808 6.35
      vertex -45.9428 7.8479 6.35
    endloop
  endfacet
  facet normal -0.715907 0.698196 0
    outer loop
      vertex -60.5621 13.7276 6.35
      vertex -59.9432 14.3622 6.35
      vertex -59.9432 14.3622 0
    endloop
  endfacet
  facet normal 0 0 -1
    outer loop
      vertex -61.1283 32.595 0
      vertex -49.4154 48.5512 0
      vertex -60.4725 31.9986 0
    endloop
  endfacet
  facet normal 0 0 -1
    outer loop
      vertex -61.1283 32.595 0
      vertex -50.1479 49.0505 0
      vertex -49.4154 48.5512 0
    endloop
  endfacet
  facet normal -0.672808 -0.739818 0
    outer loop
      vertex -61.1283 32.595 0
      vertex -60.4725 31.9986 0
      vertex -60.4725 31.9986 6.35
    endloop
  endfacet
  facet normal -0.672808 -0.739818 0
    outer loop
      vertex -61.1283 32.595 0
      vertex -60.4725 31.9986 6.35
      vertex -61.1283 32.595 6.35
    endloop
  endfacet
  facet normal 0 0 1
    outer loop
      vertex -61.1283 32.595 6.35
      vertex -49.4154 48.5512 6.35
      vertex -50.1479 49.0505 6.35
    endloop
  endfacet
  facet normal 0 0 1
    outer loop
      vertex -61.1283 32.595 6.35
      vertex -60.4725 31.9986 6.35
      vertex -49.4154 48.5512 6.35
    endloop
  endfacet
  facet normal 0 0 -1
    outer loop
      vertex -61.1417 96.5721 0
      vertex -46.9177 71.2436 0
      vertex -47.7413 70.9155 0
    endloop
  endfacet
  facet normal 0 0 -1
    outer loop
      vertex -61.1417 96.5721 0
      vertex -47.7413 70.9155 0
      vertex -48.5399 70.5309 0
    endloop
  endfacet
  facet normal 0 0 -1
    outer loop
      vertex -61.1417 96.5721 0
      vertex -56.0318 99.6239 0
      vertex -46.9177 71.2436 0
    endloop
  endfacet
  facet normal -0.512748 0.858539 0
    outer loop
      vertex -61.1417 96.5721 0
      vertex -56.0318 99.6239 6.35
      vertex -56.0318 99.6239 0
    endloop
  endfacet
  facet normal -0.512748 0.858539 0
    outer loop
      vertex -61.1417 96.5721 0
      vertex -61.1417 96.5721 6.35
      vertex -56.0318 99.6239 6.35
    endloop
  endfacet
  facet normal 0 0 1
    outer loop
      vertex -61.1417 96.5721 6.35
      vertex -46.9177 71.2436 6.35
      vertex -56.0318 99.6239 6.35
    endloop
  endfacet
  facet normal 0 0 1
    outer loop
      vertex -61.1417 96.5721 6.35
      vertex -47.7413 70.9155 6.35
      vertex -46.9177 71.2436 6.35
    endloop
  endfacet
  facet normal 0 0 1
    outer loop
      vertex -61.1417 96.5721 6.35
      vertex -48.5399 70.5309 6.35
      vertex -47.7413 70.9155 6.35
    endloop
  endfacet
  facet normal 0 0 -1
    outer loop
      vertex -61.2238 13.1377 0
      vertex -45.9428 7.11371 0
      vertex -45.9044 6.74841 0
    endloop
  endfacet
  facet normal 0 0 -1
    outer loop
      vertex -61.2238 13.1377 0
      vertex -60.5621 13.7276 0
      vertex -45.9428 7.11371 0
    endloop
  endfacet
  facet normal -0.665448 0.746444 0
    outer loop
      vertex -61.2238 13.1377 0
      vertex -61.2238 13.1377 6.35
      vertex -60.5621 13.7276 0
    endloop
  endfacet
  facet normal 0 0 1
    outer loop
      vertex -61.2238 13.1377 6.35
      vertex -45.9044 6.74841 6.35
      vertex -45.9428 7.11371 6.35
    endloop
  endfacet
  facet normal 0 0 1
    outer loop
      vertex -61.2238 13.1377 6.35
      vertex -45.9428 7.11371 6.35
      vertex -60.5621 13.7276 6.35
    endloop
  endfacet
  facet normal -0.665448 0.746444 0
    outer loop
      vertex -61.2238 13.1377 6.35
      vertex -60.5621 13.7276 6.35
      vertex -60.5621 13.7276 0
    endloop
  endfacet
  facet normal 0 0 -1
    outer loop
      vertex -61.8242 33.1441 0
      vertex -50.1479 49.0505 0
      vertex -61.1283 32.595 0
    endloop
  endfacet
  facet normal 0 0 -1
    outer loop
      vertex -61.8242 33.1441 0
      vertex -50.8437 49.5997 0
      vertex -50.1479 49.0505 0
    endloop
  endfacet
  facet normal -0.619439 -0.785044 0
    outer loop
      vertex -61.8242 33.1441 0
      vertex -61.1283 32.595 0
      vertex -61.1283 32.595 6.35
    endloop
  endfacet
  facet normal -0.619439 -0.785044 0
    outer loop
      vertex -61.8242 33.1441 0
      vertex -61.1283 32.595 6.35
      vertex -61.8242 33.1441 6.35
    endloop
  endfacet
  facet normal 0 0 1
    outer loop
      vertex -61.8242 33.1441 6.35
      vertex -50.1479 49.0505 6.35
      vertex -50.8437 49.5997 6.35
    endloop
  endfacet
  facet normal 0 0 1
    outer loop
      vertex -61.8242 33.1441 6.35
      vertex -61.1283 32.595 6.35
      vertex -50.1479 49.0505 6.35
    endloop
  endfacet
  facet normal 0 0 -1
    outer loop
      vertex -61.925 12.5954 0
      vertex -45.8406 6.38667 0
      vertex -45.7517 6.03027 0
    endloop
  endfacet
  facet normal 0 0 -1
    outer loop
      vertex -61.925 12.5954 0
      vertex -45.9044 6.74841 0
      vertex -45.8406 6.38667 0
    endloop
  endfacet
  facet normal 0 0 -1
    outer loop
      vertex -61.925 12.5954 0
      vertex -61.2238 13.1377 0
      vertex -45.9044 6.74841 0
    endloop
  endfacet
  facet normal -0.611775 0.791032 0
    outer loop
      vertex -61.925 12.5954 0
      vertex -61.925 12.5954 6.35
      vertex -61.2238 13.1377 0
    endloop
  endfacet
  facet normal 0 0 1
    outer loop
      vertex -61.925 12.5954 6.35
      vertex -45.7517 6.03027 6.35
      vertex -45.8406 6.38667 6.35
    endloop
  endfacet
  facet normal 0 0 1
    outer loop
      vertex -61.925 12.5954 6.35
      vertex -45.8406 6.38667 6.35
      vertex -45.9044 6.74841 6.35
    endloop
  endfacet
  facet normal 0 0 1
    outer loop
      vertex -61.925 12.5954 6.35
      vertex -45.9044 6.74841 6.35
      vertex -61.2238 13.1377 6.35
    endloop
  endfacet
  facet normal -0.611775 0.791032 0
    outer loop
      vertex -61.925 12.5954 6.35
      vertex -61.2238 13.1377 6.35
      vertex -61.2238 13.1377 0
    endloop
  endfacet
  facet normal 0 0 -1
    outer loop
      vertex -62.5566 33.6434 0
      vertex -50.8437 49.5997 0
      vertex -61.8242 33.1441 0
    endloop
  endfacet
  facet normal -0.563288 -0.826261 0
    outer loop
      vertex -62.5566 33.6434 0
      vertex -61.8242 33.1441 0
      vertex -61.8242 33.1441 6.35
    endloop
  endfacet
  facet normal -0.563288 -0.826261 0
    outer loop
      vertex -62.5566 33.6434 0
      vertex -61.8242 33.1441 6.35
      vertex -62.5566 33.6434 6.35
    endloop
  endfacet
  facet normal 0 0 1
    outer loop
      vertex -62.5566 33.6434 6.35
      vertex -61.8242 33.1441 6.35
      vertex -50.8437 49.5997 6.35
    endloop
  endfacet
  facet normal 0 0 -1
    outer loop
      vertex -62.6623 12.1033 0
      vertex -45.7517 6.03027 0
      vertex -45.6382 5.68092 0
    endloop
  endfacet
  facet normal 0 0 -1
    outer loop
      vertex -62.6623 12.1033 0
      vertex -61.925 12.5954 0
      vertex -45.7517 6.03027 0
    endloop
  endfacet
  facet normal -0.555143 0.831755 0
    outer loop
      vertex -62.6623 12.1033 0
      vertex -62.6623 12.1033 6.35
      vertex -61.925 12.5954 0
    endloop
  endfacet
  facet normal 0 0 1
    outer loop
      vertex -62.6623 12.1033 6.35
      vertex -45.6382 5.68092 6.35
      vertex -45.7517 6.03027 6.35
    endloop
  endfacet
  facet normal 0 0 1
    outer loop
      vertex -62.6623 12.1033 6.35
      vertex -45.7517 6.03027 6.35
      vertex -61.925 12.5954 6.35
    endloop
  endfacet
  facet normal -0.555143 0.831755 0
    outer loop
      vertex -62.6623 12.1033 6.35
      vertex -61.925 12.5954 6.35
      vertex -61.925 12.5954 0
    endloop
  endfacet
  facet normal 0 0 -1
    outer loop
      vertex -63.3221 34.0904 0
      vertex -50.8437 49.5997 0
      vertex -62.5566 33.6434 0
    endloop
  endfacet
  facet normal 0 0 -1
    outer loop
      vertex -63.3221 34.0904 0
      vertex -51.4996 50.1961 0
      vertex -50.8437 49.5997 0
    endloop
  endfacet
  facet normal 0 0 -1
    outer loop
      vertex -63.3221 34.0904 0
      vertex -52.1122 50.8367 0
      vertex -51.4996 50.1961 0
    endloop
  endfacet
  facet normal -0.504257 -0.863554 0
    outer loop
      vertex -63.3221 34.0904 0
      vertex -62.5566 33.6434 0
      vertex -62.5566 33.6434 6.35
    endloop
  endfacet
  facet normal -0.504257 -0.863554 0
    outer loop
      vertex -63.3221 34.0904 0
      vertex -62.5566 33.6434 6.35
      vertex -63.3221 34.0904 6.35
    endloop
  endfacet
  facet normal 0 0 1
    outer loop
      vertex -63.3221 34.0904 6.35
      vertex -50.8437 49.5997 6.35
      vertex -51.4996 50.1961 6.35
    endloop
  endfacet
  facet normal 0 0 1
    outer loop
      vertex -63.3221 34.0904 6.35
      vertex -51.4996 50.1961 6.35
      vertex -52.1122 50.8367 6.35
    endloop
  endfacet
  facet normal 0 0 1
    outer loop
      vertex -63.3221 34.0904 6.35
      vertex -62.5566 33.6434 6.35
      vertex -50.8437 49.5997 6.35
    endloop
  endfacet
  facet normal 0 0 -1
    outer loop
      vertex -63.4321 11.6638 0
      vertex -45.5006 5.34036 0
      vertex -45.3396 5.01021 0
    endloop
  endfacet
  facet normal 0 0 -1
    outer loop
      vertex -63.4321 11.6638 0
      vertex -45.6382 5.68092 0
      vertex -45.5006 5.34036 0
    endloop
  endfacet
  facet normal 0 0 -1
    outer loop
      vertex -63.4321 11.6638 0
      vertex -62.6623 12.1033 0
      vertex -45.6382 5.68092 0
    endloop
  endfacet
  facet normal -0.495811 0.868431 0
    outer loop
      vertex -63.4321 11.6638 0
      vertex -63.4321 11.6638 6.35
      vertex -62.6623 12.1033 0
    endloop
  endfacet
  facet normal 0 0 1
    outer loop
      vertex -63.4321 11.6638 6.35
      vertex -45.3396 5.01021 6.35
      vertex -45.5006 5.34036 6.35
    endloop
  endfacet
  facet normal 0 0 1
    outer loop
      vertex -63.4321 11.6638 6.35
      vertex -45.5006 5.34036 6.35
      vertex -45.6382 5.68092 6.35
    endloop
  endfacet
  facet normal 0 0 1
    outer loop
      vertex -63.4321 11.6638 6.35
      vertex -45.6382 5.68092 6.35
      vertex -62.6623 12.1033 6.35
    endloop
  endfacet
  facet normal -0.495811 0.868431 0
    outer loop
      vertex -63.4321 11.6638 6.35
      vertex -62.6623 12.1033 6.35
      vertex -62.6623 12.1033 0
    endloop
  endfacet
  facet normal 0 0 -1
    outer loop
      vertex -64.117 34.4829 0
      vertex -52.1122 50.8367 0
      vertex -63.3221 34.0904 0
    endloop
  endfacet
  facet normal -0.442741 -0.896649 0
    outer loop
      vertex -64.117 34.4829 0
      vertex -63.3221 34.0904 0
      vertex -63.3221 34.0904 6.35
    endloop
  endfacet
  facet normal -0.442741 -0.896649 0
    outer loop
      vertex -64.117 34.4829 0
      vertex -63.3221 34.0904 6.35
      vertex -64.117 34.4829 6.35
    endloop
  endfacet
  facet normal 0 0 1
    outer loop
      vertex -64.117 34.4829 6.35
      vertex -63.3221 34.0904 6.35
      vertex -52.1122 50.8367 6.35
    endloop
  endfacet
  facet normal 0 0 -1
    outer loop
      vertex -64.2308 11.2792 0
      vertex -45.3396 5.01021 0
      vertex -45.1559 4.69211 0
    endloop
  endfacet
  facet normal 0 0 -1
    outer loop
      vertex -64.2308 11.2792 0
      vertex -63.4321 11.6638 0
      vertex -45.3396 5.01021 0
    endloop
  endfacet
  facet normal -0.433853 0.900984 0
    outer loop
      vertex -64.2308 11.2792 0
      vertex -64.2308 11.2792 6.35
      vertex -63.4321 11.6638 0
    endloop
  endfacet
  facet normal 0 0 1
    outer loop
      vertex -64.2308 11.2792 6.35
      vertex -45.1559 4.69211 6.35
      vertex -45.3396 5.01021 6.35
    endloop
  endfacet
  facet normal 0 0 1
    outer loop
      vertex -64.2308 11.2792 6.35
      vertex -45.3396 5.01021 6.35
      vertex -63.4321 11.6638 6.35
    endloop
  endfacet
  facet normal -0.433853 0.900984 0
    outer loop
      vertex -64.2308 11.2792 6.35
      vertex -63.4321 11.6638 6.35
      vertex -63.4321 11.6638 0
    endloop
  endfacet
  facet normal 0 0 -1
    outer loop
      vertex -64.9372 34.819 0
      vertex -52.1122 50.8367 0
      vertex -64.117 34.4829 0
    endloop
  endfacet
  facet normal 0 0 -1
    outer loop
      vertex -64.9372 34.819 0
      vertex -52.6786 51.5186 0
      vertex -52.1122 50.8367 0
    endloop
  endfacet
  facet normal -0.379177 -0.925324 0
    outer loop
      vertex -64.9372 34.819 0
      vertex -64.117 34.4829 0
      vertex -64.117 34.4829 6.35
    endloop
  endfacet
  facet normal -0.379177 -0.925324 0
    outer loop
      vertex -64.9372 34.819 0
      vertex -64.117 34.4829 6.35
      vertex -64.9372 34.819 6.35
    endloop
  endfacet
  facet normal 0 0 1
    outer loop
      vertex -64.9372 34.819 6.35
      vertex -52.1122 50.8367 6.35
      vertex -52.6786 51.5186 6.35
    endloop
  endfacet
  facet normal 0 0 1
    outer loop
      vertex -64.9372 34.819 6.35
      vertex -64.117 34.4829 6.35
      vertex -52.1122 50.8367 6.35
    endloop
  endfacet
  facet normal 0 0 -1
    outer loop
      vertex -65.0543 10.9511 0
      vertex -45.1559 4.69211 0
      vertex -44.9505 4.38759 0
    endloop
  endfacet
  facet normal 0 0 -1
    outer loop
      vertex -65.0543 10.9511 0
      vertex -64.2308 11.2792 0
      vertex -45.1559 4.69211 0
    endloop
  endfacet
  facet normal -0.370126 0.928982 0
    outer loop
      vertex -65.0543 10.9511 0
      vertex -65.0543 10.9511 6.35
      vertex -64.2308 11.2792 0
    endloop
  endfacet
  facet normal 0 0 1
    outer loop
      vertex -65.0543 10.9511 6.35
      vertex -44.9505 4.38759 6.35
      vertex -45.1559 4.69211 6.35
    endloop
  endfacet
  facet normal 0 0 1
    outer loop
      vertex -65.0543 10.9511 6.35
      vertex -45.1559 4.69211 6.35
      vertex -64.2308 11.2792 6.35
    endloop
  endfacet
  facet normal -0.370126 0.928982 0
    outer loop
      vertex -65.0543 10.9511 6.35
      vertex -64.2308 11.2792 6.35
      vertex -64.2308 11.2792 0
    endloop
  endfacet
  facet normal 0 0 -1
    outer loop
      vertex -65.7789 35.0971 0
      vertex -52.6786 51.5186 0
      vertex -64.9372 34.819 0
    endloop
  endfacet
  facet normal 0 0 -1
    outer loop
      vertex -65.7789 35.0971 0
      vertex -53.1962 52.2383 0
      vertex -52.6786 51.5186 0
    endloop
  endfacet
  facet normal 0 0 -1
    outer loop
      vertex -65.7789 35.0971 0
      vertex -53.6622 52.9923 0
      vertex -53.1962 52.2383 0
    endloop
  endfacet
  facet normal -0.313722 -0.949515 0
    outer loop
      vertex -65.7789 35.0971 0
      vertex -64.9372 34.819 0
      vertex -64.9372 34.819 6.35
    endloop
  endfacet
  facet normal -0.313722 -0.949515 0
    outer loop
      vertex -65.7789 35.0971 0
      vertex -64.9372 34.819 6.35
      vertex -65.7789 35.0971 6.35
    endloop
  endfacet
  facet normal 0 0 1
    outer loop
      vertex -65.7789 35.0971 6.35
      vertex -52.6786 51.5186 6.35
      vertex -53.1962 52.2383 6.35
    endloop
  endfacet
  facet normal 0 0 1
    outer loop
      vertex -65.7789 35.0971 6.35
      vertex -53.1962 52.2383 6.35
      vertex -53.6622 52.9923 6.35
    endloop
  endfacet
  facet normal 0 0 1
    outer loop
      vertex -65.7789 35.0971 6.35
      vertex -64.9372 34.819 6.35
      vertex -52.6786 51.5186 6.35
    endloop
  endfacet
  facet normal 0 0 -1
    outer loop
      vertex -65.8987 10.6813 0
      vertex -44.7244 4.09814 0
      vertex -44.4786 3.82516 0
    endloop
  endfacet
  facet normal 0 0 -1
    outer loop
      vertex -65.8987 10.6813 0
      vertex -44.9505 4.38759 0
      vertex -44.7244 4.09814 0
    endloop
  endfacet
  facet normal 0 0 -1
    outer loop
      vertex -65.8987 10.6813 0
      vertex -65.0543 10.9511 0
      vertex -44.9505 4.38759 0
    endloop
  endfacet
  facet normal -0.304358 0.952558 0
    outer loop
      vertex -65.8987 10.6813 0
      vertex -65.8987 10.6813 6.35
      vertex -65.0543 10.9511 0
    endloop
  endfacet
  facet normal 0 0 1
    outer loop
      vertex -65.8987 10.6813 6.35
      vertex -44.4786 3.82516 6.35
      vertex -44.7244 4.09814 6.35
    endloop
  endfacet
  facet normal 0 0 1
    outer loop
      vertex -65.8987 10.6813 6.35
      vertex -44.7244 4.09814 6.35
      vertex -44.9505 4.38759 6.35
    endloop
  endfacet
  facet normal 0 0 1
    outer loop
      vertex -65.8987 10.6813 6.35
      vertex -44.9505 4.38759 6.35
      vertex -65.0543 10.9511 6.35
    endloop
  endfacet
  facet normal -0.304358 0.952558 0
    outer loop
      vertex -65.8987 10.6813 6.35
      vertex -65.0543 10.9511 6.35
      vertex -65.0543 10.9511 0
    endloop
  endfacet
  facet normal 0 0 -1
    outer loop
      vertex -66.0859 93.2585 0
      vertex -48.5399 70.5309 0
      vertex -49.3097 70.0914 0
    endloop
  endfacet
  facet normal 0 0 -1
    outer loop
      vertex -66.0859 93.2585 0
      vertex -49.3097 70.0914 0
      vertex -50.0471 69.5993 0
    endloop
  endfacet
  facet normal 0 0 -1
    outer loop
      vertex -66.0859 93.2585 0
      vertex -50.0471 69.5993 0
      vertex -50.7483 69.057 0
    endloop
  endfacet
  facet normal 0 0 -1
    outer loop
      vertex -66.0859 93.2585 0
      vertex -61.1417 96.5721 0
      vertex -48.5399 70.5309 0
    endloop
  endfacet
  facet normal -0.55673 0.830693 0
    outer loop
      vertex -66.0859 93.2585 0
      vertex -61.1417 96.5721 6.35
      vertex -61.1417 96.5721 0
    endloop
  endfacet
  facet normal -0.55673 0.830693 0
    outer loop
      vertex -66.0859 93.2585 0
      vertex -66.0859 93.2585 6.35
      vertex -61.1417 96.5721 6.35
    endloop
  endfacet
  facet normal 0 0 1
    outer loop
      vertex -66.0859 93.2585 6.35
      vertex -48.5399 70.5309 6.35
      vertex -61.1417 96.5721 6.35
    endloop
  endfacet
  facet normal 0 0 1
    outer loop
      vertex -66.0859 93.2585 6.35
      vertex -49.3097 70.0914 6.35
      vertex -48.5399 70.5309 6.35
    endloop
  endfacet
  facet normal 0 0 1
    outer loop
      vertex -66.0859 93.2585 6.35
      vertex -50.0471 69.5993 6.35
      vertex -49.3097 70.0914 6.35
    endloop
  endfacet
  facet normal 0 0 1
    outer loop
      vertex -66.0859 93.2585 6.35
      vertex -50.7483 69.057 6.35
      vertex -50.0471 69.5993 6.35
    endloop
  endfacet
  facet normal 0 0 -1
    outer loop
      vertex -66.638 35.3158 0
      vertex -53.6622 52.9923 0
      vertex -65.7789 35.0971 0
    endloop
  endfacet
  facet normal 0 0 -1
    outer loop
      vertex -66.638 35.3158 0
      vertex -54.0745 53.7771 0
      vertex -53.6622 52.9923 0
    endloop
  endfacet
  facet normal -0.2467 -0.969092 0
    outer loop
      vertex -66.638 35.3158 0
      vertex -65.7789 35.0971 0
      vertex -65.7789 35.0971 6.35
    endloop
  endfacet
  facet normal -0.2467 -0.969092 0
    outer loop
      vertex -66.638 35.3158 0
      vertex -65.7789 35.0971 6.35
      vertex -66.638 35.3158 6.35
    endloop
  endfacet
  facet normal 0 0 1
    outer loop
      vertex -66.638 35.3158 6.35
      vertex -53.6622 52.9923 6.35
      vertex -54.0745 53.7771 6.35
    endloop
  endfacet
  facet normal 0 0 1
    outer loop
      vertex -66.638 35.3158 6.35
      vertex -65.7789 35.0971 6.35
      vertex -53.6622 52.9923 6.35
    endloop
  endfacet
  facet normal 0 0 -1
    outer loop
      vertex -66.7599 10.4711 0
      vertex -44.4786 3.82516 0
      vertex -44.2144 3.57001 0
    endloop
  endfacet
  facet normal 0 0 -1
    outer loop
      vertex -66.7599 10.4711 0
      vertex -65.8987 10.6813 0
      vertex -44.4786 3.82516 0
    endloop
  endfacet
  facet normal -0.237117 0.971481 0
    outer loop
      vertex -66.7599 10.4711 0
      vertex -66.7599 10.4711 6.35
      vertex -65.8987 10.6813 0
    endloop
  endfacet
  facet normal 0 0 1
    outer loop
      vertex -66.7599 10.4711 6.35
      vertex -44.2144 3.57001 6.35
      vertex -44.4786 3.82516 6.35
    endloop
  endfacet
  facet normal 0 0 1
    outer loop
      vertex -66.7599 10.4711 6.35
      vertex -44.4786 3.82516 6.35
      vertex -65.8987 10.6813 6.35
    endloop
  endfacet
  facet normal -0.237117 0.971481 0
    outer loop
      vertex -66.7599 10.4711 6.35
      vertex -65.8987 10.6813 6.35
      vertex -65.8987 10.6813 0
    endloop
  endfacet
  facet normal 0 0 -1
    outer loop
      vertex -67.5102 35.474 0
      vertex -54.0745 53.7771 0
      vertex -66.638 35.3158 0
    endloop
  endfacet
  facet normal -0.178468 -0.983946 0
    outer loop
      vertex -67.5102 35.474 0
      vertex -66.638 35.3158 0
      vertex -66.638 35.3158 6.35
    endloop
  endfacet
  facet normal -0.178468 -0.983946 0
    outer loop
      vertex -67.5102 35.474 0
      vertex -66.638 35.3158 6.35
      vertex -67.5102 35.474 6.35
    endloop
  endfacet
  facet normal 0 0 1
    outer loop
      vertex -67.5102 35.474 6.35
      vertex -66.638 35.3158 6.35
      vertex -54.0745 53.7771 6.35
    endloop
  endfacet
  facet normal 0 0 -1
    outer loop
      vertex -67.6336 10.3215 0
      vertex -44.2144 3.57001 0
      vertex -43.933 3.33391 0
    endloop
  endfacet
  facet normal 0 0 -1
    outer loop
      vertex -67.6336 10.3215 0
      vertex -66.7599 10.4711 0
      vertex -44.2144 3.57001 0
    endloop
  endfacet
  facet normal -0.16877 0.985656 0
    outer loop
      vertex -67.6336 10.3215 0
      vertex -67.6336 10.3215 6.35
      vertex -66.7599 10.4711 0
    endloop
  endfacet
  facet normal 0 0 1
    outer loop
      vertex -67.6336 10.3215 6.35
      vertex -43.933 3.33391 6.35
      vertex -44.2144 3.57001 6.35
    endloop
  endfacet
  facet normal 0 0 1
    outer loop
      vertex -67.6336 10.3215 6.35
      vertex -44.2144 3.57001 6.35
      vertex -66.7599 10.4711 6.35
    endloop
  endfacet
  facet normal -0.16877 0.985656 0
    outer loop
      vertex -67.6336 10.3215 6.35
      vertex -66.7599 10.4711 6.35
      vertex -66.7599 10.4711 0
    endloop
  endfacet
  facet normal 0 0 -1
    outer loop
      vertex -68.3913 35.571 0
      vertex -54.0745 53.7771 0
      vertex -67.5102 35.474 0
    endloop
  endfacet
  facet normal 0 0 -1
    outer loop
      vertex -68.3913 35.571 0
      vertex -54.4311 54.5886 0
      vertex -54.0745 53.7771 0
    endloop
  endfacet
  facet normal 0 0 -1
    outer loop
      vertex -68.3913 35.571 0
      vertex -54.7302 55.4231 0
      vertex -54.4311 54.5886 0
    endloop
  endfacet
  facet normal -0.109429 -0.993995 0
    outer loop
      vertex -68.3913 35.571 0
      vertex -67.5102 35.474 0
      vertex -67.5102 35.474 6.35
    endloop
  endfacet
  facet normal -0.109429 -0.993995 0
    outer loop
      vertex -68.3913 35.571 0
      vertex -67.5102 35.474 6.35
      vertex -68.3913 35.571 6.35
    endloop
  endfacet
  facet normal 0 0 1
    outer loop
      vertex -68.3913 35.571 6.35
      vertex -54.0745 53.7771 6.35
      vertex -54.4311 54.5886 6.35
    endloop
  endfacet
  facet normal 0 0 1
    outer loop
      vertex -68.3913 35.571 6.35
      vertex -54.4311 54.5886 6.35
      vertex -54.7302 55.4231 6.35
    endloop
  endfacet
  facet normal 0 0 1
    outer loop
      vertex -68.3913 35.571 6.35
      vertex -67.5102 35.474 6.35
      vertex -54.0745 53.7771 6.35
    endloop
  endfacet
  facet normal 0 0 -1
    outer loop
      vertex -68.5156 10.2331 0
      vertex -43.933 3.33391 0
      vertex -43.6358 3.118 0
    endloop
  endfacet
  facet normal 0 0 -1
    outer loop
      vertex -68.5156 10.2331 0
      vertex -67.6336 10.3215 0
      vertex -43.933 3.33391 0
    endloop
  endfacet
  facet normal -0.0997271 0.995015 0
    outer loop
      vertex -68.5156 10.2331 0
      vertex -68.5156 10.2331 6.35
      vertex -67.6336 10.3215 0
    endloop
  endfacet
  facet normal 0 0 1
    outer loop
      vertex -68.5156 10.2331 6.35
      vertex -43.6358 3.118 6.35
      vertex -43.933 3.33391 6.35
    endloop
  endfacet
  facet normal 0 0 1
    outer loop
      vertex -68.5156 10.2331 6.35
      vertex -43.933 3.33391 6.35
      vertex -67.6336 10.3215 6.35
    endloop
  endfacet
  facet normal -0.0997271 0.995015 0
    outer loop
      vertex -68.5156 10.2331 6.35
      vertex -67.6336 10.3215 6.35
      vertex -67.6336 10.3215 0
    endloop
  endfacet
  facet normal 0 0 -1
    outer loop
      vertex -69.2771 35.6062 0
      vertex -54.7302 55.4231 0
      vertex -68.3913 35.571 0
    endloop
  endfacet
  facet normal 0 0 -1
    outer loop
      vertex -69.2771 35.6062 0
      vertex -54.9704 56.2764 0
      vertex -54.7302 55.4231 0
    endloop
  endfacet
  facet normal -0.0397068 -0.999211 0
    outer loop
      vertex -69.2771 35.6062 0
      vertex -68.3913 35.571 0
      vertex -68.3913 35.571 6.35
    endloop
  endfacet
  facet normal -0.0397068 -0.999211 0
    outer loop
      vertex -69.2771 35.6062 0
      vertex -68.3913 35.571 6.35
      vertex -69.2771 35.6062 6.35
    endloop
  endfacet
  facet normal 0 0 1
    outer loop
      vertex -69.2771 35.6062 6.35
      vertex -54.7302 55.4231 6.35
      vertex -54.9704 56.2764 6.35
    endloop
  endfacet
  facet normal 0 0 1
    outer loop
      vertex -69.2771 35.6062 6.35
      vertex -68.3913 35.571 6.35
      vertex -54.7302 55.4231 6.35
    endloop
  endfacet
  facet normal 0 0 -1
    outer loop
      vertex -69.4017 10.2065 0
      vertex -43.6358 3.118 0
      vertex -43.3243 2.92336 0
    endloop
  endfacet
  facet normal 0 0 -1
    outer loop
      vertex -69.4017 10.2065 0
      vertex -68.5156 10.2331 0
      vertex -43.6358 3.118 0
    endloop
  endfacet
  facet normal -0.0300057 0.99955 0
    outer loop
      vertex -69.4017 10.2065 0
      vertex -69.4017 10.2065 6.35
      vertex -68.5156 10.2331 0
    endloop
  endfacet
  facet normal 0 0 1
    outer loop
      vertex -69.4017 10.2065 6.35
      vertex -43.3243 2.92336 6.35
      vertex -43.6358 3.118 6.35
    endloop
  endfacet
  facet normal 0 0 1
    outer loop
      vertex -69.4017 10.2065 6.35
      vertex -43.6358 3.118 6.35
      vertex -68.5156 10.2331 6.35
    endloop
  endfacet
  facet normal -0.0300057 0.99955 0
    outer loop
      vertex -69.4017 10.2065 6.35
      vertex -68.5156 10.2331 6.35
      vertex -68.5156 10.2331 0
    endloop
  endfacet
  facet normal 0.555132 -0.831762 0
    outer loop
      vertex -7.05615 83.3351 0
      vertex -6.31883 83.8272 0
      vertex -6.31883 83.8272 6.35
    endloop
  endfacet
  facet normal 0.555132 -0.831762 0
    outer loop
      vertex -7.05615 83.3351 0
      vertex -6.31883 83.8272 6.35
      vertex -7.05615 83.3351 6.35
    endloop
  endfacet
  facet normal 0.563262 0.826279 0
    outer loop
      vertex -7.15695 62.7863 0
      vertex -7.15695 62.7863 6.35
      vertex -6.4245 62.287 0
    endloop
  endfacet
  facet normal 0.563262 0.826279 0
    outer loop
      vertex -7.15695 62.7863 6.35
      vertex -6.4245 62.287 6.35
      vertex -6.4245 62.287 0
    endloop
  endfacet
  facet normal 0.529889 0.848067 0
    outer loop
      vertex -7.21358 -10.6946 0
      vertex -7.21358 -10.6946 6.35
      vertex -6.45 -11.1717 0
    endloop
  endfacet
  facet normal 0.529889 0.848067 0
    outer loop
      vertex -7.21358 -10.6946 6.35
      vertex -6.45 -11.1717 6.35
      vertex -6.45 -11.1717 0
    endloop
  endfacet
  facet normal 0.529889 -0.848067 0
    outer loop
      vertex -7.21358 10.6946 0
      vertex -6.45 11.1717 0
      vertex -6.45 11.1717 6.35
    endloop
  endfacet
  facet normal 0.529889 -0.848067 0
    outer loop
      vertex -7.21358 10.6946 0
      vertex -6.45 11.1717 6.35
      vertex -7.21358 10.6946 6.35
    endloop
  endfacet
  facet normal 0 0 -1
    outer loop
      vertex -7.46582 39.3685 0
      vertex 3.99902 39.961 0
      vertex 4.03741 39.5956 0
    endloop
  endfacet
  facet normal 0 0 1
    outer loop
      vertex -7.46582 39.3685 6.35
      vertex 4.03741 39.5956 6.35
      vertex 3.99902 39.961 6.35
    endloop
  endfacet
  facet normal 0 0 -1
    outer loop
      vertex -7.47864 39.0014 0
      vertex -7.46582 39.3685 0
      vertex 4.03741 39.5956 0
    endloop
  endfacet
  facet normal -0.999391 0.0349011 0
    outer loop
      vertex -7.47864 39.0014 0
      vertex -7.47864 39.0014 6.35
      vertex -7.46582 39.3685 0
    endloop
  endfacet
  facet normal 0 0 -1
    outer loop
      vertex -7.47864 39.0014 0
      vertex 4.03741 39.5956 0
      vertex 4.1012 39.2339 0
    endloop
  endfacet
  facet normal -0.999391 0.0349011 0
    outer loop
      vertex -7.47864 39.0014 6.35
      vertex -7.46582 39.3685 6.35
      vertex -7.46582 39.3685 0
    endloop
  endfacet
  facet normal 0 0 1
    outer loop
      vertex -7.47864 39.0014 6.35
      vertex 4.03741 39.5956 6.35
      vertex -7.46582 39.3685 6.35
    endloop
  endfacet
  facet normal 0 0 1
    outer loop
      vertex -7.47864 39.0014 6.35
      vertex 4.1012 39.2339 6.35
      vertex 4.03741 39.5956 6.35
    endloop
  endfacet
  facet normal -0.999391 -0.0349011 0
    outer loop
      vertex -7.47864 39.7356 0
      vertex -7.46582 39.3685 0
      vertex -7.46582 39.3685 6.35
    endloop
  endfacet
  facet normal -0.999391 -0.0349011 0
    outer loop
      vertex -7.47864 39.7356 0
      vertex -7.46582 39.3685 6.35
      vertex -7.47864 39.7356 6.35
    endloop
  endfacet
  facet normal 0 0 -1
    outer loop
      vertex -7.47864 39.7356 0
      vertex 3.98619 40.328 0
      vertex 3.99902 39.961 0
    endloop
  endfacet
  facet normal 0 0 -1
    outer loop
      vertex -7.47864 39.7356 0
      vertex 3.99902 39.961 0
      vertex -7.46582 39.3685 0
    endloop
  endfacet
  facet normal 0 0 1
    outer loop
      vertex -7.47864 39.7356 6.35
      vertex -7.46582 39.3685 6.35
      vertex 3.99902 39.961 6.35
    endloop
  endfacet
  facet normal 0 0 1
    outer loop
      vertex -7.47864 39.7356 6.35
      vertex 3.99902 39.961 6.35
      vertex 3.98619 40.328 6.35
    endloop
  endfacet
  facet normal 0 0 -1
    outer loop
      vertex -7.51704 38.6361 0
      vertex -7.47864 39.0014 0
      vertex 4.1012 39.2339 0
    endloop
  endfacet
  facet normal -0.99452 0.104543 0
    outer loop
      vertex -7.51704 38.6361 0
      vertex -7.51704 38.6361 6.35
      vertex -7.47864 39.0014 0
    endloop
  endfacet
  facet normal 0 0 -1
    outer loop
      vertex -7.51704 38.6361 0
      vertex 4.1012 39.2339 0
      vertex 4.19006 38.8775 0
    endloop
  endfacet
  facet normal -0.99452 0.104543 0
    outer loop
      vertex -7.51704 38.6361 6.35
      vertex -7.47864 39.0014 6.35
      vertex -7.47864 39.0014 0
    endloop
  endfacet
  facet normal 0 0 1
    outer loop
      vertex -7.51704 38.6361 6.35
      vertex 4.1012 39.2339 6.35
      vertex -7.47864 39.0014 6.35
    endloop
  endfacet
  facet normal 0 0 1
    outer loop
      vertex -7.51704 38.6361 6.35
      vertex 4.19006 38.8775 6.35
      vertex 4.1012 39.2339 6.35
    endloop
  endfacet
  facet normal -0.99452 -0.104543 0
    outer loop
      vertex -7.51704 40.1009 0
      vertex -7.47864 39.7356 0
      vertex -7.47864 39.7356 6.35
    endloop
  endfacet
  facet normal -0.99452 -0.104543 0
    outer loop
      vertex -7.51704 40.1009 0
      vertex -7.47864 39.7356 6.35
      vertex -7.51704 40.1009 6.35
    endloop
  endfacet
  facet normal 0 0 -1
    outer loop
      vertex -7.51704 40.1009 0
      vertex 3.98619 40.328 0
      vertex -7.47864 39.7356 0
    endloop
  endfacet
  facet normal 0 0 -1
    outer loop
      vertex -7.51704 40.1009 0
      vertex 3.99902 40.6951 0
      vertex 3.98619 40.328 0
    endloop
  endfacet
  facet normal 0 0 1
    outer loop
      vertex -7.51704 40.1009 6.35
      vertex -7.47864 39.7356 6.35
      vertex 3.98619 40.328 6.35
    endloop
  endfacet
  facet normal 0 0 1
    outer loop
      vertex -7.51704 40.1009 6.35
      vertex 3.98619 40.328 6.35
      vertex 3.99902 40.6951 6.35
    endloop
  endfacet
  facet normal 0 0 -1
    outer loop
      vertex -7.58083 38.2744 0
      vertex -7.51704 38.6361 0
      vertex 4.19006 38.8775 0
    endloop
  endfacet
  facet normal -0.984802 0.173681 0
    outer loop
      vertex -7.58083 38.2744 0
      vertex -7.58083 38.2744 6.35
      vertex -7.51704 38.6361 0
    endloop
  endfacet
  facet normal 0 0 -1
    outer loop
      vertex -7.58083 38.2744 0
      vertex 4.19006 38.8775 0
      vertex 4.30356 38.5282 0
    endloop
  endfacet
  facet normal -0.984802 0.173681 0
    outer loop
      vertex -7.58083 38.2744 6.35
      vertex -7.51704 38.6361 6.35
      vertex -7.51704 38.6361 0
    endloop
  endfacet
  facet normal 0 0 1
    outer loop
      vertex -7.58083 38.2744 6.35
      vertex 4.19006 38.8775 6.35
      vertex -7.51704 38.6361 6.35
    endloop
  endfacet
  facet normal 0 0 1
    outer loop
      vertex -7.58083 38.2744 6.35
      vertex 4.30356 38.5282 6.35
      vertex 4.19006 38.8775 6.35
    endloop
  endfacet
  facet normal -0.984802 -0.173681 0
    outer loop
      vertex -7.58083 40.4626 0
      vertex -7.51704 40.1009 0
      vertex -7.51704 40.1009 6.35
    endloop
  endfacet
  facet normal -0.984802 -0.173681 0
    outer loop
      vertex -7.58083 40.4626 0
      vertex -7.51704 40.1009 6.35
      vertex -7.58083 40.4626 6.35
    endloop
  endfacet
  facet normal 0 0 -1
    outer loop
      vertex -7.58083 40.4626 0
      vertex 3.99902 40.6951 0
      vertex -7.51704 40.1009 0
    endloop
  endfacet
  facet normal 0 0 -1
    outer loop
      vertex -7.58083 40.4626 0
      vertex 4.03741 41.0604 0
      vertex 3.99902 40.6951 0
    endloop
  endfacet
  facet normal 0 0 1
    outer loop
      vertex -7.58083 40.4626 6.35
      vertex -7.51704 40.1009 6.35
      vertex 3.99902 40.6951 6.35
    endloop
  endfacet
  facet normal 0 0 1
    outer loop
      vertex -7.58083 40.4626 6.35
      vertex 3.99902 40.6951 6.35
      vertex 4.03741 41.0604 6.35
    endloop
  endfacet
  facet normal 0 0 -1
    outer loop
      vertex -7.66968 37.918 0
      vertex -7.58083 38.2744 0
      vertex 4.30356 38.5282 0
    endloop
  endfacet
  facet normal -0.970302 0.241895 0
    outer loop
      vertex -7.66968 37.918 0
      vertex -7.66968 37.918 6.35
      vertex -7.58083 38.2744 0
    endloop
  endfacet
  facet normal 0 0 -1
    outer loop
      vertex -7.66968 37.918 0
      vertex 4.30356 38.5282 0
      vertex 4.44116 38.1876 0
    endloop
  endfacet
  facet normal -0.970302 0.241895 0
    outer loop
      vertex -7.66968 37.918 6.35
      vertex -7.58083 38.2744 6.35
      vertex -7.58083 38.2744 0
    endloop
  endfacet
  facet normal 0 0 1
    outer loop
      vertex -7.66968 37.918 6.35
      vertex 4.30356 38.5282 6.35
      vertex -7.58083 38.2744 6.35
    endloop
  endfacet
  facet normal 0 0 1
    outer loop
      vertex -7.66968 37.918 6.35
      vertex 4.44116 38.1876 6.35
      vertex 4.30356 38.5282 6.35
    endloop
  endfacet
  facet normal -0.970302 -0.241895 0
    outer loop
      vertex -7.66968 40.819 0
      vertex -7.58083 40.4626 0
      vertex -7.58083 40.4626 6.35
    endloop
  endfacet
  facet normal -0.970302 -0.241895 0
    outer loop
      vertex -7.66968 40.819 0
      vertex -7.58083 40.4626 6.35
      vertex -7.66968 40.819 6.35
    endloop
  endfacet
  facet normal 0 0 -1
    outer loop
      vertex -7.66968 40.819 0
      vertex 4.03741 41.0604 0
      vertex -7.58083 40.4626 0
    endloop
  endfacet
  facet normal 0 0 -1
    outer loop
      vertex -7.66968 40.819 0
      vertex 4.1012 41.4222 0
      vertex 4.03741 41.0604 0
    endloop
  endfacet
  facet normal 0 0 1
    outer loop
      vertex -7.66968 40.819 6.35
      vertex -7.58083 40.4626 6.35
      vertex 4.03741 41.0604 6.35
    endloop
  endfacet
  facet normal 0 0 1
    outer loop
      vertex -7.66968 40.819 6.35
      vertex 4.03741 41.0604 6.35
      vertex 4.1012 41.4222 6.35
    endloop
  endfacet
  facet normal 0.61178 -0.791028 0
    outer loop
      vertex -7.75734 82.7928 0
      vertex -7.05615 83.3351 0
      vertex -7.05615 83.3351 6.35
    endloop
  endfacet
  facet normal 0.61178 -0.791028 0
    outer loop
      vertex -7.75734 82.7928 0
      vertex -7.05615 83.3351 6.35
      vertex -7.75734 82.7928 6.35
    endloop
  endfacet
  facet normal 0 0 -1
    outer loop
      vertex -7.78319 37.5686 0
      vertex -7.66968 37.918 0
      vertex 4.44116 38.1876 0
    endloop
  endfacet
  facet normal -0.95107 0.308975 0
    outer loop
      vertex -7.78319 37.5686 0
      vertex -7.78319 37.5686 6.35
      vertex -7.66968 37.918 0
    endloop
  endfacet
  facet normal 0 0 -1
    outer loop
      vertex -7.78319 37.5686 0
      vertex 4.44116 38.1876 0
      vertex 4.60219 37.8575 0
    endloop
  endfacet
  facet normal -0.95107 0.308975 0
    outer loop
      vertex -7.78319 37.5686 6.35
      vertex -7.66968 37.918 6.35
      vertex -7.66968 37.918 0
    endloop
  endfacet
  facet normal 0 0 1
    outer loop
      vertex -7.78319 37.5686 6.35
      vertex 4.44116 38.1876 6.35
      vertex -7.66968 37.918 6.35
    endloop
  endfacet
  facet normal 0 0 1
    outer loop
      vertex -7.78319 37.5686 6.35
      vertex 4.60219 37.8575 6.35
      vertex 4.44116 38.1876 6.35
    endloop
  endfacet
  facet normal -0.95107 -0.308975 0
    outer loop
      vertex -7.78319 41.1684 0
      vertex -7.66968 40.819 0
      vertex -7.66968 40.819 6.35
    endloop
  endfacet
  facet normal -0.95107 -0.308975 0
    outer loop
      vertex -7.78319 41.1684 0
      vertex -7.66968 40.819 6.35
      vertex -7.78319 41.1684 6.35
    endloop
  endfacet
  facet normal 0 0 -1
    outer loop
      vertex -7.78319 41.1684 0
      vertex 4.1012 41.4222 0
      vertex -7.66968 40.819 0
    endloop
  endfacet
  facet normal 0 0 -1
    outer loop
      vertex -7.78319 41.1684 0
      vertex 4.19006 41.7786 0
      vertex 4.1012 41.4222 0
    endloop
  endfacet
  facet normal 0 0 1
    outer loop
      vertex -7.78319 41.1684 6.35
      vertex -7.66968 40.819 6.35
      vertex 4.1012 41.4222 6.35
    endloop
  endfacet
  facet normal 0 0 1
    outer loop
      vertex -7.78319 41.1684 6.35
      vertex 4.1012 41.4222 6.35
      vertex 4.19006 41.7786 6.35
    endloop
  endfacet
  facet normal 0.619536 0.784968 0
    outer loop
      vertex -7.8528 63.3355 0
      vertex -7.8528 63.3355 6.35
      vertex -7.15695 62.7863 0
    endloop
  endfacet
  facet normal 0.619536 0.784968 0
    outer loop
      vertex -7.8528 63.3355 6.35
      vertex -7.15695 62.7863 6.35
      vertex -7.15695 62.7863 0
    endloop
  endfacet
  facet normal 0 0 -1
    outer loop
      vertex -7.92079 37.2281 0
      vertex -7.78319 37.5686 0
      vertex 4.60219 37.8575 0
    endloop
  endfacet
  facet normal -0.927156 0.374675 0
    outer loop
      vertex -7.92079 37.2281 0
      vertex -7.92079 37.2281 6.35
      vertex -7.78319 37.5686 0
    endloop
  endfacet
  facet normal 0 0 -1
    outer loop
      vertex -7.92079 37.2281 0
      vertex 4.60219 37.8575 0
      vertex 4.78584 37.5394 0
    endloop
  endfacet
  facet normal -0.927156 0.374675 0
    outer loop
      vertex -7.92079 37.2281 6.35
      vertex -7.78319 37.5686 6.35
      vertex -7.78319 37.5686 0
    endloop
  endfacet
  facet normal 0 0 1
    outer loop
      vertex -7.92079 37.2281 6.35
      vertex 4.60219 37.8575 6.35
      vertex -7.78319 37.5686 6.35
    endloop
  endfacet
  facet normal 0 0 1
    outer loop
      vertex -7.92079 37.2281 6.35
      vertex 4.78584 37.5394 6.35
      vertex 4.60219 37.8575 6.35
    endloop
  endfacet
  facet normal -0.927195 -0.37458 0
    outer loop
      vertex -7.92079 41.509 0
      vertex -7.78319 41.1684 0
      vertex -7.78319 41.1684 6.35
    endloop
  endfacet
  facet normal -0.927195 -0.37458 0
    outer loop
      vertex -7.92079 41.509 0
      vertex -7.78319 41.1684 6.35
      vertex -7.92079 41.509 6.35
    endloop
  endfacet
  facet normal 0 0 -1
    outer loop
      vertex -7.92079 41.509 0
      vertex 4.19006 41.7786 0
      vertex -7.78319 41.1684 0
    endloop
  endfacet
  facet normal 0 0 -1
    outer loop
      vertex -7.92079 41.509 0
      vertex 4.30356 42.1279 0
      vertex 4.19006 41.7786 0
    endloop
  endfacet
  facet normal 0 0 1
    outer loop
      vertex -7.92079 41.509 6.35
      vertex -7.78319 41.1684 6.35
      vertex 4.19006 41.7786 6.35
    endloop
  endfacet
  facet normal 0 0 1
    outer loop
      vertex -7.92079 41.509 6.35
      vertex 4.19006 41.7786 6.35
      vertex 4.30356 42.1279 6.35
    endloop
  endfacet
  facet normal 0.587822 0.808991 0
    outer loop
      vertex -7.94203 -10.1653 0
      vertex -7.94203 -10.1653 6.35
      vertex -7.21358 -10.6946 0
    endloop
  endfacet
  facet normal 0.587822 0.808991 0
    outer loop
      vertex -7.94203 -10.1653 6.35
      vertex -7.21358 -10.6946 6.35
      vertex -7.21358 -10.6946 0
    endloop
  endfacet
  facet normal 0.587822 -0.808991 0
    outer loop
      vertex -7.94203 10.1653 0
      vertex -7.21358 10.6946 0
      vertex -7.21358 10.6946 6.35
    endloop
  endfacet
  facet normal 0.587822 -0.808991 0
    outer loop
      vertex -7.94203 10.1653 0
      vertex -7.21358 10.6946 6.35
      vertex -7.94203 10.1653 6.35
    endloop
  endfacet
  facet normal 0 0 -1
    outer loop
      vertex -70.1631 35.5796 0
      vertex -54.9704 56.2764 0
      vertex -69.2771 35.6062 0
    endloop
  endfacet
  facet normal 0.0300091 -0.99955 0
    outer loop
      vertex -70.1631 35.5796 0
      vertex -69.2771 35.6062 0
      vertex -69.2771 35.6062 6.35
    endloop
  endfacet
  facet normal 0.0300091 -0.99955 0
    outer loop
      vertex -70.1631 35.5796 0
      vertex -69.2771 35.6062 6.35
      vertex -70.1631 35.5796 6.35
    endloop
  endfacet
  facet normal 0 0 1
    outer loop
      vertex -70.1631 35.5796 6.35
      vertex -69.2771 35.6062 6.35
      vertex -54.9704 56.2764 6.35
    endloop
  endfacet
  facet normal 0.0398239 0.999207 0
    outer loop
      vertex -70.2874 10.2418 0
      vertex -70.2874 10.2418 6.35
      vertex -69.4017 10.2065 0
    endloop
  endfacet
  facet normal 0.0398239 0.999207 0
    outer loop
      vertex -70.2874 10.2418 6.35
      vertex -69.4017 10.2065 6.35
      vertex -69.4017 10.2065 0
    endloop
  endfacet
  facet normal 0 0 -1
    outer loop
      vertex -70.8508 89.692 0
      vertex -50.7483 69.057 0
      vertex -51.4099 68.4671 0
    endloop
  endfacet
  facet normal 0 0 -1
    outer loop
      vertex -70.8508 89.692 0
      vertex -51.4099 68.4671 0
      vertex -52.0288 67.8325 0
    endloop
  endfacet
  facet normal 0 0 -1
    outer loop
      vertex -70.8508 89.692 0
      vertex -52.0288 67.8325 0
      vertex -52.6019 67.1562 0
    endloop
  endfacet
  facet normal 0 0 -1
    outer loop
      vertex -70.8508 89.692 0
      vertex -66.0859 93.2585 0
      vertex -50.7483 69.057 0
    endloop
  endfacet
  facet normal -0.599228 0.800578 0
    outer loop
      vertex -70.8508 89.692 0
      vertex -66.0859 93.2585 6.35
      vertex -66.0859 93.2585 0
    endloop
  endfacet
  facet normal -0.599228 0.800578 0
    outer loop
      vertex -70.8508 89.692 0
      vertex -70.8508 89.692 6.35
      vertex -66.0859 93.2585 6.35
    endloop
  endfacet
  facet normal 0 0 1
    outer loop
      vertex -70.8508 89.692 6.35
      vertex -50.7483 69.057 6.35
      vertex -66.0859 93.2585 6.35
    endloop
  endfacet
  facet normal 0 0 1
    outer loop
      vertex -70.8508 89.692 6.35
      vertex -51.4099 68.4671 6.35
      vertex -50.7483 69.057 6.35
    endloop
  endfacet
  facet normal 0 0 1
    outer loop
      vertex -70.8508 89.692 6.35
      vertex -52.0288 67.8325 6.35
      vertex -51.4099 68.4671 6.35
    endloop
  endfacet
  facet normal 0 0 1
    outer loop
      vertex -70.8508 89.692 6.35
      vertex -52.6019 67.1562 6.35
      vertex -52.0288 67.8325 6.35
    endloop
  endfacet
  facet normal 0 0 -1
    outer loop
      vertex -71.0452 35.4913 0
      vertex -54.9704 56.2764 0
      vertex -70.1631 35.5796 0
    endloop
  endfacet
  facet normal 0 0 -1
    outer loop
      vertex -71.0452 35.4913 0
      vertex -55.1504 57.1444 0
      vertex -54.9704 56.2764 0
    endloop
  endfacet
  facet normal 0 0 -1
    outer loop
      vertex -71.0452 35.4913 0
      vertex -55.2695 58.0228 0
      vertex -55.1504 57.1444 0
    endloop
  endfacet
  facet normal 0.0996042 -0.995027 0
    outer loop
      vertex -71.0452 35.4913 0
      vertex -70.1631 35.5796 0
      vertex -70.1631 35.5796 6.35
    endloop
  endfacet
  facet normal 0.0996042 -0.995027 0
    outer loop
      vertex -71.0452 35.4913 0
      vertex -70.1631 35.5796 6.35
      vertex -71.0452 35.4913 6.35
    endloop
  endfacet
  facet normal 0 0 1
    outer loop
      vertex -71.0452 35.4913 6.35
      vertex -54.9704 56.2764 6.35
      vertex -55.1504 57.1444 6.35
    endloop
  endfacet
  facet normal 0 0 1
    outer loop
      vertex -71.0452 35.4913 6.35
      vertex -55.1504 57.1444 6.35
      vertex -55.2695 58.0228 6.35
    endloop
  endfacet
  facet normal 0 0 1
    outer loop
      vertex -71.0452 35.4913 6.35
      vertex -70.1631 35.5796 6.35
      vertex -54.9704 56.2764 6.35
    endloop
  endfacet
  facet normal 0.109429 0.993995 0
    outer loop
      vertex -71.1685 10.3388 0
      vertex -71.1685 10.3388 6.35
      vertex -70.2874 10.2418 0
    endloop
  endfacet
  facet normal 0.109429 0.993995 0
    outer loop
      vertex -71.1685 10.3388 6.35
      vertex -70.2874 10.2418 6.35
      vertex -70.2874 10.2418 0
    endloop
  endfacet
  facet normal 0 0 -1
    outer loop
      vertex -71.9189 35.3417 0
      vertex -55.2695 58.0228 0
      vertex -71.0452 35.4913 0
    endloop
  endfacet
  facet normal 0.16877 -0.985656 0
    outer loop
      vertex -71.9189 35.3417 0
      vertex -71.0452 35.4913 0
      vertex -71.0452 35.4913 6.35
    endloop
  endfacet
  facet normal 0.16877 -0.985656 0
    outer loop
      vertex -71.9189 35.3417 0
      vertex -71.0452 35.4913 6.35
      vertex -71.9189 35.3417 6.35
    endloop
  endfacet
  facet normal 0 0 1
    outer loop
      vertex -71.9189 35.3417 6.35
      vertex -71.0452 35.4913 6.35
      vertex -55.2695 58.0228 6.35
    endloop
  endfacet
  facet normal 0.178468 0.983946 0
    outer loop
      vertex -72.0407 10.497 0
      vertex -72.0407 10.497 6.35
      vertex -71.1685 10.3388 0
    endloop
  endfacet
  facet normal 0.178468 0.983946 0
    outer loop
      vertex -72.0407 10.497 6.35
      vertex -71.1685 10.3388 6.35
      vertex -71.1685 10.3388 0
    endloop
  endfacet
  facet normal 0.23725 -0.971449 0
    outer loop
      vertex -72.78 35.1314 0
      vertex -71.9189 35.3417 0
      vertex -71.9189 35.3417 6.35
    endloop
  endfacet
  facet normal 0.23725 -0.971449 0
    outer loop
      vertex -72.78 35.1314 0
      vertex -71.9189 35.3417 6.35
      vertex -72.78 35.1314 6.35
    endloop
  endfacet
  facet normal 0.2467 0.969092 0
    outer loop
      vertex -72.8998 10.7157 0
      vertex -72.8998 10.7157 6.35
      vertex -72.0407 10.497 0
    endloop
  endfacet
  facet normal 0.2467 0.969092 0
    outer loop
      vertex -72.8998 10.7157 6.35
      vertex -72.0407 10.497 6.35
      vertex -72.0407 10.497 0
    endloop
  endfacet
  facet normal 0.304358 -0.952558 0
    outer loop
      vertex -73.6244 34.8616 0
      vertex -72.78 35.1314 0
      vertex -72.78 35.1314 6.35
    endloop
  endfacet
  facet normal 0.304358 -0.952558 0
    outer loop
      vertex -73.6244 34.8616 0
      vertex -72.78 35.1314 6.35
      vertex -73.6244 34.8616 6.35
    endloop
  endfacet
  facet normal 0.313621 0.949548 0
    outer loop
      vertex -73.7415 10.9937 0
      vertex -73.7415 10.9937 6.35
      vertex -72.8998 10.7157 0
    endloop
  endfacet
  facet normal 0.313621 0.949548 0
    outer loop
      vertex -73.7415 10.9937 6.35
      vertex -72.8998 10.7157 6.35
      vertex -72.8998 10.7157 0
    endloop
  endfacet
  facet normal 0.370029 -0.92902 0
    outer loop
      vertex -74.4479 34.5336 0
      vertex -73.6244 34.8616 0
      vertex -73.6244 34.8616 6.35
    endloop
  endfacet
  facet normal 0.370029 -0.92902 0
    outer loop
      vertex -74.4479 34.5336 0
      vertex -73.6244 34.8616 6.35
      vertex -74.4479 34.5336 6.35
    endloop
  endfacet
  facet normal 0.379138 0.92534 0
    outer loop
      vertex -74.5618 11.3298 0
      vertex -74.5618 11.3298 6.35
      vertex -73.7415 10.9937 0
    endloop
  endfacet
  facet normal 0.379138 0.92534 0
    outer loop
      vertex -74.5618 11.3298 6.35
      vertex -73.7415 10.9937 6.35
      vertex -73.7415 10.9937 0
    endloop
  endfacet
  facet normal 0.433944 -0.90094 0
    outer loop
      vertex -75.2466 34.1489 0
      vertex -74.4479 34.5336 0
      vertex -74.4479 34.5336 6.35
    endloop
  endfacet
  facet normal 0.433944 -0.90094 0
    outer loop
      vertex -75.2466 34.1489 0
      vertex -74.4479 34.5336 6.35
      vertex -75.2466 34.1489 6.35
    endloop
  endfacet
  facet normal 0.442786 0.896627 0
    outer loop
      vertex -75.3566 11.7223 0
      vertex -75.3566 11.7223 6.35
      vertex -74.5618 11.3298 0
    endloop
  endfacet
  facet normal 0.442786 0.896627 0
    outer loop
      vertex -75.3566 11.7223 6.35
      vertex -74.5618 11.3298 6.35
      vertex -74.5618 11.3298 0
    endloop
  endfacet
  facet normal 0 0 -1
    outer loop
      vertex -75.4237 85.8822 0
      vertex -52.6019 67.1562 0
      vertex -53.1265 66.4416 0
    endloop
  endfacet
  facet normal 0 0 -1
    outer loop
      vertex -75.4237 85.8822 0
      vertex -53.1265 66.4416 0
      vertex -53.5999 65.6922 0
    endloop
  endfacet
  facet normal 0 0 -1
    outer loop
      vertex -75.4237 85.8822 0
      vertex -70.8508 89.692 0
      vertex -52.6019 67.1562 0
    endloop
  endfacet
  facet normal -0.64009 0.7683 0
    outer loop
      vertex -75.4237 85.8822 0
      vertex -70.8508 89.692 6.35
      vertex -70.8508 89.692 0
    endloop
  endfacet
  facet normal -0.64009 0.7683 0
    outer loop
      vertex -75.4237 85.8822 0
      vertex -75.4237 85.8822 6.35
      vertex -70.8508 89.692 6.35
    endloop
  endfacet
  facet normal 0 0 1
    outer loop
      vertex -75.4237 85.8822 6.35
      vertex -52.6019 67.1562 6.35
      vertex -70.8508 89.692 6.35
    endloop
  endfacet
  facet normal 0 0 1
    outer loop
      vertex -75.4237 85.8822 6.35
      vertex -53.1265 66.4416 6.35
      vertex -52.6019 67.1562 6.35
    endloop
  endfacet
  facet normal 0 0 1
    outer loop
      vertex -75.4237 85.8822 6.35
      vertex -53.5999 65.6922 6.35
      vertex -53.1265 66.4416 6.35
    endloop
  endfacet
  facet normal 0.495726 -0.868479 0
    outer loop
      vertex -76.0164 33.7095 0
      vertex -75.2466 34.1489 0
      vertex -75.2466 34.1489 6.35
    endloop
  endfacet
  facet normal 0.495726 -0.868479 0
    outer loop
      vertex -76.0164 33.7095 0
      vertex -75.2466 34.1489 6.35
      vertex -76.0164 33.7095 6.35
    endloop
  endfacet
  facet normal 0.504257 0.863554 0
    outer loop
      vertex -76.1221 12.1693 0
      vertex -76.1221 12.1693 6.35
      vertex -75.3566 11.7223 0
    endloop
  endfacet
  facet normal 0.504257 0.863554 0
    outer loop
      vertex -76.1221 12.1693 6.35
      vertex -75.3566 11.7223 6.35
      vertex -75.3566 11.7223 0
    endloop
  endfacet
  facet normal 0.555143 -0.831755 0
    outer loop
      vertex -76.7537 33.2174 0
      vertex -76.0164 33.7095 0
      vertex -76.0164 33.7095 6.35
    endloop
  endfacet
  facet normal 0.555143 -0.831755 0
    outer loop
      vertex -76.7537 33.2174 0
      vertex -76.0164 33.7095 6.35
      vertex -76.7537 33.2174 6.35
    endloop
  endfacet
  facet normal 0.563288 0.826261 0
    outer loop
      vertex -76.8545 12.6686 0
      vertex -76.8545 12.6686 6.35
      vertex -76.1221 12.1693 0
    endloop
  endfacet
  facet normal 0.563288 0.826261 0
    outer loop
      vertex -76.8545 12.6686 6.35
      vertex -76.1221 12.1693 6.35
      vertex -76.1221 12.1693 0
    endloop
  endfacet
  facet normal 0.611775 -0.791032 0
    outer loop
      vertex -77.4549 32.6751 0
      vertex -76.7537 33.2174 0
      vertex -76.7537 33.2174 6.35
    endloop
  endfacet
  facet normal 0.611775 -0.791032 0
    outer loop
      vertex -77.4549 32.6751 0
      vertex -76.7537 33.2174 6.35
      vertex -77.4549 32.6751 6.35
    endloop
  endfacet
  facet normal 0.619509 0.78499 0
    outer loop
      vertex -77.5504 13.2178 0
      vertex -77.5504 13.2178 6.35
      vertex -76.8545 12.6686 0
    endloop
  endfacet
  facet normal 0.619509 0.78499 0
    outer loop
      vertex -77.5504 13.2178 6.35
      vertex -76.8545 12.6686 6.35
      vertex -76.8545 12.6686 0
    endloop
  endfacet
  facet normal 0.665448 -0.746444 0
    outer loop
      vertex -78.1166 32.0852 0
      vertex -77.4549 32.6751 0
      vertex -77.4549 32.6751 6.35
    endloop
  endfacet
  facet normal 0.665448 -0.746444 0
    outer loop
      vertex -78.1166 32.0852 0
      vertex -77.4549 32.6751 6.35
      vertex -78.1166 32.0852 6.35
    endloop
  endfacet
  facet normal 0.672746 0.739874 0
    outer loop
      vertex -78.2062 13.8141 0
      vertex -78.2062 13.8141 6.35
      vertex -77.5504 13.2178 0
    endloop
  endfacet
  facet normal 0.672746 0.739874 0
    outer loop
      vertex -78.2062 13.8141 6.35
      vertex -77.5504 13.2178 6.35
      vertex -77.5504 13.2178 0
    endloop
  endfacet
  facet normal 0.715962 -0.698139 0
    outer loop
      vertex -78.7355 31.4505 0
      vertex -78.1166 32.0852 0
      vertex -78.1166 32.0852 6.35
    endloop
  endfacet
  facet normal 0.715962 -0.698139 0
    outer loop
      vertex -78.7355 31.4505 0
      vertex -78.1166 32.0852 6.35
      vertex -78.7355 31.4505 6.35
    endloop
  endfacet
  facet normal 0.722723 0.691138 0
    outer loop
      vertex -78.8189 14.4548 0
      vertex -78.8189 14.4548 6.35
      vertex -78.2062 13.8141 0
    endloop
  endfacet
  facet normal 0.722723 0.691138 0
    outer loop
      vertex -78.8189 14.4548 6.35
      vertex -78.2062 13.8141 6.35
      vertex -78.2062 13.8141 0
    endloop
  endfacet
  facet normal 0.762868 -0.646554 0
    outer loop
      vertex -79.3086 30.7743 0
      vertex -78.7355 31.4505 0
      vertex -78.7355 31.4505 6.35
    endloop
  endfacet
  facet normal 0.762868 -0.646554 0
    outer loop
      vertex -79.3086 30.7743 0
      vertex -78.7355 31.4505 6.35
      vertex -79.3086 30.7743 6.35
    endloop
  endfacet
  facet normal 0.769247 0.638952 0
    outer loop
      vertex -79.3853 15.1367 0
      vertex -79.3853 15.1367 6.35
      vertex -78.8189 14.4548 0
    endloop
  endfacet
  facet normal 0.769247 0.638952 0
    outer loop
      vertex -79.3853 15.1367 6.35
      vertex -78.8189 14.4548 6.35
      vertex -78.8189 14.4548 0
    endloop
  endfacet
  facet normal 0 0 -1
    outer loop
      vertex -79.792 81.8396 0
      vertex -53.5999 65.6922 0
      vertex -54.0199 64.9115 0
    endloop
  endfacet
  facet normal 0 0 -1
    outer loop
      vertex -79.792 81.8396 0
      vertex -54.0199 64.9115 0
      vertex -54.3844 64.1035 0
    endloop
  endfacet
  facet normal 0 0 -1
    outer loop
      vertex -79.792 81.8396 0
      vertex -54.3844 64.1035 0
      vertex -54.6917 63.272 0
    endloop
  endfacet
  facet normal 0 0 -1
    outer loop
      vertex -79.792 81.8396 0
      vertex -75.4237 85.8822 0
      vertex -53.5999 65.6922 0
    endloop
  endfacet
  facet normal -0.679216 0.733938 0
    outer loop
      vertex -79.792 81.8396 0
      vertex -75.4237 85.8822 6.35
      vertex -75.4237 85.8822 0
    endloop
  endfacet
  facet normal -0.679216 0.733938 0
    outer loop
      vertex -79.792 81.8396 0
      vertex -79.792 81.8396 6.35
      vertex -75.4237 85.8822 6.35
    endloop
  endfacet
  facet normal 0 0 1
    outer loop
      vertex -79.792 81.8396 6.35
      vertex -53.5999 65.6922 6.35
      vertex -75.4237 85.8822 6.35
    endloop
  endfacet
  facet normal 0 0 1
    outer loop
      vertex -79.792 81.8396 6.35
      vertex -54.0199 64.9115 6.35
      vertex -53.5999 65.6922 6.35
    endloop
  endfacet
  facet normal 0 0 1
    outer loop
      vertex -79.792 81.8396 6.35
      vertex -54.3844 64.1035 6.35
      vertex -54.0199 64.9115 6.35
    endloop
  endfacet
  facet normal 0 0 1
    outer loop
      vertex -79.792 81.8396 6.35
      vertex -54.6917 63.272 6.35
      vertex -54.3844 64.1035 6.35
    endloop
  endfacet
  facet normal 0.806104 -0.591774 0
    outer loop
      vertex -79.8332 30.0597 0
      vertex -79.3086 30.7743 0
      vertex -79.3086 30.7743 6.35
    endloop
  endfacet
  facet normal 0.806104 -0.591774 0
    outer loop
      vertex -79.8332 30.0597 0
      vertex -79.3086 30.7743 6.35
      vertex -79.8332 30.0597 6.35
    endloop
  endfacet
  facet normal 0.8119 0.583796 0
    outer loop
      vertex -79.9028 15.8564 0
      vertex -79.9028 15.8564 6.35
      vertex -79.3853 15.1367 0
    endloop
  endfacet
  facet normal 0.8119 0.583796 0
    outer loop
      vertex -79.9028 15.8564 6.35
      vertex -79.3853 15.1367 6.35
      vertex -79.3853 15.1367 0
    endloop
  endfacet
  facet normal 0 0 -1
    outer loop
      vertex -8.08182 36.8979 0
      vertex -7.92079 37.2281 0
      vertex 4.78584 37.5394 0
    endloop
  endfacet
  facet normal -0.898815 0.438329 0
    outer loop
      vertex -8.08182 36.8979 0
      vertex -8.08182 36.8979 6.35
      vertex -7.92079 37.2281 0
    endloop
  endfacet
  facet normal 0 0 -1
    outer loop
      vertex -8.08182 36.8979 0
      vertex 4.78584 37.5394 0
      vertex 4.99124 37.2348 0
    endloop
  endfacet
  facet normal -0.898815 0.438329 0
    outer loop
      vertex -8.08182 36.8979 6.35
      vertex -7.92079 37.2281 6.35
      vertex -7.92079 37.2281 0
    endloop
  endfacet
  facet normal 0 0 1
    outer loop
      vertex -8.08182 36.8979 6.35
      vertex 4.78584 37.5394 6.35
      vertex -7.92079 37.2281 6.35
    endloop
  endfacet
  facet normal 0 0 1
    outer loop
      vertex -8.08182 36.8979 6.35
      vertex 4.99124 37.2348 6.35
      vertex 4.78584 37.5394 6.35
    endloop
  endfacet
  facet normal -0.898762 -0.438436 0
    outer loop
      vertex -8.08182 41.8391 0
      vertex -7.92079 41.509 0
      vertex -7.92079 41.509 6.35
    endloop
  endfacet
  facet normal -0.898762 -0.438436 0
    outer loop
      vertex -8.08182 41.8391 0
      vertex -7.92079 41.509 6.35
      vertex -8.08182 41.8391 6.35
    endloop
  endfacet
  facet normal 0 0 -1
    outer loop
      vertex -8.08182 41.8391 0
      vertex 4.30356 42.1279 0
      vertex -7.92079 41.509 0
    endloop
  endfacet
  facet normal 0 0 -1
    outer loop
      vertex -8.08182 41.8391 0
      vertex 4.44116 42.4685 0
      vertex 4.30356 42.1279 0
    endloop
  endfacet
  facet normal 0 0 1
    outer loop
      vertex -8.08182 41.8391 6.35
      vertex -7.92079 41.509 6.35
      vertex 4.30356 42.1279 6.35
    endloop
  endfacet
  facet normal 0 0 1
    outer loop
      vertex -8.08182 41.8391 6.35
      vertex 4.30356 42.1279 6.35
      vertex 4.44116 42.4685 6.35
    endloop
  endfacet
  facet normal 0 0 -1
    outer loop
      vertex -8.26547 36.5798 0
      vertex -8.08182 36.8979 0
      vertex 4.99124 37.2348 0
    endloop
  endfacet
  facet normal -0.866031 0.49999 0
    outer loop
      vertex -8.26547 36.5798 0
      vertex -8.26547 36.5798 6.35
      vertex -8.08182 36.8979 0
    endloop
  endfacet
  facet normal 0 0 -1
    outer loop
      vertex -8.26547 36.5798 0
      vertex 4.99124 37.2348 0
      vertex 5.21739 36.9454 0
    endloop
  endfacet
  facet normal -0.866031 0.49999 0
    outer loop
      vertex -8.26547 36.5798 6.35
      vertex -8.08182 36.8979 6.35
      vertex -8.08182 36.8979 0
    endloop
  endfacet
  facet normal 0 0 1
    outer loop
      vertex -8.26547 36.5798 6.35
      vertex 4.99124 37.2348 6.35
      vertex -8.08182 36.8979 6.35
    endloop
  endfacet
  facet normal 0 0 1
    outer loop
      vertex -8.26547 36.5798 6.35
      vertex 5.21739 36.9454 6.35
      vertex 4.99124 37.2348 6.35
    endloop
  endfacet
  facet normal -0.866031 -0.49999 0
    outer loop
      vertex -8.26547 42.1572 0
      vertex -8.08182 41.8391 0
      vertex -8.08182 41.8391 6.35
    endloop
  endfacet
  facet normal -0.866031 -0.49999 0
    outer loop
      vertex -8.26547 42.1572 0
      vertex -8.08182 41.8391 6.35
      vertex -8.26547 42.1572 6.35
    endloop
  endfacet
  facet normal 0 0 -1
    outer loop
      vertex -8.26547 42.1572 0
      vertex 4.44116 42.4685 0
      vertex -8.08182 41.8391 0
    endloop
  endfacet
  facet normal 0 0 -1
    outer loop
      vertex -8.26547 42.1572 0
      vertex 4.60219 42.7986 0
      vertex 4.44116 42.4685 0
    endloop
  endfacet
  facet normal 0 0 1
    outer loop
      vertex -8.26547 42.1572 6.35
      vertex -8.08182 41.8391 6.35
      vertex 4.44116 42.4685 6.35
    endloop
  endfacet
  facet normal 0 0 1
    outer loop
      vertex -8.26547 42.1572 6.35
      vertex 4.44116 42.4685 6.35
      vertex 4.60219 42.7986 6.35
    endloop
  endfacet
  facet normal 0 0 -1
    outer loop
      vertex -8.40054 -20.7921 0
      vertex -3.98631 -12.2686 0
      vertex -6.9297 -21.3274 0
    endloop
  endfacet
  facet normal 0 0 -1
    outer loop
      vertex -8.40054 -20.7921 0
      vertex -4.83241 -11.9607 0
      vertex -3.98631 -12.2686 0
    endloop
  endfacet
  facet normal 0 0 -1
    outer loop
      vertex -8.40054 -20.7921 0
      vertex -5.65498 -11.5944 0
      vertex -4.83241 -11.9607 0
    endloop
  endfacet
  facet normal -0.341996 -0.939701 0
    outer loop
      vertex -8.40054 -20.7921 0
      vertex -6.9297 -21.3274 0
      vertex -8.40054 -20.7921 6.35
    endloop
  endfacet
  facet normal 0 0 1
    outer loop
      vertex -8.40054 -20.7921 6.35
      vertex -3.98631 -12.2686 6.35
      vertex -4.83241 -11.9607 6.35
    endloop
  endfacet
  facet normal 0 0 1
    outer loop
      vertex -8.40054 -20.7921 6.35
      vertex -4.83241 -11.9607 6.35
      vertex -5.65498 -11.5944 6.35
    endloop
  endfacet
  facet normal -0.341996 -0.939701 0
    outer loop
      vertex -8.40054 -20.7921 6.35
      vertex -6.9297 -21.3274 0
      vertex -6.9297 -21.3274 6.35
    endloop
  endfacet
  facet normal 0 0 1
    outer loop
      vertex -8.40054 -20.7921 6.35
      vertex -6.9297 -21.3274 6.35
      vertex -3.98631 -12.2686 6.35
    endloop
  endfacet
  facet normal 0.665465 -0.746429 0
    outer loop
      vertex -8.41901 82.2029 0
      vertex -7.75734 82.7928 0
      vertex -7.75734 82.7928 6.35
    endloop
  endfacet
  facet normal 0.665465 -0.746429 0
    outer loop
      vertex -8.41901 82.2029 0
      vertex -7.75734 82.7928 6.35
      vertex -8.41901 82.2029 6.35
    endloop
  endfacet
  facet normal 0 0 -1
    outer loop
      vertex -8.47087 36.2753 0
      vertex -8.26547 36.5798 0
      vertex 5.21739 36.9454 0
    endloop
  endfacet
  facet normal -0.829022 0.559216 0
    outer loop
      vertex -8.47087 36.2753 0
      vertex -8.47087 36.2753 6.35
      vertex -8.26547 36.5798 0
    endloop
  endfacet
  facet normal 0 0 -1
    outer loop
      vertex -8.47087 36.2753 0
      vertex 5.21739 36.9454 0
      vertex 5.46317 36.6724 0
    endloop
  endfacet
  facet normal -0.829022 0.559216 0
    outer loop
      vertex -8.47087 36.2753 6.35
      vertex -8.26547 36.5798 6.35
      vertex -8.26547 36.5798 0
    endloop
  endfacet
  facet normal 0 0 1
    outer loop
      vertex -8.47087 36.2753 6.35
      vertex 5.21739 36.9454 6.35
      vertex -8.26547 36.5798 6.35
    endloop
  endfacet
  facet normal 0 0 1
    outer loop
      vertex -8.47087 36.2753 6.35
      vertex 5.46317 36.6724 6.35
      vertex 5.21739 36.9454 6.35
    endloop
  endfacet
  facet normal -0.829022 -0.559216 0
    outer loop
      vertex -8.47087 42.4617 0
      vertex -8.26547 42.1572 0
      vertex -8.26547 42.1572 6.35
    endloop
  endfacet
  facet normal -0.829022 -0.559216 0
    outer loop
      vertex -8.47087 42.4617 0
      vertex -8.26547 42.1572 6.35
      vertex -8.47087 42.4617 6.35
    endloop
  endfacet
  facet normal 0 0 -1
    outer loop
      vertex -8.47087 42.4617 0
      vertex 4.60219 42.7986 0
      vertex -8.26547 42.1572 0
    endloop
  endfacet
  facet normal 0 0 -1
    outer loop
      vertex -8.47087 42.4617 0
      vertex 4.78584 43.1167 0
      vertex 4.60219 42.7986 0
    endloop
  endfacet
  facet normal 0 0 1
    outer loop
      vertex -8.47087 42.4617 6.35
      vertex -8.26547 42.1572 6.35
      vertex 4.60219 42.7986 6.35
    endloop
  endfacet
  facet normal 0 0 1
    outer loop
      vertex -8.47087 42.4617 6.35
      vertex 4.60219 42.7986 6.35
      vertex 4.78584 43.1167 6.35
    endloop
  endfacet
  facet normal 0.672785 0.739838 0
    outer loop
      vertex -8.50864 63.9319 0
      vertex -8.50864 63.9319 6.35
      vertex -7.8528 63.3355 0
    endloop
  endfacet
  facet normal 0.672785 0.739838 0
    outer loop
      vertex -8.50864 63.9319 6.35
      vertex -7.8528 63.3355 6.35
      vertex -7.8528 63.3355 0
    endloop
  endfacet
  facet normal 0.642774 0.766056 0
    outer loop
      vertex -8.63177 -9.58656 0
      vertex -8.63177 -9.58656 6.35
      vertex -7.94203 -10.1653 0
    endloop
  endfacet
  facet normal 0.642774 0.766056 0
    outer loop
      vertex -8.63177 -9.58656 6.35
      vertex -7.94203 -10.1653 6.35
      vertex -7.94203 -10.1653 0
    endloop
  endfacet
  facet normal 0.642774 -0.766056 0
    outer loop
      vertex -8.63177 9.58656 0
      vertex -7.94203 10.1653 0
      vertex -7.94203 10.1653 6.35
    endloop
  endfacet
  facet normal 0.642774 -0.766056 0
    outer loop
      vertex -8.63177 9.58656 0
      vertex -7.94203 10.1653 6.35
      vertex -8.63177 9.58656 6.35
    endloop
  endfacet
  facet normal 0 0 -1
    outer loop
      vertex -8.69702 35.9858 0
      vertex -8.47087 36.2753 0
      vertex 5.46317 36.6724 0
    endloop
  endfacet
  facet normal -0.788053 0.615607 0
    outer loop
      vertex -8.69702 35.9858 0
      vertex -8.69702 35.9858 6.35
      vertex -8.47087 36.2753 0
    endloop
  endfacet
  facet normal 0 0 -1
    outer loop
      vertex -8.69702 35.9858 0
      vertex 5.46317 36.6724 0
      vertex 5.7274 36.4173 0
    endloop
  endfacet
  facet normal -0.788053 0.615607 0
    outer loop
      vertex -8.69702 35.9858 6.35
      vertex -8.47087 36.2753 6.35
      vertex -8.47087 36.2753 0
    endloop
  endfacet
  facet normal 0 0 1
    outer loop
      vertex -8.69702 35.9858 6.35
      vertex 5.46317 36.6724 6.35
      vertex -8.47087 36.2753 6.35
    endloop
  endfacet
  facet normal 0 0 1
    outer loop
      vertex -8.69702 35.9858 6.35
      vertex 5.7274 36.4173 6.35
      vertex 5.46317 36.6724 6.35
    endloop
  endfacet
  facet normal -0.788053 -0.615607 0
    outer loop
      vertex -8.69702 42.7512 0
      vertex -8.47087 42.4617 0
      vertex -8.47087 42.4617 6.35
    endloop
  endfacet
  facet normal -0.788053 -0.615607 0
    outer loop
      vertex -8.69702 42.7512 0
      vertex -8.47087 42.4617 6.35
      vertex -8.69702 42.7512 6.35
    endloop
  endfacet
  facet normal 0 0 -1
    outer loop
      vertex -8.69702 42.7512 0
      vertex 4.78584 43.1167 0
      vertex -8.47087 42.4617 0
    endloop
  endfacet
  facet normal 0 0 -1
    outer loop
      vertex -8.69702 42.7512 0
      vertex 4.99124 43.4213 0
      vertex 4.78584 43.1167 0
    endloop
  endfacet
  facet normal 0 0 1
    outer loop
      vertex -8.69702 42.7512 6.35
      vertex -8.47087 42.4617 6.35
      vertex 4.78584 43.1167 6.35
    endloop
  endfacet
  facet normal 0 0 1
    outer loop
      vertex -8.69702 42.7512 6.35
      vertex 4.78584 43.1167 6.35
      vertex 4.99124 43.4213 6.35
    endloop
  endfacet
  facet normal 0 0 -1
    outer loop
      vertex -8.94279 35.7129 0
      vertex -8.69702 35.9858 0
      vertex 5.7274 36.4173 0
    endloop
  endfacet
  facet normal -0.743077 0.669205 0
    outer loop
      vertex -8.94279 35.7129 0
      vertex -8.94279 35.7129 6.35
      vertex -8.69702 35.9858 0
    endloop
  endfacet
  facet normal 0 0 -1
    outer loop
      vertex -8.94279 35.7129 0
      vertex 5.7274 36.4173 0
      vertex 6.00877 36.1811 0
    endloop
  endfacet
  facet normal -0.743077 0.669205 0
    outer loop
      vertex -8.94279 35.7129 6.35
      vertex -8.69702 35.9858 6.35
      vertex -8.69702 35.9858 0
    endloop
  endfacet
  facet normal 0 0 1
    outer loop
      vertex -8.94279 35.7129 6.35
      vertex 5.7274 36.4173 6.35
      vertex -8.69702 35.9858 6.35
    endloop
  endfacet
  facet normal 0 0 1
    outer loop
      vertex -8.94279 35.7129 6.35
      vertex 6.00877 36.1811 6.35
      vertex 5.7274 36.4173 6.35
    endloop
  endfacet
  facet normal -0.743199 -0.66907 0
    outer loop
      vertex -8.94279 43.0242 0
      vertex -8.69702 42.7512 0
      vertex -8.69702 42.7512 6.35
    endloop
  endfacet
  facet normal -0.743199 -0.66907 0
    outer loop
      vertex -8.94279 43.0242 0
      vertex -8.69702 42.7512 6.35
      vertex -8.94279 43.0242 6.35
    endloop
  endfacet
  facet normal 0 0 -1
    outer loop
      vertex -8.94279 43.0242 0
      vertex 4.99124 43.4213 0
      vertex -8.69702 42.7512 0
    endloop
  endfacet
  facet normal 0 0 -1
    outer loop
      vertex -8.94279 43.0242 0
      vertex 5.21739 43.7107 0
      vertex 4.99124 43.4213 0
    endloop
  endfacet
  facet normal 0 0 1
    outer loop
      vertex -8.94279 43.0242 6.35
      vertex -8.69702 42.7512 6.35
      vertex 4.99124 43.4213 6.35
    endloop
  endfacet
  facet normal 0 0 1
    outer loop
      vertex -8.94279 43.0242 6.35
      vertex 4.99124 43.4213 6.35
      vertex 5.21739 43.7107 6.35
    endloop
  endfacet
  facet normal 0.845441 -0.534069 0
    outer loop
      vertex -80.3066 29.3103 0
      vertex -79.8332 30.0597 0
      vertex -79.8332 30.0597 6.35
    endloop
  endfacet
  facet normal 0.845441 -0.534069 0
    outer loop
      vertex -80.3066 29.3103 0
      vertex -79.8332 30.0597 6.35
      vertex -80.3066 29.3103 6.35
    endloop
  endfacet
  facet normal 0.850599 0.525815 0
    outer loop
      vertex -80.3689 16.6104 0
      vertex -80.3689 16.6104 6.35
      vertex -79.9028 15.8564 0
    endloop
  endfacet
  facet normal 0.850599 0.525815 0
    outer loop
      vertex -80.3689 16.6104 6.35
      vertex -79.9028 15.8564 6.35
      vertex -79.9028 15.8564 0
    endloop
  endfacet
  facet normal 0.880649 -0.47377 0
    outer loop
      vertex -80.7266 28.5296 0
      vertex -80.3066 29.3103 0
      vertex -80.3066 29.3103 6.35
    endloop
  endfacet
  facet normal 0.880649 -0.47377 0
    outer loop
      vertex -80.7266 28.5296 0
      vertex -80.3066 29.3103 6.35
      vertex -80.7266 28.5296 6.35
    endloop
  endfacet
  facet normal 0.885243 0.465128 0
    outer loop
      vertex -80.7812 17.3951 0
      vertex -80.7812 17.3951 6.35
      vertex -80.3689 16.6104 0
    endloop
  endfacet
  facet normal 0.885243 0.465128 0
    outer loop
      vertex -80.7812 17.3951 6.35
      vertex -80.3689 16.6104 6.35
      vertex -80.3689 16.6104 0
    endloop
  endfacet
  facet normal 0.911541 -0.411209 0
    outer loop
      vertex -81.0911 27.7216 0
      vertex -80.7266 28.5296 0
      vertex -80.7266 28.5296 6.35
    endloop
  endfacet
  facet normal 0.911541 -0.411209 0
    outer loop
      vertex -81.0911 27.7216 0
      vertex -80.7266 28.5296 6.35
      vertex -81.0911 27.7216 6.35
    endloop
  endfacet
  facet normal 0.915524 0.402262 0
    outer loop
      vertex -81.1378 18.2067 0
      vertex -81.1378 18.2067 6.35
      vertex -80.7812 17.3951 0
    endloop
  endfacet
  facet normal 0.915524 0.402262 0
    outer loop
      vertex -81.1378 18.2067 6.35
      vertex -80.7812 17.3951 6.35
      vertex -80.7812 17.3951 0
    endloop
  endfacet
  facet normal 0.937992 -0.346657 0
    outer loop
      vertex -81.3984 26.8901 0
      vertex -81.0911 27.7216 0
      vertex -81.0911 27.7216 6.35
    endloop
  endfacet
  facet normal 0.937992 -0.346657 0
    outer loop
      vertex -81.3984 26.8901 0
      vertex -81.0911 27.7216 6.35
      vertex -81.3984 26.8901 6.35
    endloop
  endfacet
  facet normal 0.941361 0.337401 0
    outer loop
      vertex -81.4369 19.0412 0
      vertex -81.4369 19.0412 6.35
      vertex -81.1378 18.2067 0
    endloop
  endfacet
  facet normal 0.941361 0.337401 0
    outer loop
      vertex -81.4369 19.0412 6.35
      vertex -81.1378 18.2067 6.35
      vertex -81.1378 18.2067 0
    endloop
  endfacet
  facet normal 0.959903 -0.280334 0
    outer loop
      vertex -81.6469 26.0392 0
      vertex -81.3984 26.8901 0
      vertex -81.3984 26.8901 6.35
    endloop
  endfacet
  facet normal 0.959903 -0.280334 0
    outer loop
      vertex -81.6469 26.0392 0
      vertex -81.3984 26.8901 6.35
      vertex -81.6469 26.0392 6.35
    endloop
  endfacet
  facet normal 0.962619 0.27086 0
    outer loop
      vertex -81.677 19.8945 0
      vertex -81.677 19.8945 6.35
      vertex -81.4369 19.0412 0
    endloop
  endfacet
  facet normal 0.962619 0.27086 0
    outer loop
      vertex -81.677 19.8945 6.35
      vertex -81.4369 19.0412 6.35
      vertex -81.4369 19.0412 0
    endloop
  endfacet
  facet normal 0.977131 -0.21264 0
    outer loop
      vertex -81.8354 25.173 0
      vertex -81.6469 26.0392 0
      vertex -81.6469 26.0392 6.35
    endloop
  endfacet
  facet normal 0.977131 -0.21264 0
    outer loop
      vertex -81.8354 25.173 0
      vertex -81.6469 26.0392 6.35
      vertex -81.8354 25.173 6.35
    endloop
  endfacet
  facet normal 0.979141 0.203184 0
    outer loop
      vertex -81.8571 20.7624 0
      vertex -81.8571 20.7624 6.35
      vertex -81.677 19.8945 0
    endloop
  endfacet
  facet normal 0.979141 0.203184 0
    outer loop
      vertex -81.8571 20.7624 6.35
      vertex -81.677 19.8945 6.35
      vertex -81.677 19.8945 0
    endloop
  endfacet
  facet normal 0.989569 -0.144058 0
    outer loop
      vertex -81.9631 24.2958 0
      vertex -81.8354 25.173 0
      vertex -81.8354 25.173 6.35
    endloop
  endfacet
  facet normal 0.989569 -0.144058 0
    outer loop
      vertex -81.9631 24.2958 0
      vertex -81.8354 25.173 6.35
      vertex -81.9631 24.2958 6.35
    endloop
  endfacet
  facet normal 0.990933 0.134358 0
    outer loop
      vertex -81.9762 21.6408 0
      vertex -81.9762 21.6408 6.35
      vertex -81.8571 20.7624 0
    endloop
  endfacet
  facet normal 0.990933 0.134358 0
    outer loop
      vertex -81.9762 21.6408 6.35
      vertex -81.8571 20.7624 6.35
      vertex -81.8571 20.7624 0
    endloop
  endfacet
  facet normal 0.997207 -0.0746862 0
    outer loop
      vertex -82.0293 23.4119 0
      vertex -81.9631 24.2958 0
      vertex -81.9631 24.2958 6.35
    endloop
  endfacet
  facet normal 0.997207 -0.0746862 0
    outer loop
      vertex -82.0293 23.4119 0
      vertex -81.9631 24.2958 6.35
      vertex -82.0293 23.4119 6.35
    endloop
  endfacet
  facet normal 0.999988 -0.00485048 0
    outer loop
      vertex -82.0336 22.5254 0
      vertex -82.0293 23.4119 0
      vertex -82.0293 23.4119 6.35
    endloop
  endfacet
  facet normal 0.999988 -0.00485048 0
    outer loop
      vertex -82.0336 22.5254 0
      vertex -82.0293 23.4119 6.35
      vertex -82.0336 22.5254 6.35
    endloop
  endfacet
  facet normal 0.997901 0.0647519 0
    outer loop
      vertex -82.0336 22.5254 0
      vertex -82.0336 22.5254 6.35
      vertex -81.9762 21.6408 0
    endloop
  endfacet
  facet normal 0.997901 0.0647519 0
    outer loop
      vertex -82.0336 22.5254 6.35
      vertex -81.9762 21.6408 6.35
      vertex -81.9762 21.6408 0
    endloop
  endfacet
  facet normal 0 0 -1
    outer loop
      vertex -83.944 77.5751 0
      vertex -54.6917 63.272 0
      vertex -54.9402 62.4211 0
    endloop
  endfacet
  facet normal 0 0 -1
    outer loop
      vertex -83.944 77.5751 0
      vertex -54.9402 62.4211 0
      vertex -55.1288 61.555 0
    endloop
  endfacet
  facet normal 0 0 -1
    outer loop
      vertex -83.944 77.5751 0
      vertex -79.792 81.8396 0
      vertex -54.6917 63.272 0
    endloop
  endfacet
  facet normal -0.716494 0.697593 0
    outer loop
      vertex -83.944 77.5751 0
      vertex -79.792 81.8396 6.35
      vertex -79.792 81.8396 0
    endloop
  endfacet
  facet normal -0.716494 0.697593 0
    outer loop
      vertex -83.944 77.5751 0
      vertex -83.944 77.5751 6.35
      vertex -79.792 81.8396 6.35
    endloop
  endfacet
  facet normal 0 0 1
    outer loop
      vertex -83.944 77.5751 6.35
      vertex -54.6917 63.272 6.35
      vertex -79.792 81.8396 6.35
    endloop
  endfacet
  facet normal 0 0 1
    outer loop
      vertex -83.944 77.5751 6.35
      vertex -54.9402 62.4211 6.35
      vertex -54.6917 63.272 6.35
    endloop
  endfacet
  facet normal 0 0 1
    outer loop
      vertex -83.944 77.5751 6.35
      vertex -55.1288 61.555 6.35
      vertex -54.9402 62.4211 6.35
    endloop
  endfacet
  facet normal 0 0 -1
    outer loop
      vertex -87.8683 73.1002 0
      vertex -55.1288 61.555 0
      vertex -55.2564 60.6778 0
    endloop
  endfacet
  facet normal 0 0 -1
    outer loop
      vertex -87.8683 73.1002 0
      vertex -55.2564 60.6778 0
      vertex -55.3226 59.7938 0
    endloop
  endfacet
  facet normal 0 0 -1
    outer loop
      vertex -87.8683 73.1002 0
      vertex -55.3226 59.7938 0
      vertex -55.327 58.9073 0
    endloop
  endfacet
  facet normal 0 0 -1
    outer loop
      vertex -87.8683 73.1002 0
      vertex -83.944 77.5751 0
      vertex -55.1288 61.555 0
    endloop
  endfacet
  facet normal -0.751847 0.659338 0
    outer loop
      vertex -87.8683 73.1002 0
      vertex -83.944 77.5751 6.35
      vertex -83.944 77.5751 0
    endloop
  endfacet
  facet normal -0.751847 0.659338 0
    outer loop
      vertex -87.8683 73.1002 0
      vertex -87.8683 73.1002 6.35
      vertex -83.944 77.5751 6.35
    endloop
  endfacet
  facet normal 0 0 1
    outer loop
      vertex -87.8683 73.1002 6.35
      vertex -55.1288 61.555 6.35
      vertex -83.944 77.5751 6.35
    endloop
  endfacet
  facet normal 0 0 1
    outer loop
      vertex -87.8683 73.1002 6.35
      vertex -55.2564 60.6778 6.35
      vertex -55.1288 61.555 6.35
    endloop
  endfacet
  facet normal 0 0 1
    outer loop
      vertex -87.8683 73.1002 6.35
      vertex -55.3226 59.7938 6.35
      vertex -55.2564 60.6778 6.35
    endloop
  endfacet
  facet normal 0 0 1
    outer loop
      vertex -87.8683 73.1002 6.35
      vertex -55.327 58.9073 6.35
      vertex -55.3226 59.7938 6.35
    endloop
  endfacet
  facet normal 0.715913 -0.69819 0
    outer loop
      vertex -9.0379 81.5683 0
      vertex -8.41901 82.2029 0
      vertex -8.41901 82.2029 6.35
    endloop
  endfacet
  facet normal 0.715913 -0.69819 0
    outer loop
      vertex -9.0379 81.5683 0
      vertex -8.41901 82.2029 6.35
      vertex -9.0379 81.5683 6.35
    endloop
  endfacet
  facet normal 0.722757 0.691103 0
    outer loop
      vertex -9.12128 64.5726 0
      vertex -9.12128 64.5726 6.35
      vertex -8.50864 63.9319 0
    endloop
  endfacet
  facet normal 0.722757 0.691103 0
    outer loop
      vertex -9.12128 64.5726 6.35
      vertex -8.50864 63.9319 6.35
      vertex -8.50864 63.9319 0
    endloop
  endfacet
  facet normal 0 0 -1
    outer loop
      vertex -9.20703 35.4577 0
      vertex -8.94279 35.7129 0
      vertex 6.00877 36.1811 0
    endloop
  endfacet
  facet normal -0.694696 0.719304 0
    outer loop
      vertex -9.20703 35.4577 0
      vertex -9.20703 35.4577 6.35
      vertex -8.94279 35.7129 0
    endloop
  endfacet
  facet normal 0 0 -1
    outer loop
      vertex -9.20703 35.4577 0
      vertex 6.00877 36.1811 0
      vertex 6.30594 35.9652 0
    endloop
  endfacet
  facet normal 0 0 -1
    outer loop
      vertex -9.20703 35.4577 0
      vertex 6.30594 35.9652 0
      vertex -0.450195 12.8921 0
    endloop
  endfacet
  facet normal 0 0 1
    outer loop
      vertex -9.20703 35.4577 6.35
      vertex -0.450195 12.8921 6.35
      vertex 6.30594 35.9652 6.35
    endloop
  endfacet
  facet normal -0.694696 0.719304 0
    outer loop
      vertex -9.20703 35.4577 6.35
      vertex -8.94279 35.7129 6.35
      vertex -8.94279 35.7129 0
    endloop
  endfacet
  facet normal 0 0 1
    outer loop
      vertex -9.20703 35.4577 6.35
      vertex 6.00877 36.1811 6.35
      vertex -8.94279 35.7129 6.35
    endloop
  endfacet
  facet normal 0 0 1
    outer loop
      vertex -9.20703 35.4577 6.35
      vertex 6.30594 35.9652 6.35
      vertex 6.00877 36.1811 6.35
    endloop
  endfacet
  facet normal 0 0 -1
    outer loop
      vertex -9.20703 43.2793 0
      vertex -1.47093 60.4565 0
      vertex 5.21739 43.7107 0
    endloop
  endfacet
  facet normal -0.694555 -0.71944 0
    outer loop
      vertex -9.20703 43.2793 0
      vertex -8.94279 43.0242 0
      vertex -8.94279 43.0242 6.35
    endloop
  endfacet
  facet normal -0.694555 -0.71944 0
    outer loop
      vertex -9.20703 43.2793 0
      vertex -8.94279 43.0242 6.35
      vertex -9.20703 43.2793 6.35
    endloop
  endfacet
  facet normal 0 0 -1
    outer loop
      vertex -9.20703 43.2793 0
      vertex 5.21739 43.7107 0
      vertex -8.94279 43.0242 0
    endloop
  endfacet
  facet normal 0 0 1
    outer loop
      vertex -9.20703 43.2793 6.35
      vertex -8.94279 43.0242 6.35
      vertex 5.21739 43.7107 6.35
    endloop
  endfacet
  facet normal 0 0 1
    outer loop
      vertex -9.20703 43.2793 6.35
      vertex 5.21739 43.7107 6.35
      vertex -1.47093 60.4565 6.35
    endloop
  endfacet
  facet normal 0.694649 0.719349 0
    outer loop
      vertex -9.27948 -8.96109 0
      vertex -9.27948 -8.96109 6.35
      vertex -8.63177 -9.58656 0
    endloop
  endfacet
  facet normal 0.694649 0.719349 0
    outer loop
      vertex -9.27948 -8.96109 6.35
      vertex -8.63177 -9.58656 6.35
      vertex -8.63177 -9.58656 0
    endloop
  endfacet
  facet normal 0.694649 -0.719349 0
    outer loop
      vertex -9.27948 8.96109 0
      vertex -8.63177 9.58656 0
      vertex -8.63177 9.58656 6.35
    endloop
  endfacet
  facet normal 0.694649 -0.719349 0
    outer loop
      vertex -9.27948 8.96109 0
      vertex -8.63177 9.58656 6.35
      vertex -9.27948 8.96109 6.35
    endloop
  endfacet
  facet normal 0 0 -1
    outer loop
      vertex -9.4884 35.2216 0
      vertex -0.450195 12.8921 0
      vertex -1.3484 12.8293 0
    endloop
  endfacet
  facet normal 0 0 -1
    outer loop
      vertex -9.4884 35.2216 0
      vertex -9.20703 35.4577 0
      vertex -0.450195 12.8921 0
    endloop
  endfacet
  facet normal -0.642792 0.766041 0
    outer loop
      vertex -9.4884 35.2216 0
      vertex -9.4884 35.2216 6.35
      vertex -9.20703 35.4577 0
    endloop
  endfacet
  facet normal 0 0 1
    outer loop
      vertex -9.4884 35.2216 6.35
      vertex -0.450195 12.8921 6.35
      vertex -9.20703 35.4577 6.35
    endloop
  endfacet
  facet normal 0 0 1
    outer loop
      vertex -9.4884 35.2216 6.35
      vertex -1.3484 12.8293 6.35
      vertex -0.450195 12.8921 6.35
    endloop
  endfacet
  facet normal -0.642792 0.766041 0
    outer loop
      vertex -9.4884 35.2216 6.35
      vertex -9.20703 35.4577 6.35
      vertex -9.20703 35.4577 0
    endloop
  endfacet
  facet normal 0 0 -1
    outer loop
      vertex -9.4884 43.5154 0
      vertex -1.47093 60.4565 0
      vertex -9.20703 43.2793 0
    endloop
  endfacet
  facet normal 0 0 -1
    outer loop
      vertex -9.4884 43.5154 0
      vertex -2.34315 60.6147 0
      vertex -1.47093 60.4565 0
    endloop
  endfacet
  facet normal -0.642792 -0.766041 0
    outer loop
      vertex -9.4884 43.5154 0
      vertex -9.20703 43.2793 0
      vertex -9.20703 43.2793 6.35
    endloop
  endfacet
  facet normal -0.642792 -0.766041 0
    outer loop
      vertex -9.4884 43.5154 0
      vertex -9.20703 43.2793 6.35
      vertex -9.4884 43.5154 6.35
    endloop
  endfacet
  facet normal 0 0 1
    outer loop
      vertex -9.4884 43.5154 6.35
      vertex -1.47093 60.4565 6.35
      vertex -2.34315 60.6147 6.35
    endloop
  endfacet
  facet normal 0 0 1
    outer loop
      vertex -9.4884 43.5154 6.35
      vertex -9.20703 43.2793 6.35
      vertex -1.47093 60.4565 6.35
    endloop
  endfacet
  facet normal 0.762904 -0.646511 0
    outer loop
      vertex -9.61102 80.892 0
      vertex -9.0379 81.5683 0
      vertex -9.0379 81.5683 6.35
    endloop
  endfacet
  facet normal 0.762904 -0.646511 0
    outer loop
      vertex -9.61102 80.892 0
      vertex -9.0379 81.5683 6.35
      vertex -9.61102 80.892 6.35
    endloop
  endfacet
  facet normal 0.769167 0.639047 0
    outer loop
      vertex -9.68774 65.2544 0
      vertex -9.68774 65.2544 6.35
      vertex -9.12128 64.5726 0
    endloop
  endfacet
  facet normal 0.769167 0.639047 0
    outer loop
      vertex -9.68774 65.2544 6.35
      vertex -9.12128 64.5726 6.35
      vertex -9.12128 64.5726 0
    endloop
  endfacet
  facet normal 0 0 -1
    outer loop
      vertex -9.78557 35.0057 0
      vertex -1.3484 12.8293 0
      vertex -2.24005 12.704 0
    endloop
  endfacet
  facet normal 0 0 -1
    outer loop
      vertex -9.78557 35.0057 0
      vertex -9.4884 35.2216 0
      vertex -1.3484 12.8293 0
    endloop
  endfacet
  facet normal -0.587773 0.809026 0
    outer loop
      vertex -9.78557 35.0057 0
      vertex -9.78557 35.0057 6.35
      vertex -9.4884 35.2216 0
    endloop
  endfacet
  facet normal 0 0 1
    outer loop
      vertex -9.78557 35.0057 6.35
      vertex -1.3484 12.8293 6.35
      vertex -9.4884 35.2216 6.35
    endloop
  endfacet
  facet normal 0 0 1
    outer loop
      vertex -9.78557 35.0057 6.35
      vertex -2.24005 12.704 6.35
      vertex -1.3484 12.8293 6.35
    endloop
  endfacet
  facet normal -0.587773 0.809026 0
    outer loop
      vertex -9.78557 35.0057 6.35
      vertex -9.4884 35.2216 6.35
      vertex -9.4884 35.2216 0
    endloop
  endfacet
  facet normal 0 0 -1
    outer loop
      vertex -9.78557 43.7313 0
      vertex -2.34315 60.6147 0
      vertex -9.4884 43.5154 0
    endloop
  endfacet
  facet normal -0.587773 -0.809026 0
    outer loop
      vertex -9.78557 43.7313 0
      vertex -9.4884 43.5154 0
      vertex -9.4884 43.5154 6.35
    endloop
  endfacet
  facet normal -0.587773 -0.809026 0
    outer loop
      vertex -9.78557 43.7313 0
      vertex -9.4884 43.5154 6.35
      vertex -9.78557 43.7313 6.35
    endloop
  endfacet
  facet normal 0 0 1
    outer loop
      vertex -9.78557 43.7313 6.35
      vertex -9.4884 43.5154 6.35
      vertex -2.34315 60.6147 6.35
    endloop
  endfacet
  facet normal 0 0 -1
    outer loop
      vertex -9.83046 -20.1554 0
      vertex -5.65498 -11.5944 0
      vertex -8.40054 -20.7921 0
    endloop
  endfacet
  facet normal 0 0 -1
    outer loop
      vertex -9.83046 -20.1554 0
      vertex -6.45 -11.1717 0
      vertex -5.65498 -11.5944 0
    endloop
  endfacet
  facet normal -0.406768 -0.913532 0
    outer loop
      vertex -9.83046 -20.1554 0
      vertex -8.40054 -20.7921 0
      vertex -9.83046 -20.1554 6.35
    endloop
  endfacet
  facet normal 0 0 1
    outer loop
      vertex -9.83046 -20.1554 6.35
      vertex -5.65498 -11.5944 6.35
      vertex -6.45 -11.1717 6.35
    endloop
  endfacet
  facet normal -0.406768 -0.913532 0
    outer loop
      vertex -9.83046 -20.1554 6.35
      vertex -8.40054 -20.7921 0
      vertex -8.40054 -20.7921 6.35
    endloop
  endfacet
  facet normal 0 0 1
    outer loop
      vertex -9.83046 -20.1554 6.35
      vertex -8.40054 -20.7921 6.35
      vertex -5.65498 -11.5944 6.35
    endloop
  endfacet
  facet normal 0.743148 0.669127 0
    outer loop
      vertex -9.88197 -8.29195 0
      vertex -9.88197 -8.29195 6.35
      vertex -9.27948 -8.96109 0
    endloop
  endfacet
  facet normal 0.743148 0.669127 0
    outer loop
      vertex -9.88197 -8.29195 6.35
      vertex -9.27948 -8.96109 6.35
      vertex -9.27948 -8.96109 0
    endloop
  endfacet
  facet normal 0.743148 -0.669127 0
    outer loop
      vertex -9.88197 8.29195 0
      vertex -9.27948 8.96109 0
      vertex -9.27948 8.96109 6.35
    endloop
  endfacet
  facet normal 0.743148 -0.669127 0
    outer loop
      vertex -9.88197 8.29195 0
      vertex -9.27948 8.96109 6.35
      vertex -9.88197 8.29195 6.35
    endloop
  endfacet
  facet normal 0 0 -1
    outer loop
      vertex -91.5544 68.4272 0
      vertex -55.2695 58.0228 0
      vertex -71.9189 35.3417 0
    endloop
  endfacet
  facet normal 0 0 -1
    outer loop
      vertex -91.5544 68.4272 0
      vertex -55.327 58.9073 0
      vertex -55.2695 58.0228 0
    endloop
  endfacet
  facet normal 0 0 -1
    outer loop
      vertex -91.5544 68.4272 0
      vertex -71.9189 35.3417 0
      vertex -72.78 35.1314 0
    endloop
  endfacet
  facet normal 0 0 -1
    outer loop
      vertex -91.5544 68.4272 0
      vertex -87.8683 73.1002 0
      vertex -55.327 58.9073 0
    endloop
  endfacet
  facet normal -0.785137 0.619322 0
    outer loop
      vertex -91.5544 68.4272 0
      vertex -87.8683 73.1002 6.35
      vertex -87.8683 73.1002 0
    endloop
  endfacet
  facet normal -0.785137 0.619322 0
    outer loop
      vertex -91.5544 68.4272 0
      vertex -91.5544 68.4272 6.35
      vertex -87.8683 73.1002 6.35
    endloop
  endfacet
  facet normal 0 0 1
    outer loop
      vertex -91.5544 68.4272 6.35
      vertex -55.2695 58.0228 6.35
      vertex -55.327 58.9073 6.35
    endloop
  endfacet
  facet normal 0 0 1
    outer loop
      vertex -91.5544 68.4272 6.35
      vertex -55.327 58.9073 6.35
      vertex -87.8683 73.1002 6.35
    endloop
  endfacet
  facet normal 0 0 1
    outer loop
      vertex -91.5544 68.4272 6.35
      vertex -71.9189 35.3417 6.35
      vertex -55.2695 58.0228 6.35
    endloop
  endfacet
  facet normal 0 0 1
    outer loop
      vertex -91.5544 68.4272 6.35
      vertex -72.78 35.1314 6.35
      vertex -71.9189 35.3417 6.35
    endloop
  endfacet
  facet normal 0 0 -1
    outer loop
      vertex -94.9922 63.5685 0
      vertex -72.78 35.1314 0
      vertex -73.6244 34.8616 0
    endloop
  endfacet
  facet normal 0 0 -1
    outer loop
      vertex -94.9922 63.5685 0
      vertex -73.6244 34.8616 0
      vertex -74.4479 34.5336 0
    endloop
  endfacet
  facet normal 0 0 -1
    outer loop
      vertex -94.9922 63.5685 0
      vertex -91.5544 68.4272 0
      vertex -72.78 35.1314 0
    endloop
  endfacet
  facet normal -0.816324 0.577594 0
    outer loop
      vertex -94.9922 63.5685 0
      vertex -91.5544 68.4272 6.35
      vertex -91.5544 68.4272 0
    endloop
  endfacet
  facet normal -0.816324 0.577594 0
    outer loop
      vertex -94.9922 63.5685 0
      vertex -94.9922 63.5685 6.35
      vertex -91.5544 68.4272 6.35
    endloop
  endfacet
  facet normal 0 0 1
    outer loop
      vertex -94.9922 63.5685 6.35
      vertex -72.78 35.1314 6.35
      vertex -91.5544 68.4272 6.35
    endloop
  endfacet
  facet normal 0 0 1
    outer loop
      vertex -94.9922 63.5685 6.35
      vertex -73.6244 34.8616 6.35
      vertex -72.78 35.1314 6.35
    endloop
  endfacet
  facet normal 0 0 1
    outer loop
      vertex -94.9922 63.5685 6.35
      vertex -74.4479 34.5336 6.35
      vertex -73.6244 34.8616 6.35
    endloop
  endfacet
  facet normal 0 0 -1
    outer loop
      vertex -98.1725 58.5376 0
      vertex -74.4479 34.5336 0
      vertex -75.2466 34.1489 0
    endloop
  endfacet
  facet normal 0 0 -1
    outer loop
      vertex -98.1725 58.5376 0
      vertex -75.2466 34.1489 0
      vertex -76.0164 33.7095 0
    endloop
  endfacet
  facet normal 0 0 -1
    outer loop
      vertex -98.1725 58.5376 0
      vertex -94.9922 63.5685 0
      vertex -74.4479 34.5336 0
    endloop
  endfacet
  facet normal -0.84527 0.53434 0
    outer loop
      vertex -98.1725 58.5376 0
      vertex -94.9922 63.5685 6.35
      vertex -94.9922 63.5685 0
    endloop
  endfacet
  facet normal -0.84527 0.53434 0
    outer loop
      vertex -98.1725 58.5376 0
      vertex -98.1725 58.5376 6.35
      vertex -94.9922 63.5685 6.35
    endloop
  endfacet
  facet normal 0 0 1
    outer loop
      vertex -98.1725 58.5376 6.35
      vertex -74.4479 34.5336 6.35
      vertex -94.9922 63.5685 6.35
    endloop
  endfacet
  facet normal 0 0 1
    outer loop
      vertex -98.1725 58.5376 6.35
      vertex -75.2466 34.1489 6.35
      vertex -74.4479 34.5336 6.35
    endloop
  endfacet
  facet normal 0 0 1
    outer loop
      vertex -98.1725 58.5376 6.35
      vertex -76.0164 33.7095 6.35
      vertex -75.2466 34.1489 6.35
    endloop
  endfacet
  facet normal -0.0300075 0.99955 0
    outer loop
      vertex 0.295914 60.3243 0
      vertex 0.295914 60.3243 6.35
      vertex 1.18196 60.3509 0
    endloop
  endfacet
  facet normal 0 0 -1
    outer loop
      vertex 0.295914 60.3243 0
      vertex 1.18196 60.3509 0
      vertex 6.00877 44.475 0
    endloop
  endfacet
  facet normal 0 0 -1
    outer loop
      vertex 0.295914 60.3243 0
      vertex 6.00877 44.475 0
      vertex 5.7274 44.2388 0
    endloop
  endfacet
  facet normal -0.0300075 0.99955 0
    outer loop
      vertex 0.295914 60.3243 6.35
      vertex 1.18196 60.3509 6.35
      vertex 1.18196 60.3509 0
    endloop
  endfacet
  facet normal 0 0 1
    outer loop
      vertex 0.295914 60.3243 6.35
      vertex 5.7274 44.2388 6.35
      vertex 6.00877 44.475 6.35
    endloop
  endfacet
  facet normal 0 0 1
    outer loop
      vertex 0.295914 60.3243 6.35
      vertex 6.00877 44.475 6.35
      vertex 1.18196 60.3509 6.35
    endloop
  endfacet
  facet normal 0 0 -1
    outer loop
      vertex 0.420517 85.724 0
      vertex 0.965256 114.296 0
      vertex 1.30626 85.6887 0
    endloop
  endfacet
  facet normal -0.0398219 -0.999207 0
    outer loop
      vertex 0.420517 85.724 0
      vertex 1.30626 85.6887 0
      vertex 1.30626 85.6887 6.35
    endloop
  endfacet
  facet normal -0.0398219 -0.999207 0
    outer loop
      vertex 0.420517 85.724 0
      vertex 1.30626 85.6887 6.35
      vertex 0.420517 85.724 6.35
    endloop
  endfacet
  facet normal 0 0 1
    outer loop
      vertex 0.420517 85.724 6.35
      vertex 1.30626 85.6887 6.35
      vertex 0.965256 114.296 6.35
    endloop
  endfacet
  facet normal -0.069747 0.997565 0
    outer loop
      vertex 0.450195 -12.8921 0
      vertex 0.450195 -12.8921 6.35
      vertex 1.3484 -12.8293 0
    endloop
  endfacet
  facet normal 0 0 -1
    outer loop
      vertex 0.450195 -12.8921 0
      vertex 1.3484 -12.8293 0
      vertex 0.782608 -22.4113 0
    endloop
  endfacet
  facet normal 0 0 1
    outer loop
      vertex 0.450195 -12.8921 6.35
      vertex 0.782608 -22.4113 6.35
      vertex 1.3484 -12.8293 6.35
    endloop
  endfacet
  facet normal -0.069747 0.997565 0
    outer loop
      vertex 0.450195 -12.8921 6.35
      vertex 1.3484 -12.8293 6.35
      vertex 1.3484 -12.8293 0
    endloop
  endfacet
  facet normal -0.069747 -0.997565 0
    outer loop
      vertex 0.450195 12.8921 0
      vertex 1.3484 12.8293 0
      vertex 1.3484 12.8293 6.35
    endloop
  endfacet
  facet normal -0.069747 -0.997565 0
    outer loop
      vertex 0.450195 12.8921 0
      vertex 1.3484 12.8293 6.35
      vertex 0.450195 12.8921 6.35
    endloop
  endfacet
  facet normal 0 0 -1
    outer loop
      vertex 0.450195 12.8921 0
      vertex 6.61745 35.7706 0
      vertex 6.94177 35.5981 0
    endloop
  endfacet
  facet normal 0 0 -1
    outer loop
      vertex 0.450195 12.8921 0
      vertex 6.94177 35.5981 0
      vertex 1.3484 12.8293 0
    endloop
  endfacet
  facet normal 0 0 1
    outer loop
      vertex 0.450195 12.8921 6.35
      vertex 1.3484 12.8293 6.35
      vertex 6.94177 35.5981 6.35
    endloop
  endfacet
  facet normal 0 0 1
    outer loop
      vertex 0.450195 12.8921 6.35
      vertex 6.94177 35.5981 6.35
      vertex 6.61745 35.7706 6.35
    endloop
  endfacet
  facet normal 0 0 -1
    outer loop
      vertex 0.782608 -22.4113 0
      vertex 1.3484 -12.8293 0
      vertex 2.34404 -22.3021 0
    endloop
  endfacet
  facet normal 0.0697654 -0.997563 0
    outer loop
      vertex 0.782608 -22.4113 0
      vertex 2.34404 -22.3021 0
      vertex 0.782608 -22.4113 6.35
    endloop
  endfacet
  facet normal 0.0697654 -0.997563 0
    outer loop
      vertex 0.782608 -22.4113 6.35
      vertex 2.34404 -22.3021 0
      vertex 2.34404 -22.3021 6.35
    endloop
  endfacet
  facet normal 0 0 1
    outer loop
      vertex 0.782608 -22.4113 6.35
      vertex 2.34404 -22.3021 6.35
      vertex 1.3484 -12.8293 6.35
    endloop
  endfacet
  facet normal 0.0344429 0.999407 0
    outer loop
      vertex 0.965256 114.296 0
      vertex 0.965256 114.296 6.35
      vertex 6.9136 114.091 6.35
    endloop
  endfacet
  facet normal 0 0 -1
    outer loop
      vertex 0.965256 114.296 0
      vertex 2.18739 85.5917 0
      vertex 1.30626 85.6887 0
    endloop
  endfacet
  facet normal 0 0 -1
    outer loop
      vertex 0.965256 114.296 0
      vertex 6.9136 114.091 0
      vertex 2.18739 85.5917 0
    endloop
  endfacet
  facet normal 0.0344429 0.999407 0
    outer loop
      vertex 0.965256 114.296 0
      vertex 6.9136 114.091 6.35
      vertex 6.9136 114.091 0
    endloop
  endfacet
  facet normal 0 0 1
    outer loop
      vertex 0.965256 114.296 6.35
      vertex 1.30626 85.6887 6.35
      vertex 2.18739 85.5917 6.35
    endloop
  endfacet
  facet normal 0 0 1
    outer loop
      vertex 0.965256 114.296 6.35
      vertex 2.18739 85.5917 6.35
      vertex 6.9136 114.091 6.35
    endloop
  endfacet
  facet normal -0.0996109 0.995026 0
    outer loop
      vertex 1.18196 60.3509 0
      vertex 1.18196 60.3509 6.35
      vertex 2.064 60.4392 0
    endloop
  endfacet
  facet normal 0 0 -1
    outer loop
      vertex 1.18196 60.3509 0
      vertex 2.064 60.4392 0
      vertex 6.61745 44.8855 0
    endloop
  endfacet
  facet normal 0 0 -1
    outer loop
      vertex 1.18196 60.3509 0
      vertex 6.30594 44.6909 0
      vertex 6.00877 44.475 0
    endloop
  endfacet
  facet normal 0 0 -1
    outer loop
      vertex 1.18196 60.3509 0
      vertex 6.61745 44.8855 0
      vertex 6.30594 44.6909 0
    endloop
  endfacet
  facet normal -0.0996109 0.995026 0
    outer loop
      vertex 1.18196 60.3509 6.35
      vertex 2.064 60.4392 6.35
      vertex 2.064 60.4392 0
    endloop
  endfacet
  facet normal 0 0 1
    outer loop
      vertex 1.18196 60.3509 6.35
      vertex 6.00877 44.475 6.35
      vertex 6.30594 44.6909 6.35
    endloop
  endfacet
  facet normal 0 0 1
    outer loop
      vertex 1.18196 60.3509 6.35
      vertex 6.30594 44.6909 6.35
      vertex 6.61745 44.8855 6.35
    endloop
  endfacet
  facet normal 0 0 1
    outer loop
      vertex 1.18196 60.3509 6.35
      vertex 6.61745 44.8855 6.35
      vertex 2.064 60.4392 6.35
    endloop
  endfacet
  facet normal -0.109425 -0.993995 0
    outer loop
      vertex 1.30626 85.6887 0
      vertex 2.18739 85.5917 0
      vertex 2.18739 85.5917 6.35
    endloop
  endfacet
  facet normal -0.109425 -0.993995 0
    outer loop
      vertex 1.30626 85.6887 0
      vertex 2.18739 85.5917 6.35
      vertex 1.30626 85.6887 6.35
    endloop
  endfacet
  facet normal -0.139159 0.99027 0
    outer loop
      vertex 1.3484 -12.8293 0
      vertex 1.3484 -12.8293 6.35
      vertex 2.24005 -12.704 0
    endloop
  endfacet
  facet normal 0 0 -1
    outer loop
      vertex 1.3484 -12.8293 0
      vertex 2.24005 -12.704 0
      vertex 3.89406 -22.0843 0
    endloop
  endfacet
  facet normal 0 0 -1
    outer loop
      vertex 1.3484 -12.8293 0
      vertex 3.89406 -22.0843 0
      vertex 2.34404 -22.3021 0
    endloop
  endfacet
  facet normal -0.139159 0.99027 0
    outer loop
      vertex 1.3484 -12.8293 6.35
      vertex 2.24005 -12.704 6.35
      vertex 2.24005 -12.704 0
    endloop
  endfacet
  facet normal 0 0 1
    outer loop
      vertex 1.3484 -12.8293 6.35
      vertex 2.34404 -22.3021 6.35
      vertex 3.89406 -22.0843 6.35
    endloop
  endfacet
  facet normal 0 0 1
    outer loop
      vertex 1.3484 -12.8293 6.35
      vertex 3.89406 -22.0843 6.35
      vertex 2.24005 -12.704 6.35
    endloop
  endfacet
  facet normal -0.139159 -0.99027 0
    outer loop
      vertex 1.3484 12.8293 0
      vertex 2.24005 12.704 0
      vertex 2.24005 12.704 6.35
    endloop
  endfacet
  facet normal -0.139159 -0.99027 0
    outer loop
      vertex 1.3484 12.8293 0
      vertex 2.24005 12.704 6.35
      vertex 1.3484 12.8293 6.35
    endloop
  endfacet
  facet normal 0 0 -1
    outer loop
      vertex 1.3484 12.8293 0
      vertex 6.94177 35.5981 0
      vertex 7.27733 35.4487 0
    endloop
  endfacet
  facet normal 0 0 -1
    outer loop
      vertex 1.3484 12.8293 0
      vertex 7.27733 35.4487 0
      vertex 2.24005 12.704 0
    endloop
  endfacet
  facet normal 0 0 1
    outer loop
      vertex 1.3484 12.8293 6.35
      vertex 2.24005 12.704 6.35
      vertex 7.27733 35.4487 6.35
    endloop
  endfacet
  facet normal 0 0 1
    outer loop
      vertex 1.3484 12.8293 6.35
      vertex 7.27733 35.4487 6.35
      vertex 6.94177 35.5981 6.35
    endloop
  endfacet
  facet normal -0.207986 0.978132 0
    outer loop
      vertex 10.1625 35.1455 0
      vertex 10.1625 35.1455 6.35
      vertex 10.5218 35.2219 0
    endloop
  endfacet
  facet normal 0 0 -1
    outer loop
      vertex 10.1625 35.1455 0
      vertex 10.5218 35.2219 0
      vertex 23.6662 28.0879 0
    endloop
  endfacet
  facet normal 0 0 -1
    outer loop
      vertex 10.1625 35.1455 0
      vertex 23.6662 28.0879 0
      vertex 23.8038 27.7473 0
    endloop
  endfacet
  facet normal -0.207986 0.978132 0
    outer loop
      vertex 10.1625 35.1455 6.35
      vertex 10.5218 35.2219 6.35
      vertex 10.5218 35.2219 0
    endloop
  endfacet
  facet normal 0 0 1
    outer loop
      vertex 10.1625 35.1455 6.35
      vertex 23.6662 28.0879 6.35
      vertex 10.5218 35.2219 6.35
    endloop
  endfacet
  facet normal 0 0 1
    outer loop
      vertex 10.1625 35.1455 6.35
      vertex 23.8038 27.7473 6.35
      vertex 23.6662 28.0879 6.35
    endloop
  endfacet
  facet normal -0.207986 -0.978132 0
    outer loop
      vertex 10.1625 45.5106 0
      vertex 10.5218 45.4342 0
      vertex 10.5218 45.4342 6.35
    endloop
  endfacet
  facet normal -0.207986 -0.978132 0
    outer loop
      vertex 10.1625 45.5106 0
      vertex 10.5218 45.4342 6.35
      vertex 10.1625 45.5106 6.35
    endloop
  endfacet
  facet normal -0.806157 0.591701 0
    outer loop
      vertex 10.3275 65.1562 0
      vertex 10.3275 65.1562 6.35
      vertex 10.852 65.8708 0
    endloop
  endfacet
  facet normal 0 0 -1
    outer loop
      vertex 10.3275 65.1562 0
      vertex 10.852 65.8708 0
      vertex 30.518 58.4862 0
    endloop
  endfacet
  facet normal 0 0 -1
    outer loop
      vertex 10.3275 65.1562 0
      vertex 30.518 58.4862 0
      vertex 30.5755 57.6017 0
    endloop
  endfacet
  facet normal -0.806157 0.591701 0
    outer loop
      vertex 10.3275 65.1562 6.35
      vertex 10.852 65.8708 6.35
      vertex 10.852 65.8708 0
    endloop
  endfacet
  facet normal 0 0 1
    outer loop
      vertex 10.3275 65.1562 6.35
      vertex 30.518 58.4862 6.35
      vertex 10.852 65.8708 6.35
    endloop
  endfacet
  facet normal 0 0 1
    outer loop
      vertex 10.3275 65.1562 6.35
      vertex 30.5755 57.6017 6.35
      vertex 30.518 58.4862 6.35
    endloop
  endfacet
  facet normal -0.8119 -0.583796 0
    outer loop
      vertex 10.4042 80.7938 0
      vertex 10.9217 80.0741 0
      vertex 10.9217 80.0741 6.35
    endloop
  endfacet
  facet normal -0.8119 -0.583796 0
    outer loop
      vertex 10.4042 80.7938 0
      vertex 10.9217 80.0741 6.35
      vertex 10.4042 80.7938 6.35
    endloop
  endfacet
  facet normal 0 0 -1
    outer loop
      vertex 10.4042 80.7938 0
      vertex 30.3593 110.194 0
      vertex 10.9217 80.0741 0
    endloop
  endfacet
  facet normal 0 0 1
    outer loop
      vertex 10.4042 80.7938 6.35
      vertex 10.9217 80.0741 6.35
      vertex 30.3593 110.194 6.35
    endloop
  endfacet
  facet normal -0.829041 0.559187 0
    outer loop
      vertex 10.4363 -7.58243 0
      vertex 10.4363 -7.58243 6.35
      vertex 10.9398 -6.83595 0
    endloop
  endfacet
  facet normal 0 0 -1
    outer loop
      vertex 10.4363 -7.58243 0
      vertex 10.9398 -6.83595 0
      vertex 18.1422 -13.1811 0
    endloop
  endfacet
  facet normal -0.829041 0.559187 0
    outer loop
      vertex 10.4363 -7.58243 6.35
      vertex 10.9398 -6.83595 6.35
      vertex 10.9398 -6.83595 0
    endloop
  endfacet
  facet normal 0 0 1
    outer loop
      vertex 10.4363 -7.58243 6.35
      vertex 18.1422 -13.1811 6.35
      vertex 10.9398 -6.83595 6.35
    endloop
  endfacet
  facet normal -0.829041 -0.559187 0
    outer loop
      vertex 10.4363 7.58243 0
      vertex 10.9398 6.83595 0
      vertex 10.9398 6.83595 6.35
    endloop
  endfacet
  facet normal -0.829041 -0.559187 0
    outer loop
      vertex 10.4363 7.58243 0
      vertex 10.9398 6.83595 6.35
      vertex 10.4363 7.58243 6.35
    endloop
  endfacet
  facet normal 0 0 -1
    outer loop
      vertex 10.4363 7.58243 0
      vertex 25.9801 25.3303 0
      vertex 26.3044 25.1579 0
    endloop
  endfacet
  facet normal 0 0 -1
    outer loop
      vertex 10.4363 7.58243 0
      vertex 26.3044 25.1579 0
      vertex 10.9398 6.83595 0
    endloop
  endfacet
  facet normal 0 0 1
    outer loop
      vertex 10.4363 7.58243 6.35
      vertex 10.9398 6.83595 6.35
      vertex 26.3044 25.1579 6.35
    endloop
  endfacet
  facet normal 0 0 1
    outer loop
      vertex 10.4363 7.58243 6.35
      vertex 26.3044 25.1579 6.35
      vertex 25.9801 25.3303 6.35
    endloop
  endfacet
  facet normal -0.275512 0.961298 0
    outer loop
      vertex 10.5218 35.2219 0
      vertex 10.5218 35.2219 6.35
      vertex 10.8749 35.3231 0
    endloop
  endfacet
  facet normal 0 0 -1
    outer loop
      vertex 10.5218 35.2219 0
      vertex 10.8749 35.3231 0
      vertex 23.5527 28.4373 0
    endloop
  endfacet
  facet normal 0 0 -1
    outer loop
      vertex 10.5218 35.2219 0
      vertex 23.5527 28.4373 0
      vertex 23.6662 28.0879 0
    endloop
  endfacet
  facet normal -0.275512 0.961298 0
    outer loop
      vertex 10.5218 35.2219 6.35
      vertex 10.8749 35.3231 6.35
      vertex 10.8749 35.3231 0
    endloop
  endfacet
  facet normal 0 0 1
    outer loop
      vertex 10.5218 35.2219 6.35
      vertex 23.5527 28.4373 6.35
      vertex 10.8749 35.3231 6.35
    endloop
  endfacet
  facet normal 0 0 1
    outer loop
      vertex 10.5218 35.2219 6.35
      vertex 23.6662 28.0879 6.35
      vertex 23.5527 28.4373 6.35
    endloop
  endfacet
  facet normal -0.275512 -0.961298 0
    outer loop
      vertex 10.5218 45.4342 0
      vertex 10.8749 45.333 0
      vertex 10.8749 45.333 6.35
    endloop
  endfacet
  facet normal -0.275512 -0.961298 0
    outer loop
      vertex 10.5218 45.4342 0
      vertex 10.8749 45.333 6.35
      vertex 10.5218 45.4342 6.35
    endloop
  endfacet
  facet normal -0.84539 0.53415 0
    outer loop
      vertex 10.852 65.8708 0
      vertex 10.852 65.8708 6.35
      vertex 11.3255 66.6202 0
    endloop
  endfacet
  facet normal 0 0 -1
    outer loop
      vertex 10.852 65.8708 0
      vertex 11.3255 66.6202 0
      vertex 30.5885 60.2566 0
    endloop
  endfacet
  facet normal 0 0 -1
    outer loop
      vertex 10.852 65.8708 0
      vertex 30.5224 59.3727 0
      vertex 30.518 58.4862 0
    endloop
  endfacet
  facet normal 0 0 -1
    outer loop
      vertex 10.852 65.8708 0
      vertex 30.5885 60.2566 0
      vertex 30.5224 59.3727 0
    endloop
  endfacet
  facet normal -0.84539 0.53415 0
    outer loop
      vertex 10.852 65.8708 6.35
      vertex 11.3255 66.6202 6.35
      vertex 11.3255 66.6202 0
    endloop
  endfacet
  facet normal 0 0 1
    outer loop
      vertex 10.852 65.8708 6.35
      vertex 30.518 58.4862 6.35
      vertex 30.5224 59.3727 6.35
    endloop
  endfacet
  facet normal 0 0 1
    outer loop
      vertex 10.852 65.8708 6.35
      vertex 30.5224 59.3727 6.35
      vertex 30.5885 60.2566 6.35
    endloop
  endfacet
  facet normal 0 0 1
    outer loop
      vertex 10.852 65.8708 6.35
      vertex 30.5885 60.2566 6.35
      vertex 11.3255 66.6202 6.35
    endloop
  endfacet
  facet normal -0.341918 0.93973 0
    outer loop
      vertex 10.8749 35.3231 0
      vertex 10.8749 35.3231 6.35
      vertex 11.2201 35.4487 0
    endloop
  endfacet
  facet normal 0 0 -1
    outer loop
      vertex 10.8749 35.3231 0
      vertex 11.2201 35.4487 0
      vertex 23.4638 28.7937 0
    endloop
  endfacet
  facet normal 0 0 -1
    outer loop
      vertex 10.8749 35.3231 0
      vertex 23.4638 28.7937 0
      vertex 23.5527 28.4373 0
    endloop
  endfacet
  facet normal -0.341918 0.93973 0
    outer loop
      vertex 10.8749 35.3231 6.35
      vertex 11.2201 35.4487 6.35
      vertex 11.2201 35.4487 0
    endloop
  endfacet
  facet normal 0 0 1
    outer loop
      vertex 10.8749 35.3231 6.35
      vertex 23.4638 28.7937 6.35
      vertex 11.2201 35.4487 6.35
    endloop
  endfacet
  facet normal 0 0 1
    outer loop
      vertex 10.8749 35.3231 6.35
      vertex 23.5527 28.4373 6.35
      vertex 23.4638 28.7937 6.35
    endloop
  endfacet
  facet normal -0.341918 -0.93973 0
    outer loop
      vertex 10.8749 45.333 0
      vertex 11.2201 45.2074 0
      vertex 11.2201 45.2074 6.35
    endloop
  endfacet
  facet normal -0.341918 -0.93973 0
    outer loop
      vertex 10.8749 45.333 0
      vertex 11.2201 45.2074 6.35
      vertex 10.8749 45.333 6.35
    endloop
  endfacet
  facet normal -0.850599 -0.525815 0
    outer loop
      vertex 10.9217 80.0741 0
      vertex 11.3878 79.3201 0
      vertex 11.3878 79.3201 6.35
    endloop
  endfacet
  facet normal -0.850599 -0.525815 0
    outer loop
      vertex 10.9217 80.0741 0
      vertex 11.3878 79.3201 6.35
      vertex 10.9217 80.0741 6.35
    endloop
  endfacet
  facet normal 0 0 -1
    outer loop
      vertex 10.9217 80.0741 0
      vertex 30.3593 110.194 0
      vertex 36.0542 108.465 0
    endloop
  endfacet
  facet normal 0 0 -1
    outer loop
      vertex 10.9217 80.0741 0
      vertex 36.0542 108.465 0
      vertex 11.3878 79.3201 0
    endloop
  endfacet
  facet normal 0 0 1
    outer loop
      vertex 10.9217 80.0741 6.35
      vertex 11.3878 79.3201 6.35
      vertex 36.0542 108.465 6.35
    endloop
  endfacet
  facet normal 0 0 1
    outer loop
      vertex 10.9217 80.0741 6.35
      vertex 36.0542 108.465 6.35
      vertex 30.3593 110.194 6.35
    endloop
  endfacet
  facet normal -0.866026 0.5 0
    outer loop
      vertex 10.9398 -6.83595 0
      vertex 10.9398 -6.83595 6.35
      vertex 11.39 -6.05618 0
    endloop
  endfacet
  facet normal 0 0 -1
    outer loop
      vertex 10.9398 -6.83595 0
      vertex 11.39 -6.05618 0
      vertex 19.8001 -10.5279 0
    endloop
  endfacet
  facet normal 0 0 -1
    outer loop
      vertex 10.9398 -6.83595 0
      vertex 19.0175 -11.8834 0
      vertex 18.1422 -13.1811 0
    endloop
  endfacet
  facet normal 0 0 -1
    outer loop
      vertex 10.9398 -6.83595 0
      vertex 19.8001 -10.5279 0
      vertex 19.0175 -11.8834 0
    endloop
  endfacet
  facet normal -0.866026 0.5 0
    outer loop
      vertex 10.9398 -6.83595 6.35
      vertex 11.39 -6.05618 6.35
      vertex 11.39 -6.05618 0
    endloop
  endfacet
  facet normal 0 0 1
    outer loop
      vertex 10.9398 -6.83595 6.35
      vertex 18.1422 -13.1811 6.35
      vertex 19.0175 -11.8834 6.35
    endloop
  endfacet
  facet normal 0 0 1
    outer loop
      vertex 10.9398 -6.83595 6.35
      vertex 19.0175 -11.8834 6.35
      vertex 19.8001 -10.5279 6.35
    endloop
  endfacet
  facet normal 0 0 1
    outer loop
      vertex 10.9398 -6.83595 6.35
      vertex 19.8001 -10.5279 6.35
      vertex 11.39 -6.05618 6.35
    endloop
  endfacet
  facet normal -0.866026 -0.5 0
    outer loop
      vertex 10.9398 6.83595 0
      vertex 11.39 6.05618 0
      vertex 11.39 6.05618 6.35
    endloop
  endfacet
  facet normal -0.866026 -0.5 0
    outer loop
      vertex 10.9398 6.83595 0
      vertex 11.39 6.05618 6.35
      vertex 10.9398 6.83595 6.35
    endloop
  endfacet
  facet normal 0 0 -1
    outer loop
      vertex 10.9398 6.83595 0
      vertex 26.3044 25.1579 0
      vertex 26.64 25.0085 0
    endloop
  endfacet
  facet normal 0 0 -1
    outer loop
      vertex 10.9398 6.83595 0
      vertex 26.64 25.0085 0
      vertex 34.675 11.7314 0
    endloop
  endfacet
  facet normal 0 0 -1
    outer loop
      vertex 10.9398 6.83595 0
      vertex 34.6366 11.3661 0
      vertex 11.39 6.05618 0
    endloop
  endfacet
  facet normal 0 0 -1
    outer loop
      vertex 10.9398 6.83595 0
      vertex 34.675 11.7314 0
      vertex 34.6366 11.3661 0
    endloop
  endfacet
  facet normal 0 0 1
    outer loop
      vertex 10.9398 6.83595 6.35
      vertex 11.39 6.05618 6.35
      vertex 34.6366 11.3661 6.35
    endloop
  endfacet
  facet normal 0 0 1
    outer loop
      vertex 10.9398 6.83595 6.35
      vertex 26.64 25.0085 6.35
      vertex 26.3044 25.1579 6.35
    endloop
  endfacet
  facet normal 0 0 1
    outer loop
      vertex 10.9398 6.83595 6.35
      vertex 34.6366 11.3661 6.35
      vertex 34.675 11.7314 6.35
    endloop
  endfacet
  facet normal 0 0 1
    outer loop
      vertex 10.9398 6.83595 6.35
      vertex 34.675 11.7314 6.35
      vertex 26.64 25.0085 6.35
    endloop
  endfacet
  facet normal 0.90358 0.42842 0
    outer loop
      vertex 101.973 51.6329 0
      vertex 101.973 51.6329 6.35
      vertex 104.523 46.2547 6.35
    endloop
  endfacet
  facet normal 0.90358 0.42842 0
    outer loop
      vertex 101.973 51.6329 0
      vertex 104.523 46.2547 6.35
      vertex 104.523 46.2547 0
    endloop
  endfacet
  facet normal 0.924689 0.380723 0
    outer loop
      vertex 104.523 46.2547 0
      vertex 104.523 46.2547 6.35
      vertex 106.789 40.7511 6.35
    endloop
  endfacet
  facet normal 0.924689 0.380723 0
    outer loop
      vertex 104.523 46.2547 0
      vertex 106.789 40.7511 6.35
      vertex 106.789 40.7511 0
    endloop
  endfacet
  facet normal 0.943277 0.332006 0
    outer loop
      vertex 106.789 40.7511 0
      vertex 106.789 40.7511 6.35
      vertex 108.765 35.137 6.35
    endloop
  endfacet
  facet normal 0.943277 0.332006 0
    outer loop
      vertex 106.789 40.7511 0
      vertex 108.765 35.137 6.35
      vertex 108.765 35.137 0
    endloop
  endfacet
  facet normal 0.95924 0.282594 0
    outer loop
      vertex 108.765 35.137 0
      vertex 108.765 35.137 6.35
      vertex 110.447 29.4276 6.35
    endloop
  endfacet
  facet normal 0.95924 0.282594 0
    outer loop
      vertex 108.765 35.137 0
      vertex 110.447 29.4276 6.35
      vertex 110.447 29.4276 0
    endloop
  endfacet
  facet normal 0.529896 -0.848063 0
    outer loop
      vertex 11.2125 -19.4206 0
      vertex 12.5399 -18.5912 0
      vertex 11.2125 -19.4206 6.35
    endloop
  endfacet
  facet normal 0.529896 -0.848063 0
    outer loop
      vertex 11.2125 -19.4206 6.35
      vertex 12.5399 -18.5912 0
      vertex 12.5399 -18.5912 6.35
    endloop
  endfacet
  facet normal -0.406795 0.913519 0
    outer loop
      vertex 11.2201 35.4487 0
      vertex 11.2201 35.4487 6.35
      vertex 11.5556 35.5981 0
    endloop
  endfacet
  facet normal 0 0 -1
    outer loop
      vertex 11.2201 35.4487 0
      vertex 11.5556 35.5981 0
      vertex 23.4001 29.1554 0
    endloop
  endfacet
  facet normal 0 0 -1
    outer loop
      vertex 11.2201 35.4487 0
      vertex 23.4001 29.1554 0
      vertex 23.4638 28.7937 0
    endloop
  endfacet
  facet normal -0.406795 0.913519 0
    outer loop
      vertex 11.2201 35.4487 6.35
      vertex 11.5556 35.5981 6.35
      vertex 11.5556 35.5981 0
    endloop
  endfacet
  facet normal 0 0 1
    outer loop
      vertex 11.2201 35.4487 6.35
      vertex 23.4001 29.1554 6.35
      vertex 11.5556 35.5981 6.35
    endloop
  endfacet
  facet normal 0 0 1
    outer loop
      vertex 11.2201 35.4487 6.35
      vertex 23.4638 28.7937 6.35
      vertex 23.4001 29.1554 6.35
    endloop
  endfacet
  facet normal -0.406795 -0.913519 0
    outer loop
      vertex 11.2201 45.2074 0
      vertex 11.5556 45.058 0
      vertex 11.5556 45.058 6.35
    endloop
  endfacet
  facet normal -0.406795 -0.913519 0
    outer loop
      vertex 11.2201 45.2074 0
      vertex 11.5556 45.058 6.35
      vertex 11.2201 45.2074 6.35
    endloop
  endfacet
  facet normal -0.880649 0.47377 0
    outer loop
      vertex 11.3255 66.6202 0
      vertex 11.3255 66.6202 6.35
      vertex 11.7455 67.4009 0
    endloop
  endfacet
  facet normal 0 0 -1
    outer loop
      vertex 11.3255 66.6202 0
      vertex 11.7455 67.4009 0
      vertex 30.7162 61.1339 0
    endloop
  endfacet
  facet normal 0 0 -1
    outer loop
      vertex 11.3255 66.6202 0
      vertex 30.7162 61.1339 0
      vertex 30.5885 60.2566 0
    endloop
  endfacet
  facet normal -0.880649 0.47377 0
    outer loop
      vertex 11.3255 66.6202 6.35
      vertex 11.7455 67.4009 6.35
      vertex 11.7455 67.4009 0
    endloop
  endfacet
  facet normal 0 0 1
    outer loop
      vertex 11.3255 66.6202 6.35
      vertex 30.5885 60.2566 6.35
      vertex 30.7162 61.1339 6.35
    endloop
  endfacet
  facet normal 0 0 1
    outer loop
      vertex 11.3255 66.6202 6.35
      vertex 30.7162 61.1339 6.35
      vertex 11.7455 67.4009 6.35
    endloop
  endfacet
  facet normal -0.885243 -0.465128 0
    outer loop
      vertex 11.3878 79.3201 0
      vertex 11.8001 78.5354 0
      vertex 11.8001 78.5354 6.35
    endloop
  endfacet
  facet normal -0.885243 -0.465128 0
    outer loop
      vertex 11.3878 79.3201 0
      vertex 11.8001 78.5354 6.35
      vertex 11.3878 79.3201 6.35
    endloop
  endfacet
  facet normal 0 0 -1
    outer loop
      vertex 11.3878 79.3201 0
      vertex 36.0542 108.465 0
      vertex 38.1037 70.4944 0
    endloop
  endfacet
  facet normal 0 0 -1
    outer loop
      vertex 11.3878 79.3201 0
      vertex 38.1037 70.4944 0
      vertex 11.8001 78.5354 0
    endloop
  endfacet
  facet normal 0 0 1
    outer loop
      vertex 11.3878 79.3201 6.35
      vertex 11.8001 78.5354 6.35
      vertex 38.1037 70.4944 6.35
    endloop
  endfacet
  facet normal 0 0 1
    outer loop
      vertex 11.3878 79.3201 6.35
      vertex 38.1037 70.4944 6.35
      vertex 36.0542 108.465 6.35
    endloop
  endfacet
  facet normal -0.898799 0.43836 0
    outer loop
      vertex 11.39 -6.05618 0
      vertex 11.39 -6.05618 6.35
      vertex 11.7847 -5.2469 0
    endloop
  endfacet
  facet normal 0 0 -1
    outer loop
      vertex 11.39 -6.05618 0
      vertex 11.7847 -5.2469 0
      vertex 19.8001 -10.5279 0
    endloop
  endfacet
  facet normal -0.898799 0.43836 0
    outer loop
      vertex 11.39 -6.05618 6.35
      vertex 11.7847 -5.2469 6.35
      vertex 11.7847 -5.2469 0
    endloop
  endfacet
  facet normal 0 0 1
    outer loop
      vertex 11.39 -6.05618 6.35
      vertex 19.8001 -10.5279 6.35
      vertex 11.7847 -5.2469 6.35
    endloop
  endfacet
  facet normal -0.898799 -0.43836 0
    outer loop
      vertex 11.39 6.05618 0
      vertex 11.7847 5.2469 0
      vertex 11.7847 5.2469 6.35
    endloop
  endfacet
  facet normal -0.898799 -0.43836 0
    outer loop
      vertex 11.39 6.05618 0
      vertex 11.7847 5.2469 6.35
      vertex 11.39 6.05618 6.35
    endloop
  endfacet
  facet normal 0 0 -1
    outer loop
      vertex 11.39 6.05618 0
      vertex 22.425 0 0
      vertex 11.7847 5.2469 0
    endloop
  endfacet
  facet normal 0 0 -1
    outer loop
      vertex 11.39 6.05618 0
      vertex 34.6366 11.3661 0
      vertex 22.425 0 0
    endloop
  endfacet
  facet normal 0 0 1
    outer loop
      vertex 11.39 6.05618 6.35
      vertex 11.7847 5.2469 6.35
      vertex 22.425 0 6.35
    endloop
  endfacet
  facet normal 0 0 1
    outer loop
      vertex 11.39 6.05618 6.35
      vertex 22.425 0 6.35
      vertex 34.6366 11.3661 6.35
    endloop
  endfacet
  facet normal -0.469613 0.882872 0
    outer loop
      vertex 11.5556 35.5981 0
      vertex 11.5556 35.5981 6.35
      vertex 11.8799 35.7706 0
    endloop
  endfacet
  facet normal 0 0 -1
    outer loop
      vertex 11.5556 35.5981 0
      vertex 11.8799 35.7706 0
      vertex 23.3617 29.5207 0
    endloop
  endfacet
  facet normal 0 0 -1
    outer loop
      vertex 11.5556 35.5981 0
      vertex 23.3617 29.5207 0
      vertex 23.4001 29.1554 0
    endloop
  endfacet
  facet normal -0.469613 0.882872 0
    outer loop
      vertex 11.5556 35.5981 6.35
      vertex 11.8799 35.7706 6.35
      vertex 11.8799 35.7706 0
    endloop
  endfacet
  facet normal 0 0 1
    outer loop
      vertex 11.5556 35.5981 6.35
      vertex 23.3617 29.5207 6.35
      vertex 11.8799 35.7706 6.35
    endloop
  endfacet
  facet normal 0 0 1
    outer loop
      vertex 11.5556 35.5981 6.35
      vertex 23.4001 29.1554 6.35
      vertex 23.3617 29.5207 6.35
    endloop
  endfacet
  facet normal -0.469613 -0.882872 0
    outer loop
      vertex 11.5556 45.058 0
      vertex 11.8799 44.8855 0
      vertex 11.8799 44.8855 6.35
    endloop
  endfacet
  facet normal -0.469613 -0.882872 0
    outer loop
      vertex 11.5556 45.058 0
      vertex 11.8799 44.8855 6.35
      vertex 11.5556 45.058 6.35
    endloop
  endfacet
  facet normal -0.911541 0.411209 0
    outer loop
      vertex 11.7455 67.4009 0
      vertex 11.7455 67.4009 6.35
      vertex 12.11 68.2089 0
    endloop
  endfacet
  facet normal 0 0 -1
    outer loop
      vertex 11.7455 67.4009 0
      vertex 12.11 68.2089 0
      vertex 30.9048 62 0
    endloop
  endfacet
  facet normal 0 0 -1
    outer loop
      vertex 11.7455 67.4009 0
      vertex 30.9048 62 0
      vertex 30.7162 61.1339 0
    endloop
  endfacet
  facet normal -0.911541 0.411209 0
    outer loop
      vertex 11.7455 67.4009 6.35
      vertex 12.11 68.2089 6.35
      vertex 12.11 68.2089 0
    endloop
  endfacet
  facet normal 0 0 1
    outer loop
      vertex 11.7455 67.4009 6.35
      vertex 30.7162 61.1339 6.35
      vertex 30.9048 62 6.35
    endloop
  endfacet
  facet normal 0 0 1
    outer loop
      vertex 11.7455 67.4009 6.35
      vertex 30.9048 62 6.35
      vertex 12.11 68.2089 6.35
    endloop
  endfacet
  facet normal -0.927184 0.374605 0
    outer loop
      vertex 11.7847 -5.2469 0
      vertex 11.7847 -5.2469 6.35
      vertex 12.122 -4.41205 0
    endloop
  endfacet
  facet normal 0 0 -1
    outer loop
      vertex 11.7847 -5.2469 0
      vertex 12.122 -4.41205 0
      vertex 21.0726 -7.6698 0
    endloop
  endfacet
  facet normal 0 0 -1
    outer loop
      vertex 11.7847 -5.2469 0
      vertex 20.4863 -9.12106 0
      vertex 19.8001 -10.5279 0
    endloop
  endfacet
  facet normal 0 0 -1
    outer loop
      vertex 11.7847 -5.2469 0
      vertex 21.0726 -7.6698 0
      vertex 20.4863 -9.12106 0
    endloop
  endfacet
  facet normal -0.927184 0.374605 0
    outer loop
      vertex 11.7847 -5.2469 6.35
      vertex 12.122 -4.41205 6.35
      vertex 12.122 -4.41205 0
    endloop
  endfacet
  facet normal 0 0 1
    outer loop
      vertex 11.7847 -5.2469 6.35
      vertex 19.8001 -10.5279 6.35
      vertex 20.4863 -9.12106 6.35
    endloop
  endfacet
  facet normal 0 0 1
    outer loop
      vertex 11.7847 -5.2469 6.35
      vertex 20.4863 -9.12106 6.35
      vertex 21.0726 -7.6698 6.35
    endloop
  endfacet
  facet normal 0 0 1
    outer loop
      vertex 11.7847 -5.2469 6.35
      vertex 21.0726 -7.6698 6.35
      vertex 12.122 -4.41205 6.35
    endloop
  endfacet
  facet normal -0.927184 -0.374605 0
    outer loop
      vertex 11.7847 5.2469 0
      vertex 12.122 4.41205 0
      vertex 12.122 4.41205 6.35
    endloop
  endfacet
  facet normal -0.927184 -0.374605 0
    outer loop
      vertex 11.7847 5.2469 0
      vertex 12.122 4.41205 6.35
      vertex 11.7847 5.2469 6.35
    endloop
  endfacet
  facet normal 0 0 -1
    outer loop
      vertex 11.7847 5.2469 0
      vertex 22.425 0 0
      vertex 12.122 4.41205 0
    endloop
  endfacet
  facet normal 0 0 1
    outer loop
      vertex 11.7847 5.2469 6.35
      vertex 12.122 4.41205 6.35
      vertex 22.425 0 6.35
    endloop
  endfacet
  facet normal -0.915566 -0.402168 0
    outer loop
      vertex 11.8001 78.5354 0
      vertex 12.1566 77.7238 0
      vertex 12.1566 77.7238 6.35
    endloop
  endfacet
  facet normal -0.915566 -0.402168 0
    outer loop
      vertex 11.8001 78.5354 0
      vertex 12.1566 77.7238 6.35
      vertex 11.8001 78.5354 6.35
    endloop
  endfacet
  facet normal 0 0 -1
    outer loop
      vertex 11.8001 78.5354 0
      vertex 36.5352 69.6703 0
      vertex 12.1566 77.7238 0
    endloop
  endfacet
  facet normal 0 0 -1
    outer loop
      vertex 11.8001 78.5354 0
      vertex 37.3051 70.1097 0
      vertex 36.5352 69.6703 0
    endloop
  endfacet
  facet normal 0 0 -1
    outer loop
      vertex 11.8001 78.5354 0
      vertex 38.1037 70.4944 0
      vertex 37.3051 70.1097 0
    endloop
  endfacet
  facet normal 0 0 1
    outer loop
      vertex 11.8001 78.5354 6.35
      vertex 12.1566 77.7238 6.35
      vertex 36.5352 69.6703 6.35
    endloop
  endfacet
  facet normal 0 0 1
    outer loop
      vertex 11.8001 78.5354 6.35
      vertex 36.5352 69.6703 6.35
      vertex 37.3051 70.1097 6.35
    endloop
  endfacet
  facet normal 0 0 1
    outer loop
      vertex 11.8001 78.5354 6.35
      vertex 37.3051 70.1097 6.35
      vertex 38.1037 70.4944 6.35
    endloop
  endfacet
  facet normal -0.529705 0.848182 0
    outer loop
      vertex 11.8799 35.7706 0
      vertex 11.8799 35.7706 6.35
      vertex 12.1915 35.9652 0
    endloop
  endfacet
  facet normal 0 0 -1
    outer loop
      vertex 11.8799 35.7706 0
      vertex 12.1915 35.9652 0
      vertex 23.3488 29.8878 0
    endloop
  endfacet
  facet normal 0 0 -1
    outer loop
      vertex 11.8799 35.7706 0
      vertex 23.3488 29.8878 0
      vertex 23.3617 29.5207 0
    endloop
  endfacet
  facet normal -0.529705 0.848182 0
    outer loop
      vertex 11.8799 35.7706 6.35
      vertex 12.1915 35.9652 6.35
      vertex 12.1915 35.9652 0
    endloop
  endfacet
  facet normal 0 0 1
    outer loop
      vertex 11.8799 35.7706 6.35
      vertex 23.3488 29.8878 6.35
      vertex 12.1915 35.9652 6.35
    endloop
  endfacet
  facet normal 0 0 1
    outer loop
      vertex 11.8799 35.7706 6.35
      vertex 23.3617 29.5207 6.35
      vertex 23.3488 29.8878 6.35
    endloop
  endfacet
  facet normal -0.529705 -0.848182 0
    outer loop
      vertex 11.8799 44.8855 0
      vertex 12.1915 44.6909 0
      vertex 12.1915 44.6909 6.35
    endloop
  endfacet
  facet normal -0.529705 -0.848182 0
    outer loop
      vertex 11.8799 44.8855 0
      vertex 12.1915 44.6909 6.35
      vertex 11.8799 44.8855 6.35
    endloop
  endfacet
  facet normal 0 0 -1
    outer loop
      vertex 11.8799 44.8855 0
      vertex 30.5755 57.6017 0
      vertex 30.6946 56.7232 0
    endloop
  endfacet
  facet normal 0 0 -1
    outer loop
      vertex 11.8799 44.8855 0
      vertex 30.6946 56.7232 0
      vertex 12.1915 44.6909 0
    endloop
  endfacet
  facet normal 0 0 1
    outer loop
      vertex 11.8799 44.8855 6.35
      vertex 12.1915 44.6909 6.35
      vertex 30.6946 56.7232 6.35
    endloop
  endfacet
  facet normal 0 0 1
    outer loop
      vertex 11.8799 44.8855 6.35
      vertex 30.6946 56.7232 6.35
      vertex 30.5755 57.6017 6.35
    endloop
  endfacet
  facet normal 0.972669 0.232196 0
    outer loop
      vertex 110.447 29.4276 0
      vertex 110.447 29.4276 6.35
      vertex 111.829 23.6384 6.35
    endloop
  endfacet
  facet normal 0.972669 0.232196 0
    outer loop
      vertex 110.447 29.4276 0
      vertex 111.829 23.6384 6.35
      vertex 111.829 23.6384 0
    endloop
  endfacet
  facet normal 0.98343 0.181286 0
    outer loop
      vertex 111.829 23.6384 0
      vertex 111.829 23.6384 6.35
      vertex 112.908 17.7851 6.35
    endloop
  endfacet
  facet normal 0.98343 0.181286 0
    outer loop
      vertex 111.829 23.6384 0
      vertex 112.908 17.7851 6.35
      vertex 112.908 17.7851 0
    endloop
  endfacet
  facet normal 0.99153 0.129874 0
    outer loop
      vertex 112.908 17.7851 0
      vertex 112.908 17.7851 6.35
      vertex 113.681 11.8836 6.35
    endloop
  endfacet
  facet normal 0.99153 0.129874 0
    outer loop
      vertex 112.908 17.7851 0
      vertex 113.681 11.8836 6.35
      vertex 113.681 11.8836 0
    endloop
  endfacet
  facet normal 0.996957 0.0779589 0
    outer loop
      vertex 113.681 11.8836 0
      vertex 113.681 11.8836 6.35
      vertex 114.145 5.94986 6.35
    endloop
  endfacet
  facet normal 0.996957 0.0779589 0
    outer loop
      vertex 113.681 11.8836 0
      vertex 114.145 5.94986 6.35
      vertex 114.145 5.94986 0
    endloop
  endfacet
  facet normal 0.999661 0.0260422 0
    outer loop
      vertex 114.145 5.94986 0
      vertex 114.145 5.94986 6.35
      vertex 114.3 0 6.35
    endloop
  endfacet
  facet normal 0.999661 0.0260422 0
    outer loop
      vertex 114.145 5.94986 0
      vertex 114.3 0 6.35
      vertex 114.3 0 0
    endloop
  endfacet
  facet normal 0 1 0
    outer loop
      vertex 114.3 0 0
      vertex 114.3 0 6.35
      vertex 168.675 0 6.35
    endloop
  endfacet
  facet normal 0 0 -1
    outer loop
      vertex 114.3 0 0
      vertex 142.875 -19.05 0
      vertex 142.895 -19.6176 0
    endloop
  endfacet
  facet normal 0 0 -1
    outer loop
      vertex 114.3 0 0
      vertex 142.895 -18.4823 0
      vertex 142.875 -19.05 0
    endloop
  endfacet
  facet normal 0 0 -1
    outer loop
      vertex 114.3 0 0
      vertex 142.895 -19.6176 0
      vertex 142.954 -20.1825 0
    endloop
  endfacet
  facet normal 0 0 -1
    outer loop
      vertex 114.3 0 0
      vertex 142.954 -17.9175 0
      vertex 142.895 -18.4823 0
    endloop
  endfacet
  facet normal 0 0 -1
    outer loop
      vertex 114.3 0 0
      vertex 142.954 -20.1825 0
      vertex 143.053 -20.7419 0
    endloop
  endfacet
  facet normal 0 0 -1
    outer loop
      vertex 114.3 0 0
      vertex 143.053 -17.3581 0
      vertex 142.954 -17.9175 0
    endloop
  endfacet
  facet normal 0 0 -1
    outer loop
      vertex 114.3 0 0
      vertex 143.053 -20.7419 0
      vertex 143.19 -21.293 0
    endloop
  endfacet
  facet normal 0 0 -1
    outer loop
      vertex 114.3 0 0
      vertex 143.19 -16.807 0
      vertex 143.053 -17.3581 0
    endloop
  endfacet
  facet normal 0 0 -1
    outer loop
      vertex 114.3 0 0
      vertex 143.19 -21.293 0
      vertex 143.366 -21.8332 0
    endloop
  endfacet
  facet normal 0 0 -1
    outer loop
      vertex 114.3 0 0
      vertex 143.19 -54.907 0
      vertex 143.053 -55.4581 0
    endloop
  endfacet
  facet normal 0 0 -1
    outer loop
      vertex 114.3 0 0
      vertex 143.366 -16.2668 0
      vertex 143.19 -16.807 0
    endloop
  endfacet
  facet normal 0 0 -1
    outer loop
      vertex 114.3 0 0
      vertex 143.366 -21.8332 0
      vertex 143.579 -22.3598 0
    endloop
  endfacet
  facet normal 0 0 -1
    outer loop
      vertex 114.3 0 0
      vertex 143.366 -54.3668 0
      vertex 143.19 -54.907 0
    endloop
  endfacet
  facet normal 0 0 -1
    outer loop
      vertex 114.3 0 0
      vertex 143.579 -15.7402 0
      vertex 143.366 -16.2668 0
    endloop
  endfacet
  facet normal 0 0 -1
    outer loop
      vertex 114.3 0 0
      vertex 143.579 -22.3598 0
      vertex 143.579 -53.8402 0
    endloop
  endfacet
  facet normal 0 0 -1
    outer loop
      vertex 114.3 0 0
      vertex 143.579 -53.8402 0
      vertex 143.366 -54.3668 0
    endloop
  endfacet
  facet normal 0 0 -1
    outer loop
      vertex 114.3 0 0
      vertex 143.827 -15.2297 0
      vertex 143.579 -15.7402 0
    endloop
  endfacet
  facet normal 0 0 -1
    outer loop
      vertex 114.3 0 0
      vertex 144.111 -14.7378 0
      vertex 143.827 -15.2297 0
    endloop
  endfacet
  facet normal 0 0 -1
    outer loop
      vertex 114.3 0 0
      vertex 144.429 -14.2669 0
      vertex 144.111 -14.7378 0
    endloop
  endfacet
  facet normal 0 0 -1
    outer loop
      vertex 114.3 0 0
      vertex 144.779 -13.8193 0
      vertex 144.429 -14.2669 0
    endloop
  endfacet
  facet normal 0 0 -1
    outer loop
      vertex 114.3 0 0
      vertex 145.159 -13.3972 0
      vertex 144.779 -13.8193 0
    endloop
  endfacet
  facet normal 0 0 -1
    outer loop
      vertex 114.3 0 0
      vertex 145.567 -13.0027 0
      vertex 145.159 -13.3972 0
    endloop
  endfacet
  facet normal 0 0 -1
    outer loop
      vertex 114.3 0 0
      vertex 146.003 -12.6376 0
      vertex 145.567 -13.0027 0
    endloop
  endfacet
  facet normal 0 0 -1
    outer loop
      vertex 114.3 0 0
      vertex 146.462 -12.3037 0
      vertex 146.003 -12.6376 0
    endloop
  endfacet
  facet normal 0 0 -1
    outer loop
      vertex 114.3 0 0
      vertex 146.944 -12.0027 0
      vertex 146.462 -12.3037 0
    endloop
  endfacet
  facet normal 0 0 -1
    outer loop
      vertex 114.3 0 0
      vertex 147.445 -11.7361 0
      vertex 146.944 -12.0027 0
    endloop
  endfacet
  facet normal 0 0 -1
    outer loop
      vertex 114.3 0 0
      vertex 147.964 -11.505 0
      vertex 147.445 -11.7361 0
    endloop
  endfacet
  facet normal 0 0 -1
    outer loop
      vertex 114.3 0 0
      vertex 148.498 -11.3108 0
      vertex 147.964 -11.505 0
    endloop
  endfacet
  facet normal 0 0 -1
    outer loop
      vertex 114.3 0 0
      vertex 149.044 -11.1542 0
      vertex 148.498 -11.3108 0
    endloop
  endfacet
  facet normal 0 0 -1
    outer loop
      vertex 114.3 0 0
      vertex 168.675 0 0
      vertex 149.044 -11.1542 0
    endloop
  endfacet
  facet normal 0 1 0
    outer loop
      vertex 114.3 0 0
      vertex 168.675 0 6.35
      vertex 168.675 0 0
    endloop
  endfacet
  facet normal 0 0 1
    outer loop
      vertex 114.3 0 6.35
      vertex 142.875 -19.05 6.35
      vertex 142.895 -18.4823 6.35
    endloop
  endfacet
  facet normal 0 0 1
    outer loop
      vertex 114.3 0 6.35
      vertex 142.895 -18.4823 6.35
      vertex 142.954 -17.9175 6.35
    endloop
  endfacet
  facet normal 0 0 1
    outer loop
      vertex 114.3 0 6.35
      vertex 142.895 -19.6176 6.35
      vertex 142.875 -19.05 6.35
    endloop
  endfacet
  facet normal 0 0 1
    outer loop
      vertex 114.3 0 6.35
      vertex 142.954 -17.9175 6.35
      vertex 143.053 -17.3581 6.35
    endloop
  endfacet
  facet normal 0 0 1
    outer loop
      vertex 114.3 0 6.35
      vertex 142.954 -20.1825 6.35
      vertex 142.895 -19.6176 6.35
    endloop
  endfacet
  facet normal 0 0 1
    outer loop
      vertex 114.3 0 6.35
      vertex 143.053 -17.3581 6.35
      vertex 143.19 -16.807 6.35
    endloop
  endfacet
  facet normal 0 0 1
    outer loop
      vertex 114.3 0 6.35
      vertex 143.053 -20.7419 6.35
      vertex 142.954 -20.1825 6.35
    endloop
  endfacet
  facet normal 0 0 1
    outer loop
      vertex 114.3 0 6.35
      vertex 143.053 -55.4581 6.35
      vertex 143.19 -54.907 6.35
    endloop
  endfacet
  facet normal 0 0 1
    outer loop
      vertex 114.3 0 6.35
      vertex 143.19 -16.807 6.35
      vertex 143.366 -16.2668 6.35
    endloop
  endfacet
  facet normal 0 0 1
    outer loop
      vertex 114.3 0 6.35
      vertex 143.19 -21.293 6.35
      vertex 143.053 -20.7419 6.35
    endloop
  endfacet
  facet normal 0 0 1
    outer loop
      vertex 114.3 0 6.35
      vertex 143.19 -54.907 6.35
      vertex 143.366 -54.3668 6.35
    endloop
  endfacet
  facet normal 0 0 1
    outer loop
      vertex 114.3 0 6.35
      vertex 143.366 -16.2668 6.35
      vertex 143.579 -15.7402 6.35
    endloop
  endfacet
  facet normal 0 0 1
    outer loop
      vertex 114.3 0 6.35
      vertex 143.366 -21.8332 6.35
      vertex 143.19 -21.293 6.35
    endloop
  endfacet
  facet normal 0 0 1
    outer loop
      vertex 114.3 0 6.35
      vertex 143.366 -54.3668 6.35
      vertex 143.579 -53.8402 6.35
    endloop
  endfacet
  facet normal 0 0 1
    outer loop
      vertex 114.3 0 6.35
      vertex 143.579 -15.7402 6.35
      vertex 143.827 -15.2297 6.35
    endloop
  endfacet
  facet normal 0 0 1
    outer loop
      vertex 114.3 0 6.35
      vertex 143.579 -22.3598 6.35
      vertex 143.366 -21.8332 6.35
    endloop
  endfacet
  facet normal 0 0 1
    outer loop
      vertex 114.3 0 6.35
      vertex 143.579 -53.8402 6.35
      vertex 143.579 -22.3598 6.35
    endloop
  endfacet
  facet normal 0 0 1
    outer loop
      vertex 114.3 0 6.35
      vertex 143.827 -15.2297 6.35
      vertex 144.111 -14.7378 6.35
    endloop
  endfacet
  facet normal 0 0 1
    outer loop
      vertex 114.3 0 6.35
      vertex 144.111 -14.7378 6.35
      vertex 144.429 -14.2669 6.35
    endloop
  endfacet
  facet normal 0 0 1
    outer loop
      vertex 114.3 0 6.35
      vertex 144.429 -14.2669 6.35
      vertex 144.779 -13.8193 6.35
    endloop
  endfacet
  facet normal 0 0 1
    outer loop
      vertex 114.3 0 6.35
      vertex 144.779 -13.8193 6.35
      vertex 145.159 -13.3972 6.35
    endloop
  endfacet
  facet normal 0 0 1
    outer loop
      vertex 114.3 0 6.35
      vertex 145.159 -13.3972 6.35
      vertex 145.567 -13.0027 6.35
    endloop
  endfacet
  facet normal 0 0 1
    outer loop
      vertex 114.3 0 6.35
      vertex 145.567 -13.0027 6.35
      vertex 146.003 -12.6376 6.35
    endloop
  endfacet
  facet normal 0 0 1
    outer loop
      vertex 114.3 0 6.35
      vertex 146.003 -12.6376 6.35
      vertex 146.462 -12.3037 6.35
    endloop
  endfacet
  facet normal 0 0 1
    outer loop
      vertex 114.3 0 6.35
      vertex 146.462 -12.3037 6.35
      vertex 146.944 -12.0027 6.35
    endloop
  endfacet
  facet normal 0 0 1
    outer loop
      vertex 114.3 0 6.35
      vertex 146.944 -12.0027 6.35
      vertex 147.445 -11.7361 6.35
    endloop
  endfacet
  facet normal 0 0 1
    outer loop
      vertex 114.3 0 6.35
      vertex 147.445 -11.7361 6.35
      vertex 147.964 -11.505 6.35
    endloop
  endfacet
  facet normal 0 0 1
    outer loop
      vertex 114.3 0 6.35
      vertex 147.964 -11.505 6.35
      vertex 148.498 -11.3108 6.35
    endloop
  endfacet
  facet normal 0 0 1
    outer loop
      vertex 114.3 0 6.35
      vertex 148.498 -11.3108 6.35
      vertex 149.044 -11.1542 6.35
    endloop
  endfacet
  facet normal 0 0 1
    outer loop
      vertex 114.3 0 6.35
      vertex 149.044 -11.1542 6.35
      vertex 168.675 0 6.35
    endloop
  endfacet
  facet normal -0.938029 0.346557 0
    outer loop
      vertex 12.11 68.2089 0
      vertex 12.11 68.2089 6.35
      vertex 12.4172 69.0404 0
    endloop
  endfacet
  facet normal 0 0 -1
    outer loop
      vertex 12.11 68.2089 0
      vertex 12.4172 69.0404 0
      vertex 30.9048 62 0
    endloop
  endfacet
  facet normal -0.938029 0.346557 0
    outer loop
      vertex 12.11 68.2089 6.35
      vertex 12.4172 69.0404 6.35
      vertex 12.4172 69.0404 0
    endloop
  endfacet
  facet normal 0 0 1
    outer loop
      vertex 12.11 68.2089 6.35
      vertex 30.9048 62 6.35
      vertex 12.4172 69.0404 6.35
    endloop
  endfacet
  facet normal -0.951037 0.309076 0
    outer loop
      vertex 12.122 -4.41205 0
      vertex 12.122 -4.41205 6.35
      vertex 12.4003 -3.55571 0
    endloop
  endfacet
  facet normal 0 0 -1
    outer loop
      vertex 12.122 -4.41205 0
      vertex 12.4003 -3.55571 0
      vertex 21.0726 -7.6698 0
    endloop
  endfacet
  facet normal -0.951037 0.309076 0
    outer loop
      vertex 12.122 -4.41205 6.35
      vertex 12.4003 -3.55571 6.35
      vertex 12.4003 -3.55571 0
    endloop
  endfacet
  facet normal 0 0 1
    outer loop
      vertex 12.122 -4.41205 6.35
      vertex 21.0726 -7.6698 6.35
      vertex 12.4003 -3.55571 6.35
    endloop
  endfacet
  facet normal -0.951037 -0.309076 0
    outer loop
      vertex 12.122 4.41205 0
      vertex 12.4003 3.55571 0
      vertex 12.4003 3.55571 6.35
    endloop
  endfacet
  facet normal -0.951037 -0.309076 0
    outer loop
      vertex 12.122 4.41205 0
      vertex 12.4003 3.55571 6.35
      vertex 12.122 4.41205 6.35
    endloop
  endfacet
  facet normal 0 0 -1
    outer loop
      vertex 12.122 4.41205 0
      vertex 22.425 0 0
      vertex 12.4003 3.55571 0
    endloop
  endfacet
  facet normal 0 0 1
    outer loop
      vertex 12.122 4.41205 6.35
      vertex 12.4003 3.55571 6.35
      vertex 22.425 0 6.35
    endloop
  endfacet
  facet normal -0.941361 -0.337401 0
    outer loop
      vertex 12.1566 77.7238 0
      vertex 12.4557 76.8893 0
      vertex 12.4557 76.8893 6.35
    endloop
  endfacet
  facet normal -0.941361 -0.337401 0
    outer loop
      vertex 12.1566 77.7238 0
      vertex 12.4557 76.8893 6.35
      vertex 12.1566 77.7238 6.35
    endloop
  endfacet
  facet normal 0 0 -1
    outer loop
      vertex 12.1566 77.7238 0
      vertex 36.5352 69.6703 0
      vertex 12.4557 76.8893 0
    endloop
  endfacet
  facet normal 0 0 1
    outer loop
      vertex 12.1566 77.7238 6.35
      vertex 12.4557 76.8893 6.35
      vertex 36.5352 69.6703 6.35
    endloop
  endfacet
  facet normal -0.587864 0.80896 0
    outer loop
      vertex 12.1915 35.9652 0
      vertex 12.1915 35.9652 6.35
      vertex 12.4886 36.1811 0
    endloop
  endfacet
  facet normal 0 0 -1
    outer loop
      vertex 12.1915 35.9652 0
      vertex 12.4886 36.1811 0
      vertex 23.3617 30.2549 0
    endloop
  endfacet
  facet normal 0 0 -1
    outer loop
      vertex 12.1915 35.9652 0
      vertex 23.3617 30.2549 0
      vertex 23.3488 29.8878 0
    endloop
  endfacet
  facet normal -0.587864 0.80896 0
    outer loop
      vertex 12.1915 35.9652 6.35
      vertex 12.4886 36.1811 6.35
      vertex 12.4886 36.1811 0
    endloop
  endfacet
  facet normal 0 0 1
    outer loop
      vertex 12.1915 35.9652 6.35
      vertex 23.3488 29.8878 6.35
      vertex 23.3617 30.2549 6.35
    endloop
  endfacet
  facet normal 0 0 1
    outer loop
      vertex 12.1915 35.9652 6.35
      vertex 23.3617 30.2549 6.35
      vertex 12.4886 36.1811 6.35
    endloop
  endfacet
  facet normal -0.587864 -0.80896 0
    outer loop
      vertex 12.1915 44.6909 0
      vertex 12.4886 44.475 0
      vertex 12.4886 44.475 6.35
    endloop
  endfacet
  facet normal -0.587864 -0.80896 0
    outer loop
      vertex 12.1915 44.6909 0
      vertex 12.4886 44.475 6.35
      vertex 12.1915 44.6909 6.35
    endloop
  endfacet
  facet normal 0 0 -1
    outer loop
      vertex 12.1915 44.6909 0
      vertex 30.6946 56.7232 0
      vertex 12.4886 44.475 0
    endloop
  endfacet
  facet normal 0 0 1
    outer loop
      vertex 12.1915 44.6909 6.35
      vertex 12.4886 44.475 6.35
      vertex 30.6946 56.7232 6.35
    endloop
  endfacet
  facet normal -0.970303 0.241893 0
    outer loop
      vertex 12.4003 -3.55571 0
      vertex 12.4003 -3.55571 6.35
      vertex 12.6181 -2.68205 0
    endloop
  endfacet
  facet normal 0 0 -1
    outer loop
      vertex 12.4003 -3.55571 0
      vertex 12.6181 -2.68205 0
      vertex 21.5563 -6.18117 0
    endloop
  endfacet
  facet normal 0 0 -1
    outer loop
      vertex 12.4003 -3.55571 0
      vertex 21.5563 -6.18117 0
      vertex 21.0726 -7.6698 0
    endloop
  endfacet
  facet normal -0.970303 0.241893 0
    outer loop
      vertex 12.4003 -3.55571 6.35
      vertex 12.6181 -2.68205 6.35
      vertex 12.6181 -2.68205 0
    endloop
  endfacet
  facet normal 0 0 1
    outer loop
      vertex 12.4003 -3.55571 6.35
      vertex 21.0726 -7.6698 6.35
      vertex 21.5563 -6.18117 6.35
    endloop
  endfacet
  facet normal 0 0 1
    outer loop
      vertex 12.4003 -3.55571 6.35
      vertex 21.5563 -6.18117 6.35
      vertex 12.6181 -2.68205 6.35
    endloop
  endfacet
  facet normal -0.970303 -0.241893 0
    outer loop
      vertex 12.4003 3.55571 0
      vertex 12.6181 2.68205 0
      vertex 12.6181 2.68205 6.35
    endloop
  endfacet
  facet normal -0.970303 -0.241893 0
    outer loop
      vertex 12.4003 3.55571 0
      vertex 12.6181 2.68205 6.35
      vertex 12.4003 3.55571 6.35
    endloop
  endfacet
  facet normal 0 0 -1
    outer loop
      vertex 12.4003 3.55571 0
      vertex 22.425 0 0
      vertex 12.6181 2.68205 0
    endloop
  endfacet
  facet normal 0 0 1
    outer loop
      vertex 12.4003 3.55571 6.35
      vertex 12.6181 2.68205 6.35
      vertex 22.425 0 6.35
    endloop
  endfacet
  facet normal -0.959872 0.280437 0
    outer loop
      vertex 12.4172 69.0404 0
      vertex 12.4172 69.0404 6.35
      vertex 12.6658 69.8913 0
    endloop
  endfacet
  facet normal 0 0 -1
    outer loop
      vertex 12.4172 69.0404 0
      vertex 12.6658 69.8913 0
      vertex 31.1533 62.8509 0
    endloop
  endfacet
  facet normal 0 0 -1
    outer loop
      vertex 12.4172 69.0404 0
      vertex 31.1533 62.8509 0
      vertex 30.9048 62 0
    endloop
  endfacet
  facet normal -0.959872 0.280437 0
    outer loop
      vertex 12.4172 69.0404 6.35
      vertex 12.6658 69.8913 6.35
      vertex 12.6658 69.8913 0
    endloop
  endfacet
  facet normal 0 0 1
    outer loop
      vertex 12.4172 69.0404 6.35
      vertex 30.9048 62 6.35
      vertex 31.1533 62.8509 6.35
    endloop
  endfacet
  facet normal 0 0 1
    outer loop
      vertex 12.4172 69.0404 6.35
      vertex 31.1533 62.8509 6.35
      vertex 12.6658 69.8913 6.35
    endloop
  endfacet
  facet normal -0.962589 -0.270964 0
    outer loop
      vertex 12.4557 76.8893 0
      vertex 12.6959 76.036 0
      vertex 12.6959 76.036 6.35
    endloop
  endfacet
  facet normal -0.962589 -0.270964 0
    outer loop
      vertex 12.4557 76.8893 0
      vertex 12.6959 76.036 6.35
      vertex 12.4557 76.8893 6.35
    endloop
  endfacet
  facet normal 0 0 -1
    outer loop
      vertex 12.4557 76.8893 0
      vertex 35.0967 68.6359 0
      vertex 12.6959 76.036 0
    endloop
  endfacet
  facet normal 0 0 -1
    outer loop
      vertex 12.4557 76.8893 0
      vertex 35.7979 69.1782 0
      vertex 35.0967 68.6359 0
    endloop
  endfacet
  facet normal 0 0 -1
    outer loop
      vertex 12.4557 76.8893 0
      vertex 36.5352 69.6703 0
      vertex 35.7979 69.1782 0
    endloop
  endfacet
  facet normal 0 0 1
    outer loop
      vertex 12.4557 76.8893 6.35
      vertex 12.6959 76.036 6.35
      vertex 35.0967 68.6359 6.35
    endloop
  endfacet
  facet normal 0 0 1
    outer loop
      vertex 12.4557 76.8893 6.35
      vertex 35.0967 68.6359 6.35
      vertex 35.7979 69.1782 6.35
    endloop
  endfacet
  facet normal 0 0 1
    outer loop
      vertex 12.4557 76.8893 6.35
      vertex 35.7979 69.1782 6.35
      vertex 36.5352 69.6703 6.35
    endloop
  endfacet
  facet normal -0.642911 0.765941 0
    outer loop
      vertex 12.4886 36.1811 0
      vertex 12.4886 36.1811 6.35
      vertex 12.77 36.4173 0
    endloop
  endfacet
  facet normal 0 0 -1
    outer loop
      vertex 12.4886 36.1811 0
      vertex 12.77 36.4173 0
      vertex 23.4001 30.6202 0
    endloop
  endfacet
  facet normal 0 0 -1
    outer loop
      vertex 12.4886 36.1811 0
      vertex 23.4001 30.6202 0
      vertex 23.3617 30.2549 0
    endloop
  endfacet
  facet normal -0.642911 0.765941 0
    outer loop
      vertex 12.4886 36.1811 6.35
      vertex 12.77 36.4173 6.35
      vertex 12.77 36.4173 0
    endloop
  endfacet
  facet normal 0 0 1
    outer loop
      vertex 12.4886 36.1811 6.35
      vertex 23.3617 30.2549 6.35
      vertex 23.4001 30.6202 6.35
    endloop
  endfacet
  facet normal 0 0 1
    outer loop
      vertex 12.4886 36.1811 6.35
      vertex 23.4001 30.6202 6.35
      vertex 12.77 36.4173 6.35
    endloop
  endfacet
  facet normal -0.642911 -0.765941 0
    outer loop
      vertex 12.4886 44.475 0
      vertex 12.77 44.2388 0
      vertex 12.77 44.2388 6.35
    endloop
  endfacet
  facet normal -0.642911 -0.765941 0
    outer loop
      vertex 12.4886 44.475 0
      vertex 12.77 44.2388 6.35
      vertex 12.4886 44.475 6.35
    endloop
  endfacet
  facet normal 0 0 -1
    outer loop
      vertex 12.4886 44.475 0
      vertex 30.6946 56.7232 0
      vertex 30.8746 55.8553 0
    endloop
  endfacet
  facet normal 0 0 -1
    outer loop
      vertex 12.4886 44.475 0
      vertex 30.8746 55.8553 0
      vertex 12.77 44.2388 0
    endloop
  endfacet
  facet normal 0 0 1
    outer loop
      vertex 12.4886 44.475 6.35
      vertex 12.77 44.2388 6.35
      vertex 30.8746 55.8553 6.35
    endloop
  endfacet
  facet normal 0 0 1
    outer loop
      vertex 12.4886 44.475 6.35
      vertex 30.8746 55.8553 6.35
      vertex 30.6946 56.7232 6.35
    endloop
  endfacet
  facet normal 0.587818 -0.808993 0
    outer loop
      vertex 12.5399 -18.5912 0
      vertex 13.8062 -17.6711 0
      vertex 12.5399 -18.5912 6.35
    endloop
  endfacet
  facet normal 0.587818 -0.808993 0
    outer loop
      vertex 12.5399 -18.5912 6.35
      vertex 13.8062 -17.6711 0
      vertex 13.8062 -17.6711 6.35
    endloop
  endfacet
  facet normal -0.984818 0.17359 0
    outer loop
      vertex 12.6181 -2.68205 0
      vertex 12.6181 -2.68205 6.35
      vertex 12.7744 -1.79532 0
    endloop
  endfacet
  facet normal 0 0 -1
    outer loop
      vertex 12.6181 -2.68205 0
      vertex 12.7744 -1.79532 0
      vertex 22.2068 -3.12096 0
    endloop
  endfacet
  facet normal 0 0 -1
    outer loop
      vertex 12.6181 -2.68205 0
      vertex 21.935 -4.66241 0
      vertex 21.5563 -6.18117 0
    endloop
  endfacet
  facet normal 0 0 -1
    outer loop
      vertex 12.6181 -2.68205 0
      vertex 22.2068 -3.12096 0
      vertex 21.935 -4.66241 0
    endloop
  endfacet
  facet normal -0.984818 0.17359 0
    outer loop
      vertex 12.6181 -2.68205 6.35
      vertex 12.7744 -1.79532 6.35
      vertex 12.7744 -1.79532 0
    endloop
  endfacet
  facet normal 0 0 1
    outer loop
      vertex 12.6181 -2.68205 6.35
      vertex 21.5563 -6.18117 6.35
      vertex 21.935 -4.66241 6.35
    endloop
  endfacet
  facet normal 0 0 1
    outer loop
      vertex 12.6181 -2.68205 6.35
      vertex 21.935 -4.66241 6.35
      vertex 22.2068 -3.12096 6.35
    endloop
  endfacet
  facet normal 0 0 1
    outer loop
      vertex 12.6181 -2.68205 6.35
      vertex 22.2068 -3.12096 6.35
      vertex 12.7744 -1.79532 6.35
    endloop
  endfacet
  facet normal -0.984818 -0.17359 0
    outer loop
      vertex 12.6181 2.68205 0
      vertex 12.7744 1.79532 0
      vertex 12.7744 1.79532 6.35
    endloop
  endfacet
  facet normal -0.984818 -0.17359 0
    outer loop
      vertex 12.6181 2.68205 0
      vertex 12.7744 1.79532 6.35
      vertex 12.6181 2.68205 6.35
    endloop
  endfacet
  facet normal 0 0 -1
    outer loop
      vertex 12.6181 2.68205 0
      vertex 22.425 0 0
      vertex 12.7744 1.79532 0
    endloop
  endfacet
  facet normal 0 0 1
    outer loop
      vertex 12.6181 2.68205 6.35
      vertex 12.7744 1.79532 6.35
      vertex 22.425 0 6.35
    endloop
  endfacet
  facet normal -0.977131 0.21264 0
    outer loop
      vertex 12.6658 69.8913 0
      vertex 12.6658 69.8913 6.35
      vertex 12.8543 70.7575 0
    endloop
  endfacet
  facet normal 0 0 -1
    outer loop
      vertex 12.6658 69.8913 0
      vertex 12.8543 70.7575 0
      vertex 31.8251 64.4904 0
    endloop
  endfacet
  facet normal 0 0 -1
    outer loop
      vertex 12.6658 69.8913 0
      vertex 31.4606 63.6824 0
      vertex 31.1533 62.8509 0
    endloop
  endfacet
  facet normal 0 0 -1
    outer loop
      vertex 12.6658 69.8913 0
      vertex 31.8251 64.4904 0
      vertex 31.4606 63.6824 0
    endloop
  endfacet
  facet normal -0.977131 0.21264 0
    outer loop
      vertex 12.6658 69.8913 6.35
      vertex 12.8543 70.7575 6.35
      vertex 12.8543 70.7575 0
    endloop
  endfacet
  facet normal 0 0 1
    outer loop
      vertex 12.6658 69.8913 6.35
      vertex 31.1533 62.8509 6.35
      vertex 31.4606 63.6824 6.35
    endloop
  endfacet
  facet normal 0 0 1
    outer loop
      vertex 12.6658 69.8913 6.35
      vertex 31.4606 63.6824 6.35
      vertex 31.8251 64.4904 6.35
    endloop
  endfacet
  facet normal 0 0 1
    outer loop
      vertex 12.6658 69.8913 6.35
      vertex 31.8251 64.4904 6.35
      vertex 12.8543 70.7575 6.35
    endloop
  endfacet
  facet normal -0.979163 -0.203076 0
    outer loop
      vertex 12.6959 76.036 0
      vertex 12.8759 75.1681 0
      vertex 12.8759 75.1681 6.35
    endloop
  endfacet
  facet normal -0.979163 -0.203076 0
    outer loop
      vertex 12.6959 76.036 0
      vertex 12.8759 75.1681 6.35
      vertex 12.6959 76.036 6.35
    endloop
  endfacet
  facet normal 0 0 -1
    outer loop
      vertex 12.6959 76.036 0
      vertex 34.4351 68.046 0
      vertex 12.8759 75.1681 0
    endloop
  endfacet
  facet normal 0 0 -1
    outer loop
      vertex 12.6959 76.036 0
      vertex 35.0967 68.6359 0
      vertex 34.4351 68.046 0
    endloop
  endfacet
  facet normal 0 0 1
    outer loop
      vertex 12.6959 76.036 6.35
      vertex 12.8759 75.1681 6.35
      vertex 34.4351 68.046 6.35
    endloop
  endfacet
  facet normal 0 0 1
    outer loop
      vertex 12.6959 76.036 6.35
      vertex 34.4351 68.046 6.35
      vertex 35.0967 68.6359 6.35
    endloop
  endfacet
  facet normal -0.694609 0.719387 0
    outer loop
      vertex 12.77 36.4173 0
      vertex 12.77 36.4173 6.35
      vertex 13.0342 36.6724 0
    endloop
  endfacet
  facet normal 0 0 -1
    outer loop
      vertex 12.77 36.4173 0
      vertex 13.0342 36.6724 0
      vertex 23.4638 30.9819 0
    endloop
  endfacet
  facet normal 0 0 -1
    outer loop
      vertex 12.77 36.4173 0
      vertex 23.4638 30.9819 0
      vertex 23.4001 30.6202 0
    endloop
  endfacet
  facet normal -0.694609 0.719387 0
    outer loop
      vertex 12.77 36.4173 6.35
      vertex 13.0342 36.6724 6.35
      vertex 13.0342 36.6724 0
    endloop
  endfacet
  facet normal 0 0 1
    outer loop
      vertex 12.77 36.4173 6.35
      vertex 23.4001 30.6202 6.35
      vertex 23.4638 30.9819 6.35
    endloop
  endfacet
  facet normal 0 0 1
    outer loop
      vertex 12.77 36.4173 6.35
      vertex 23.4638 30.9819 6.35
      vertex 13.0342 36.6724 6.35
    endloop
  endfacet
  facet normal -0.694609 -0.719387 0
    outer loop
      vertex 12.77 44.2388 0
      vertex 13.0342 43.9837 0
      vertex 13.0342 43.9837 6.35
    endloop
  endfacet
  facet normal -0.694609 -0.719387 0
    outer loop
      vertex 12.77 44.2388 0
      vertex 13.0342 43.9837 6.35
      vertex 12.77 44.2388 6.35
    endloop
  endfacet
  facet normal 0 0 -1
    outer loop
      vertex 12.77 44.2388 0
      vertex 30.8746 55.8553 0
      vertex 31.1148 55.002 0
    endloop
  endfacet
  facet normal 0 0 -1
    outer loop
      vertex 12.77 44.2388 0
      vertex 31.1148 55.002 0
      vertex 13.0342 43.9837 0
    endloop
  endfacet
  facet normal 0 0 1
    outer loop
      vertex 12.77 44.2388 6.35
      vertex 13.0342 43.9837 6.35
      vertex 31.1148 55.002 6.35
    endloop
  endfacet
  facet normal 0 0 1
    outer loop
      vertex 12.77 44.2388 6.35
      vertex 31.1148 55.002 6.35
      vertex 30.8746 55.8553 6.35
    endloop
  endfacet
  facet normal -0.994512 0.10462 0
    outer loop
      vertex 12.7744 -1.79532 0
      vertex 12.7744 -1.79532 6.35
      vertex 12.8686 -0.899857 0
    endloop
  endfacet
  facet normal 0 0 -1
    outer loop
      vertex 12.7744 -1.79532 0
      vertex 12.8686 -0.899857 0
      vertex 22.2068 -3.12096 0
    endloop
  endfacet
  facet normal -0.994512 0.10462 0
    outer loop
      vertex 12.7744 -1.79532 6.35
      vertex 12.8686 -0.899857 6.35
      vertex 12.8686 -0.899857 0
    endloop
  endfacet
  facet normal 0 0 1
    outer loop
      vertex 12.7744 -1.79532 6.35
      vertex 22.2068 -3.12096 6.35
      vertex 12.8686 -0.899857 6.35
    endloop
  endfacet
  facet normal -0.994512 -0.10462 0
    outer loop
      vertex 12.7744 1.79532 0
      vertex 12.8686 0.899857 0
      vertex 12.8686 0.899857 6.35
    endloop
  endfacet
  facet normal -0.994512 -0.10462 0
    outer loop
      vertex 12.7744 1.79532 0
      vertex 12.8686 0.899857 6.35
      vertex 12.7744 1.79532 6.35
    endloop
  endfacet
  facet normal 0 0 -1
    outer loop
      vertex 12.7744 1.79532 0
      vertex 22.425 0 0
      vertex 12.8686 0.899857 0
    endloop
  endfacet
  facet normal 0 0 1
    outer loop
      vertex 12.7744 1.79532 6.35
      vertex 12.8686 0.899857 6.35
      vertex 22.425 0 6.35
    endloop
  endfacet
  facet normal 0.138109 0.990417 0
    outer loop
      vertex 12.8432 113.576 0
      vertex 12.8432 113.576 6.35
      vertex 18.738 112.754 6.35
    endloop
  endfacet
  facet normal 0.138109 0.990417 0
    outer loop
      vertex 12.8432 113.576 0
      vertex 18.738 112.754 6.35
      vertex 18.738 112.754 0
    endloop
  endfacet
  facet normal -0.989569 0.144058 0
    outer loop
      vertex 12.8543 70.7575 0
      vertex 12.8543 70.7575 6.35
      vertex 12.982 71.6347 0
    endloop
  endfacet
  facet normal 0 0 -1
    outer loop
      vertex 12.8543 70.7575 0
      vertex 12.982 71.6347 0
      vertex 31.8251 64.4904 0
    endloop
  endfacet
  facet normal -0.989569 0.144058 0
    outer loop
      vertex 12.8543 70.7575 6.35
      vertex 12.982 71.6347 6.35
      vertex 12.982 71.6347 0
    endloop
  endfacet
  facet normal 0 0 1
    outer loop
      vertex 12.8543 70.7575 6.35
      vertex 31.8251 64.4904 6.35
      vertex 12.982 71.6347 6.35
    endloop
  endfacet
  facet normal -0.999392 0.0348732 0
    outer loop
      vertex 12.8686 -0.899857 0
      vertex 12.8686 -0.899857 6.35
      vertex 12.9 0 0
    endloop
  endfacet
  facet normal 0 0 -1
    outer loop
      vertex 12.8686 -0.899857 0
      vertex 12.9 0 0
      vertex 22.425 0 0
    endloop
  endfacet
  facet normal 0 0 -1
    outer loop
      vertex 12.8686 -0.899857 0
      vertex 22.3704 -1.56429 0
      vertex 22.2068 -3.12096 0
    endloop
  endfacet
  facet normal 0 0 -1
    outer loop
      vertex 12.8686 -0.899857 0
      vertex 22.425 0 0
      vertex 22.3704 -1.56429 0
    endloop
  endfacet
  facet normal -0.999392 0.0348732 0
    outer loop
      vertex 12.8686 -0.899857 6.35
      vertex 12.9 0 6.35
      vertex 12.9 0 0
    endloop
  endfacet
  facet normal 0 0 1
    outer loop
      vertex 12.8686 -0.899857 6.35
      vertex 22.2068 -3.12096 6.35
      vertex 22.3704 -1.56429 6.35
    endloop
  endfacet
  facet normal 0 0 1
    outer loop
      vertex 12.8686 -0.899857 6.35
      vertex 22.3704 -1.56429 6.35
      vertex 22.425 0 6.35
    endloop
  endfacet
  facet normal 0 0 1
    outer loop
      vertex 12.8686 -0.899857 6.35
      vertex 22.425 0 6.35
      vertex 12.9 0 6.35
    endloop
  endfacet
  facet normal -0.999392 -0.0348732 0
    outer loop
      vertex 12.8686 0.899857 0
      vertex 12.9 0 0
      vertex 12.9 0 6.35
    endloop
  endfacet
  facet normal -0.999392 -0.0348732 0
    outer loop
      vertex 12.8686 0.899857 0
      vertex 12.9 0 6.35
      vertex 12.8686 0.899857 6.35
    endloop
  endfacet
  facet normal 0 0 -1
    outer loop
      vertex 12.8686 0.899857 0
      vertex 22.425 0 0
      vertex 12.9 0 0
    endloop
  endfacet
  facet normal 0 0 1
    outer loop
      vertex 12.8686 0.899857 6.35
      vertex 12.9 0 6.35
      vertex 22.425 0 6.35
    endloop
  endfacet
  facet normal -0.990933 -0.134358 0
    outer loop
      vertex 12.8759 75.1681 0
      vertex 12.995 74.2897 0
      vertex 12.995 74.2897 6.35
    endloop
  endfacet
  facet normal -0.990933 -0.134358 0
    outer loop
      vertex 12.8759 75.1681 0
      vertex 12.995 74.2897 6.35
      vertex 12.8759 75.1681 6.35
    endloop
  endfacet
  facet normal 0 0 -1
    outer loop
      vertex 12.8759 75.1681 0
      vertex 34.4351 68.046 0
      vertex 12.995 74.2897 0
    endloop
  endfacet
  facet normal 0 0 1
    outer loop
      vertex 12.8759 75.1681 6.35
      vertex 12.995 74.2897 6.35
      vertex 34.4351 68.046 6.35
    endloop
  endfacet
  facet normal -0.997207 0.0746862 0
    outer loop
      vertex 12.982 71.6347 0
      vertex 12.982 71.6347 6.35
      vertex 13.0482 72.5186 0
    endloop
  endfacet
  facet normal 0 0 -1
    outer loop
      vertex 12.982 71.6347 0
      vertex 13.0482 72.5186 0
      vertex 32.7185 66.0205 0
    endloop
  endfacet
  facet normal 0 0 -1
    outer loop
      vertex 12.982 71.6347 0
      vertex 32.2451 65.2711 0
      vertex 31.8251 64.4904 0
    endloop
  endfacet
  facet normal 0 0 -1
    outer loop
      vertex 12.982 71.6347 0
      vertex 32.7185 66.0205 0
      vertex 32.2451 65.2711 0
    endloop
  endfacet
  facet normal -0.997207 0.0746862 0
    outer loop
      vertex 12.982 71.6347 6.35
      vertex 13.0482 72.5186 6.35
      vertex 13.0482 72.5186 0
    endloop
  endfacet
  facet normal 0 0 1
    outer loop
      vertex 12.982 71.6347 6.35
      vertex 31.8251 64.4904 6.35
      vertex 32.2451 65.2711 6.35
    endloop
  endfacet
  facet normal 0 0 1
    outer loop
      vertex 12.982 71.6347 6.35
      vertex 32.2451 65.2711 6.35
      vertex 32.7185 66.0205 6.35
    endloop
  endfacet
  facet normal 0 0 1
    outer loop
      vertex 12.982 71.6347 6.35
      vertex 32.7185 66.0205 6.35
      vertex 13.0482 72.5186 6.35
    endloop
  endfacet
  facet normal -0.997894 -0.0648642 0
    outer loop
      vertex 12.995 74.2897 0
      vertex 13.0525 73.4051 0
      vertex 13.0525 73.4051 6.35
    endloop
  endfacet
  facet normal -0.997894 -0.0648642 0
    outer loop
      vertex 12.995 74.2897 0
      vertex 13.0525 73.4051 6.35
      vertex 12.995 74.2897 6.35
    endloop
  endfacet
  facet normal 0 0 -1
    outer loop
      vertex 12.995 74.2897 0
      vertex 33.243 66.7351 0
      vertex 13.0525 73.4051 0
    endloop
  endfacet
  facet normal 0 0 -1
    outer loop
      vertex 12.995 74.2897 0
      vertex 33.8162 67.4113 0
      vertex 33.243 66.7351 0
    endloop
  endfacet
  facet normal 0 0 -1
    outer loop
      vertex 12.995 74.2897 0
      vertex 34.4351 68.046 0
      vertex 33.8162 67.4113 0
    endloop
  endfacet
  facet normal 0 0 1
    outer loop
      vertex 12.995 74.2897 6.35
      vertex 13.0525 73.4051 6.35
      vertex 33.243 66.7351 6.35
    endloop
  endfacet
  facet normal 0 0 1
    outer loop
      vertex 12.995 74.2897 6.35
      vertex 33.243 66.7351 6.35
      vertex 33.8162 67.4113 6.35
    endloop
  endfacet
  facet normal 0 0 1
    outer loop
      vertex 12.995 74.2897 6.35
      vertex 33.8162 67.4113 6.35
      vertex 34.4351 68.046 6.35
    endloop
  endfacet
  facet normal -0.743159 0.669115 0
    outer loop
      vertex 13.0342 36.6724 0
      vertex 13.0342 36.6724 6.35
      vertex 13.28 36.9454 0
    endloop
  endfacet
  facet normal 0 0 -1
    outer loop
      vertex 13.0342 36.6724 0
      vertex 13.28 36.9454 0
      vertex 23.5527 31.3383 0
    endloop
  endfacet
  facet normal 0 0 -1
    outer loop
      vertex 13.0342 36.6724 0
      vertex 23.5527 31.3383 0
      vertex 23.4638 30.9819 0
    endloop
  endfacet
  facet normal -0.743159 0.669115 0
    outer loop
      vertex 13.0342 36.6724 6.35
      vertex 13.28 36.9454 6.35
      vertex 13.28 36.9454 0
    endloop
  endfacet
  facet normal 0 0 1
    outer loop
      vertex 13.0342 36.6724 6.35
      vertex 23.4638 30.9819 6.35
      vertex 23.5527 31.3383 6.35
    endloop
  endfacet
  facet normal 0 0 1
    outer loop
      vertex 13.0342 36.6724 6.35
      vertex 23.5527 31.3383 6.35
      vertex 13.28 36.9454 6.35
    endloop
  endfacet
  facet normal -0.743159 -0.669115 0
    outer loop
      vertex 13.0342 43.9837 0
      vertex 13.28 43.7107 0
      vertex 13.28 43.7107 6.35
    endloop
  endfacet
  facet normal -0.743159 -0.669115 0
    outer loop
      vertex 13.0342 43.9837 0
      vertex 13.28 43.7107 6.35
      vertex 13.0342 43.9837 6.35
    endloop
  endfacet
  facet normal 0 0 -1
    outer loop
      vertex 13.0342 43.9837 0
      vertex 31.1148 55.002 0
      vertex 13.28 43.7107 0
    endloop
  endfacet
  facet normal 0 0 1
    outer loop
      vertex 13.0342 43.9837 6.35
      vertex 13.28 43.7107 6.35
      vertex 31.1148 55.002 6.35
    endloop
  endfacet
  facet normal -0.999988 0.00485048 0
    outer loop
      vertex 13.0482 72.5186 0
      vertex 13.0482 72.5186 6.35
      vertex 13.0525 73.4051 0
    endloop
  endfacet
  facet normal 0 0 -1
    outer loop
      vertex 13.0482 72.5186 0
      vertex 13.0525 73.4051 0
      vertex 32.7185 66.0205 0
    endloop
  endfacet
  facet normal -0.999988 0.00485048 0
    outer loop
      vertex 13.0482 72.5186 6.35
      vertex 13.0525 73.4051 6.35
      vertex 13.0525 73.4051 0
    endloop
  endfacet
  facet normal 0 0 1
    outer loop
      vertex 13.0482 72.5186 6.35
      vertex 32.7185 66.0205 6.35
      vertex 13.0525 73.4051 6.35
    endloop
  endfacet
  facet normal 0 0 -1
    outer loop
      vertex 13.0525 73.4051 0
      vertex 33.243 66.7351 0
      vertex 32.7185 66.0205 0
    endloop
  endfacet
  facet normal 0 0 1
    outer loop
      vertex 13.0525 73.4051 6.35
      vertex 32.7185 66.0205 6.35
      vertex 33.243 66.7351 6.35
    endloop
  endfacet
  facet normal -0.788016 0.615655 0
    outer loop
      vertex 13.28 36.9454 0
      vertex 13.28 36.9454 6.35
      vertex 13.5061 37.2348 0
    endloop
  endfacet
  facet normal 0 0 -1
    outer loop
      vertex 13.28 36.9454 0
      vertex 13.5061 37.2348 0
      vertex 23.6662 31.6877 0
    endloop
  endfacet
  facet normal 0 0 -1
    outer loop
      vertex 13.28 36.9454 0
      vertex 23.6662 31.6877 0
      vertex 23.5527 31.3383 0
    endloop
  endfacet
  facet normal -0.788016 0.615655 0
    outer loop
      vertex 13.28 36.9454 6.35
      vertex 13.5061 37.2348 6.35
      vertex 13.5061 37.2348 0
    endloop
  endfacet
  facet normal 0 0 1
    outer loop
      vertex 13.28 36.9454 6.35
      vertex 23.5527 31.3383 6.35
      vertex 23.6662 31.6877 6.35
    endloop
  endfacet
  facet normal 0 0 1
    outer loop
      vertex 13.28 36.9454 6.35
      vertex 23.6662 31.6877 6.35
      vertex 13.5061 37.2348 6.35
    endloop
  endfacet
  facet normal -0.788016 -0.615655 0
    outer loop
      vertex 13.28 43.7107 0
      vertex 13.5061 43.4213 0
      vertex 13.5061 43.4213 6.35
    endloop
  endfacet
  facet normal -0.788016 -0.615655 0
    outer loop
      vertex 13.28 43.7107 0
      vertex 13.5061 43.4213 6.35
      vertex 13.28 43.7107 6.35
    endloop
  endfacet
  facet normal 0 0 -1
    outer loop
      vertex 13.28 43.7107 0
      vertex 31.1148 55.002 0
      vertex 31.4139 54.1675 0
    endloop
  endfacet
  facet normal 0 0 -1
    outer loop
      vertex 13.28 43.7107 0
      vertex 31.4139 54.1675 0
      vertex 13.5061 43.4213 0
    endloop
  endfacet
  facet normal 0 0 1
    outer loop
      vertex 13.28 43.7107 6.35
      vertex 13.5061 43.4213 6.35
      vertex 31.4139 54.1675 6.35
    endloop
  endfacet
  facet normal 0 0 1
    outer loop
      vertex 13.28 43.7107 6.35
      vertex 31.4139 54.1675 6.35
      vertex 31.1148 55.002 6.35
    endloop
  endfacet
  facet normal -0.829107 0.559089 0
    outer loop
      vertex 13.5061 37.2348 0
      vertex 13.5061 37.2348 6.35
      vertex 13.7115 37.5394 0
    endloop
  endfacet
  facet normal 0 0 -1
    outer loop
      vertex 13.5061 37.2348 0
      vertex 13.7115 37.5394 0
      vertex 23.8038 32.0283 0
    endloop
  endfacet
  facet normal 0 0 -1
    outer loop
      vertex 13.5061 37.2348 0
      vertex 23.8038 32.0283 0
      vertex 23.6662 31.6877 0
    endloop
  endfacet
  facet normal -0.829107 0.559089 0
    outer loop
      vertex 13.5061 37.2348 6.35
      vertex 13.7115 37.5394 6.35
      vertex 13.7115 37.5394 0
    endloop
  endfacet
  facet normal 0 0 1
    outer loop
      vertex 13.5061 37.2348 6.35
      vertex 23.6662 31.6877 6.35
      vertex 23.8038 32.0283 6.35
    endloop
  endfacet
  facet normal 0 0 1
    outer loop
      vertex 13.5061 37.2348 6.35
      vertex 23.8038 32.0283 6.35
      vertex 13.7115 37.5394 6.35
    endloop
  endfacet
  facet normal -0.829107 -0.559089 0
    outer loop
      vertex 13.5061 43.4213 0
      vertex 13.7115 43.1167 0
      vertex 13.7115 43.1167 6.35
    endloop
  endfacet
  facet normal -0.829107 -0.559089 0
    outer loop
      vertex 13.5061 43.4213 0
      vertex 13.7115 43.1167 6.35
      vertex 13.5061 43.4213 6.35
    endloop
  endfacet
  facet normal 0 0 -1
    outer loop
      vertex 13.5061 43.4213 0
      vertex 31.4139 54.1675 0
      vertex 31.7704 53.3559 0
    endloop
  endfacet
  facet normal 0 0 -1
    outer loop
      vertex 13.5061 43.4213 0
      vertex 31.7704 53.3559 0
      vertex 13.7115 43.1167 0
    endloop
  endfacet
  facet normal 0 0 1
    outer loop
      vertex 13.5061 43.4213 6.35
      vertex 13.7115 43.1167 6.35
      vertex 31.7704 53.3559 6.35
    endloop
  endfacet
  facet normal 0 0 1
    outer loop
      vertex 13.5061 43.4213 6.35
      vertex 31.7704 53.3559 6.35
      vertex 31.4139 54.1675 6.35
    endloop
  endfacet
  facet normal -0.865972 0.500092 0
    outer loop
      vertex 13.7115 37.5394 0
      vertex 13.7115 37.5394 6.35
      vertex 13.8952 37.8575 0
    endloop
  endfacet
  facet normal 0 0 -1
    outer loop
      vertex 13.7115 37.5394 0
      vertex 13.8952 37.8575 0
      vertex 23.9648 32.3584 0
    endloop
  endfacet
  facet normal 0 0 -1
    outer loop
      vertex 13.7115 37.5394 0
      vertex 23.9648 32.3584 0
      vertex 23.8038 32.0283 0
    endloop
  endfacet
  facet normal -0.865972 0.500092 0
    outer loop
      vertex 13.7115 37.5394 6.35
      vertex 13.8952 37.8575 6.35
      vertex 13.8952 37.8575 0
    endloop
  endfacet
  facet normal 0 0 1
    outer loop
      vertex 13.7115 37.5394 6.35
      vertex 23.8038 32.0283 6.35
      vertex 23.9648 32.3584 6.35
    endloop
  endfacet
  facet normal 0 0 1
    outer loop
      vertex 13.7115 37.5394 6.35
      vertex 23.9648 32.3584 6.35
      vertex 13.8952 37.8575 6.35
    endloop
  endfacet
  facet normal -0.865972 -0.500092 0
    outer loop
      vertex 13.7115 43.1167 0
      vertex 13.8952 42.7986 0
      vertex 13.8952 42.7986 6.35
    endloop
  endfacet
  facet normal -0.865972 -0.500092 0
    outer loop
      vertex 13.7115 43.1167 0
      vertex 13.8952 42.7986 6.35
      vertex 13.7115 43.1167 6.35
    endloop
  endfacet
  facet normal 0 0 -1
    outer loop
      vertex 13.7115 43.1167 0
      vertex 31.7704 53.3559 0
      vertex 13.8952 42.7986 0
    endloop
  endfacet
  facet normal 0 0 1
    outer loop
      vertex 13.7115 43.1167 6.35
      vertex 13.8952 42.7986 6.35
      vertex 31.7704 53.3559 6.35
    endloop
  endfacet
  facet normal 0.642795 -0.766038 0
    outer loop
      vertex 13.8062 -17.6711 0
      vertex 15.0052 -16.665 0
      vertex 13.8062 -17.6711 6.35
    endloop
  endfacet
  facet normal 0.642795 -0.766038 0
    outer loop
      vertex 13.8062 -17.6711 6.35
      vertex 15.0052 -16.665 0
      vertex 15.0052 -16.665 6.35
    endloop
  endfacet
  facet normal -0.898795 0.43837 0
    outer loop
      vertex 13.8952 37.8575 0
      vertex 13.8952 37.8575 6.35
      vertex 14.0562 38.1876 0
    endloop
  endfacet
  facet normal 0 0 -1
    outer loop
      vertex 13.8952 37.8575 0
      vertex 14.0562 38.1876 0
      vertex 24.1485 32.6765 0
    endloop
  endfacet
  facet normal 0 0 -1
    outer loop
      vertex 13.8952 37.8575 0
      vertex 24.1485 32.6765 0
      vertex 23.9648 32.3584 0
    endloop
  endfacet
  facet normal -0.898795 0.43837 0
    outer loop
      vertex 13.8952 37.8575 6.35
      vertex 14.0562 38.1876 6.35
      vertex 14.0562 38.1876 0
    endloop
  endfacet
  facet normal 0 0 1
    outer loop
      vertex 13.8952 37.8575 6.35
      vertex 23.9648 32.3584 6.35
      vertex 24.1485 32.6765 6.35
    endloop
  endfacet
  facet normal 0 0 1
    outer loop
      vertex 13.8952 37.8575 6.35
      vertex 24.1485 32.6765 6.35
      vertex 14.0562 38.1876 6.35
    endloop
  endfacet
  facet normal -0.898795 -0.43837 0
    outer loop
      vertex 13.8952 42.7986 0
      vertex 14.0562 42.4685 0
      vertex 14.0562 42.4685 6.35
    endloop
  endfacet
  facet normal -0.898795 -0.43837 0
    outer loop
      vertex 13.8952 42.7986 0
      vertex 14.0562 42.4685 6.35
      vertex 13.8952 42.7986 6.35
    endloop
  endfacet
  facet normal 0 0 -1
    outer loop
      vertex 13.8952 42.7986 0
      vertex 31.7704 53.3559 0
      vertex 32.1828 52.5712 0
    endloop
  endfacet
  facet normal 0 0 -1
    outer loop
      vertex 13.8952 42.7986 0
      vertex 32.1828 52.5712 0
      vertex 14.0562 42.4685 0
    endloop
  endfacet
  facet normal 0 0 1
    outer loop
      vertex 13.8952 42.7986 6.35
      vertex 14.0562 42.4685 6.35
      vertex 32.1828 52.5712 6.35
    endloop
  endfacet
  facet normal 0 0 1
    outer loop
      vertex 13.8952 42.7986 6.35
      vertex 32.1828 52.5712 6.35
      vertex 31.7704 53.3559 6.35
    endloop
  endfacet
  facet normal -0.927195 0.37458 0
    outer loop
      vertex 14.0562 38.1876 0
      vertex 14.0562 38.1876 6.35
      vertex 14.1938 38.5282 0
    endloop
  endfacet
  facet normal 0 0 -1
    outer loop
      vertex 14.0562 38.1876 0
      vertex 14.1938 38.5282 0
      vertex 24.3539 32.981 0
    endloop
  endfacet
  facet normal 0 0 -1
    outer loop
      vertex 14.0562 38.1876 0
      vertex 24.3539 32.981 0
      vertex 24.1485 32.6765 0
    endloop
  endfacet
  facet normal -0.927195 0.37458 0
    outer loop
      vertex 14.0562 38.1876 6.35
      vertex 14.1938 38.5282 6.35
      vertex 14.1938 38.5282 0
    endloop
  endfacet
  facet normal 0 0 1
    outer loop
      vertex 14.0562 38.1876 6.35
      vertex 24.1485 32.6765 6.35
      vertex 24.3539 32.981 6.35
    endloop
  endfacet
  facet normal 0 0 1
    outer loop
      vertex 14.0562 38.1876 6.35
      vertex 24.3539 32.981 6.35
      vertex 14.1938 38.5282 6.35
    endloop
  endfacet
  facet normal -0.927195 -0.37458 0
    outer loop
      vertex 14.0562 42.4685 0
      vertex 14.1938 42.1279 0
      vertex 14.1938 42.1279 6.35
    endloop
  endfacet
  facet normal -0.927195 -0.37458 0
    outer loop
      vertex 14.0562 42.4685 0
      vertex 14.1938 42.1279 6.35
      vertex 14.0562 42.4685 6.35
    endloop
  endfacet
  facet normal 0 0 -1
    outer loop
      vertex 14.0562 42.4685 0
      vertex 32.1828 52.5712 0
      vertex 32.6488 51.8172 0
    endloop
  endfacet
  facet normal 0 0 -1
    outer loop
      vertex 14.0562 42.4685 0
      vertex 32.6488 51.8172 0
      vertex 14.1938 42.1279 0
    endloop
  endfacet
  facet normal 0 0 1
    outer loop
      vertex 14.0562 42.4685 6.35
      vertex 14.1938 42.1279 6.35
      vertex 32.6488 51.8172 6.35
    endloop
  endfacet
  facet normal 0 0 1
    outer loop
      vertex 14.0562 42.4685 6.35
      vertex 32.6488 51.8172 6.35
      vertex 32.1828 52.5712 6.35
    endloop
  endfacet
  facet normal -0.951052 0.309031 0
    outer loop
      vertex 14.1938 38.5282 0
      vertex 14.1938 38.5282 6.35
      vertex 14.3073 38.8775 0
    endloop
  endfacet
  facet normal 0 0 -1
    outer loop
      vertex 14.1938 38.5282 0
      vertex 14.3073 38.8775 0
      vertex 24.58 33.2705 0
    endloop
  endfacet
  facet normal 0 0 -1
    outer loop
      vertex 14.1938 38.5282 0
      vertex 24.58 33.2705 0
      vertex 24.3539 32.981 0
    endloop
  endfacet
  facet normal -0.951052 0.309031 0
    outer loop
      vertex 14.1938 38.5282 6.35
      vertex 14.3073 38.8775 6.35
      vertex 14.3073 38.8775 0
    endloop
  endfacet
  facet normal 0 0 1
    outer loop
      vertex 14.1938 38.5282 6.35
      vertex 24.3539 32.981 6.35
      vertex 24.58 33.2705 6.35
    endloop
  endfacet
  facet normal 0 0 1
    outer loop
      vertex 14.1938 38.5282 6.35
      vertex 24.58 33.2705 6.35
      vertex 14.3073 38.8775 6.35
    endloop
  endfacet
  facet normal -0.951052 -0.309031 0
    outer loop
      vertex 14.1938 42.1279 0
      vertex 14.3073 41.7786 0
      vertex 14.3073 41.7786 6.35
    endloop
  endfacet
  facet normal -0.951052 -0.309031 0
    outer loop
      vertex 14.1938 42.1279 0
      vertex 14.3073 41.7786 6.35
      vertex 14.1938 42.1279 6.35
    endloop
  endfacet
  facet normal 0 0 -1
    outer loop
      vertex 14.1938 42.1279 0
      vertex 32.6488 51.8172 0
      vertex 33.1663 51.0975 0
    endloop
  endfacet
  facet normal 0 0 -1
    outer loop
      vertex 14.1938 42.1279 0
      vertex 33.1663 51.0975 0
      vertex 14.3073 41.7786 0
    endloop
  endfacet
  facet normal 0 0 1
    outer loop
      vertex 14.1938 42.1279 6.35
      vertex 14.3073 41.7786 6.35
      vertex 33.1663 51.0975 6.35
    endloop
  endfacet
  facet normal 0 0 1
    outer loop
      vertex 14.1938 42.1279 6.35
      vertex 33.1663 51.0975 6.35
      vertex 32.6488 51.8172 6.35
    endloop
  endfacet
  facet normal -0.97027 0.242023 0
    outer loop
      vertex 14.3073 38.8775 0
      vertex 14.3073 38.8775 6.35
      vertex 14.3962 39.2339 0
    endloop
  endfacet
  facet normal 0 0 -1
    outer loop
      vertex 14.3073 38.8775 0
      vertex 14.3962 39.2339 0
      vertex 24.8258 33.5434 0
    endloop
  endfacet
  facet normal 0 0 -1
    outer loop
      vertex 14.3073 38.8775 0
      vertex 24.8258 33.5434 0
      vertex 24.58 33.2705 0
    endloop
  endfacet
  facet normal -0.97027 0.242023 0
    outer loop
      vertex 14.3073 38.8775 6.35
      vertex 14.3962 39.2339 6.35
      vertex 14.3962 39.2339 0
    endloop
  endfacet
  facet normal 0 0 1
    outer loop
      vertex 14.3073 38.8775 6.35
      vertex 24.58 33.2705 6.35
      vertex 24.8258 33.5434 6.35
    endloop
  endfacet
  facet normal 0 0 1
    outer loop
      vertex 14.3073 38.8775 6.35
      vertex 24.8258 33.5434 6.35
      vertex 14.3962 39.2339 6.35
    endloop
  endfacet
  facet normal -0.97027 -0.242023 0
    outer loop
      vertex 14.3073 41.7786 0
      vertex 14.3962 41.4222 0
      vertex 14.3962 41.4222 6.35
    endloop
  endfacet
  facet normal -0.97027 -0.242023 0
    outer loop
      vertex 14.3073 41.7786 0
      vertex 14.3962 41.4222 6.35
      vertex 14.3073 41.7786 6.35
    endloop
  endfacet
  facet normal 0 0 -1
    outer loop
      vertex 14.3073 41.7786 0
      vertex 26.9851 34.8927 0
      vertex 14.3962 41.4222 0
    endloop
  endfacet
  facet normal 0 0 -1
    outer loop
      vertex 14.3073 41.7786 0
      vertex 27.3382 34.994 0
      vertex 26.9851 34.8927 0
    endloop
  endfacet
  facet normal 0 0 -1
    outer loop
      vertex 14.3073 41.7786 0
      vertex 33.1663 51.0975 0
      vertex 27.3382 34.994 0
    endloop
  endfacet
  facet normal 0 0 1
    outer loop
      vertex 14.3073 41.7786 6.35
      vertex 14.3962 41.4222 6.35
      vertex 26.9851 34.8927 6.35
    endloop
  endfacet
  facet normal 0 0 1
    outer loop
      vertex 14.3073 41.7786 6.35
      vertex 26.9851 34.8927 6.35
      vertex 27.3382 34.994 6.35
    endloop
  endfacet
  facet normal 0 0 1
    outer loop
      vertex 14.3073 41.7786 6.35
      vertex 27.3382 34.994 6.35
      vertex 33.1663 51.0975 6.35
    endloop
  endfacet
  facet normal -0.984797 0.173708 0
    outer loop
      vertex 14.3962 39.2339 0
      vertex 14.3962 39.2339 6.35
      vertex 14.46 39.5956 0
    endloop
  endfacet
  facet normal 0 0 -1
    outer loop
      vertex 14.3962 39.2339 0
      vertex 14.46 39.5956 0
      vertex 25.09 33.7986 0
    endloop
  endfacet
  facet normal 0 0 -1
    outer loop
      vertex 14.3962 39.2339 0
      vertex 25.09 33.7986 0
      vertex 24.8258 33.5434 0
    endloop
  endfacet
  facet normal -0.984797 0.173708 0
    outer loop
      vertex 14.3962 39.2339 6.35
      vertex 14.46 39.5956 6.35
      vertex 14.46 39.5956 0
    endloop
  endfacet
  facet normal 0 0 1
    outer loop
      vertex 14.3962 39.2339 6.35
      vertex 24.8258 33.5434 6.35
      vertex 25.09 33.7986 6.35
    endloop
  endfacet
  facet normal 0 0 1
    outer loop
      vertex 14.3962 39.2339 6.35
      vertex 25.09 33.7986 6.35
      vertex 14.46 39.5956 6.35
    endloop
  endfacet
  facet normal -0.984805 -0.173661 0
    outer loop
      vertex 14.3962 41.4222 0
      vertex 14.46 41.0604 0
      vertex 14.46 41.0604 6.35
    endloop
  endfacet
  facet normal -0.984805 -0.173661 0
    outer loop
      vertex 14.3962 41.4222 0
      vertex 14.46 41.0604 6.35
      vertex 14.3962 41.4222 6.35
    endloop
  endfacet
  facet normal 0 0 -1
    outer loop
      vertex 14.3962 41.4222 0
      vertex 26.64 34.7671 0
      vertex 14.46 41.0604 0
    endloop
  endfacet
  facet normal 0 0 -1
    outer loop
      vertex 14.3962 41.4222 0
      vertex 26.9851 34.8927 0
      vertex 26.64 34.7671 0
    endloop
  endfacet
  facet normal 0 0 1
    outer loop
      vertex 14.3962 41.4222 6.35
      vertex 14.46 41.0604 6.35
      vertex 26.64 34.7671 6.35
    endloop
  endfacet
  facet normal 0 0 1
    outer loop
      vertex 14.3962 41.4222 6.35
      vertex 26.64 34.7671 6.35
      vertex 26.9851 34.8927 6.35
    endloop
  endfacet
  facet normal -0.994523 0.104515 0
    outer loop
      vertex 14.46 39.5956 0
      vertex 14.46 39.5956 6.35
      vertex 14.4984 39.961 0
    endloop
  endfacet
  facet normal 0 0 -1
    outer loop
      vertex 14.46 39.5956 0
      vertex 14.4984 39.961 0
      vertex 25.3714 34.0347 0
    endloop
  endfacet
  facet normal 0 0 -1
    outer loop
      vertex 14.46 39.5956 0
      vertex 25.3714 34.0347 0
      vertex 25.09 33.7986 0
    endloop
  endfacet
  facet normal -0.994523 0.104515 0
    outer loop
      vertex 14.46 39.5956 6.35
      vertex 14.4984 39.961 6.35
      vertex 14.4984 39.961 0
    endloop
  endfacet
  facet normal 0 0 1
    outer loop
      vertex 14.46 39.5956 6.35
      vertex 25.09 33.7986 6.35
      vertex 25.3714 34.0347 6.35
    endloop
  endfacet
  facet normal 0 0 1
    outer loop
      vertex 14.46 39.5956 6.35
      vertex 25.3714 34.0347 6.35
      vertex 14.4984 39.961 6.35
    endloop
  endfacet
  facet normal -0.99452 -0.104543 0
    outer loop
      vertex 14.46 41.0604 0
      vertex 14.4984 40.6951 0
      vertex 14.4984 40.6951 6.35
    endloop
  endfacet
  facet normal -0.99452 -0.104543 0
    outer loop
      vertex 14.46 41.0604 0
      vertex 14.4984 40.6951 6.35
      vertex 14.46 41.0604 6.35
    endloop
  endfacet
  facet normal 0 0 -1
    outer loop
      vertex 14.46 41.0604 0
      vertex 26.3044 34.6177 0
      vertex 14.4984 40.6951 0
    endloop
  endfacet
  facet normal 0 0 -1
    outer loop
      vertex 14.46 41.0604 0
      vertex 26.64 34.7671 0
      vertex 26.3044 34.6177 0
    endloop
  endfacet
  facet normal 0 0 1
    outer loop
      vertex 14.46 41.0604 6.35
      vertex 14.4984 40.6951 6.35
      vertex 26.3044 34.6177 6.35
    endloop
  endfacet
  facet normal 0 0 1
    outer loop
      vertex 14.46 41.0604 6.35
      vertex 26.3044 34.6177 6.35
      vertex 26.64 34.7671 6.35
    endloop
  endfacet
  facet normal -0.999392 0.0348562 0
    outer loop
      vertex 14.4984 39.961 0
      vertex 14.4984 39.961 6.35
      vertex 14.5112 40.328 0
    endloop
  endfacet
  facet normal 0 0 -1
    outer loop
      vertex 14.4984 39.961 0
      vertex 14.5112 40.328 0
      vertex 25.6686 34.2506 0
    endloop
  endfacet
  facet normal 0 0 -1
    outer loop
      vertex 14.4984 39.961 0
      vertex 25.6686 34.2506 0
      vertex 25.3714 34.0347 0
    endloop
  endfacet
  facet normal -0.999392 0.0348562 0
    outer loop
      vertex 14.4984 39.961 6.35
      vertex 14.5112 40.328 6.35
      vertex 14.5112 40.328 0
    endloop
  endfacet
  facet normal 0 0 1
    outer loop
      vertex 14.4984 39.961 6.35
      vertex 25.3714 34.0347 6.35
      vertex 25.6686 34.2506 6.35
    endloop
  endfacet
  facet normal 0 0 1
    outer loop
      vertex 14.4984 39.961 6.35
      vertex 25.6686 34.2506 6.35
      vertex 14.5112 40.328 6.35
    endloop
  endfacet
  facet normal -0.999393 -0.0348467 0
    outer loop
      vertex 14.4984 40.6951 0
      vertex 14.5112 40.328 0
      vertex 14.5112 40.328 6.35
    endloop
  endfacet
  facet normal -0.999393 -0.0348467 0
    outer loop
      vertex 14.4984 40.6951 0
      vertex 14.5112 40.328 6.35
      vertex 14.4984 40.6951 6.35
    endloop
  endfacet
  facet normal 0 0 -1
    outer loop
      vertex 14.4984 40.6951 0
      vertex 25.9801 34.4453 0
      vertex 14.5112 40.328 0
    endloop
  endfacet
  facet normal 0 0 -1
    outer loop
      vertex 14.4984 40.6951 0
      vertex 26.3044 34.6177 0
      vertex 25.9801 34.4453 0
    endloop
  endfacet
  facet normal 0 0 1
    outer loop
      vertex 14.4984 40.6951 6.35
      vertex 14.5112 40.328 6.35
      vertex 25.9801 34.4453 6.35
    endloop
  endfacet
  facet normal 0 0 1
    outer loop
      vertex 14.4984 40.6951 6.35
      vertex 25.9801 34.4453 6.35
      vertex 26.3044 34.6177 6.35
    endloop
  endfacet
  facet normal 0 0 -1
    outer loop
      vertex 14.5112 40.328 0
      vertex 25.9801 34.4453 0
      vertex 25.6686 34.2506 0
    endloop
  endfacet
  facet normal 0 0 1
    outer loop
      vertex 14.5112 40.328 6.35
      vertex 25.6686 34.2506 6.35
      vertex 25.9801 34.4453 6.35
    endloop
  endfacet
  facet normal 0.99938 0.0352142 0
    outer loop
      vertex 142.875 -19.05 0
      vertex 142.875 -19.05 6.35
      vertex 142.895 -19.6176 0
    endloop
  endfacet
  facet normal 0.99938 -0.035208 0
    outer loop
      vertex 142.875 -19.05 0
      vertex 142.895 -18.4823 0
      vertex 142.895 -18.4823 6.35
    endloop
  endfacet
  facet normal 0.99938 -0.035208 0
    outer loop
      vertex 142.875 -19.05 0
      vertex 142.895 -18.4823 6.35
      vertex 142.875 -19.05 6.35
    endloop
  endfacet
  facet normal 0.99938 0.0352142 0
    outer loop
      vertex 142.875 -19.05 6.35
      vertex 142.895 -19.6176 6.35
      vertex 142.895 -19.6176 0
    endloop
  endfacet
  facet normal 0.99938 0.0352142 0
    outer loop
      vertex 142.875 -57.15 0
      vertex 142.875 -57.15 6.35
      vertex 142.895 -57.7176 0
    endloop
  endfacet
  facet normal 0.99938 -0.0352142 0
    outer loop
      vertex 142.875 -57.15 0
      vertex 142.895 -56.5824 0
      vertex 142.895 -56.5824 6.35
    endloop
  endfacet
  facet normal 0.99938 -0.0352142 0
    outer loop
      vertex 142.875 -57.15 0
      vertex 142.895 -56.5824 6.35
      vertex 142.875 -57.15 6.35
    endloop
  endfacet
  facet normal 0.99938 0.0352142 0
    outer loop
      vertex 142.875 -57.15 6.35
      vertex 142.895 -57.7176 6.35
      vertex 142.895 -57.7176 0
    endloop
  endfacet
  facet normal 0.994588 -0.103896 0
    outer loop
      vertex 142.895 -18.4823 0
      vertex 142.954 -17.9175 0
      vertex 142.954 -17.9175 6.35
    endloop
  endfacet
  facet normal 0.994588 -0.103896 0
    outer loop
      vertex 142.895 -18.4823 0
      vertex 142.954 -17.9175 6.35
      vertex 142.895 -18.4823 6.35
    endloop
  endfacet
  facet normal 0.99459 0.103878 0
    outer loop
      vertex 142.895 -19.6176 0
      vertex 142.895 -19.6176 6.35
      vertex 142.954 -20.1825 0
    endloop
  endfacet
  facet normal 0.99459 0.103878 0
    outer loop
      vertex 142.895 -19.6176 6.35
      vertex 142.954 -20.1825 6.35
      vertex 142.954 -20.1825 0
    endloop
  endfacet
  facet normal 0.99459 -0.103878 0
    outer loop
      vertex 142.895 -56.5824 0
      vertex 142.954 -56.0175 0
      vertex 142.954 -56.0175 6.35
    endloop
  endfacet
  facet normal 0.99459 -0.103878 0
    outer loop
      vertex 142.895 -56.5824 0
      vertex 142.954 -56.0175 6.35
      vertex 142.895 -56.5824 6.35
    endloop
  endfacet
  facet normal 0.99459 0.103878 0
    outer loop
      vertex 142.895 -57.7176 0
      vertex 142.895 -57.7176 6.35
      vertex 142.954 -58.2825 0
    endloop
  endfacet
  facet normal 0.99459 0.103878 0
    outer loop
      vertex 142.895 -57.7176 6.35
      vertex 142.954 -58.2825 6.35
      vertex 142.954 -58.2825 0
    endloop
  endfacet
  facet normal 0.984698 -0.174267 0
    outer loop
      vertex 142.954 -17.9175 0
      vertex 143.053 -17.3581 0
      vertex 143.053 -17.3581 6.35
    endloop
  endfacet
  facet normal 0.984698 -0.174267 0
    outer loop
      vertex 142.954 -17.9175 0
      vertex 143.053 -17.3581 6.35
      vertex 142.954 -17.9175 6.35
    endloop
  endfacet
  facet normal 0.984698 0.174267 0
    outer loop
      vertex 142.954 -20.1825 0
      vertex 142.954 -20.1825 6.35
      vertex 143.053 -20.7419 0
    endloop
  endfacet
  facet normal 0.984698 0.174267 0
    outer loop
      vertex 142.954 -20.1825 6.35
      vertex 143.053 -20.7419 6.35
      vertex 143.053 -20.7419 0
    endloop
  endfacet
  facet normal 0.984698 -0.174267 0
    outer loop
      vertex 142.954 -56.0175 0
      vertex 143.053 -55.4581 0
      vertex 143.053 -55.4581 6.35
    endloop
  endfacet
  facet normal 0.984698 -0.174267 0
    outer loop
      vertex 142.954 -56.0175 0
      vertex 143.053 -55.4581 6.35
      vertex 142.954 -56.0175 6.35
    endloop
  endfacet
  facet normal 0.984698 0.174267 0
    outer loop
      vertex 142.954 -58.2825 0
      vertex 142.954 -58.2825 6.35
      vertex 143.053 -58.8419 0
    endloop
  endfacet
  facet normal 0.984698 0.174267 0
    outer loop
      vertex 142.954 -58.2825 6.35
      vertex 143.053 -58.8419 6.35
      vertex 143.053 -58.8419 0
    endloop
  endfacet
  facet normal 0.970463 -0.241251 0
    outer loop
      vertex 143.053 -17.3581 0
      vertex 143.19 -16.807 0
      vertex 143.19 -16.807 6.35
    endloop
  endfacet
  facet normal 0.970463 -0.241251 0
    outer loop
      vertex 143.053 -17.3581 0
      vertex 143.19 -16.807 6.35
      vertex 143.053 -17.3581 6.35
    endloop
  endfacet
  facet normal 0.970463 0.241251 0
    outer loop
      vertex 143.053 -20.7419 0
      vertex 143.053 -20.7419 6.35
      vertex 143.19 -21.293 0
    endloop
  endfacet
  facet normal 0.970463 0.241251 0
    outer loop
      vertex 143.053 -20.7419 6.35
      vertex 143.19 -21.293 6.35
      vertex 143.19 -21.293 0
    endloop
  endfacet
  facet normal 0.970463 -0.241251 0
    outer loop
      vertex 143.053 -55.4581 0
      vertex 143.19 -54.907 0
      vertex 143.19 -54.907 6.35
    endloop
  endfacet
  facet normal 0.970463 -0.241251 0
    outer loop
      vertex 143.053 -55.4581 0
      vertex 143.19 -54.907 6.35
      vertex 143.053 -55.4581 6.35
    endloop
  endfacet
  facet normal 0.970463 0.241251 0
    outer loop
      vertex 143.053 -58.8419 0
      vertex 143.053 -58.8419 6.35
      vertex 143.19 -59.393 0
    endloop
  endfacet
  facet normal 0.970463 0.241251 0
    outer loop
      vertex 143.053 -58.8419 6.35
      vertex 143.19 -59.393 6.35
      vertex 143.19 -59.393 0
    endloop
  endfacet
  facet normal 0.950809 -0.309778 0
    outer loop
      vertex 143.19 -16.807 0
      vertex 143.366 -16.2668 0
      vertex 143.366 -16.2668 6.35
    endloop
  endfacet
  facet normal 0.950809 -0.309778 0
    outer loop
      vertex 143.19 -16.807 0
      vertex 143.366 -16.2668 6.35
      vertex 143.19 -16.807 6.35
    endloop
  endfacet
  facet normal 0.950809 0.309778 0
    outer loop
      vertex 143.19 -21.293 0
      vertex 143.19 -21.293 6.35
      vertex 143.366 -21.8332 0
    endloop
  endfacet
  facet normal 0.950809 0.309778 0
    outer loop
      vertex 143.19 -21.293 6.35
      vertex 143.366 -21.8332 6.35
      vertex 143.366 -21.8332 0
    endloop
  endfacet
  facet normal 0.950809 -0.309778 0
    outer loop
      vertex 143.19 -54.907 0
      vertex 143.366 -54.3668 0
      vertex 143.366 -54.3668 6.35
    endloop
  endfacet
  facet normal 0.950809 -0.309778 0
    outer loop
      vertex 143.19 -54.907 0
      vertex 143.366 -54.3668 6.35
      vertex 143.19 -54.907 6.35
    endloop
  endfacet
  facet normal 0.950809 0.309778 0
    outer loop
      vertex 143.19 -59.393 0
      vertex 143.19 -59.393 6.35
      vertex 143.366 -59.9332 0
    endloop
  endfacet
  facet normal 0.950809 0.309778 0
    outer loop
      vertex 143.19 -59.393 6.35
      vertex 143.366 -59.9332 6.35
      vertex 143.366 -59.9332 0
    endloop
  endfacet
  facet normal 0.927037 -0.374969 0
    outer loop
      vertex 143.366 -16.2668 0
      vertex 143.579 -15.7402 0
      vertex 143.579 -15.7402 6.35
    endloop
  endfacet
  facet normal 0.927037 -0.374969 0
    outer loop
      vertex 143.366 -16.2668 0
      vertex 143.579 -15.7402 6.35
      vertex 143.366 -16.2668 6.35
    endloop
  endfacet
  facet normal 0.927037 0.374969 0
    outer loop
      vertex 143.366 -21.8332 0
      vertex 143.366 -21.8332 6.35
      vertex 143.579 -22.3598 0
    endloop
  endfacet
  facet normal 0.927037 0.374969 0
    outer loop
      vertex 143.366 -21.8332 6.35
      vertex 143.579 -22.3598 6.35
      vertex 143.579 -22.3598 0
    endloop
  endfacet
  facet normal 0.927037 -0.374969 0
    outer loop
      vertex 143.366 -54.3668 0
      vertex 143.579 -53.8402 0
      vertex 143.579 -53.8402 6.35
    endloop
  endfacet
  facet normal 0.927037 -0.374969 0
    outer loop
      vertex 143.366 -54.3668 0
      vertex 143.579 -53.8402 6.35
      vertex 143.366 -54.3668 6.35
    endloop
  endfacet
  facet normal 0.927037 0.374969 0
    outer loop
      vertex 143.366 -59.9332 0
      vertex 143.366 -59.9332 6.35
      vertex 143.579 -60.4598 0
    endloop
  endfacet
  facet normal 0.927037 0.374969 0
    outer loop
      vertex 143.366 -59.9332 6.35
      vertex 143.579 -60.4598 6.35
      vertex 143.579 -60.4598 0
    endloop
  endfacet
  facet normal 0.899478 -0.436965 0
    outer loop
      vertex 143.579 -15.7402 0
      vertex 143.827 -15.2297 0
      vertex 143.827 -15.2297 6.35
    endloop
  endfacet
  facet normal 0.899478 -0.436965 0
    outer loop
      vertex 143.579 -15.7402 0
      vertex 143.827 -15.2297 6.35
      vertex 143.579 -15.7402 6.35
    endloop
  endfacet
  facet normal 0.899478 0.436965 0
    outer loop
      vertex 143.579 -22.3598 0
      vertex 143.579 -22.3598 6.35
      vertex 143.827 -22.8703 0
    endloop
  endfacet
  facet normal 0 0 -1
    outer loop
      vertex 143.579 -22.3598 0
      vertex 143.827 -22.8703 0
      vertex 143.827 -53.3297 0
    endloop
  endfacet
  facet normal 0.899478 0.436965 0
    outer loop
      vertex 143.579 -22.3598 6.35
      vertex 143.827 -22.8703 6.35
      vertex 143.827 -22.8703 0
    endloop
  endfacet
  facet normal 0 0 1
    outer loop
      vertex 143.579 -22.3598 6.35
      vertex 143.827 -53.3297 6.35
      vertex 143.827 -22.8703 6.35
    endloop
  endfacet
  facet normal 0 0 -1
    outer loop
      vertex 143.579 -53.8402 0
      vertex 143.579 -22.3598 0
      vertex 143.827 -53.3297 0
    endloop
  endfacet
  facet normal 0.899478 -0.436965 0
    outer loop
      vertex 143.579 -53.8402 0
      vertex 143.827 -53.3297 0
      vertex 143.827 -53.3297 6.35
    endloop
  endfacet
  facet normal 0.899478 -0.436965 0
    outer loop
      vertex 143.579 -53.8402 0
      vertex 143.827 -53.3297 6.35
      vertex 143.579 -53.8402 6.35
    endloop
  endfacet
  facet normal 0 0 1
    outer loop
      vertex 143.579 -53.8402 6.35
      vertex 143.827 -53.3297 6.35
      vertex 143.579 -22.3598 6.35
    endloop
  endfacet
  facet normal 0.899478 0.436965 0
    outer loop
      vertex 143.579 -60.4598 0
      vertex 143.579 -60.4598 6.35
      vertex 143.827 -60.9703 0
    endloop
  endfacet
  facet normal 0.899478 0.436965 0
    outer loop
      vertex 143.579 -60.4598 6.35
      vertex 143.827 -60.9703 6.35
      vertex 143.827 -60.9703 0
    endloop
  endfacet
  facet normal 0.866024 -0.500002 0
    outer loop
      vertex 143.827 -15.2297 0
      vertex 144.111 -14.7378 0
      vertex 144.111 -14.7378 6.35
    endloop
  endfacet
  facet normal 0.866024 -0.500002 0
    outer loop
      vertex 143.827 -15.2297 0
      vertex 144.111 -14.7378 6.35
      vertex 143.827 -15.2297 6.35
    endloop
  endfacet
  facet normal 0.866024 0.500002 0
    outer loop
      vertex 143.827 -22.8703 0
      vertex 143.827 -22.8703 6.35
      vertex 144.111 -23.3622 0
    endloop
  endfacet
  facet normal 0 0 -1
    outer loop
      vertex 143.827 -22.8703 0
      vertex 144.111 -23.3622 0
      vertex 144.111 -52.8378 0
    endloop
  endfacet
  facet normal 0.866024 0.500002 0
    outer loop
      vertex 143.827 -22.8703 6.35
      vertex 144.111 -23.3622 6.35
      vertex 144.111 -23.3622 0
    endloop
  endfacet
  facet normal 0 0 1
    outer loop
      vertex 143.827 -22.8703 6.35
      vertex 144.111 -52.8378 6.35
      vertex 144.111 -23.3622 6.35
    endloop
  endfacet
  facet normal 0 0 -1
    outer loop
      vertex 143.827 -53.3297 0
      vertex 143.827 -22.8703 0
      vertex 144.111 -52.8378 0
    endloop
  endfacet
  facet normal 0.866024 -0.500002 0
    outer loop
      vertex 143.827 -53.3297 0
      vertex 144.111 -52.8378 0
      vertex 144.111 -52.8378 6.35
    endloop
  endfacet
  facet normal 0.866024 -0.500002 0
    outer loop
      vertex 143.827 -53.3297 0
      vertex 144.111 -52.8378 6.35
      vertex 143.827 -53.3297 6.35
    endloop
  endfacet
  facet normal 0 0 1
    outer loop
      vertex 143.827 -53.3297 6.35
      vertex 144.111 -52.8378 6.35
      vertex 143.827 -22.8703 6.35
    endloop
  endfacet
  facet normal 0.866024 0.500002 0
    outer loop
      vertex 143.827 -60.9703 0
      vertex 143.827 -60.9703 6.35
      vertex 144.111 -61.4622 0
    endloop
  endfacet
  facet normal 0.866024 0.500002 0
    outer loop
      vertex 143.827 -60.9703 6.35
      vertex 144.111 -61.4622 6.35
      vertex 144.111 -61.4622 0
    endloop
  endfacet
  facet normal 0.828732 -0.559645 0
    outer loop
      vertex 144.111 -14.7378 0
      vertex 144.429 -14.2669 0
      vertex 144.429 -14.2669 6.35
    endloop
  endfacet
  facet normal 0.828732 -0.559645 0
    outer loop
      vertex 144.111 -14.7378 0
      vertex 144.429 -14.2669 6.35
      vertex 144.111 -14.7378 6.35
    endloop
  endfacet
  facet normal 0.828732 0.559645 0
    outer loop
      vertex 144.111 -23.3622 0
      vertex 144.111 -23.3622 6.35
      vertex 144.429 -23.8331 0
    endloop
  endfacet
  facet normal 0 0 -1
    outer loop
      vertex 144.111 -23.3622 0
      vertex 144.429 -23.8331 0
      vertex 144.429 -52.3669 0
    endloop
  endfacet
  facet normal 0.828732 0.559645 0
    outer loop
      vertex 144.111 -23.3622 6.35
      vertex 144.429 -23.8331 6.35
      vertex 144.429 -23.8331 0
    endloop
  endfacet
  facet normal 0 0 1
    outer loop
      vertex 144.111 -23.3622 6.35
      vertex 144.429 -52.3669 6.35
      vertex 144.429 -23.8331 6.35
    endloop
  endfacet
  facet normal 0 0 -1
    outer loop
      vertex 144.111 -52.8378 0
      vertex 144.111 -23.3622 0
      vertex 144.429 -52.3669 0
    endloop
  endfacet
  facet normal 0.828732 -0.559645 0
    outer loop
      vertex 144.111 -52.8378 0
      vertex 144.429 -52.3669 0
      vertex 144.429 -52.3669 6.35
    endloop
  endfacet
  facet normal 0.828732 -0.559645 0
    outer loop
      vertex 144.111 -52.8378 0
      vertex 144.429 -52.3669 6.35
      vertex 144.111 -52.8378 6.35
    endloop
  endfacet
  facet normal 0 0 1
    outer loop
      vertex 144.111 -52.8378 6.35
      vertex 144.429 -52.3669 6.35
      vertex 144.111 -23.3622 6.35
    endloop
  endfacet
  facet normal 0.828732 0.559645 0
    outer loop
      vertex 144.111 -61.4622 0
      vertex 144.111 -61.4622 6.35
      vertex 144.429 -61.9331 0
    endloop
  endfacet
  facet normal 0.828732 0.559645 0
    outer loop
      vertex 144.111 -61.4622 6.35
      vertex 144.429 -61.9331 6.35
      vertex 144.429 -61.9331 0
    endloop
  endfacet
  facet normal 0.787757 -0.615986 0
    outer loop
      vertex 144.429 -14.2669 0
      vertex 144.779 -13.8193 0
      vertex 144.779 -13.8193 6.35
    endloop
  endfacet
  facet normal 0.787757 -0.615986 0
    outer loop
      vertex 144.429 -14.2669 0
      vertex 144.779 -13.8193 6.35
      vertex 144.429 -14.2669 6.35
    endloop
  endfacet
  facet normal 0.787757 0.615986 0
    outer loop
      vertex 144.429 -23.8331 0
      vertex 144.429 -23.8331 6.35
      vertex 144.779 -24.2807 0
    endloop
  endfacet
  facet normal 0 0 -1
    outer loop
      vertex 144.429 -23.8331 0
      vertex 144.779 -24.2807 0
      vertex 144.779 -51.9193 0
    endloop
  endfacet
  facet normal 0.787757 0.615986 0
    outer loop
      vertex 144.429 -23.8331 6.35
      vertex 144.779 -24.2807 6.35
      vertex 144.779 -24.2807 0
    endloop
  endfacet
  facet normal 0 0 1
    outer loop
      vertex 144.429 -23.8331 6.35
      vertex 144.779 -51.9193 6.35
      vertex 144.779 -24.2807 6.35
    endloop
  endfacet
  facet normal 0 0 -1
    outer loop
      vertex 144.429 -52.3669 0
      vertex 144.429 -23.8331 0
      vertex 144.779 -51.9193 0
    endloop
  endfacet
  facet normal 0.787757 -0.615986 0
    outer loop
      vertex 144.429 -52.3669 0
      vertex 144.779 -51.9193 0
      vertex 144.779 -51.9193 6.35
    endloop
  endfacet
  facet normal 0.787757 -0.615986 0
    outer loop
      vertex 144.429 -52.3669 0
      vertex 144.779 -51.9193 6.35
      vertex 144.429 -52.3669 6.35
    endloop
  endfacet
  facet normal 0 0 1
    outer loop
      vertex 144.429 -52.3669 6.35
      vertex 144.779 -51.9193 6.35
      vertex 144.429 -23.8331 6.35
    endloop
  endfacet
  facet normal 0.787757 0.615986 0
    outer loop
      vertex 144.429 -61.9331 0
      vertex 144.429 -61.9331 6.35
      vertex 144.779 -62.3807 0
    endloop
  endfacet
  facet normal 0.787757 0.615986 0
    outer loop
      vertex 144.429 -61.9331 6.35
      vertex 144.779 -62.3807 6.35
      vertex 144.779 -62.3807 0
    endloop
  endfacet
  facet normal 0.743198 -0.669072 0
    outer loop
      vertex 144.779 -13.8193 0
      vertex 145.159 -13.3972 0
      vertex 145.159 -13.3972 6.35
    endloop
  endfacet
  facet normal 0.743198 -0.669072 0
    outer loop
      vertex 144.779 -13.8193 0
      vertex 145.159 -13.3972 6.35
      vertex 144.779 -13.8193 6.35
    endloop
  endfacet
  facet normal 0.743198 0.669072 0
    outer loop
      vertex 144.779 -24.2807 0
      vertex 144.779 -24.2807 6.35
      vertex 145.159 -24.7028 0
    endloop
  endfacet
  facet normal 0 0 -1
    outer loop
      vertex 144.779 -24.2807 0
      vertex 145.159 -24.7028 0
      vertex 145.159 -51.4972 0
    endloop
  endfacet
  facet normal 0.743198 0.669072 0
    outer loop
      vertex 144.779 -24.2807 6.35
      vertex 145.159 -24.7028 6.35
      vertex 145.159 -24.7028 0
    endloop
  endfacet
  facet normal 0 0 1
    outer loop
      vertex 144.779 -24.2807 6.35
      vertex 145.159 -51.4972 6.35
      vertex 145.159 -24.7028 6.35
    endloop
  endfacet
  facet normal 0 0 -1
    outer loop
      vertex 144.779 -51.9193 0
      vertex 144.779 -24.2807 0
      vertex 145.159 -51.4972 0
    endloop
  endfacet
  facet normal 0.743198 -0.669072 0
    outer loop
      vertex 144.779 -51.9193 0
      vertex 145.159 -51.4972 0
      vertex 145.159 -51.4972 6.35
    endloop
  endfacet
  facet normal 0.743198 -0.669072 0
    outer loop
      vertex 144.779 -51.9193 0
      vertex 145.159 -51.4972 6.35
      vertex 144.779 -51.9193 6.35
    endloop
  endfacet
  facet normal 0 0 1
    outer loop
      vertex 144.779 -51.9193 6.35
      vertex 145.159 -51.4972 6.35
      vertex 144.779 -24.2807 6.35
    endloop
  endfacet
  facet normal 0.743198 0.669072 0
    outer loop
      vertex 144.779 -62.3807 0
      vertex 144.779 -62.3807 6.35
      vertex 145.159 -62.8028 0
    endloop
  endfacet
  facet normal 0.743198 0.669072 0
    outer loop
      vertex 144.779 -62.3807 6.35
      vertex 145.159 -62.8028 6.35
      vertex 145.159 -62.8028 0
    endloop
  endfacet
  facet normal 0.695113 -0.7189 0
    outer loop
      vertex 145.159 -13.3972 0
      vertex 145.567 -13.0027 0
      vertex 145.567 -13.0027 6.35
    endloop
  endfacet
  facet normal 0.695113 -0.7189 0
    outer loop
      vertex 145.159 -13.3972 0
      vertex 145.567 -13.0027 6.35
      vertex 145.159 -13.3972 6.35
    endloop
  endfacet
  facet normal 0.695113 0.7189 0
    outer loop
      vertex 145.159 -24.7028 0
      vertex 145.159 -24.7028 6.35
      vertex 145.567 -25.0973 0
    endloop
  endfacet
  facet normal 0 0 -1
    outer loop
      vertex 145.159 -24.7028 0
      vertex 145.567 -25.0973 0
      vertex 145.567 -51.1026 0
    endloop
  endfacet
  facet normal 0.695113 0.7189 0
    outer loop
      vertex 145.159 -24.7028 6.35
      vertex 145.567 -25.0973 6.35
      vertex 145.567 -25.0973 0
    endloop
  endfacet
  facet normal 0 0 1
    outer loop
      vertex 145.159 -24.7028 6.35
      vertex 145.567 -51.1026 6.35
      vertex 145.567 -25.0973 6.35
    endloop
  endfacet
  facet normal 0 0 -1
    outer loop
      vertex 145.159 -51.4972 0
      vertex 145.159 -24.7028 0
      vertex 145.567 -51.1026 0
    endloop
  endfacet
  facet normal 0.695204 -0.718812 0
    outer loop
      vertex 145.159 -51.4972 0
      vertex 145.567 -51.1026 0
      vertex 145.567 -51.1026 6.35
    endloop
  endfacet
  facet normal 0.695204 -0.718812 0
    outer loop
      vertex 145.159 -51.4972 0
      vertex 145.567 -51.1026 6.35
      vertex 145.159 -51.4972 6.35
    endloop
  endfacet
  facet normal 0 0 1
    outer loop
      vertex 145.159 -51.4972 6.35
      vertex 145.567 -51.1026 6.35
      vertex 145.159 -24.7028 6.35
    endloop
  endfacet
  facet normal 0.695113 0.7189 0
    outer loop
      vertex 145.159 -62.8028 0
      vertex 145.159 -62.8028 6.35
      vertex 145.567 -63.1973 0
    endloop
  endfacet
  facet normal 0.695113 0.7189 0
    outer loop
      vertex 145.159 -62.8028 6.35
      vertex 145.567 -63.1973 6.35
      vertex 145.567 -63.1973 0
    endloop
  endfacet
  facet normal 0.642016 -0.766691 0
    outer loop
      vertex 145.567 -13.0027 0
      vertex 146.003 -12.6376 0
      vertex 146.003 -12.6376 6.35
    endloop
  endfacet
  facet normal 0.642016 -0.766691 0
    outer loop
      vertex 145.567 -13.0027 0
      vertex 146.003 -12.6376 6.35
      vertex 145.567 -13.0027 6.35
    endloop
  endfacet
  facet normal 0.642016 0.766691 0
    outer loop
      vertex 145.567 -25.0973 0
      vertex 145.567 -25.0973 6.35
      vertex 146.003 -25.4624 0
    endloop
  endfacet
  facet normal 0 0 -1
    outer loop
      vertex 145.567 -25.0973 0
      vertex 146.003 -25.4624 0
      vertex 146.003 -50.7375 0
    endloop
  endfacet
  facet normal 0.642016 0.766691 0
    outer loop
      vertex 145.567 -25.0973 6.35
      vertex 146.003 -25.4624 6.35
      vertex 146.003 -25.4624 0
    endloop
  endfacet
  facet normal 0 0 1
    outer loop
      vertex 145.567 -25.0973 6.35
      vertex 146.003 -50.7375 6.35
      vertex 146.003 -25.4624 6.35
    endloop
  endfacet
  facet normal 0 0 -1
    outer loop
      vertex 145.567 -51.1026 0
      vertex 145.567 -25.0973 0
      vertex 146.003 -50.7375 0
    endloop
  endfacet
  facet normal 0.642016 -0.766691 0
    outer loop
      vertex 145.567 -51.1026 0
      vertex 146.003 -50.7375 0
      vertex 146.003 -50.7375 6.35
    endloop
  endfacet
  facet normal 0.642016 -0.766691 0
    outer loop
      vertex 145.567 -51.1026 0
      vertex 146.003 -50.7375 6.35
      vertex 145.567 -51.1026 6.35
    endloop
  endfacet
  facet normal 0 0 1
    outer loop
      vertex 145.567 -51.1026 6.35
      vertex 146.003 -50.7375 6.35
      vertex 145.567 -25.0973 6.35
    endloop
  endfacet
  facet normal 0.642016 0.766691 0
    outer loop
      vertex 145.567 -63.1973 0
      vertex 145.567 -63.1973 6.35
      vertex 146.003 -63.5624 0
    endloop
  endfacet
  facet normal 0.642016 0.766691 0
    outer loop
      vertex 145.567 -63.1973 6.35
      vertex 146.003 -63.5624 6.35
      vertex 146.003 -63.5624 0
    endloop
  endfacet
  facet normal 0.588266 -0.808668 0
    outer loop
      vertex 146.003 -12.6376 0
      vertex 146.462 -12.3037 0
      vertex 146.462 -12.3037 6.35
    endloop
  endfacet
  facet normal 0.588266 -0.808668 0
    outer loop
      vertex 146.003 -12.6376 0
      vertex 146.462 -12.3037 6.35
      vertex 146.003 -12.6376 6.35
    endloop
  endfacet
  facet normal 0.588266 0.808668 0
    outer loop
      vertex 146.003 -25.4624 0
      vertex 146.003 -25.4624 6.35
      vertex 146.462 -25.7963 0
    endloop
  endfacet
  facet normal 0 0 -1
    outer loop
      vertex 146.003 -25.4624 0
      vertex 146.462 -25.7963 0
      vertex 146.462 -50.4037 0
    endloop
  endfacet
  facet normal 0.588266 0.808668 0
    outer loop
      vertex 146.003 -25.4624 6.35
      vertex 146.462 -25.7963 6.35
      vertex 146.462 -25.7963 0
    endloop
  endfacet
  facet normal 0 0 1
    outer loop
      vertex 146.003 -25.4624 6.35
      vertex 146.462 -50.4037 6.35
      vertex 146.462 -25.7963 6.35
    endloop
  endfacet
  facet normal 0 0 -1
    outer loop
      vertex 146.003 -50.7375 0
      vertex 146.003 -25.4624 0
      vertex 146.462 -50.4037 0
    endloop
  endfacet
  facet normal 0.588151 -0.808751 0
    outer loop
      vertex 146.003 -50.7375 0
      vertex 146.462 -50.4037 0
      vertex 146.462 -50.4037 6.35
    endloop
  endfacet
  facet normal 0.588151 -0.808751 0
    outer loop
      vertex 146.003 -50.7375 0
      vertex 146.462 -50.4037 6.35
      vertex 146.003 -50.7375 6.35
    endloop
  endfacet
  facet normal 0 0 1
    outer loop
      vertex 146.003 -50.7375 6.35
      vertex 146.462 -50.4037 6.35
      vertex 146.003 -25.4624 6.35
    endloop
  endfacet
  facet normal 0.588266 0.808668 0
    outer loop
      vertex 146.003 -63.5624 0
      vertex 146.003 -63.5624 6.35
      vertex 146.462 -63.8963 0
    endloop
  endfacet
  facet normal 0.588266 0.808668 0
    outer loop
      vertex 146.003 -63.5624 6.35
      vertex 146.462 -63.8963 6.35
      vertex 146.462 -63.8963 0
    endloop
  endfacet
  facet normal 0.529683 -0.848196 0
    outer loop
      vertex 146.462 -12.3037 0
      vertex 146.944 -12.0027 0
      vertex 146.944 -12.0027 6.35
    endloop
  endfacet
  facet normal 0.529683 -0.848196 0
    outer loop
      vertex 146.462 -12.3037 0
      vertex 146.944 -12.0027 6.35
      vertex 146.462 -12.3037 6.35
    endloop
  endfacet
  facet normal 0.529683 0.848196 0
    outer loop
      vertex 146.462 -25.7963 0
      vertex 146.462 -25.7963 6.35
      vertex 146.944 -26.0973 0
    endloop
  endfacet
  facet normal 0 0 -1
    outer loop
      vertex 146.462 -25.7963 0
      vertex 146.944 -26.0973 0
      vertex 146.944 -50.1027 0
    endloop
  endfacet
  facet normal 0.529683 0.848196 0
    outer loop
      vertex 146.462 -25.7963 6.35
      vertex 146.944 -26.0973 6.35
      vertex 146.944 -26.0973 0
    endloop
  endfacet
  facet normal 0 0 1
    outer loop
      vertex 146.462 -25.7963 6.35
      vertex 146.944 -50.1027 6.35
      vertex 146.944 -26.0973 6.35
    endloop
  endfacet
  facet normal 0 0 -1
    outer loop
      vertex 146.462 -50.4037 0
      vertex 146.462 -25.7963 0
      vertex 146.944 -50.1027 0
    endloop
  endfacet
  facet normal 0.529683 -0.848196 0
    outer loop
      vertex 146.462 -50.4037 0
      vertex 146.944 -50.1027 0
      vertex 146.944 -50.1027 6.35
    endloop
  endfacet
  facet normal 0.529683 -0.848196 0
    outer loop
      vertex 146.462 -50.4037 0
      vertex 146.944 -50.1027 6.35
      vertex 146.462 -50.4037 6.35
    endloop
  endfacet
  facet normal 0 0 1
    outer loop
      vertex 146.462 -50.4037 6.35
      vertex 146.944 -50.1027 6.35
      vertex 146.462 -25.7963 6.35
    endloop
  endfacet
  facet normal 0.529683 0.848196 0
    outer loop
      vertex 146.462 -63.8963 0
      vertex 146.462 -63.8963 6.35
      vertex 146.944 -64.1973 0
    endloop
  endfacet
  facet normal 0.529683 0.848196 0
    outer loop
      vertex 146.462 -63.8963 6.35
      vertex 146.944 -64.1973 6.35
      vertex 146.944 -64.1973 0
    endloop
  endfacet
  facet normal 0.469765 -0.882792 0
    outer loop
      vertex 146.944 -12.0027 0
      vertex 147.445 -11.7361 0
      vertex 147.445 -11.7361 6.35
    endloop
  endfacet
  facet normal 0.469765 -0.882792 0
    outer loop
      vertex 146.944 -12.0027 0
      vertex 147.445 -11.7361 6.35
      vertex 146.944 -12.0027 6.35
    endloop
  endfacet
  facet normal 0.469765 0.882792 0
    outer loop
      vertex 146.944 -26.0973 0
      vertex 146.944 -26.0973 6.35
      vertex 147.445 -26.3639 0
    endloop
  endfacet
  facet normal 0 0 -1
    outer loop
      vertex 146.944 -26.0973 0
      vertex 147.445 -26.3639 0
      vertex 147.445 -49.8361 0
    endloop
  endfacet
  facet normal 0.469765 0.882792 0
    outer loop
      vertex 146.944 -26.0973 6.35
      vertex 147.445 -26.3639 6.35
      vertex 147.445 -26.3639 0
    endloop
  endfacet
  facet normal 0 0 1
    outer loop
      vertex 146.944 -26.0973 6.35
      vertex 147.445 -49.8361 6.35
      vertex 147.445 -26.3639 6.35
    endloop
  endfacet
  facet normal 0 0 -1
    outer loop
      vertex 146.944 -50.1027 0
      vertex 146.944 -26.0973 0
      vertex 147.445 -49.8361 0
    endloop
  endfacet
  facet normal 0.469765 -0.882792 0
    outer loop
      vertex 146.944 -50.1027 0
      vertex 147.445 -49.8361 0
      vertex 147.445 -49.8361 6.35
    endloop
  endfacet
  facet normal 0.469765 -0.882792 0
    outer loop
      vertex 146.944 -50.1027 0
      vertex 147.445 -49.8361 6.35
      vertex 146.944 -50.1027 6.35
    endloop
  endfacet
  facet normal 0 0 1
    outer loop
      vertex 146.944 -50.1027 6.35
      vertex 147.445 -49.8361 6.35
      vertex 146.944 -26.0973 6.35
    endloop
  endfacet
  facet normal 0.469765 0.882792 0
    outer loop
      vertex 146.944 -64.1973 0
      vertex 146.944 -64.1973 6.35
      vertex 147.445 -64.4639 0
    endloop
  endfacet
  facet normal 0.469765 0.882792 0
    outer loop
      vertex 146.944 -64.1973 6.35
      vertex 147.445 -64.4639 6.35
      vertex 147.445 -64.4639 0
    endloop
  endfacet
  facet normal 0.406775 -0.913528 0
    outer loop
      vertex 147.445 -11.7361 0
      vertex 147.964 -11.505 0
      vertex 147.964 -11.505 6.35
    endloop
  endfacet
  facet normal 0.406775 -0.913528 0
    outer loop
      vertex 147.445 -11.7361 0
      vertex 147.964 -11.505 6.35
      vertex 147.445 -11.7361 6.35
    endloop
  endfacet
  facet normal 0.406775 0.913528 0
    outer loop
      vertex 147.445 -26.3639 0
      vertex 147.445 -26.3639 6.35
      vertex 147.964 -26.595 0
    endloop
  endfacet
  facet normal 0 0 -1
    outer loop
      vertex 147.445 -26.3639 0
      vertex 147.964 -26.595 0
      vertex 147.964 -49.605 0
    endloop
  endfacet
  facet normal 0.406775 0.913528 0
    outer loop
      vertex 147.445 -26.3639 6.35
      vertex 147.964 -26.595 6.35
      vertex 147.964 -26.595 0
    endloop
  endfacet
  facet normal 0 0 1
    outer loop
      vertex 147.445 -26.3639 6.35
      vertex 147.964 -49.605 6.35
      vertex 147.964 -26.595 6.35
    endloop
  endfacet
  facet normal 0 0 -1
    outer loop
      vertex 147.445 -49.8361 0
      vertex 147.445 -26.3639 0
      vertex 147.964 -49.605 0
    endloop
  endfacet
  facet normal 0.406775 -0.913528 0
    outer loop
      vertex 147.445 -49.8361 0
      vertex 147.964 -49.605 0
      vertex 147.964 -49.605 6.35
    endloop
  endfacet
  facet normal 0.406775 -0.913528 0
    outer loop
      vertex 147.445 -49.8361 0
      vertex 147.964 -49.605 6.35
      vertex 147.445 -49.8361 6.35
    endloop
  endfacet
  facet normal 0 0 1
    outer loop
      vertex 147.445 -49.8361 6.35
      vertex 147.964 -49.605 6.35
      vertex 147.445 -26.3639 6.35
    endloop
  endfacet
  facet normal 0.406628 0.913594 0
    outer loop
      vertex 147.445 -64.4639 0
      vertex 147.445 -64.4639 6.35
      vertex 147.964 -64.6949 0
    endloop
  endfacet
  facet normal 0.406628 0.913594 0
    outer loop
      vertex 147.445 -64.4639 6.35
      vertex 147.964 -64.6949 6.35
      vertex 147.964 -64.6949 0
    endloop
  endfacet
  facet normal 0.341771 -0.939783 0
    outer loop
      vertex 147.964 -11.505 0
      vertex 148.498 -11.3108 0
      vertex 148.498 -11.3108 6.35
    endloop
  endfacet
  facet normal 0.341771 -0.939783 0
    outer loop
      vertex 147.964 -11.505 0
      vertex 148.498 -11.3108 6.35
      vertex 147.964 -11.505 6.35
    endloop
  endfacet
  facet normal 0.341771 0.939783 0
    outer loop
      vertex 147.964 -26.595 0
      vertex 147.964 -26.595 6.35
      vertex 148.498 -26.7892 0
    endloop
  endfacet
  facet normal 0 0 -1
    outer loop
      vertex 147.964 -26.595 0
      vertex 148.498 -26.7892 0
      vertex 148.498 -49.4108 0
    endloop
  endfacet
  facet normal 0.341771 0.939783 0
    outer loop
      vertex 147.964 -26.595 6.35
      vertex 148.498 -26.7892 6.35
      vertex 148.498 -26.7892 0
    endloop
  endfacet
  facet normal 0 0 1
    outer loop
      vertex 147.964 -26.595 6.35
      vertex 148.498 -49.4108 6.35
      vertex 148.498 -26.7892 6.35
    endloop
  endfacet
  facet normal 0 0 -1
    outer loop
      vertex 147.964 -49.605 0
      vertex 147.964 -26.595 0
      vertex 148.498 -49.4108 0
    endloop
  endfacet
  facet normal 0.341771 -0.939783 0
    outer loop
      vertex 147.964 -49.605 0
      vertex 148.498 -49.4108 0
      vertex 148.498 -49.4108 6.35
    endloop
  endfacet
  facet normal 0.341771 -0.939783 0
    outer loop
      vertex 147.964 -49.605 0
      vertex 148.498 -49.4108 6.35
      vertex 147.964 -49.605 6.35
    endloop
  endfacet
  facet normal 0 0 1
    outer loop
      vertex 147.964 -49.605 6.35
      vertex 148.498 -49.4108 6.35
      vertex 147.964 -26.595 6.35
    endloop
  endfacet
  facet normal 0.341927 0.939727 0
    outer loop
      vertex 147.964 -64.6949 0
      vertex 147.964 -64.6949 6.35
      vertex 148.498 -64.8892 0
    endloop
  endfacet
  facet normal 0 0 -1
    outer loop
      vertex 147.964 -64.6949 0
      vertex 148.498 -64.8892 0
      vertex 168.675 -76.2 0
    endloop
  endfacet
  facet normal 0.341927 0.939727 0
    outer loop
      vertex 147.964 -64.6949 6.35
      vertex 148.498 -64.8892 6.35
      vertex 148.498 -64.8892 0
    endloop
  endfacet
  facet normal 0 0 1
    outer loop
      vertex 147.964 -64.6949 6.35
      vertex 168.675 -76.2 6.35
      vertex 148.498 -64.8892 6.35
    endloop
  endfacet
  facet normal 0.275698 -0.961244 0
    outer loop
      vertex 148.498 -11.3108 0
      vertex 149.044 -11.1542 0
      vertex 149.044 -11.1542 6.35
    endloop
  endfacet
  facet normal 0.275698 -0.961244 0
    outer loop
      vertex 148.498 -11.3108 0
      vertex 149.044 -11.1542 6.35
      vertex 148.498 -11.3108 6.35
    endloop
  endfacet
  facet normal 0.275698 0.961244 0
    outer loop
      vertex 148.498 -26.7892 0
      vertex 148.498 -26.7892 6.35
      vertex 149.044 -26.9458 0
    endloop
  endfacet
  facet normal 0 0 -1
    outer loop
      vertex 148.498 -26.7892 0
      vertex 149.044 -26.9458 0
      vertex 149.044 -49.2542 0
    endloop
  endfacet
  facet normal 0.275698 0.961244 0
    outer loop
      vertex 148.498 -26.7892 6.35
      vertex 149.044 -26.9458 6.35
      vertex 149.044 -26.9458 0
    endloop
  endfacet
  facet normal 0 0 1
    outer loop
      vertex 148.498 -26.7892 6.35
      vertex 149.044 -49.2542 6.35
      vertex 149.044 -26.9458 6.35
    endloop
  endfacet
  facet normal 0 0 -1
    outer loop
      vertex 148.498 -49.4108 0
      vertex 148.498 -26.7892 0
      vertex 149.044 -49.2542 0
    endloop
  endfacet
  facet normal 0.275698 -0.961244 0
    outer loop
      vertex 148.498 -49.4108 0
      vertex 149.044 -49.2542 0
      vertex 149.044 -49.2542 6.35
    endloop
  endfacet
  facet normal 0.275698 -0.961244 0
    outer loop
      vertex 148.498 -49.4108 0
      vertex 149.044 -49.2542 6.35
      vertex 148.498 -49.4108 6.35
    endloop
  endfacet
  facet normal 0 0 1
    outer loop
      vertex 148.498 -49.4108 6.35
      vertex 149.044 -49.2542 6.35
      vertex 148.498 -26.7892 6.35
    endloop
  endfacet
  facet normal 0.275698 0.961244 0
    outer loop
      vertex 148.498 -64.8892 0
      vertex 148.498 -64.8892 6.35
      vertex 149.044 -65.0458 0
    endloop
  endfacet
  facet normal 0 0 -1
    outer loop
      vertex 148.498 -64.8892 0
      vertex 149.044 -65.0458 0
      vertex 168.675 -76.2 0
    endloop
  endfacet
  facet normal 0.275698 0.961244 0
    outer loop
      vertex 148.498 -64.8892 6.35
      vertex 149.044 -65.0458 6.35
      vertex 149.044 -65.0458 0
    endloop
  endfacet
  facet normal 0 0 1
    outer loop
      vertex 148.498 -64.8892 6.35
      vertex 168.675 -76.2 6.35
      vertex 149.044 -65.0458 6.35
    endloop
  endfacet
  facet normal 0.208133 -0.978101 0
    outer loop
      vertex 149.044 -11.1542 0
      vertex 149.599 -11.0361 0
      vertex 149.599 -11.0361 6.35
    endloop
  endfacet
  facet normal 0.208133 -0.978101 0
    outer loop
      vertex 149.044 -11.1542 0
      vertex 149.599 -11.0361 6.35
      vertex 149.044 -11.1542 6.35
    endloop
  endfacet
  facet normal 0 0 -1
    outer loop
      vertex 149.044 -11.1542 0
      vertex 168.675 0 0
      vertex 149.599 -11.0361 0
    endloop
  endfacet
  facet normal 0 0 1
    outer loop
      vertex 149.044 -11.1542 6.35
      vertex 149.599 -11.0361 6.35
      vertex 168.675 0 6.35
    endloop
  endfacet
  facet normal 0.208133 0.978101 0
    outer loop
      vertex 149.044 -26.9458 0
      vertex 149.044 -26.9458 6.35
      vertex 149.599 -27.0639 0
    endloop
  endfacet
  facet normal 0 0 -1
    outer loop
      vertex 149.044 -26.9458 0
      vertex 149.599 -27.0639 0
      vertex 149.599 -49.1361 0
    endloop
  endfacet
  facet normal 0.208133 0.978101 0
    outer loop
      vertex 149.044 -26.9458 6.35
      vertex 149.599 -27.0639 6.35
      vertex 149.599 -27.0639 0
    endloop
  endfacet
  facet normal 0 0 1
    outer loop
      vertex 149.044 -26.9458 6.35
      vertex 149.599 -49.1361 6.35
      vertex 149.599 -27.0639 6.35
    endloop
  endfacet
  facet normal 0 0 -1
    outer loop
      vertex 149.044 -49.2542 0
      vertex 149.044 -26.9458 0
      vertex 149.599 -49.1361 0
    endloop
  endfacet
  facet normal 0.208133 -0.978101 0
    outer loop
      vertex 149.044 -49.2542 0
      vertex 149.599 -49.1361 0
      vertex 149.599 -49.1361 6.35
    endloop
  endfacet
  facet normal 0.208133 -0.978101 0
    outer loop
      vertex 149.044 -49.2542 0
      vertex 149.599 -49.1361 6.35
      vertex 149.044 -49.2542 6.35
    endloop
  endfacet
  facet normal 0 0 1
    outer loop
      vertex 149.044 -49.2542 6.35
      vertex 149.599 -49.1361 6.35
      vertex 149.044 -26.9458 6.35
    endloop
  endfacet
  facet normal 0.208133 0.978101 0
    outer loop
      vertex 149.044 -65.0458 0
      vertex 149.044 -65.0458 6.35
      vertex 149.599 -65.1639 0
    endloop
  endfacet
  facet normal 0 0 -1
    outer loop
      vertex 149.044 -65.0458 0
      vertex 149.599 -65.1639 0
      vertex 168.675 -76.2 0
    endloop
  endfacet
  facet normal 0.208133 0.978101 0
    outer loop
      vertex 149.044 -65.0458 6.35
      vertex 149.599 -65.1639 6.35
      vertex 149.599 -65.1639 0
    endloop
  endfacet
  facet normal 0 0 1
    outer loop
      vertex 149.044 -65.0458 6.35
      vertex 168.675 -76.2 6.35
      vertex 149.599 -65.1639 6.35
    endloop
  endfacet
  facet normal 0.138958 -0.990298 0
    outer loop
      vertex 149.599 -11.0361 0
      vertex 150.162 -10.9571 0
      vertex 150.162 -10.9571 6.35
    endloop
  endfacet
  facet normal 0.138958 -0.990298 0
    outer loop
      vertex 149.599 -11.0361 0
      vertex 150.162 -10.9571 6.35
      vertex 149.599 -11.0361 6.35
    endloop
  endfacet
  facet normal 0 0 -1
    outer loop
      vertex 149.599 -11.0361 0
      vertex 168.675 0 0
      vertex 150.162 -10.9571 0
    endloop
  endfacet
  facet normal 0 0 1
    outer loop
      vertex 149.599 -11.0361 6.35
      vertex 150.162 -10.9571 6.35
      vertex 168.675 0 6.35
    endloop
  endfacet
  facet normal 0.138958 0.990298 0
    outer loop
      vertex 149.599 -27.0639 0
      vertex 149.599 -27.0639 6.35
      vertex 150.162 -27.1429 0
    endloop
  endfacet
  facet normal 0 0 -1
    outer loop
      vertex 149.599 -27.0639 0
      vertex 150.162 -27.1429 0
      vertex 150.162 -49.0571 0
    endloop
  endfacet
  facet normal 0.138958 0.990298 0
    outer loop
      vertex 149.599 -27.0639 6.35
      vertex 150.162 -27.1429 6.35
      vertex 150.162 -27.1429 0
    endloop
  endfacet
  facet normal 0 0 1
    outer loop
      vertex 149.599 -27.0639 6.35
      vertex 150.162 -49.0571 6.35
      vertex 150.162 -27.1429 6.35
    endloop
  endfacet
  facet normal 0 0 -1
    outer loop
      vertex 149.599 -49.1361 0
      vertex 149.599 -27.0639 0
      vertex 150.162 -49.0571 0
    endloop
  endfacet
  facet normal 0.138958 -0.990298 0
    outer loop
      vertex 149.599 -49.1361 0
      vertex 150.162 -49.0571 0
      vertex 150.162 -49.0571 6.35
    endloop
  endfacet
  facet normal 0.138958 -0.990298 0
    outer loop
      vertex 149.599 -49.1361 0
      vertex 150.162 -49.0571 6.35
      vertex 149.599 -49.1361 6.35
    endloop
  endfacet
  facet normal 0 0 1
    outer loop
      vertex 149.599 -49.1361 6.35
      vertex 150.162 -49.0571 6.35
      vertex 149.599 -27.0639 6.35
    endloop
  endfacet
  facet normal 0.138958 0.990298 0
    outer loop
      vertex 149.599 -65.1639 0
      vertex 149.599 -65.1639 6.35
      vertex 150.162 -65.2429 0
    endloop
  endfacet
  facet normal 0 0 -1
    outer loop
      vertex 149.599 -65.1639 0
      vertex 150.162 -65.2429 0
      vertex 168.675 -76.2 0
    endloop
  endfacet
  facet normal 0.138958 0.990298 0
    outer loop
      vertex 149.599 -65.1639 6.35
      vertex 150.162 -65.2429 6.35
      vertex 150.162 -65.2429 0
    endloop
  endfacet
  facet normal 0 0 1
    outer loop
      vertex 149.599 -65.1639 6.35
      vertex 168.675 -76.2 6.35
      vertex 150.162 -65.2429 6.35
    endloop
  endfacet
  facet normal 0.694637 -0.719361 0
    outer loop
      vertex 15.0052 -16.665 0
      vertex 16.1312 -15.5777 0
      vertex 15.0052 -16.665 6.35
    endloop
  endfacet
  facet normal 0.694637 -0.719361 0
    outer loop
      vertex 15.0052 -16.665 6.35
      vertex 16.1312 -15.5777 0
      vertex 16.1312 -15.5777 6.35
    endloop
  endfacet
  facet normal 0.0698466 -0.997558 0
    outer loop
      vertex 150.162 -10.9571 0
      vertex 150.729 -10.9174 0
      vertex 150.729 -10.9174 6.35
    endloop
  endfacet
  facet normal 0.0698466 -0.997558 0
    outer loop
      vertex 150.162 -10.9571 0
      vertex 150.729 -10.9174 6.35
      vertex 150.162 -10.9571 6.35
    endloop
  endfacet
  facet normal 0 0 -1
    outer loop
      vertex 150.162 -10.9571 0
      vertex 168.675 0 0
      vertex 150.729 -10.9174 0
    endloop
  endfacet
  facet normal 0 0 1
    outer loop
      vertex 150.162 -10.9571 6.35
      vertex 150.729 -10.9174 6.35
      vertex 168.675 0 6.35
    endloop
  endfacet
  facet normal 0.0696716 0.99757 0
    outer loop
      vertex 150.162 -27.1429 0
      vertex 150.162 -27.1429 6.35
      vertex 150.729 -27.1825 0
    endloop
  endfacet
  facet normal 0.0696716 0.99757 0
    outer loop
      vertex 150.162 -27.1429 6.35
      vertex 150.729 -27.1825 6.35
      vertex 150.729 -27.1825 0
    endloop
  endfacet
  facet normal 0 0 -1
    outer loop
      vertex 150.162 -49.0571 0
      vertex 150.162 -27.1429 0
      vertex 150.729 -27.1825 0
    endloop
  endfacet
  facet normal 0 0 -1
    outer loop
      vertex 150.162 -49.0571 0
      vertex 150.729 -27.1825 0
      vertex 150.729 -49.0175 0
    endloop
  endfacet
  facet normal 0.0696716 -0.99757 0
    outer loop
      vertex 150.162 -49.0571 0
      vertex 150.729 -49.0175 0
      vertex 150.729 -49.0175 6.35
    endloop
  endfacet
  facet normal 0.0696716 -0.99757 0
    outer loop
      vertex 150.162 -49.0571 0
      vertex 150.729 -49.0175 6.35
      vertex 150.162 -49.0571 6.35
    endloop
  endfacet
  facet normal 0 0 1
    outer loop
      vertex 150.162 -49.0571 6.35
      vertex 150.729 -27.1825 6.35
      vertex 150.162 -27.1429 6.35
    endloop
  endfacet
  facet normal 0 0 1
    outer loop
      vertex 150.162 -49.0571 6.35
      vertex 150.729 -49.0175 6.35
      vertex 150.729 -27.1825 6.35
    endloop
  endfacet
  facet normal 0.0696716 0.99757 0
    outer loop
      vertex 150.162 -65.2429 0
      vertex 150.162 -65.2429 6.35
      vertex 150.729 -65.2825 0
    endloop
  endfacet
  facet normal 0 0 -1
    outer loop
      vertex 150.162 -65.2429 0
      vertex 150.729 -65.2825 0
      vertex 168.675 -76.2 0
    endloop
  endfacet
  facet normal 0.0696716 0.99757 0
    outer loop
      vertex 150.162 -65.2429 6.35
      vertex 150.729 -65.2825 6.35
      vertex 150.729 -65.2825 0
    endloop
  endfacet
  facet normal 0 0 1
    outer loop
      vertex 150.162 -65.2429 6.35
      vertex 168.675 -76.2 6.35
      vertex 150.729 -65.2825 6.35
    endloop
  endfacet
  facet normal 0 -1 0
    outer loop
      vertex 150.729 -10.9174 0
      vertex 151.296 -10.9174 0
      vertex 151.296 -10.9174 6.35
    endloop
  endfacet
  facet normal 0 -1 0
    outer loop
      vertex 150.729 -10.9174 0
      vertex 151.296 -10.9174 6.35
      vertex 150.729 -10.9174 6.35
    endloop
  endfacet
  facet normal 0 0 -1
    outer loop
      vertex 150.729 -10.9174 0
      vertex 168.675 0 0
      vertex 151.296 -10.9174 0
    endloop
  endfacet
  facet normal 0 0 1
    outer loop
      vertex 150.729 -10.9174 6.35
      vertex 151.296 -10.9174 6.35
      vertex 168.675 0 6.35
    endloop
  endfacet
  facet normal 0 1 0
    outer loop
      vertex 150.729 -27.1825 0
      vertex 150.729 -27.1825 6.35
      vertex 151.296 -27.1825 0
    endloop
  endfacet
  facet normal 0 0 -1
    outer loop
      vertex 150.729 -27.1825 0
      vertex 151.296 -27.1825 0
      vertex 151.296 -49.0175 0
    endloop
  endfacet
  facet normal 0 1 0
    outer loop
      vertex 150.729 -27.1825 6.35
      vertex 151.296 -27.1825 6.35
      vertex 151.296 -27.1825 0
    endloop
  endfacet
  facet normal 0 0 1
    outer loop
      vertex 150.729 -27.1825 6.35
      vertex 151.296 -49.0175 6.35
      vertex 151.296 -27.1825 6.35
    endloop
  endfacet
  facet normal 0 0 -1
    outer loop
      vertex 150.729 -49.0175 0
      vertex 150.729 -27.1825 0
      vertex 151.296 -49.0175 0
    endloop
  endfacet
  facet normal 0 -1 0
    outer loop
      vertex 150.729 -49.0175 0
      vertex 151.296 -49.0175 0
      vertex 151.296 -49.0175 6.35
    endloop
  endfacet
  facet normal 0 -1 0
    outer loop
      vertex 150.729 -49.0175 0
      vertex 151.296 -49.0175 6.35
      vertex 150.729 -49.0175 6.35
    endloop
  endfacet
  facet normal 0 0 1
    outer loop
      vertex 150.729 -49.0175 6.35
      vertex 151.296 -49.0175 6.35
      vertex 150.729 -27.1825 6.35
    endloop
  endfacet
  facet normal 0 1 0
    outer loop
      vertex 150.729 -65.2825 0
      vertex 150.729 -65.2825 6.35
      vertex 151.296 -65.2825 0
    endloop
  endfacet
  facet normal 0 0 -1
    outer loop
      vertex 150.729 -65.2825 0
      vertex 151.296 -65.2825 0
      vertex 168.675 -76.2 0
    endloop
  endfacet
  facet normal 0 1 0
    outer loop
      vertex 150.729 -65.2825 6.35
      vertex 151.296 -65.2825 6.35
      vertex 151.296 -65.2825 0
    endloop
  endfacet
  facet normal 0 0 1
    outer loop
      vertex 150.729 -65.2825 6.35
      vertex 168.675 -76.2 6.35
      vertex 151.296 -65.2825 6.35
    endloop
  endfacet
  facet normal -0.0698466 -0.997558 0
    outer loop
      vertex 151.296 -10.9174 0
      vertex 151.863 -10.9571 0
      vertex 151.863 -10.9571 6.35
    endloop
  endfacet
  facet normal -0.0698466 -0.997558 0
    outer loop
      vertex 151.296 -10.9174 0
      vertex 151.863 -10.9571 6.35
      vertex 151.296 -10.9174 6.35
    endloop
  endfacet
  facet normal 0 0 -1
    outer loop
      vertex 151.296 -10.9174 0
      vertex 168.675 0 0
      vertex 151.863 -10.9571 0
    endloop
  endfacet
  facet normal 0 0 1
    outer loop
      vertex 151.296 -10.9174 6.35
      vertex 151.863 -10.9571 6.35
      vertex 168.675 0 6.35
    endloop
  endfacet
  facet normal -0.0696716 0.99757 0
    outer loop
      vertex 151.296 -27.1825 0
      vertex 151.296 -27.1825 6.35
      vertex 151.863 -27.1429 0
    endloop
  endfacet
  facet normal 0 0 -1
    outer loop
      vertex 151.296 -27.1825 0
      vertex 151.863 -27.1429 0
      vertex 151.863 -49.0571 0
    endloop
  endfacet
  facet normal -0.0696716 0.99757 0
    outer loop
      vertex 151.296 -27.1825 6.35
      vertex 151.863 -27.1429 6.35
      vertex 151.863 -27.1429 0
    endloop
  endfacet
  facet normal 0 0 1
    outer loop
      vertex 151.296 -27.1825 6.35
      vertex 151.863 -49.0571 6.35
      vertex 151.863 -27.1429 6.35
    endloop
  endfacet
  facet normal 0 0 -1
    outer loop
      vertex 151.296 -49.0175 0
      vertex 151.296 -27.1825 0
      vertex 151.863 -49.0571 0
    endloop
  endfacet
  facet normal -0.0696716 -0.99757 0
    outer loop
      vertex 151.296 -49.0175 0
      vertex 151.863 -49.0571 0
      vertex 151.863 -49.0571 6.35
    endloop
  endfacet
  facet normal -0.0696716 -0.99757 0
    outer loop
      vertex 151.296 -49.0175 0
      vertex 151.863 -49.0571 6.35
      vertex 151.296 -49.0175 6.35
    endloop
  endfacet
  facet normal 0 0 1
    outer loop
      vertex 151.296 -49.0175 6.35
      vertex 151.863 -49.0571 6.35
      vertex 151.296 -27.1825 6.35
    endloop
  endfacet
  facet normal -0.0696716 0.99757 0
    outer loop
      vertex 151.296 -65.2825 0
      vertex 151.296 -65.2825 6.35
      vertex 151.863 -65.2429 0
    endloop
  endfacet
  facet normal 0 0 -1
    outer loop
      vertex 151.296 -65.2825 0
      vertex 151.863 -65.2429 0
      vertex 168.675 -76.2 0
    endloop
  endfacet
  facet normal -0.0696716 0.99757 0
    outer loop
      vertex 151.296 -65.2825 6.35
      vertex 151.863 -65.2429 6.35
      vertex 151.863 -65.2429 0
    endloop
  endfacet
  facet normal 0 0 1
    outer loop
      vertex 151.296 -65.2825 6.35
      vertex 168.675 -76.2 6.35
      vertex 151.863 -65.2429 6.35
    endloop
  endfacet
  facet normal -0.138958 -0.990298 0
    outer loop
      vertex 151.863 -10.9571 0
      vertex 152.426 -11.0361 0
      vertex 152.426 -11.0361 6.35
    endloop
  endfacet
  facet normal -0.138958 -0.990298 0
    outer loop
      vertex 151.863 -10.9571 0
      vertex 152.426 -11.0361 6.35
      vertex 151.863 -10.9571 6.35
    endloop
  endfacet
  facet normal 0 0 -1
    outer loop
      vertex 151.863 -10.9571 0
      vertex 168.675 0 0
      vertex 152.426 -11.0361 0
    endloop
  endfacet
  facet normal 0 0 1
    outer loop
      vertex 151.863 -10.9571 6.35
      vertex 152.426 -11.0361 6.35
      vertex 168.675 0 6.35
    endloop
  endfacet
  facet normal -0.138958 0.990298 0
    outer loop
      vertex 151.863 -27.1429 0
      vertex 151.863 -27.1429 6.35
      vertex 152.426 -27.0639 0
    endloop
  endfacet
  facet normal 0 0 -1
    outer loop
      vertex 151.863 -27.1429 0
      vertex 152.426 -27.0639 0
      vertex 152.426 -49.1361 0
    endloop
  endfacet
  facet normal -0.138958 0.990298 0
    outer loop
      vertex 151.863 -27.1429 6.35
      vertex 152.426 -27.0639 6.35
      vertex 152.426 -27.0639 0
    endloop
  endfacet
  facet normal 0 0 1
    outer loop
      vertex 151.863 -27.1429 6.35
      vertex 152.426 -49.1361 6.35
      vertex 152.426 -27.0639 6.35
    endloop
  endfacet
  facet normal 0 0 -1
    outer loop
      vertex 151.863 -49.0571 0
      vertex 151.863 -27.1429 0
      vertex 152.426 -49.1361 0
    endloop
  endfacet
  facet normal -0.138958 -0.990298 0
    outer loop
      vertex 151.863 -49.0571 0
      vertex 152.426 -49.1361 0
      vertex 152.426 -49.1361 6.35
    endloop
  endfacet
  facet normal -0.138958 -0.990298 0
    outer loop
      vertex 151.863 -49.0571 0
      vertex 152.426 -49.1361 6.35
      vertex 151.863 -49.0571 6.35
    endloop
  endfacet
  facet normal 0 0 1
    outer loop
      vertex 151.863 -49.0571 6.35
      vertex 152.426 -49.1361 6.35
      vertex 151.863 -27.1429 6.35
    endloop
  endfacet
  facet normal -0.138958 0.990298 0
    outer loop
      vertex 151.863 -65.2429 0
      vertex 151.863 -65.2429 6.35
      vertex 152.426 -65.1639 0
    endloop
  endfacet
  facet normal 0 0 -1
    outer loop
      vertex 151.863 -65.2429 0
      vertex 152.426 -65.1639 0
      vertex 168.675 -76.2 0
    endloop
  endfacet
  facet normal -0.138958 0.990298 0
    outer loop
      vertex 151.863 -65.2429 6.35
      vertex 152.426 -65.1639 6.35
      vertex 152.426 -65.1639 0
    endloop
  endfacet
  facet normal 0 0 1
    outer loop
      vertex 151.863 -65.2429 6.35
      vertex 168.675 -76.2 6.35
      vertex 152.426 -65.1639 6.35
    endloop
  endfacet
  facet normal -0.208133 -0.978101 0
    outer loop
      vertex 152.426 -11.0361 0
      vertex 152.981 -11.1542 0
      vertex 152.981 -11.1542 6.35
    endloop
  endfacet
  facet normal -0.208133 -0.978101 0
    outer loop
      vertex 152.426 -11.0361 0
      vertex 152.981 -11.1542 6.35
      vertex 152.426 -11.0361 6.35
    endloop
  endfacet
  facet normal 0 0 -1
    outer loop
      vertex 152.426 -11.0361 0
      vertex 168.675 0 0
      vertex 152.981 -11.1542 0
    endloop
  endfacet
  facet normal 0 0 1
    outer loop
      vertex 152.426 -11.0361 6.35
      vertex 152.981 -11.1542 6.35
      vertex 168.675 0 6.35
    endloop
  endfacet
  facet normal -0.208133 0.978101 0
    outer loop
      vertex 152.426 -27.0639 0
      vertex 152.426 -27.0639 6.35
      vertex 152.981 -26.9458 0
    endloop
  endfacet
  facet normal 0 0 -1
    outer loop
      vertex 152.426 -27.0639 0
      vertex 152.981 -26.9458 0
      vertex 152.981 -49.2542 0
    endloop
  endfacet
  facet normal -0.208133 0.978101 0
    outer loop
      vertex 152.426 -27.0639 6.35
      vertex 152.981 -26.9458 6.35
      vertex 152.981 -26.9458 0
    endloop
  endfacet
  facet normal 0 0 1
    outer loop
      vertex 152.426 -27.0639 6.35
      vertex 152.981 -49.2542 6.35
      vertex 152.981 -26.9458 6.35
    endloop
  endfacet
  facet normal 0 0 -1
    outer loop
      vertex 152.426 -49.1361 0
      vertex 152.426 -27.0639 0
      vertex 152.981 -49.2542 0
    endloop
  endfacet
  facet normal -0.208133 -0.978101 0
    outer loop
      vertex 152.426 -49.1361 0
      vertex 152.981 -49.2542 0
      vertex 152.981 -49.2542 6.35
    endloop
  endfacet
  facet normal -0.208133 -0.978101 0
    outer loop
      vertex 152.426 -49.1361 0
      vertex 152.981 -49.2542 6.35
      vertex 152.426 -49.1361 6.35
    endloop
  endfacet
  facet normal 0 0 1
    outer loop
      vertex 152.426 -49.1361 6.35
      vertex 152.981 -49.2542 6.35
      vertex 152.426 -27.0639 6.35
    endloop
  endfacet
  facet normal -0.208133 0.978101 0
    outer loop
      vertex 152.426 -65.1639 0
      vertex 152.426 -65.1639 6.35
      vertex 152.981 -65.0458 0
    endloop
  endfacet
  facet normal 0 0 -1
    outer loop
      vertex 152.426 -65.1639 0
      vertex 152.981 -65.0458 0
      vertex 168.675 -76.2 0
    endloop
  endfacet
  facet normal -0.208133 0.978101 0
    outer loop
      vertex 152.426 -65.1639 6.35
      vertex 152.981 -65.0458 6.35
      vertex 152.981 -65.0458 0
    endloop
  endfacet
  facet normal 0 0 1
    outer loop
      vertex 152.426 -65.1639 6.35
      vertex 168.675 -76.2 6.35
      vertex 152.981 -65.0458 6.35
    endloop
  endfacet
  facet normal -0.275698 -0.961244 0
    outer loop
      vertex 152.981 -11.1542 0
      vertex 153.527 -11.3108 0
      vertex 153.527 -11.3108 6.35
    endloop
  endfacet
  facet normal -0.275698 -0.961244 0
    outer loop
      vertex 152.981 -11.1542 0
      vertex 153.527 -11.3108 6.35
      vertex 152.981 -11.1542 6.35
    endloop
  endfacet
  facet normal 0 0 -1
    outer loop
      vertex 152.981 -11.1542 0
      vertex 168.675 0 0
      vertex 153.527 -11.3108 0
    endloop
  endfacet
  facet normal 0 0 1
    outer loop
      vertex 152.981 -11.1542 6.35
      vertex 153.527 -11.3108 6.35
      vertex 168.675 0 6.35
    endloop
  endfacet
  facet normal -0.275698 0.961244 0
    outer loop
      vertex 152.981 -26.9458 0
      vertex 152.981 -26.9458 6.35
      vertex 153.527 -26.7892 0
    endloop
  endfacet
  facet normal 0 0 -1
    outer loop
      vertex 152.981 -26.9458 0
      vertex 153.527 -26.7892 0
      vertex 153.527 -49.4108 0
    endloop
  endfacet
  facet normal -0.275698 0.961244 0
    outer loop
      vertex 152.981 -26.9458 6.35
      vertex 153.527 -26.7892 6.35
      vertex 153.527 -26.7892 0
    endloop
  endfacet
  facet normal 0 0 1
    outer loop
      vertex 152.981 -26.9458 6.35
      vertex 153.527 -49.4108 6.35
      vertex 153.527 -26.7892 6.35
    endloop
  endfacet
  facet normal 0 0 -1
    outer loop
      vertex 152.981 -49.2542 0
      vertex 152.981 -26.9458 0
      vertex 153.527 -49.4108 0
    endloop
  endfacet
  facet normal -0.275698 -0.961244 0
    outer loop
      vertex 152.981 -49.2542 0
      vertex 153.527 -49.4108 0
      vertex 153.527 -49.4108 6.35
    endloop
  endfacet
  facet normal -0.275698 -0.961244 0
    outer loop
      vertex 152.981 -49.2542 0
      vertex 153.527 -49.4108 6.35
      vertex 152.981 -49.2542 6.35
    endloop
  endfacet
  facet normal 0 0 1
    outer loop
      vertex 152.981 -49.2542 6.35
      vertex 153.527 -49.4108 6.35
      vertex 152.981 -26.9458 6.35
    endloop
  endfacet
  facet normal -0.275698 0.961244 0
    outer loop
      vertex 152.981 -65.0458 0
      vertex 152.981 -65.0458 6.35
      vertex 153.527 -64.8892 0
    endloop
  endfacet
  facet normal 0 0 -1
    outer loop
      vertex 152.981 -65.0458 0
      vertex 153.527 -64.8892 0
      vertex 168.675 -76.2 0
    endloop
  endfacet
  facet normal -0.275698 0.961244 0
    outer loop
      vertex 152.981 -65.0458 6.35
      vertex 153.527 -64.8892 6.35
      vertex 153.527 -64.8892 0
    endloop
  endfacet
  facet normal 0 0 1
    outer loop
      vertex 152.981 -65.0458 6.35
      vertex 168.675 -76.2 6.35
      vertex 153.527 -64.8892 6.35
    endloop
  endfacet
  facet normal -0.341771 -0.939783 0
    outer loop
      vertex 153.527 -11.3108 0
      vertex 154.061 -11.505 0
      vertex 154.061 -11.505 6.35
    endloop
  endfacet
  facet normal -0.341771 -0.939783 0
    outer loop
      vertex 153.527 -11.3108 0
      vertex 154.061 -11.505 6.35
      vertex 153.527 -11.3108 6.35
    endloop
  endfacet
  facet normal 0 0 -1
    outer loop
      vertex 153.527 -11.3108 0
      vertex 168.675 0 0
      vertex 154.061 -11.505 0
    endloop
  endfacet
  facet normal 0 0 1
    outer loop
      vertex 153.527 -11.3108 6.35
      vertex 154.061 -11.505 6.35
      vertex 168.675 0 6.35
    endloop
  endfacet
  facet normal -0.341771 0.939783 0
    outer loop
      vertex 153.527 -26.7892 0
      vertex 153.527 -26.7892 6.35
      vertex 154.061 -26.595 0
    endloop
  endfacet
  facet normal 0 0 -1
    outer loop
      vertex 153.527 -26.7892 0
      vertex 154.061 -26.595 0
      vertex 154.061 -49.605 0
    endloop
  endfacet
  facet normal -0.341771 0.939783 0
    outer loop
      vertex 153.527 -26.7892 6.35
      vertex 154.061 -26.595 6.35
      vertex 154.061 -26.595 0
    endloop
  endfacet
  facet normal 0 0 1
    outer loop
      vertex 153.527 -26.7892 6.35
      vertex 154.061 -49.605 6.35
      vertex 154.061 -26.595 6.35
    endloop
  endfacet
  facet normal 0 0 -1
    outer loop
      vertex 153.527 -49.4108 0
      vertex 153.527 -26.7892 0
      vertex 154.061 -49.605 0
    endloop
  endfacet
  facet normal -0.341771 -0.939783 0
    outer loop
      vertex 153.527 -49.4108 0
      vertex 154.061 -49.605 0
      vertex 154.061 -49.605 6.35
    endloop
  endfacet
  facet normal -0.341771 -0.939783 0
    outer loop
      vertex 153.527 -49.4108 0
      vertex 154.061 -49.605 6.35
      vertex 153.527 -49.4108 6.35
    endloop
  endfacet
  facet normal 0 0 1
    outer loop
      vertex 153.527 -49.4108 6.35
      vertex 154.061 -49.605 6.35
      vertex 153.527 -26.7892 6.35
    endloop
  endfacet
  facet normal -0.341927 0.939727 0
    outer loop
      vertex 153.527 -64.8892 0
      vertex 153.527 -64.8892 6.35
      vertex 154.061 -64.6949 0
    endloop
  endfacet
  facet normal 0 0 -1
    outer loop
      vertex 153.527 -64.8892 0
      vertex 154.061 -64.6949 0
      vertex 168.675 -76.2 0
    endloop
  endfacet
  facet normal -0.341927 0.939727 0
    outer loop
      vertex 153.527 -64.8892 6.35
      vertex 154.061 -64.6949 6.35
      vertex 154.061 -64.6949 0
    endloop
  endfacet
  facet normal 0 0 1
    outer loop
      vertex 153.527 -64.8892 6.35
      vertex 168.675 -76.2 6.35
      vertex 154.061 -64.6949 6.35
    endloop
  endfacet
  facet normal -0.406775 -0.913528 0
    outer loop
      vertex 154.061 -11.505 0
      vertex 154.58 -11.7361 0
      vertex 154.58 -11.7361 6.35
    endloop
  endfacet
  facet normal -0.406775 -0.913528 0
    outer loop
      vertex 154.061 -11.505 0
      vertex 154.58 -11.7361 6.35
      vertex 154.061 -11.505 6.35
    endloop
  endfacet
  facet normal 0 0 -1
    outer loop
      vertex 154.061 -11.505 0
      vertex 168.675 0 0
      vertex 154.58 -11.7361 0
    endloop
  endfacet
  facet normal 0 0 1
    outer loop
      vertex 154.061 -11.505 6.35
      vertex 154.58 -11.7361 6.35
      vertex 168.675 0 6.35
    endloop
  endfacet
  facet normal -0.406775 0.913528 0
    outer loop
      vertex 154.061 -26.595 0
      vertex 154.061 -26.595 6.35
      vertex 154.58 -26.3639 0
    endloop
  endfacet
  facet normal 0 0 -1
    outer loop
      vertex 154.061 -26.595 0
      vertex 154.58 -26.3639 0
      vertex 154.58 -49.8361 0
    endloop
  endfacet
  facet normal -0.406775 0.913528 0
    outer loop
      vertex 154.061 -26.595 6.35
      vertex 154.58 -26.3639 6.35
      vertex 154.58 -26.3639 0
    endloop
  endfacet
  facet normal 0 0 1
    outer loop
      vertex 154.061 -26.595 6.35
      vertex 154.58 -49.8361 6.35
      vertex 154.58 -26.3639 6.35
    endloop
  endfacet
  facet normal 0 0 -1
    outer loop
      vertex 154.061 -49.605 0
      vertex 154.061 -26.595 0
      vertex 154.58 -49.8361 0
    endloop
  endfacet
  facet normal -0.406775 -0.913528 0
    outer loop
      vertex 154.061 -49.605 0
      vertex 154.58 -49.8361 0
      vertex 154.58 -49.8361 6.35
    endloop
  endfacet
  facet normal -0.406775 -0.913528 0
    outer loop
      vertex 154.061 -49.605 0
      vertex 154.58 -49.8361 6.35
      vertex 154.061 -49.605 6.35
    endloop
  endfacet
  facet normal 0 0 1
    outer loop
      vertex 154.061 -49.605 6.35
      vertex 154.58 -49.8361 6.35
      vertex 154.061 -26.595 6.35
    endloop
  endfacet
  facet normal -0.406628 0.913594 0
    outer loop
      vertex 154.061 -64.6949 0
      vertex 154.061 -64.6949 6.35
      vertex 154.58 -64.4639 0
    endloop
  endfacet
  facet normal 0 0 -1
    outer loop
      vertex 154.061 -64.6949 0
      vertex 154.58 -64.4639 0
      vertex 168.675 -76.2 0
    endloop
  endfacet
  facet normal -0.406628 0.913594 0
    outer loop
      vertex 154.061 -64.6949 6.35
      vertex 154.58 -64.4639 6.35
      vertex 154.58 -64.4639 0
    endloop
  endfacet
  facet normal 0 0 1
    outer loop
      vertex 154.061 -64.6949 6.35
      vertex 168.675 -76.2 6.35
      vertex 154.58 -64.4639 6.35
    endloop
  endfacet
  facet normal -0.469765 -0.882792 0
    outer loop
      vertex 154.58 -11.7361 0
      vertex 155.081 -12.0027 0
      vertex 155.081 -12.0027 6.35
    endloop
  endfacet
  facet normal -0.469765 -0.882792 0
    outer loop
      vertex 154.58 -11.7361 0
      vertex 155.081 -12.0027 6.35
      vertex 154.58 -11.7361 6.35
    endloop
  endfacet
  facet normal 0 0 -1
    outer loop
      vertex 154.58 -11.7361 0
      vertex 168.675 0 0
      vertex 155.081 -12.0027 0
    endloop
  endfacet
  facet normal 0 0 1
    outer loop
      vertex 154.58 -11.7361 6.35
      vertex 155.081 -12.0027 6.35
      vertex 168.675 0 6.35
    endloop
  endfacet
  facet normal -0.469765 0.882792 0
    outer loop
      vertex 154.58 -26.3639 0
      vertex 154.58 -26.3639 6.35
      vertex 155.081 -26.0973 0
    endloop
  endfacet
  facet normal 0 0 -1
    outer loop
      vertex 154.58 -26.3639 0
      vertex 155.081 -26.0973 0
      vertex 155.081 -50.1027 0
    endloop
  endfacet
  facet normal -0.469765 0.882792 0
    outer loop
      vertex 154.58 -26.3639 6.35
      vertex 155.081 -26.0973 6.35
      vertex 155.081 -26.0973 0
    endloop
  endfacet
  facet normal 0 0 1
    outer loop
      vertex 154.58 -26.3639 6.35
      vertex 155.081 -50.1027 6.35
      vertex 155.081 -26.0973 6.35
    endloop
  endfacet
  facet normal 0 0 -1
    outer loop
      vertex 154.58 -49.8361 0
      vertex 154.58 -26.3639 0
      vertex 155.081 -50.1027 0
    endloop
  endfacet
  facet normal -0.469765 -0.882792 0
    outer loop
      vertex 154.58 -49.8361 0
      vertex 155.081 -50.1027 0
      vertex 155.081 -50.1027 6.35
    endloop
  endfacet
  facet normal -0.469765 -0.882792 0
    outer loop
      vertex 154.58 -49.8361 0
      vertex 155.081 -50.1027 6.35
      vertex 154.58 -49.8361 6.35
    endloop
  endfacet
  facet normal 0 0 1
    outer loop
      vertex 154.58 -49.8361 6.35
      vertex 155.081 -50.1027 6.35
      vertex 154.58 -26.3639 6.35
    endloop
  endfacet
  facet normal -0.469765 0.882792 0
    outer loop
      vertex 154.58 -64.4639 0
      vertex 154.58 -64.4639 6.35
      vertex 155.081 -64.1973 0
    endloop
  endfacet
  facet normal 0 0 -1
    outer loop
      vertex 154.58 -64.4639 0
      vertex 155.081 -64.1973 0
      vertex 168.675 -76.2 0
    endloop
  endfacet
  facet normal -0.469765 0.882792 0
    outer loop
      vertex 154.58 -64.4639 6.35
      vertex 155.081 -64.1973 6.35
      vertex 155.081 -64.1973 0
    endloop
  endfacet
  facet normal 0 0 1
    outer loop
      vertex 154.58 -64.4639 6.35
      vertex 168.675 -76.2 6.35
      vertex 155.081 -64.1973 6.35
    endloop
  endfacet
  facet normal -0.529683 -0.848196 0
    outer loop
      vertex 155.081 -12.0027 0
      vertex 155.563 -12.3037 0
      vertex 155.563 -12.3037 6.35
    endloop
  endfacet
  facet normal -0.529683 -0.848196 0
    outer loop
      vertex 155.081 -12.0027 0
      vertex 155.563 -12.3037 6.35
      vertex 155.081 -12.0027 6.35
    endloop
  endfacet
  facet normal 0 0 -1
    outer loop
      vertex 155.081 -12.0027 0
      vertex 168.675 0 0
      vertex 155.563 -12.3037 0
    endloop
  endfacet
  facet normal 0 0 1
    outer loop
      vertex 155.081 -12.0027 6.35
      vertex 155.563 -12.3037 6.35
      vertex 168.675 0 6.35
    endloop
  endfacet
  facet normal -0.529683 0.848196 0
    outer loop
      vertex 155.081 -26.0973 0
      vertex 155.081 -26.0973 6.35
      vertex 155.563 -25.7963 0
    endloop
  endfacet
  facet normal 0 0 -1
    outer loop
      vertex 155.081 -26.0973 0
      vertex 155.563 -25.7963 0
      vertex 155.563 -50.4037 0
    endloop
  endfacet
  facet normal -0.529683 0.848196 0
    outer loop
      vertex 155.081 -26.0973 6.35
      vertex 155.563 -25.7963 6.35
      vertex 155.563 -25.7963 0
    endloop
  endfacet
  facet normal 0 0 1
    outer loop
      vertex 155.081 -26.0973 6.35
      vertex 155.563 -50.4037 6.35
      vertex 155.563 -25.7963 6.35
    endloop
  endfacet
  facet normal 0 0 -1
    outer loop
      vertex 155.081 -50.1027 0
      vertex 155.081 -26.0973 0
      vertex 155.563 -50.4037 0
    endloop
  endfacet
  facet normal -0.529683 -0.848196 0
    outer loop
      vertex 155.081 -50.1027 0
      vertex 155.563 -50.4037 0
      vertex 155.563 -50.4037 6.35
    endloop
  endfacet
  facet normal -0.529683 -0.848196 0
    outer loop
      vertex 155.081 -50.1027 0
      vertex 155.563 -50.4037 6.35
      vertex 155.081 -50.1027 6.35
    endloop
  endfacet
  facet normal 0 0 1
    outer loop
      vertex 155.081 -50.1027 6.35
      vertex 155.563 -50.4037 6.35
      vertex 155.081 -26.0973 6.35
    endloop
  endfacet
  facet normal -0.529683 0.848196 0
    outer loop
      vertex 155.081 -64.1973 0
      vertex 155.081 -64.1973 6.35
      vertex 155.563 -63.8963 0
    endloop
  endfacet
  facet normal 0 0 -1
    outer loop
      vertex 155.081 -64.1973 0
      vertex 155.563 -63.8963 0
      vertex 168.675 -76.2 0
    endloop
  endfacet
  facet normal -0.529683 0.848196 0
    outer loop
      vertex 155.081 -64.1973 6.35
      vertex 155.563 -63.8963 6.35
      vertex 155.563 -63.8963 0
    endloop
  endfacet
  facet normal 0 0 1
    outer loop
      vertex 155.081 -64.1973 6.35
      vertex 168.675 -76.2 6.35
      vertex 155.563 -63.8963 6.35
    endloop
  endfacet
  facet normal -0.588266 -0.808668 0
    outer loop
      vertex 155.563 -12.3037 0
      vertex 156.022 -12.6376 0
      vertex 156.022 -12.6376 6.35
    endloop
  endfacet
  facet normal -0.588266 -0.808668 0
    outer loop
      vertex 155.563 -12.3037 0
      vertex 156.022 -12.6376 6.35
      vertex 155.563 -12.3037 6.35
    endloop
  endfacet
  facet normal 0 0 -1
    outer loop
      vertex 155.563 -12.3037 0
      vertex 168.675 0 0
      vertex 156.022 -12.6376 0
    endloop
  endfacet
  facet normal 0 0 1
    outer loop
      vertex 155.563 -12.3037 6.35
      vertex 156.022 -12.6376 6.35
      vertex 168.675 0 6.35
    endloop
  endfacet
  facet normal -0.588266 0.808668 0
    outer loop
      vertex 155.563 -25.7963 0
      vertex 155.563 -25.7963 6.35
      vertex 156.022 -25.4624 0
    endloop
  endfacet
  facet normal 0 0 -1
    outer loop
      vertex 155.563 -25.7963 0
      vertex 156.022 -25.4624 0
      vertex 156.022 -50.7375 0
    endloop
  endfacet
  facet normal -0.588266 0.808668 0
    outer loop
      vertex 155.563 -25.7963 6.35
      vertex 156.022 -25.4624 6.35
      vertex 156.022 -25.4624 0
    endloop
  endfacet
  facet normal 0 0 1
    outer loop
      vertex 155.563 -25.7963 6.35
      vertex 156.022 -50.7375 6.35
      vertex 156.022 -25.4624 6.35
    endloop
  endfacet
  facet normal 0 0 -1
    outer loop
      vertex 155.563 -50.4037 0
      vertex 155.563 -25.7963 0
      vertex 156.022 -50.7375 0
    endloop
  endfacet
  facet normal -0.588151 -0.808751 0
    outer loop
      vertex 155.563 -50.4037 0
      vertex 156.022 -50.7375 0
      vertex 156.022 -50.7375 6.35
    endloop
  endfacet
  facet normal -0.588151 -0.808751 0
    outer loop
      vertex 155.563 -50.4037 0
      vertex 156.022 -50.7375 6.35
      vertex 155.563 -50.4037 6.35
    endloop
  endfacet
  facet normal 0 0 1
    outer loop
      vertex 155.563 -50.4037 6.35
      vertex 156.022 -50.7375 6.35
      vertex 155.563 -25.7963 6.35
    endloop
  endfacet
  facet normal -0.588266 0.808668 0
    outer loop
      vertex 155.563 -63.8963 0
      vertex 155.563 -63.8963 6.35
      vertex 156.022 -63.5624 0
    endloop
  endfacet
  facet normal 0 0 -1
    outer loop
      vertex 155.563 -63.8963 0
      vertex 156.022 -63.5624 0
      vertex 168.675 -76.2 0
    endloop
  endfacet
  facet normal -0.588266 0.808668 0
    outer loop
      vertex 155.563 -63.8963 6.35
      vertex 156.022 -63.5624 6.35
      vertex 156.022 -63.5624 0
    endloop
  endfacet
  facet normal 0 0 1
    outer loop
      vertex 155.563 -63.8963 6.35
      vertex 168.675 -76.2 6.35
      vertex 156.022 -63.5624 6.35
    endloop
  endfacet
  facet normal -0.642016 -0.766691 0
    outer loop
      vertex 156.022 -12.6376 0
      vertex 156.458 -13.0027 0
      vertex 156.458 -13.0027 6.35
    endloop
  endfacet
  facet normal -0.642016 -0.766691 0
    outer loop
      vertex 156.022 -12.6376 0
      vertex 156.458 -13.0027 6.35
      vertex 156.022 -12.6376 6.35
    endloop
  endfacet
  facet normal 0 0 -1
    outer loop
      vertex 156.022 -12.6376 0
      vertex 168.675 0 0
      vertex 156.458 -13.0027 0
    endloop
  endfacet
  facet normal 0 0 1
    outer loop
      vertex 156.022 -12.6376 6.35
      vertex 156.458 -13.0027 6.35
      vertex 168.675 0 6.35
    endloop
  endfacet
  facet normal -0.642016 0.766691 0
    outer loop
      vertex 156.022 -25.4624 0
      vertex 156.022 -25.4624 6.35
      vertex 156.458 -25.0973 0
    endloop
  endfacet
  facet normal 0 0 -1
    outer loop
      vertex 156.022 -25.4624 0
      vertex 156.458 -25.0973 0
      vertex 156.458 -51.1026 0
    endloop
  endfacet
  facet normal -0.642016 0.766691 0
    outer loop
      vertex 156.022 -25.4624 6.35
      vertex 156.458 -25.0973 6.35
      vertex 156.458 -25.0973 0
    endloop
  endfacet
  facet normal 0 0 1
    outer loop
      vertex 156.022 -25.4624 6.35
      vertex 156.458 -51.1026 6.35
      vertex 156.458 -25.0973 6.35
    endloop
  endfacet
  facet normal 0 0 -1
    outer loop
      vertex 156.022 -50.7375 0
      vertex 156.022 -25.4624 0
      vertex 156.458 -51.1026 0
    endloop
  endfacet
  facet normal -0.642016 -0.766691 0
    outer loop
      vertex 156.022 -50.7375 0
      vertex 156.458 -51.1026 0
      vertex 156.458 -51.1026 6.35
    endloop
  endfacet
  facet normal -0.642016 -0.766691 0
    outer loop
      vertex 156.022 -50.7375 0
      vertex 156.458 -51.1026 6.35
      vertex 156.022 -50.7375 6.35
    endloop
  endfacet
  facet normal 0 0 1
    outer loop
      vertex 156.022 -50.7375 6.35
      vertex 156.458 -51.1026 6.35
      vertex 156.022 -25.4624 6.35
    endloop
  endfacet
  facet normal -0.642016 0.766691 0
    outer loop
      vertex 156.022 -63.5624 0
      vertex 156.022 -63.5624 6.35
      vertex 156.458 -63.1973 0
    endloop
  endfacet
  facet normal 0 0 -1
    outer loop
      vertex 156.022 -63.5624 0
      vertex 156.458 -63.1973 0
      vertex 168.675 -76.2 0
    endloop
  endfacet
  facet normal -0.642016 0.766691 0
    outer loop
      vertex 156.022 -63.5624 6.35
      vertex 156.458 -63.1973 6.35
      vertex 156.458 -63.1973 0
    endloop
  endfacet
  facet normal 0 0 1
    outer loop
      vertex 156.022 -63.5624 6.35
      vertex 168.675 -76.2 6.35
      vertex 156.458 -63.1973 6.35
    endloop
  endfacet
  facet normal -0.695113 -0.7189 0
    outer loop
      vertex 156.458 -13.0027 0
      vertex 156.866 -13.3972 0
      vertex 156.866 -13.3972 6.35
    endloop
  endfacet
  facet normal -0.695113 -0.7189 0
    outer loop
      vertex 156.458 -13.0027 0
      vertex 156.866 -13.3972 6.35
      vertex 156.458 -13.0027 6.35
    endloop
  endfacet
  facet normal 0 0 -1
    outer loop
      vertex 156.458 -13.0027 0
      vertex 168.675 0 0
      vertex 156.866 -13.3972 0
    endloop
  endfacet
  facet normal 0 0 1
    outer loop
      vertex 156.458 -13.0027 6.35
      vertex 156.866 -13.3972 6.35
      vertex 168.675 0 6.35
    endloop
  endfacet
  facet normal -0.695113 0.7189 0
    outer loop
      vertex 156.458 -25.0973 0
      vertex 156.458 -25.0973 6.35
      vertex 156.866 -24.7028 0
    endloop
  endfacet
  facet normal 0 0 -1
    outer loop
      vertex 156.458 -25.0973 0
      vertex 156.866 -24.7028 0
      vertex 156.866 -51.4972 0
    endloop
  endfacet
  facet normal -0.695113 0.7189 0
    outer loop
      vertex 156.458 -25.0973 6.35
      vertex 156.866 -24.7028 6.35
      vertex 156.866 -24.7028 0
    endloop
  endfacet
  facet normal 0 0 1
    outer loop
      vertex 156.458 -25.0973 6.35
      vertex 156.866 -51.4972 6.35
      vertex 156.866 -24.7028 6.35
    endloop
  endfacet
  facet normal 0 0 -1
    outer loop
      vertex 156.458 -51.1026 0
      vertex 156.458 -25.0973 0
      vertex 156.866 -51.4972 0
    endloop
  endfacet
  facet normal -0.695204 -0.718812 0
    outer loop
      vertex 156.458 -51.1026 0
      vertex 156.866 -51.4972 0
      vertex 156.866 -51.4972 6.35
    endloop
  endfacet
  facet normal -0.695204 -0.718812 0
    outer loop
      vertex 156.458 -51.1026 0
      vertex 156.866 -51.4972 6.35
      vertex 156.458 -51.1026 6.35
    endloop
  endfacet
  facet normal 0 0 1
    outer loop
      vertex 156.458 -51.1026 6.35
      vertex 156.866 -51.4972 6.35
      vertex 156.458 -25.0973 6.35
    endloop
  endfacet
  facet normal -0.695113 0.7189 0
    outer loop
      vertex 156.458 -63.1973 0
      vertex 156.458 -63.1973 6.35
      vertex 156.866 -62.8028 0
    endloop
  endfacet
  facet normal 0 0 -1
    outer loop
      vertex 156.458 -63.1973 0
      vertex 156.866 -62.8028 0
      vertex 168.675 -76.2 0
    endloop
  endfacet
  facet normal -0.695113 0.7189 0
    outer loop
      vertex 156.458 -63.1973 6.35
      vertex 156.866 -62.8028 6.35
      vertex 156.866 -62.8028 0
    endloop
  endfacet
  facet normal 0 0 1
    outer loop
      vertex 156.458 -63.1973 6.35
      vertex 168.675 -76.2 6.35
      vertex 156.866 -62.8028 6.35
    endloop
  endfacet
  facet normal -0.743198 -0.669072 0
    outer loop
      vertex 156.866 -13.3972 0
      vertex 157.246 -13.8193 0
      vertex 157.246 -13.8193 6.35
    endloop
  endfacet
  facet normal -0.743198 -0.669072 0
    outer loop
      vertex 156.866 -13.3972 0
      vertex 157.246 -13.8193 6.35
      vertex 156.866 -13.3972 6.35
    endloop
  endfacet
  facet normal 0 0 -1
    outer loop
      vertex 156.866 -13.3972 0
      vertex 168.675 0 0
      vertex 157.246 -13.8193 0
    endloop
  endfacet
  facet normal 0 0 1
    outer loop
      vertex 156.866 -13.3972 6.35
      vertex 157.246 -13.8193 6.35
      vertex 168.675 0 6.35
    endloop
  endfacet
  facet normal -0.743198 0.669072 0
    outer loop
      vertex 156.866 -24.7028 0
      vertex 156.866 -24.7028 6.35
      vertex 157.246 -24.2807 0
    endloop
  endfacet
  facet normal 0 0 -1
    outer loop
      vertex 156.866 -24.7028 0
      vertex 157.246 -24.2807 0
      vertex 157.246 -51.9193 0
    endloop
  endfacet
  facet normal -0.743198 0.669072 0
    outer loop
      vertex 156.866 -24.7028 6.35
      vertex 157.246 -24.2807 6.35
      vertex 157.246 -24.2807 0
    endloop
  endfacet
  facet normal 0 0 1
    outer loop
      vertex 156.866 -24.7028 6.35
      vertex 157.246 -51.9193 6.35
      vertex 157.246 -24.2807 6.35
    endloop
  endfacet
  facet normal 0 0 -1
    outer loop
      vertex 156.866 -51.4972 0
      vertex 156.866 -24.7028 0
      vertex 157.246 -51.9193 0
    endloop
  endfacet
  facet normal -0.743198 -0.669072 0
    outer loop
      vertex 156.866 -51.4972 0
      vertex 157.246 -51.9193 0
      vertex 157.246 -51.9193 6.35
    endloop
  endfacet
  facet normal -0.743198 -0.669072 0
    outer loop
      vertex 156.866 -51.4972 0
      vertex 157.246 -51.9193 6.35
      vertex 156.866 -51.4972 6.35
    endloop
  endfacet
  facet normal 0 0 1
    outer loop
      vertex 156.866 -51.4972 6.35
      vertex 157.246 -51.9193 6.35
      vertex 156.866 -24.7028 6.35
    endloop
  endfacet
  facet normal -0.743198 0.669072 0
    outer loop
      vertex 156.866 -62.8028 0
      vertex 156.866 -62.8028 6.35
      vertex 157.246 -62.3807 0
    endloop
  endfacet
  facet normal 0 0 -1
    outer loop
      vertex 156.866 -62.8028 0
      vertex 157.246 -62.3807 0
      vertex 168.675 -76.2 0
    endloop
  endfacet
  facet normal -0.743198 0.669072 0
    outer loop
      vertex 156.866 -62.8028 6.35
      vertex 157.246 -62.3807 6.35
      vertex 157.246 -62.3807 0
    endloop
  endfacet
  facet normal 0 0 1
    outer loop
      vertex 156.866 -62.8028 6.35
      vertex 168.675 -76.2 6.35
      vertex 157.246 -62.3807 6.35
    endloop
  endfacet
  facet normal -0.787757 -0.615986 0
    outer loop
      vertex 157.246 -13.8193 0
      vertex 157.596 -14.2669 0
      vertex 157.596 -14.2669 6.35
    endloop
  endfacet
  facet normal -0.787757 -0.615986 0
    outer loop
      vertex 157.246 -13.8193 0
      vertex 157.596 -14.2669 6.35
      vertex 157.246 -13.8193 6.35
    endloop
  endfacet
  facet normal 0 0 -1
    outer loop
      vertex 157.246 -13.8193 0
      vertex 168.675 0 0
      vertex 157.596 -14.2669 0
    endloop
  endfacet
  facet normal 0 0 1
    outer loop
      vertex 157.246 -13.8193 6.35
      vertex 157.596 -14.2669 6.35
      vertex 168.675 0 6.35
    endloop
  endfacet
  facet normal -0.787757 0.615986 0
    outer loop
      vertex 157.246 -24.2807 0
      vertex 157.246 -24.2807 6.35
      vertex 157.596 -23.8331 0
    endloop
  endfacet
  facet normal 0 0 -1
    outer loop
      vertex 157.246 -24.2807 0
      vertex 157.596 -23.8331 0
      vertex 157.596 -52.3669 0
    endloop
  endfacet
  facet normal -0.787757 0.615986 0
    outer loop
      vertex 157.246 -24.2807 6.35
      vertex 157.596 -23.8331 6.35
      vertex 157.596 -23.8331 0
    endloop
  endfacet
  facet normal 0 0 1
    outer loop
      vertex 157.246 -24.2807 6.35
      vertex 157.596 -52.3669 6.35
      vertex 157.596 -23.8331 6.35
    endloop
  endfacet
  facet normal 0 0 -1
    outer loop
      vertex 157.246 -51.9193 0
      vertex 157.246 -24.2807 0
      vertex 157.596 -52.3669 0
    endloop
  endfacet
  facet normal -0.787757 -0.615986 0
    outer loop
      vertex 157.246 -51.9193 0
      vertex 157.596 -52.3669 0
      vertex 157.596 -52.3669 6.35
    endloop
  endfacet
  facet normal -0.787757 -0.615986 0
    outer loop
      vertex 157.246 -51.9193 0
      vertex 157.596 -52.3669 6.35
      vertex 157.246 -51.9193 6.35
    endloop
  endfacet
  facet normal 0 0 1
    outer loop
      vertex 157.246 -51.9193 6.35
      vertex 157.596 -52.3669 6.35
      vertex 157.246 -24.2807 6.35
    endloop
  endfacet
  facet normal -0.787757 0.615986 0
    outer loop
      vertex 157.246 -62.3807 0
      vertex 157.246 -62.3807 6.35
      vertex 157.596 -61.9331 0
    endloop
  endfacet
  facet normal 0 0 -1
    outer loop
      vertex 157.246 -62.3807 0
      vertex 157.596 -61.9331 0
      vertex 168.675 -76.2 0
    endloop
  endfacet
  facet normal -0.787757 0.615986 0
    outer loop
      vertex 157.246 -62.3807 6.35
      vertex 157.596 -61.9331 6.35
      vertex 157.596 -61.9331 0
    endloop
  endfacet
  facet normal 0 0 1
    outer loop
      vertex 157.246 -62.3807 6.35
      vertex 168.675 -76.2 6.35
      vertex 157.596 -61.9331 6.35
    endloop
  endfacet
  facet normal -0.829549 -0.558435 0
    outer loop
      vertex 157.596 -14.2669 0
      vertex 157.913 -14.7378 0
      vertex 157.913 -14.7378 6.35
    endloop
  endfacet
  facet normal -0.829549 -0.558435 0
    outer loop
      vertex 157.596 -14.2669 0
      vertex 157.913 -14.7378 6.35
      vertex 157.596 -14.2669 6.35
    endloop
  endfacet
  facet normal 0 0 -1
    outer loop
      vertex 157.596 -14.2669 0
      vertex 168.675 0 0
      vertex 157.913 -14.7378 0
    endloop
  endfacet
  facet normal 0 0 1
    outer loop
      vertex 157.596 -14.2669 6.35
      vertex 157.913 -14.7378 6.35
      vertex 168.675 0 6.35
    endloop
  endfacet
  facet normal -0.829549 0.558435 0
    outer loop
      vertex 157.596 -23.8331 0
      vertex 157.596 -23.8331 6.35
      vertex 157.913 -23.3622 0
    endloop
  endfacet
  facet normal 0 0 -1
    outer loop
      vertex 157.596 -23.8331 0
      vertex 157.913 -23.3622 0
      vertex 157.913 -52.8378 0
    endloop
  endfacet
  facet normal -0.829549 0.558435 0
    outer loop
      vertex 157.596 -23.8331 6.35
      vertex 157.913 -23.3622 6.35
      vertex 157.913 -23.3622 0
    endloop
  endfacet
  facet normal 0 0 1
    outer loop
      vertex 157.596 -23.8331 6.35
      vertex 157.913 -52.8378 6.35
      vertex 157.913 -23.3622 6.35
    endloop
  endfacet
  facet normal 0 0 -1
    outer loop
      vertex 157.596 -52.3669 0
      vertex 157.596 -23.8331 0
      vertex 157.913 -52.8378 0
    endloop
  endfacet
  facet normal -0.829549 -0.558435 0
    outer loop
      vertex 157.596 -52.3669 0
      vertex 157.913 -52.8378 0
      vertex 157.913 -52.8378 6.35
    endloop
  endfacet
  facet normal -0.829549 -0.558435 0
    outer loop
      vertex 157.596 -52.3669 0
      vertex 157.913 -52.8378 6.35
      vertex 157.596 -52.3669 6.35
    endloop
  endfacet
  facet normal 0 0 1
    outer loop
      vertex 157.596 -52.3669 6.35
      vertex 157.913 -52.8378 6.35
      vertex 157.596 -23.8331 6.35
    endloop
  endfacet
  facet normal -0.829549 0.558435 0
    outer loop
      vertex 157.596 -61.9331 0
      vertex 157.596 -61.9331 6.35
      vertex 157.913 -61.4622 0
    endloop
  endfacet
  facet normal 0 0 -1
    outer loop
      vertex 157.596 -61.9331 0
      vertex 157.913 -61.4622 0
      vertex 168.675 -76.2 0
    endloop
  endfacet
  facet normal -0.829549 0.558435 0
    outer loop
      vertex 157.596 -61.9331 6.35
      vertex 157.913 -61.4622 6.35
      vertex 157.913 -61.4622 0
    endloop
  endfacet
  facet normal 0 0 1
    outer loop
      vertex 157.596 -61.9331 6.35
      vertex 168.675 -76.2 6.35
      vertex 157.913 -61.4622 6.35
    endloop
  endfacet
  facet normal -0.866024 -0.500002 0
    outer loop
      vertex 157.913 -14.7378 0
      vertex 158.197 -15.2297 0
      vertex 158.197 -15.2297 6.35
    endloop
  endfacet
  facet normal -0.866024 -0.500002 0
    outer loop
      vertex 157.913 -14.7378 0
      vertex 158.197 -15.2297 6.35
      vertex 157.913 -14.7378 6.35
    endloop
  endfacet
  facet normal 0 0 -1
    outer loop
      vertex 157.913 -14.7378 0
      vertex 168.675 0 0
      vertex 158.197 -15.2297 0
    endloop
  endfacet
  facet normal 0 0 1
    outer loop
      vertex 157.913 -14.7378 6.35
      vertex 158.197 -15.2297 6.35
      vertex 168.675 0 6.35
    endloop
  endfacet
  facet normal -0.866024 0.500002 0
    outer loop
      vertex 157.913 -23.3622 0
      vertex 157.913 -23.3622 6.35
      vertex 158.197 -22.8703 0
    endloop
  endfacet
  facet normal 0 0 -1
    outer loop
      vertex 157.913 -23.3622 0
      vertex 158.197 -22.8703 0
      vertex 158.197 -53.3297 0
    endloop
  endfacet
  facet normal -0.866024 0.500002 0
    outer loop
      vertex 157.913 -23.3622 6.35
      vertex 158.197 -22.8703 6.35
      vertex 158.197 -22.8703 0
    endloop
  endfacet
  facet normal 0 0 1
    outer loop
      vertex 157.913 -23.3622 6.35
      vertex 158.197 -53.3297 6.35
      vertex 158.197 -22.8703 6.35
    endloop
  endfacet
  facet normal 0 0 -1
    outer loop
      vertex 157.913 -52.8378 0
      vertex 157.913 -23.3622 0
      vertex 158.197 -53.3297 0
    endloop
  endfacet
  facet normal -0.866024 -0.500002 0
    outer loop
      vertex 157.913 -52.8378 0
      vertex 158.197 -53.3297 0
      vertex 158.197 -53.3297 6.35
    endloop
  endfacet
  facet normal -0.866024 -0.500002 0
    outer loop
      vertex 157.913 -52.8378 0
      vertex 158.197 -53.3297 6.35
      vertex 157.913 -52.8378 6.35
    endloop
  endfacet
  facet normal 0 0 1
    outer loop
      vertex 157.913 -52.8378 6.35
      vertex 158.197 -53.3297 6.35
      vertex 157.913 -23.3622 6.35
    endloop
  endfacet
  facet normal -0.866024 0.500002 0
    outer loop
      vertex 157.913 -61.4622 0
      vertex 157.913 -61.4622 6.35
      vertex 158.197 -60.9703 0
    endloop
  endfacet
  facet normal 0 0 -1
    outer loop
      vertex 157.913 -61.4622 0
      vertex 158.197 -60.9703 0
      vertex 168.675 -76.2 0
    endloop
  endfacet
  facet normal -0.866024 0.500002 0
    outer loop
      vertex 157.913 -61.4622 6.35
      vertex 158.197 -60.9703 6.35
      vertex 158.197 -60.9703 0
    endloop
  endfacet
  facet normal 0 0 1
    outer loop
      vertex 157.913 -61.4622 6.35
      vertex 168.675 -76.2 6.35
      vertex 158.197 -60.9703 6.35
    endloop
  endfacet
  facet normal -0.898785 -0.438389 0
    outer loop
      vertex 158.197 -15.2297 0
      vertex 158.446 -15.7402 0
      vertex 158.446 -15.7402 6.35
    endloop
  endfacet
  facet normal -0.898785 -0.438389 0
    outer loop
      vertex 158.197 -15.2297 0
      vertex 158.446 -15.7402 6.35
      vertex 158.197 -15.2297 6.35
    endloop
  endfacet
  facet normal 0 0 -1
    outer loop
      vertex 158.197 -15.2297 0
      vertex 168.675 0 0
      vertex 158.446 -15.7402 0
    endloop
  endfacet
  facet normal 0 0 1
    outer loop
      vertex 158.197 -15.2297 6.35
      vertex 158.446 -15.7402 6.35
      vertex 168.675 0 6.35
    endloop
  endfacet
  facet normal -0.898785 0.438389 0
    outer loop
      vertex 158.197 -22.8703 0
      vertex 158.197 -22.8703 6.35
      vertex 158.446 -22.3598 0
    endloop
  endfacet
  facet normal -0.898785 0.438389 0
    outer loop
      vertex 158.197 -22.8703 6.35
      vertex 158.446 -22.3598 6.35
      vertex 158.446 -22.3598 0
    endloop
  endfacet
  facet normal 0 0 -1
    outer loop
      vertex 158.197 -53.3297 0
      vertex 158.197 -22.8703 0
      vertex 158.446 -22.3598 0
    endloop
  endfacet
  facet normal 0 0 -1
    outer loop
      vertex 158.197 -53.3297 0
      vertex 158.446 -22.3598 0
      vertex 158.446 -53.8402 0
    endloop
  endfacet
  facet normal -0.898785 -0.438389 0
    outer loop
      vertex 158.197 -53.3297 0
      vertex 158.446 -53.8402 0
      vertex 158.446 -53.8402 6.35
    endloop
  endfacet
  facet normal -0.898785 -0.438389 0
    outer loop
      vertex 158.197 -53.3297 0
      vertex 158.446 -53.8402 6.35
      vertex 158.197 -53.3297 6.35
    endloop
  endfacet
  facet normal 0 0 1
    outer loop
      vertex 158.197 -53.3297 6.35
      vertex 158.446 -22.3598 6.35
      vertex 158.197 -22.8703 6.35
    endloop
  endfacet
  facet normal 0 0 1
    outer loop
      vertex 158.197 -53.3297 6.35
      vertex 158.446 -53.8402 6.35
      vertex 158.446 -22.3598 6.35
    endloop
  endfacet
  facet normal -0.898785 0.438389 0
    outer loop
      vertex 158.197 -60.9703 0
      vertex 158.197 -60.9703 6.35
      vertex 158.446 -60.4598 0
    endloop
  endfacet
  facet normal 0 0 -1
    outer loop
      vertex 158.197 -60.9703 0
      vertex 158.446 -60.4598 0
      vertex 168.675 -76.2 0
    endloop
  endfacet
  facet normal -0.898785 0.438389 0
    outer loop
      vertex 158.197 -60.9703 6.35
      vertex 158.446 -60.4598 6.35
      vertex 158.446 -60.4598 0
    endloop
  endfacet
  facet normal 0 0 1
    outer loop
      vertex 158.197 -60.9703 6.35
      vertex 168.675 -76.2 6.35
      vertex 158.446 -60.4598 6.35
    endloop
  endfacet
  facet normal -0.927037 -0.374969 0
    outer loop
      vertex 158.446 -15.7402 0
      vertex 158.659 -16.2668 0
      vertex 158.659 -16.2668 6.35
    endloop
  endfacet
  facet normal -0.927037 -0.374969 0
    outer loop
      vertex 158.446 -15.7402 0
      vertex 158.659 -16.2668 6.35
      vertex 158.446 -15.7402 6.35
    endloop
  endfacet
  facet normal 0 0 -1
    outer loop
      vertex 158.446 -15.7402 0
      vertex 168.675 0 0
      vertex 158.659 -16.2668 0
    endloop
  endfacet
  facet normal 0 0 1
    outer loop
      vertex 158.446 -15.7402 6.35
      vertex 158.659 -16.2668 6.35
      vertex 168.675 0 6.35
    endloop
  endfacet
  facet normal -0.927037 0.374969 0
    outer loop
      vertex 158.446 -22.3598 0
      vertex 158.446 -22.3598 6.35
      vertex 158.659 -21.8332 0
    endloop
  endfacet
  facet normal 0 0 -1
    outer loop
      vertex 158.446 -22.3598 0
      vertex 158.659 -21.8332 0
      vertex 158.659 -54.3668 0
    endloop
  endfacet
  facet normal -0.927037 0.374969 0
    outer loop
      vertex 158.446 -22.3598 6.35
      vertex 158.659 -21.8332 6.35
      vertex 158.659 -21.8332 0
    endloop
  endfacet
  facet normal 0 0 1
    outer loop
      vertex 158.446 -22.3598 6.35
      vertex 158.659 -54.3668 6.35
      vertex 158.659 -21.8332 6.35
    endloop
  endfacet
  facet normal 0 0 -1
    outer loop
      vertex 158.446 -53.8402 0
      vertex 158.446 -22.3598 0
      vertex 158.659 -54.3668 0
    endloop
  endfacet
  facet normal -0.927037 -0.374969 0
    outer loop
      vertex 158.446 -53.8402 0
      vertex 158.659 -54.3668 0
      vertex 158.659 -54.3668 6.35
    endloop
  endfacet
  facet normal -0.927037 -0.374969 0
    outer loop
      vertex 158.446 -53.8402 0
      vertex 158.659 -54.3668 6.35
      vertex 158.446 -53.8402 6.35
    endloop
  endfacet
  facet normal 0 0 1
    outer loop
      vertex 158.446 -53.8402 6.35
      vertex 158.659 -54.3668 6.35
      vertex 158.446 -22.3598 6.35
    endloop
  endfacet
  facet normal -0.927037 0.374969 0
    outer loop
      vertex 158.446 -60.4598 0
      vertex 158.446 -60.4598 6.35
      vertex 158.659 -59.9332 0
    endloop
  endfacet
  facet normal 0 0 -1
    outer loop
      vertex 158.446 -60.4598 0
      vertex 158.659 -59.9332 0
      vertex 168.675 -76.2 0
    endloop
  endfacet
  facet normal -0.927037 0.374969 0
    outer loop
      vertex 158.446 -60.4598 6.35
      vertex 158.659 -59.9332 6.35
      vertex 158.659 -59.9332 0
    endloop
  endfacet
  facet normal 0 0 1
    outer loop
      vertex 158.446 -60.4598 6.35
      vertex 168.675 -76.2 6.35
      vertex 158.659 -59.9332 6.35
    endloop
  endfacet
  facet normal -0.950809 -0.309778 0
    outer loop
      vertex 158.659 -16.2668 0
      vertex 158.835 -16.807 0
      vertex 158.835 -16.807 6.35
    endloop
  endfacet
  facet normal -0.950809 -0.309778 0
    outer loop
      vertex 158.659 -16.2668 0
      vertex 158.835 -16.807 6.35
      vertex 158.659 -16.2668 6.35
    endloop
  endfacet
  facet normal 0 0 -1
    outer loop
      vertex 158.659 -16.2668 0
      vertex 168.675 0 0
      vertex 158.835 -16.807 0
    endloop
  endfacet
  facet normal 0 0 1
    outer loop
      vertex 158.659 -16.2668 6.35
      vertex 158.835 -16.807 6.35
      vertex 168.675 0 6.35
    endloop
  endfacet
  facet normal -0.950809 0.309778 0
    outer loop
      vertex 158.659 -21.8332 0
      vertex 158.659 -21.8332 6.35
      vertex 158.835 -21.293 0
    endloop
  endfacet
  facet normal 0 0 -1
    outer loop
      vertex 158.659 -21.8332 0
      vertex 158.835 -21.293 0
      vertex 158.835 -54.907 0
    endloop
  endfacet
  facet normal -0.950809 0.309778 0
    outer loop
      vertex 158.659 -21.8332 6.35
      vertex 158.835 -21.293 6.35
      vertex 158.835 -21.293 0
    endloop
  endfacet
  facet normal 0 0 1
    outer loop
      vertex 158.659 -21.8332 6.35
      vertex 158.835 -54.907 6.35
      vertex 158.835 -21.293 6.35
    endloop
  endfacet
  facet normal 0 0 -1
    outer loop
      vertex 158.659 -54.3668 0
      vertex 158.659 -21.8332 0
      vertex 158.835 -54.907 0
    endloop
  endfacet
  facet normal -0.950809 -0.309778 0
    outer loop
      vertex 158.659 -54.3668 0
      vertex 158.835 -54.907 0
      vertex 158.835 -54.907 6.35
    endloop
  endfacet
  facet normal -0.950809 -0.309778 0
    outer loop
      vertex 158.659 -54.3668 0
      vertex 158.835 -54.907 6.35
      vertex 158.659 -54.3668 6.35
    endloop
  endfacet
  facet normal 0 0 1
    outer loop
      vertex 158.659 -54.3668 6.35
      vertex 158.835 -54.907 6.35
      vertex 158.659 -21.8332 6.35
    endloop
  endfacet
  facet normal -0.950809 0.309778 0
    outer loop
      vertex 158.659 -59.9332 0
      vertex 158.659 -59.9332 6.35
      vertex 158.835 -59.393 0
    endloop
  endfacet
  facet normal 0 0 -1
    outer loop
      vertex 158.659 -59.9332 0
      vertex 158.835 -59.393 0
      vertex 168.675 -76.2 0
    endloop
  endfacet
  facet normal -0.950809 0.309778 0
    outer loop
      vertex 158.659 -59.9332 6.35
      vertex 158.835 -59.393 6.35
      vertex 158.835 -59.393 0
    endloop
  endfacet
  facet normal 0 0 1
    outer loop
      vertex 158.659 -59.9332 6.35
      vertex 168.675 -76.2 6.35
      vertex 158.835 -59.393 6.35
    endloop
  endfacet
  facet normal -0.970463 -0.241251 0
    outer loop
      vertex 158.835 -16.807 0
      vertex 158.972 -17.3581 0
      vertex 158.972 -17.3581 6.35
    endloop
  endfacet
  facet normal -0.970463 -0.241251 0
    outer loop
      vertex 158.835 -16.807 0
      vertex 158.972 -17.3581 6.35
      vertex 158.835 -16.807 6.35
    endloop
  endfacet
  facet normal 0 0 -1
    outer loop
      vertex 158.835 -16.807 0
      vertex 168.675 0 0
      vertex 158.972 -17.3581 0
    endloop
  endfacet
  facet normal 0 0 1
    outer loop
      vertex 158.835 -16.807 6.35
      vertex 158.972 -17.3581 6.35
      vertex 168.675 0 6.35
    endloop
  endfacet
  facet normal -0.970463 0.241251 0
    outer loop
      vertex 158.835 -21.293 0
      vertex 158.835 -21.293 6.35
      vertex 158.972 -20.7419 0
    endloop
  endfacet
  facet normal 0 0 -1
    outer loop
      vertex 158.835 -21.293 0
      vertex 158.972 -20.7419 0
      vertex 168.675 0 0
    endloop
  endfacet
  facet normal -0.970463 0.241251 0
    outer loop
      vertex 158.835 -21.293 6.35
      vertex 158.972 -20.7419 6.35
      vertex 158.972 -20.7419 0
    endloop
  endfacet
  facet normal 0 0 1
    outer loop
      vertex 158.835 -21.293 6.35
      vertex 168.675 0 6.35
      vertex 158.972 -20.7419 6.35
    endloop
  endfacet
  facet normal 0 0 -1
    outer loop
      vertex 158.835 -54.907 0
      vertex 158.835 -21.293 0
      vertex 168.675 0 0
    endloop
  endfacet
  facet normal -0.970463 -0.241251 0
    outer loop
      vertex 158.835 -54.907 0
      vertex 158.972 -55.4581 0
      vertex 158.972 -55.4581 6.35
    endloop
  endfacet
  facet normal -0.970463 -0.241251 0
    outer loop
      vertex 158.835 -54.907 0
      vertex 158.972 -55.4581 6.35
      vertex 158.835 -54.907 6.35
    endloop
  endfacet
  facet normal 0 0 -1
    outer loop
      vertex 158.835 -54.907 0
      vertex 168.675 -76.2 0
      vertex 158.972 -55.4581 0
    endloop
  endfacet
  facet normal 0 0 -1
    outer loop
      vertex 158.835 -54.907 0
      vertex 168.675 0 0
      vertex 168.675 -76.2 0
    endloop
  endfacet
  facet normal 0 0 1
    outer loop
      vertex 158.835 -54.907 6.35
      vertex 158.972 -55.4581 6.35
      vertex 168.675 -76.2 6.35
    endloop
  endfacet
  facet normal 0 0 1
    outer loop
      vertex 158.835 -54.907 6.35
      vertex 168.675 -76.2 6.35
      vertex 168.675 0 6.35
    endloop
  endfacet
  facet normal 0 0 1
    outer loop
      vertex 158.835 -54.907 6.35
      vertex 168.675 0 6.35
      vertex 158.835 -21.293 6.35
    endloop
  endfacet
  facet normal -0.970463 0.241251 0
    outer loop
      vertex 158.835 -59.393 0
      vertex 158.835 -59.393 6.35
      vertex 158.972 -58.8419 0
    endloop
  endfacet
  facet normal 0 0 -1
    outer loop
      vertex 158.835 -59.393 0
      vertex 158.972 -58.8419 0
      vertex 168.675 -76.2 0
    endloop
  endfacet
  facet normal -0.970463 0.241251 0
    outer loop
      vertex 158.835 -59.393 6.35
      vertex 158.972 -58.8419 6.35
      vertex 158.972 -58.8419 0
    endloop
  endfacet
  facet normal 0 0 1
    outer loop
      vertex 158.835 -59.393 6.35
      vertex 168.675 -76.2 6.35
      vertex 158.972 -58.8419 6.35
    endloop
  endfacet
  facet normal -0.984698 -0.174267 0
    outer loop
      vertex 158.972 -17.3581 0
      vertex 159.071 -17.9175 0
      vertex 159.071 -17.9175 6.35
    endloop
  endfacet
  facet normal -0.984698 -0.174267 0
    outer loop
      vertex 158.972 -17.3581 0
      vertex 159.071 -17.9175 6.35
      vertex 158.972 -17.3581 6.35
    endloop
  endfacet
  facet normal 0 0 -1
    outer loop
      vertex 158.972 -17.3581 0
      vertex 168.675 0 0
      vertex 159.071 -17.9175 0
    endloop
  endfacet
  facet normal 0 0 1
    outer loop
      vertex 158.972 -17.3581 6.35
      vertex 159.071 -17.9175 6.35
      vertex 168.675 0 6.35
    endloop
  endfacet
  facet normal -0.984698 0.174267 0
    outer loop
      vertex 158.972 -20.7419 0
      vertex 158.972 -20.7419 6.35
      vertex 159.071 -20.1825 0
    endloop
  endfacet
  facet normal 0 0 -1
    outer loop
      vertex 158.972 -20.7419 0
      vertex 159.071 -20.1825 0
      vertex 168.675 0 0
    endloop
  endfacet
  facet normal -0.984698 0.174267 0
    outer loop
      vertex 158.972 -20.7419 6.35
      vertex 159.071 -20.1825 6.35
      vertex 159.071 -20.1825 0
    endloop
  endfacet
  facet normal 0 0 1
    outer loop
      vertex 158.972 -20.7419 6.35
      vertex 168.675 0 6.35
      vertex 159.071 -20.1825 6.35
    endloop
  endfacet
  facet normal -0.984698 -0.174267 0
    outer loop
      vertex 158.972 -55.4581 0
      vertex 159.071 -56.0175 0
      vertex 159.071 -56.0175 6.35
    endloop
  endfacet
  facet normal -0.984698 -0.174267 0
    outer loop
      vertex 158.972 -55.4581 0
      vertex 159.071 -56.0175 6.35
      vertex 158.972 -55.4581 6.35
    endloop
  endfacet
  facet normal 0 0 -1
    outer loop
      vertex 158.972 -55.4581 0
      vertex 168.675 -76.2 0
      vertex 159.071 -56.0175 0
    endloop
  endfacet
  facet normal 0 0 1
    outer loop
      vertex 158.972 -55.4581 6.35
      vertex 159.071 -56.0175 6.35
      vertex 168.675 -76.2 6.35
    endloop
  endfacet
  facet normal -0.984698 0.174267 0
    outer loop
      vertex 158.972 -58.8419 0
      vertex 158.972 -58.8419 6.35
      vertex 159.071 -58.2825 0
    endloop
  endfacet
  facet normal 0 0 -1
    outer loop
      vertex 158.972 -58.8419 0
      vertex 159.071 -58.2825 0
      vertex 168.675 -76.2 0
    endloop
  endfacet
  facet normal -0.984698 0.174267 0
    outer loop
      vertex 158.972 -58.8419 6.35
      vertex 159.071 -58.2825 6.35
      vertex 159.071 -58.2825 0
    endloop
  endfacet
  facet normal 0 0 1
    outer loop
      vertex 158.972 -58.8419 6.35
      vertex 168.675 -76.2 6.35
      vertex 159.071 -58.2825 6.35
    endloop
  endfacet
  facet normal -0.994588 -0.103896 0
    outer loop
      vertex 159.071 -17.9175 0
      vertex 159.13 -18.4823 0
      vertex 159.13 -18.4823 6.35
    endloop
  endfacet
  facet normal -0.994588 -0.103896 0
    outer loop
      vertex 159.071 -17.9175 0
      vertex 159.13 -18.4823 6.35
      vertex 159.071 -17.9175 6.35
    endloop
  endfacet
  facet normal 0 0 -1
    outer loop
      vertex 159.071 -17.9175 0
      vertex 168.675 0 0
      vertex 159.13 -18.4823 0
    endloop
  endfacet
  facet normal 0 0 1
    outer loop
      vertex 159.071 -17.9175 6.35
      vertex 159.13 -18.4823 6.35
      vertex 168.675 0 6.35
    endloop
  endfacet
  facet normal -0.99459 0.103878 0
    outer loop
      vertex 159.071 -20.1825 0
      vertex 159.071 -20.1825 6.35
      vertex 159.13 -19.6176 0
    endloop
  endfacet
  facet normal 0 0 -1
    outer loop
      vertex 159.071 -20.1825 0
      vertex 159.13 -19.6176 0
      vertex 168.675 0 0
    endloop
  endfacet
  facet normal -0.99459 0.103878 0
    outer loop
      vertex 159.071 -20.1825 6.35
      vertex 159.13 -19.6176 6.35
      vertex 159.13 -19.6176 0
    endloop
  endfacet
  facet normal 0 0 1
    outer loop
      vertex 159.071 -20.1825 6.35
      vertex 168.675 0 6.35
      vertex 159.13 -19.6176 6.35
    endloop
  endfacet
  facet normal -0.99459 -0.103878 0
    outer loop
      vertex 159.071 -56.0175 0
      vertex 159.13 -56.5824 0
      vertex 159.13 -56.5824 6.35
    endloop
  endfacet
  facet normal -0.99459 -0.103878 0
    outer loop
      vertex 159.071 -56.0175 0
      vertex 159.13 -56.5824 6.35
      vertex 159.071 -56.0175 6.35
    endloop
  endfacet
  facet normal 0 0 -1
    outer loop
      vertex 159.071 -56.0175 0
      vertex 168.675 -76.2 0
      vertex 159.13 -56.5824 0
    endloop
  endfacet
  facet normal 0 0 1
    outer loop
      vertex 159.071 -56.0175 6.35
      vertex 159.13 -56.5824 6.35
      vertex 168.675 -76.2 6.35
    endloop
  endfacet
  facet normal -0.99459 0.103878 0
    outer loop
      vertex 159.071 -58.2825 0
      vertex 159.071 -58.2825 6.35
      vertex 159.13 -57.7176 0
    endloop
  endfacet
  facet normal 0 0 -1
    outer loop
      vertex 159.071 -58.2825 0
      vertex 159.13 -57.7176 0
      vertex 168.675 -76.2 0
    endloop
  endfacet
  facet normal -0.99459 0.103878 0
    outer loop
      vertex 159.071 -58.2825 6.35
      vertex 159.13 -57.7176 6.35
      vertex 159.13 -57.7176 0
    endloop
  endfacet
  facet normal 0 0 1
    outer loop
      vertex 159.071 -58.2825 6.35
      vertex 168.675 -76.2 6.35
      vertex 159.13 -57.7176 6.35
    endloop
  endfacet
  facet normal -0.99938 -0.035208 0
    outer loop
      vertex 159.13 -18.4823 0
      vertex 159.15 -19.05 0
      vertex 159.15 -19.05 6.35
    endloop
  endfacet
  facet normal -0.99938 -0.035208 0
    outer loop
      vertex 159.13 -18.4823 0
      vertex 159.15 -19.05 6.35
      vertex 159.13 -18.4823 6.35
    endloop
  endfacet
  facet normal 0 0 -1
    outer loop
      vertex 159.13 -18.4823 0
      vertex 168.675 0 0
      vertex 159.15 -19.05 0
    endloop
  endfacet
  facet normal 0 0 1
    outer loop
      vertex 159.13 -18.4823 6.35
      vertex 159.15 -19.05 6.35
      vertex 168.675 0 6.35
    endloop
  endfacet
  facet normal -0.99938 0.0352142 0
    outer loop
      vertex 159.13 -19.6176 0
      vertex 159.13 -19.6176 6.35
      vertex 159.15 -19.05 0
    endloop
  endfacet
  facet normal 0 0 -1
    outer loop
      vertex 159.13 -19.6176 0
      vertex 159.15 -19.05 0
      vertex 168.675 0 0
    endloop
  endfacet
  facet normal -0.99938 0.0352142 0
    outer loop
      vertex 159.13 -19.6176 6.35
      vertex 159.15 -19.05 6.35
      vertex 159.15 -19.05 0
    endloop
  endfacet
  facet normal 0 0 1
    outer loop
      vertex 159.13 -19.6176 6.35
      vertex 168.675 0 6.35
      vertex 159.15 -19.05 6.35
    endloop
  endfacet
  facet normal -0.99938 -0.0352142 0
    outer loop
      vertex 159.13 -56.5824 0
      vertex 159.15 -57.15 0
      vertex 159.15 -57.15 6.35
    endloop
  endfacet
  facet normal -0.99938 -0.0352142 0
    outer loop
      vertex 159.13 -56.5824 0
      vertex 159.15 -57.15 6.35
      vertex 159.13 -56.5824 6.35
    endloop
  endfacet
  facet normal 0 0 -1
    outer loop
      vertex 159.13 -56.5824 0
      vertex 168.675 -76.2 0
      vertex 159.15 -57.15 0
    endloop
  endfacet
  facet normal 0 0 1
    outer loop
      vertex 159.13 -56.5824 6.35
      vertex 159.15 -57.15 6.35
      vertex 168.675 -76.2 6.35
    endloop
  endfacet
  facet normal -0.99938 0.0352142 0
    outer loop
      vertex 159.13 -57.7176 0
      vertex 159.13 -57.7176 6.35
      vertex 159.15 -57.15 0
    endloop
  endfacet
  facet normal 0 0 -1
    outer loop
      vertex 159.13 -57.7176 0
      vertex 159.15 -57.15 0
      vertex 168.675 -76.2 0
    endloop
  endfacet
  facet normal -0.99938 0.0352142 0
    outer loop
      vertex 159.13 -57.7176 6.35
      vertex 159.15 -57.15 6.35
      vertex 159.15 -57.15 0
    endloop
  endfacet
  facet normal 0 0 1
    outer loop
      vertex 159.13 -57.7176 6.35
      vertex 168.675 -76.2 6.35
      vertex 159.15 -57.15 6.35
    endloop
  endfacet
  facet normal 0.743161 -0.669113 0
    outer loop
      vertex 16.1312 -15.5777 0
      vertex 17.1785 -14.4145 0
      vertex 16.1312 -15.5777 6.35
    endloop
  endfacet
  facet normal 0.743161 -0.669113 0
    outer loop
      vertex 16.1312 -15.5777 6.35
      vertex 17.1785 -14.4145 0
      vertex 17.1785 -14.4145 6.35
    endloop
  endfacet
  facet normal 1 0 0
    outer loop
      vertex 168.675 -76.2 0
      vertex 168.675 0 0
      vertex 168.675 -76.2 6.35
    endloop
  endfacet
  facet normal 1 0 0
    outer loop
      vertex 168.675 -76.2 6.35
      vertex 168.675 0 0
      vertex 168.675 0 6.35
    endloop
  endfacet
  facet normal 0.787991 -0.615686 0
    outer loop
      vertex 17.1785 -14.4145 0
      vertex 18.1422 -13.1811 0
      vertex 17.1785 -14.4145 6.35
    endloop
  endfacet
  facet normal 0.787991 -0.615686 0
    outer loop
      vertex 17.1785 -14.4145 6.35
      vertex 18.1422 -13.1811 0
      vertex 18.1422 -13.1811 6.35
    endloop
  endfacet
  facet normal 0.82904 -0.559189 0
    outer loop
      vertex 18.1422 -13.1811 0
      vertex 19.0175 -11.8834 0
      vertex 18.1422 -13.1811 6.35
    endloop
  endfacet
  facet normal 0.82904 -0.559189 0
    outer loop
      vertex 18.1422 -13.1811 6.35
      vertex 19.0175 -11.8834 0
      vertex 19.0175 -11.8834 6.35
    endloop
  endfacet
  facet normal 0.189682 0.981846 0
    outer loop
      vertex 18.738 112.754 0
      vertex 18.738 112.754 6.35
      vertex 24.582 111.625 6.35
    endloop
  endfacet
  facet normal 0.189682 0.981846 0
    outer loop
      vertex 18.738 112.754 0
      vertex 24.582 111.625 6.35
      vertex 24.582 111.625 0
    endloop
  endfacet
  facet normal 0.866025 -0.500001 0
    outer loop
      vertex 19.0175 -11.8834 0
      vertex 19.8001 -10.5279 0
      vertex 19.0175 -11.8834 6.35
    endloop
  endfacet
  facet normal 0.866025 -0.500001 0
    outer loop
      vertex 19.0175 -11.8834 6.35
      vertex 19.8001 -10.5279 0
      vertex 19.8001 -10.5279 6.35
    endloop
  endfacet
  facet normal 0.898784 -0.438391 0
    outer loop
      vertex 19.8001 -10.5279 0
      vertex 20.4863 -9.12106 0
      vertex 19.8001 -10.5279 6.35
    endloop
  endfacet
  facet normal 0.898784 -0.438391 0
    outer loop
      vertex 19.8001 -10.5279 6.35
      vertex 20.4863 -9.12106 0
      vertex 20.4863 -9.12106 6.35
    endloop
  endfacet
  facet normal -0.168764 0.985656 0
    outer loop
      vertex 2.064 60.4392 0
      vertex 2.064 60.4392 6.35
      vertex 2.93773 60.5888 0
    endloop
  endfacet
  facet normal 0 0 -1
    outer loop
      vertex 2.064 60.4392 0
      vertex 2.93773 60.5888 0
      vertex 7.27733 45.2074 0
    endloop
  endfacet
  facet normal 0 0 -1
    outer loop
      vertex 2.064 60.4392 0
      vertex 6.94177 45.058 0
      vertex 6.61745 44.8855 0
    endloop
  endfacet
  facet normal 0 0 -1
    outer loop
      vertex 2.064 60.4392 0
      vertex 7.27733 45.2074 0
      vertex 6.94177 45.058 0
    endloop
  endfacet
  facet normal -0.168764 0.985656 0
    outer loop
      vertex 2.064 60.4392 6.35
      vertex 2.93773 60.5888 6.35
      vertex 2.93773 60.5888 0
    endloop
  endfacet
  facet normal 0 0 1
    outer loop
      vertex 2.064 60.4392 6.35
      vertex 6.61745 44.8855 6.35
      vertex 6.94177 45.058 6.35
    endloop
  endfacet
  facet normal 0 0 1
    outer loop
      vertex 2.064 60.4392 6.35
      vertex 6.94177 45.058 6.35
      vertex 7.27733 45.2074 6.35
    endloop
  endfacet
  facet normal 0 0 1
    outer loop
      vertex 2.064 60.4392 6.35
      vertex 7.27733 45.2074 6.35
      vertex 2.93773 60.5888 6.35
    endloop
  endfacet
  facet normal -0.178466 -0.983946 0
    outer loop
      vertex 2.18739 85.5917 0
      vertex 3.0596 85.4335 0
      vertex 3.0596 85.4335 6.35
    endloop
  endfacet
  facet normal -0.178466 -0.983946 0
    outer loop
      vertex 2.18739 85.5917 0
      vertex 3.0596 85.4335 6.35
      vertex 2.18739 85.5917 6.35
    endloop
  endfacet
  facet normal 0 0 -1
    outer loop
      vertex 2.18739 85.5917 0
      vertex 6.9136 114.091 0
      vertex 3.0596 85.4335 0
    endloop
  endfacet
  facet normal 0 0 1
    outer loop
      vertex 2.18739 85.5917 6.35
      vertex 3.0596 85.4335 6.35
      vertex 6.9136 114.091 6.35
    endloop
  endfacet
  facet normal -0.207904 0.978149 0
    outer loop
      vertex 2.24005 -12.704 0
      vertex 2.24005 -12.704 6.35
      vertex 3.12079 -12.5168 0
    endloop
  endfacet
  facet normal 0 0 -1
    outer loop
      vertex 2.24005 -12.704 0
      vertex 3.12079 -12.5168 0
      vertex 3.89406 -22.0843 0
    endloop
  endfacet
  facet normal -0.207904 0.978149 0
    outer loop
      vertex 2.24005 -12.704 6.35
      vertex 3.12079 -12.5168 6.35
      vertex 3.12079 -12.5168 0
    endloop
  endfacet
  facet normal 0 0 1
    outer loop
      vertex 2.24005 -12.704 6.35
      vertex 3.89406 -22.0843 6.35
      vertex 3.12079 -12.5168 6.35
    endloop
  endfacet
  facet normal -0.207904 -0.978149 0
    outer loop
      vertex 2.24005 12.704 0
      vertex 3.12079 12.5168 0
      vertex 3.12079 12.5168 6.35
    endloop
  endfacet
  facet normal -0.207904 -0.978149 0
    outer loop
      vertex 2.24005 12.704 0
      vertex 3.12079 12.5168 6.35
      vertex 2.24005 12.704 6.35
    endloop
  endfacet
  facet normal 0 0 -1
    outer loop
      vertex 2.24005 12.704 0
      vertex 7.27733 35.4487 0
      vertex 7.6225 35.3231 0
    endloop
  endfacet
  facet normal 0 0 -1
    outer loop
      vertex 2.24005 12.704 0
      vertex 7.6225 35.3231 0
      vertex 7.97559 35.2219 0
    endloop
  endfacet
  facet normal 0 0 -1
    outer loop
      vertex 2.24005 12.704 0
      vertex 7.97559 35.2219 0
      vertex 3.12079 12.5168 0
    endloop
  endfacet
  facet normal 0 0 1
    outer loop
      vertex 2.24005 12.704 6.35
      vertex 3.12079 12.5168 6.35
      vertex 7.97559 35.2219 6.35
    endloop
  endfacet
  facet normal 0 0 1
    outer loop
      vertex 2.24005 12.704 6.35
      vertex 7.6225 35.3231 6.35
      vertex 7.27733 35.4487 6.35
    endloop
  endfacet
  facet normal 0 0 1
    outer loop
      vertex 2.24005 12.704 6.35
      vertex 7.97559 35.2219 6.35
      vertex 7.6225 35.3231 6.35
    endloop
  endfacet
  facet normal 0.139147 -0.990272 0
    outer loop
      vertex 2.34404 -22.3021 0
      vertex 3.89406 -22.0843 0
      vertex 2.34404 -22.3021 6.35
    endloop
  endfacet
  facet normal 0.139147 -0.990272 0
    outer loop
      vertex 2.34404 -22.3021 6.35
      vertex 3.89406 -22.0843 0
      vertex 3.89406 -22.0843 6.35
    endloop
  endfacet
  facet normal -0.237234 0.971453 0
    outer loop
      vertex 2.93773 60.5888 0
      vertex 2.93773 60.5888 6.35
      vertex 3.79889 60.7991 0
    endloop
  endfacet
  facet normal 0 0 -1
    outer loop
      vertex 2.93773 60.5888 0
      vertex 3.79889 60.7991 0
      vertex 7.6225 45.333 0
    endloop
  endfacet
  facet normal 0 0 -1
    outer loop
      vertex 2.93773 60.5888 0
      vertex 7.6225 45.333 0
      vertex 7.27733 45.2074 0
    endloop
  endfacet
  facet normal -0.237234 0.971453 0
    outer loop
      vertex 2.93773 60.5888 6.35
      vertex 3.79889 60.7991 6.35
      vertex 3.79889 60.7991 0
    endloop
  endfacet
  facet normal 0 0 1
    outer loop
      vertex 2.93773 60.5888 6.35
      vertex 7.27733 45.2074 6.35
      vertex 7.6225 45.333 6.35
    endloop
  endfacet
  facet normal 0 0 1
    outer loop
      vertex 2.93773 60.5888 6.35
      vertex 7.6225 45.333 6.35
      vertex 3.79889 60.7991 6.35
    endloop
  endfacet
  facet normal 0.927194 -0.374581 0
    outer loop
      vertex 20.4863 -9.12106 0
      vertex 21.0726 -7.6698 0
      vertex 20.4863 -9.12106 6.35
    endloop
  endfacet
  facet normal 0.927194 -0.374581 0
    outer loop
      vertex 20.4863 -9.12106 6.35
      vertex 21.0726 -7.6698 0
      vertex 21.0726 -7.6698 6.35
    endloop
  endfacet
  facet normal 0.951054 -0.309026 0
    outer loop
      vertex 21.0726 -7.6698 0
      vertex 21.5563 -6.18117 0
      vertex 21.0726 -7.6698 6.35
    endloop
  endfacet
  facet normal 0.951054 -0.309026 0
    outer loop
      vertex 21.0726 -7.6698 6.35
      vertex 21.5563 -6.18117 0
      vertex 21.5563 -6.18117 6.35
    endloop
  endfacet
  facet normal 0.970291 -0.24194 0
    outer loop
      vertex 21.5563 -6.18117 0
      vertex 21.935 -4.66241 0
      vertex 21.5563 -6.18117 6.35
    endloop
  endfacet
  facet normal 0.970291 -0.24194 0
    outer loop
      vertex 21.5563 -6.18117 6.35
      vertex 21.935 -4.66241 0
      vertex 21.935 -4.66241 6.35
    endloop
  endfacet
  facet normal 0.984808 -0.173649 0
    outer loop
      vertex 21.935 -4.66241 0
      vertex 22.2068 -3.12096 0
      vertex 21.935 -4.66241 6.35
    endloop
  endfacet
  facet normal 0.984808 -0.173649 0
    outer loop
      vertex 21.935 -4.66241 6.35
      vertex 22.2068 -3.12096 0
      vertex 22.2068 -3.12096 6.35
    endloop
  endfacet
  facet normal 0.994523 -0.10452 0
    outer loop
      vertex 22.2068 -3.12096 0
      vertex 22.3704 -1.56429 0
      vertex 22.2068 -3.12096 6.35
    endloop
  endfacet
  facet normal 0.994523 -0.10452 0
    outer loop
      vertex 22.2068 -3.12096 6.35
      vertex 22.3704 -1.56429 0
      vertex 22.3704 -1.56429 6.35
    endloop
  endfacet
  facet normal 0.999391 -0.0348828 0
    outer loop
      vertex 22.3704 -1.56429 0
      vertex 22.425 0 0
      vertex 22.3704 -1.56429 6.35
    endloop
  endfacet
  facet normal 0.999391 -0.0348828 0
    outer loop
      vertex 22.3704 -1.56429 6.35
      vertex 22.425 0 0
      vertex 22.425 0 6.35
    endloop
  endfacet
  facet normal 0 0 -1
    outer loop
      vertex 22.425 0 0
      vertex 34.6237 10.999 0
      vertex 34.6366 10.6319 0
    endloop
  endfacet
  facet normal 0 0 -1
    outer loop
      vertex 22.425 0 0
      vertex 34.6366 10.6319 0
      vertex 34.675 10.2666 0
    endloop
  endfacet
  facet normal 0 0 -1
    outer loop
      vertex 22.425 0 0
      vertex 34.6366 11.3661 0
      vertex 34.6237 10.999 0
    endloop
  endfacet
  facet normal 0 0 -1
    outer loop
      vertex 22.425 0 0
      vertex 34.675 10.2666 0
      vertex 34.7387 9.90485 0
    endloop
  endfacet
  facet normal 0 0 -1
    outer loop
      vertex 22.425 0 0
      vertex 34.7387 9.90485 0
      vertex 34.8276 9.54843 0
    endloop
  endfacet
  facet normal 0 0 -1
    outer loop
      vertex 22.425 0 0
      vertex 34.8276 9.54843 0
      vertex 34.9411 9.1991 0
    endloop
  endfacet
  facet normal 0 0 -1
    outer loop
      vertex 22.425 0 0
      vertex 34.9411 9.1991 0
      vertex 35.0787 8.85852 0
    endloop
  endfacet
  facet normal 0 0 -1
    outer loop
      vertex 22.425 0 0
      vertex 35.0787 8.85852 0
      vertex 35.2397 8.52838 0
    endloop
  endfacet
  facet normal 0 0 -1
    outer loop
      vertex 22.425 0 0
      vertex 35.2397 8.52838 0
      vertex 35.4234 8.21028 0
    endloop
  endfacet
  facet normal 0 0 -1
    outer loop
      vertex 22.425 0 0
      vertex 35.4234 8.21028 0
      vertex 35.6288 7.90576 0
    endloop
  endfacet
  facet normal 0 0 -1
    outer loop
      vertex 22.425 0 0
      vertex 35.6288 7.90576 0
      vertex 35.8549 7.6163 0
    endloop
  endfacet
  facet normal 0 0 -1
    outer loop
      vertex 22.425 0 0
      vertex 35.8549 7.6163 0
      vertex 36.1007 7.34334 0
    endloop
  endfacet
  facet normal 0 0 -1
    outer loop
      vertex 22.425 0 0
      vertex 36.1007 7.34334 0
      vertex 36.3649 7.08818 0
    endloop
  endfacet
  facet normal 0 0 -1
    outer loop
      vertex 22.425 0 0
      vertex 36.3649 7.08818 0
      vertex 36.6463 6.85207 0
    endloop
  endfacet
  facet normal 0 0 -1
    outer loop
      vertex 22.425 0 0
      vertex 36.6463 6.85207 0
      vertex 36.9435 6.63617 0
    endloop
  endfacet
  facet normal 0 0 -1
    outer loop
      vertex 22.425 0 0
      vertex 36.9435 6.63617 0
      vertex 37.255 6.44153 0
    endloop
  endfacet
  facet normal 0 0 -1
    outer loop
      vertex 22.425 0 0
      vertex 37.255 6.44153 0
      vertex 37.5793 6.26907 0
    endloop
  endfacet
  facet normal 0 0 -1
    outer loop
      vertex 22.425 0 0
      vertex 37.5793 6.26907 0
      vertex 37.9149 6.11967 0
    endloop
  endfacet
  facet normal 0 0 -1
    outer loop
      vertex 22.425 0 0
      vertex 37.9149 6.11967 0
      vertex 38.26 5.99405 0
    endloop
  endfacet
  facet normal 0 0 -1
    outer loop
      vertex 22.425 0 0
      vertex 38.26 5.99405 0
      vertex 38.6131 5.89279 0
    endloop
  endfacet
  facet normal 0 0 -1
    outer loop
      vertex 22.425 0 0
      vertex 38.6131 5.89279 0
      vertex 38.9724 5.81642 0
    endloop
  endfacet
  facet normal 0 0 -1
    outer loop
      vertex 22.425 0 0
      vertex 38.9724 5.81642 0
      vertex 39.3362 5.7653 0
    endloop
  endfacet
  facet normal 0 0 -1
    outer loop
      vertex 22.425 0 0
      vertex 39.3362 5.7653 0
      vertex 39.7026 5.73969 0
    endloop
  endfacet
  facet normal 0 0 -1
    outer loop
      vertex 22.425 0 0
      vertex 39.7026 5.73969 0
      vertex 40.0699 5.73969 0
    endloop
  endfacet
  facet normal 0 0 -1
    outer loop
      vertex 22.425 0 0
      vertex 40.0699 5.73969 0
      vertex 58.0571 0 0
    endloop
  endfacet
  facet normal 0 -1 0
    outer loop
      vertex 22.425 0 0
      vertex 58.0571 0 0
      vertex 22.425 0 6.35
    endloop
  endfacet
  facet normal 0 0 1
    outer loop
      vertex 22.425 0 6.35
      vertex 34.6237 10.999 6.35
      vertex 34.6366 11.3661 6.35
    endloop
  endfacet
  facet normal 0 0 1
    outer loop
      vertex 22.425 0 6.35
      vertex 34.6366 10.6319 6.35
      vertex 34.6237 10.999 6.35
    endloop
  endfacet
  facet normal 0 0 1
    outer loop
      vertex 22.425 0 6.35
      vertex 34.675 10.2666 6.35
      vertex 34.6366 10.6319 6.35
    endloop
  endfacet
  facet normal 0 0 1
    outer loop
      vertex 22.425 0 6.35
      vertex 34.7387 9.90485 6.35
      vertex 34.675 10.2666 6.35
    endloop
  endfacet
  facet normal 0 0 1
    outer loop
      vertex 22.425 0 6.35
      vertex 34.8276 9.54843 6.35
      vertex 34.7387 9.90485 6.35
    endloop
  endfacet
  facet normal 0 0 1
    outer loop
      vertex 22.425 0 6.35
      vertex 34.9411 9.1991 6.35
      vertex 34.8276 9.54843 6.35
    endloop
  endfacet
  facet normal 0 0 1
    outer loop
      vertex 22.425 0 6.35
      vertex 35.0787 8.85852 6.35
      vertex 34.9411 9.1991 6.35
    endloop
  endfacet
  facet normal 0 0 1
    outer loop
      vertex 22.425 0 6.35
      vertex 35.2397 8.52838 6.35
      vertex 35.0787 8.85852 6.35
    endloop
  endfacet
  facet normal 0 0 1
    outer loop
      vertex 22.425 0 6.35
      vertex 35.4234 8.21028 6.35
      vertex 35.2397 8.52838 6.35
    endloop
  endfacet
  facet normal 0 0 1
    outer loop
      vertex 22.425 0 6.35
      vertex 35.6288 7.90576 6.35
      vertex 35.4234 8.21028 6.35
    endloop
  endfacet
  facet normal 0 0 1
    outer loop
      vertex 22.425 0 6.35
      vertex 35.8549 7.6163 6.35
      vertex 35.6288 7.90576 6.35
    endloop
  endfacet
  facet normal 0 0 1
    outer loop
      vertex 22.425 0 6.35
      vertex 36.1007 7.34334 6.35
      vertex 35.8549 7.6163 6.35
    endloop
  endfacet
  facet normal 0 0 1
    outer loop
      vertex 22.425 0 6.35
      vertex 36.3649 7.08818 6.35
      vertex 36.1007 7.34334 6.35
    endloop
  endfacet
  facet normal 0 0 1
    outer loop
      vertex 22.425 0 6.35
      vertex 36.6463 6.85207 6.35
      vertex 36.3649 7.08818 6.35
    endloop
  endfacet
  facet normal 0 0 1
    outer loop
      vertex 22.425 0 6.35
      vertex 36.9435 6.63617 6.35
      vertex 36.6463 6.85207 6.35
    endloop
  endfacet
  facet normal 0 0 1
    outer loop
      vertex 22.425 0 6.35
      vertex 37.255 6.44153 6.35
      vertex 36.9435 6.63617 6.35
    endloop
  endfacet
  facet normal 0 0 1
    outer loop
      vertex 22.425 0 6.35
      vertex 37.5793 6.26907 6.35
      vertex 37.255 6.44153 6.35
    endloop
  endfacet
  facet normal 0 0 1
    outer loop
      vertex 22.425 0 6.35
      vertex 37.9149 6.11967 6.35
      vertex 37.5793 6.26907 6.35
    endloop
  endfacet
  facet normal 0 0 1
    outer loop
      vertex 22.425 0 6.35
      vertex 38.26 5.99405 6.35
      vertex 37.9149 6.11967 6.35
    endloop
  endfacet
  facet normal 0 0 1
    outer loop
      vertex 22.425 0 6.35
      vertex 38.6131 5.89279 6.35
      vertex 38.26 5.99405 6.35
    endloop
  endfacet
  facet normal 0 0 1
    outer loop
      vertex 22.425 0 6.35
      vertex 38.9724 5.81642 6.35
      vertex 38.6131 5.89279 6.35
    endloop
  endfacet
  facet normal 0 0 1
    outer loop
      vertex 22.425 0 6.35
      vertex 39.3362 5.7653 6.35
      vertex 38.9724 5.81642 6.35
    endloop
  endfacet
  facet normal 0 0 1
    outer loop
      vertex 22.425 0 6.35
      vertex 39.7026 5.73969 6.35
      vertex 39.3362 5.7653 6.35
    endloop
  endfacet
  facet normal 0 0 1
    outer loop
      vertex 22.425 0 6.35
      vertex 40.0699 5.73969 6.35
      vertex 39.7026 5.73969 6.35
    endloop
  endfacet
  facet normal 0 -1 0
    outer loop
      vertex 22.425 0 6.35
      vertex 58.0571 0 0
      vertex 58.0571 0 6.35
    endloop
  endfacet
  facet normal 0 0 1
    outer loop
      vertex 22.425 0 6.35
      vertex 58.0571 0 6.35
      vertex 40.0699 5.73969 6.35
    endloop
  endfacet
  facet normal 0.999383 0.0351186 0
    outer loop
      vertex 23.3488 29.8878 0
      vertex 23.3488 29.8878 6.35
      vertex 23.3617 29.5207 0
    endloop
  endfacet
  facet normal 0.999383 -0.0351186 0
    outer loop
      vertex 23.3488 29.8878 0
      vertex 23.3617 30.2549 0
      vertex 23.3617 30.2549 6.35
    endloop
  endfacet
  facet normal 0.999383 -0.0351186 0
    outer loop
      vertex 23.3488 29.8878 0
      vertex 23.3617 30.2549 6.35
      vertex 23.3488 29.8878 6.35
    endloop
  endfacet
  facet normal 0.999383 0.0351186 0
    outer loop
      vertex 23.3488 29.8878 6.35
      vertex 23.3617 29.5207 6.35
      vertex 23.3617 29.5207 0
    endloop
  endfacet
  facet normal 0.99452 0.104543 0
    outer loop
      vertex 23.3617 29.5207 0
      vertex 23.3617 29.5207 6.35
      vertex 23.4001 29.1554 0
    endloop
  endfacet
  facet normal 0.99452 0.104543 0
    outer loop
      vertex 23.3617 29.5207 6.35
      vertex 23.4001 29.1554 6.35
      vertex 23.4001 29.1554 0
    endloop
  endfacet
  facet normal 0.99452 -0.104543 0
    outer loop
      vertex 23.3617 30.2549 0
      vertex 23.4001 30.6202 0
      vertex 23.4001 30.6202 6.35
    endloop
  endfacet
  facet normal 0.99452 -0.104543 0
    outer loop
      vertex 23.3617 30.2549 0
      vertex 23.4001 30.6202 6.35
      vertex 23.3617 30.2549 6.35
    endloop
  endfacet
  facet normal 0.984844 0.173444 0
    outer loop
      vertex 23.4001 29.1554 0
      vertex 23.4001 29.1554 6.35
      vertex 23.4638 28.7937 0
    endloop
  endfacet
  facet normal 0.984844 0.173444 0
    outer loop
      vertex 23.4001 29.1554 6.35
      vertex 23.4638 28.7937 6.35
      vertex 23.4638 28.7937 0
    endloop
  endfacet
  facet normal 0.984844 -0.173444 0
    outer loop
      vertex 23.4001 30.6202 0
      vertex 23.4638 30.9819 0
      vertex 23.4638 30.9819 6.35
    endloop
  endfacet
  facet normal 0.984844 -0.173444 0
    outer loop
      vertex 23.4001 30.6202 0
      vertex 23.4638 30.9819 6.35
      vertex 23.4001 30.6202 6.35
    endloop
  endfacet
  facet normal 0.97027 0.242023 0
    outer loop
      vertex 23.4638 28.7937 0
      vertex 23.4638 28.7937 6.35
      vertex 23.5527 28.4373 0
    endloop
  endfacet
  facet normal 0.97027 0.242023 0
    outer loop
      vertex 23.4638 28.7937 6.35
      vertex 23.5527 28.4373 6.35
      vertex 23.5527 28.4373 0
    endloop
  endfacet
  facet normal 0.97027 -0.242023 0
    outer loop
      vertex 23.4638 30.9819 0
      vertex 23.5527 31.3383 0
      vertex 23.5527 31.3383 6.35
    endloop
  endfacet
  facet normal 0.97027 -0.242023 0
    outer loop
      vertex 23.4638 30.9819 0
      vertex 23.5527 31.3383 6.35
      vertex 23.4638 30.9819 6.35
    endloop
  endfacet
  facet normal 0.951078 0.308951 0
    outer loop
      vertex 23.5527 28.4373 0
      vertex 23.5527 28.4373 6.35
      vertex 23.6662 28.0879 0
    endloop
  endfacet
  facet normal 0.951078 0.308951 0
    outer loop
      vertex 23.5527 28.4373 6.35
      vertex 23.6662 28.0879 6.35
      vertex 23.6662 28.0879 0
    endloop
  endfacet
  facet normal 0.951078 -0.308951 0
    outer loop
      vertex 23.5527 31.3383 0
      vertex 23.6662 31.6877 0
      vertex 23.6662 31.6877 6.35
    endloop
  endfacet
  facet normal 0.951078 -0.308951 0
    outer loop
      vertex 23.5527 31.3383 0
      vertex 23.6662 31.6877 6.35
      vertex 23.5527 31.3383 6.35
    endloop
  endfacet
  facet normal 0.927195 0.37458 0
    outer loop
      vertex 23.6662 28.0879 0
      vertex 23.6662 28.0879 6.35
      vertex 23.8038 27.7473 0
    endloop
  endfacet
  facet normal 0.927195 0.37458 0
    outer loop
      vertex 23.6662 28.0879 6.35
      vertex 23.8038 27.7473 6.35
      vertex 23.8038 27.7473 0
    endloop
  endfacet
  facet normal 0.927195 -0.37458 0
    outer loop
      vertex 23.6662 31.6877 0
      vertex 23.8038 32.0283 0
      vertex 23.8038 32.0283 6.35
    endloop
  endfacet
  facet normal 0.927195 -0.37458 0
    outer loop
      vertex 23.6662 31.6877 0
      vertex 23.8038 32.0283 6.35
      vertex 23.6662 31.6877 6.35
    endloop
  endfacet
  facet normal 0.898795 0.43837 0
    outer loop
      vertex 23.8038 27.7473 0
      vertex 23.8038 27.7473 6.35
      vertex 23.9648 27.4172 0
    endloop
  endfacet
  facet normal 0.898795 0.43837 0
    outer loop
      vertex 23.8038 27.7473 6.35
      vertex 23.9648 27.4172 6.35
      vertex 23.9648 27.4172 0
    endloop
  endfacet
  facet normal 0.898795 -0.43837 0
    outer loop
      vertex 23.8038 32.0283 0
      vertex 23.9648 32.3584 0
      vertex 23.9648 32.3584 6.35
    endloop
  endfacet
  facet normal 0.898795 -0.43837 0
    outer loop
      vertex 23.8038 32.0283 0
      vertex 23.9648 32.3584 6.35
      vertex 23.8038 32.0283 6.35
    endloop
  endfacet
  facet normal 0.865972 0.500092 0
    outer loop
      vertex 23.9648 27.4172 0
      vertex 23.9648 27.4172 6.35
      vertex 24.1485 27.0991 0
    endloop
  endfacet
  facet normal 0.865972 0.500092 0
    outer loop
      vertex 23.9648 27.4172 6.35
      vertex 24.1485 27.0991 6.35
      vertex 24.1485 27.0991 0
    endloop
  endfacet
  facet normal 0.865972 -0.500092 0
    outer loop
      vertex 23.9648 32.3584 0
      vertex 24.1485 32.6765 0
      vertex 24.1485 32.6765 6.35
    endloop
  endfacet
  facet normal 0.865972 -0.500092 0
    outer loop
      vertex 23.9648 32.3584 0
      vertex 24.1485 32.6765 6.35
      vertex 23.9648 32.3584 6.35
    endloop
  endfacet
  facet normal 0.829022 0.559216 0
    outer loop
      vertex 24.1485 27.0991 0
      vertex 24.1485 27.0991 6.35
      vertex 24.3539 26.7946 0
    endloop
  endfacet
  facet normal 0.829022 0.559216 0
    outer loop
      vertex 24.1485 27.0991 6.35
      vertex 24.3539 26.7946 6.35
      vertex 24.3539 26.7946 0
    endloop
  endfacet
  facet normal 0.829022 -0.559216 0
    outer loop
      vertex 24.1485 32.6765 0
      vertex 24.3539 32.981 0
      vertex 24.3539 32.981 6.35
    endloop
  endfacet
  facet normal 0.829022 -0.559216 0
    outer loop
      vertex 24.1485 32.6765 0
      vertex 24.3539 32.981 6.35
      vertex 24.1485 32.6765 6.35
    endloop
  endfacet
  facet normal 0.788119 0.615523 0
    outer loop
      vertex 24.3539 26.7946 0
      vertex 24.3539 26.7946 6.35
      vertex 24.58 26.5051 0
    endloop
  endfacet
  facet normal 0.788119 0.615523 0
    outer loop
      vertex 24.3539 26.7946 6.35
      vertex 24.58 26.5051 6.35
      vertex 24.58 26.5051 0
    endloop
  endfacet
  facet normal 0.788119 -0.615523 0
    outer loop
      vertex 24.3539 32.981 0
      vertex 24.58 33.2705 0
      vertex 24.58 33.2705 6.35
    endloop
  endfacet
  facet normal 0.788119 -0.615523 0
    outer loop
      vertex 24.3539 32.981 0
      vertex 24.58 33.2705 6.35
      vertex 24.3539 32.981 6.35
    endloop
  endfacet
  facet normal 0.743037 0.66925 0
    outer loop
      vertex 24.58 26.5051 0
      vertex 24.58 26.5051 6.35
      vertex 24.8258 26.2322 0
    endloop
  endfacet
  facet normal 0.743037 0.66925 0
    outer loop
      vertex 24.58 26.5051 6.35
      vertex 24.8258 26.2322 6.35
      vertex 24.8258 26.2322 0
    endloop
  endfacet
  facet normal 0.743037 -0.66925 0
    outer loop
      vertex 24.58 33.2705 0
      vertex 24.8258 33.5434 0
      vertex 24.8258 33.5434 6.35
    endloop
  endfacet
  facet normal 0.743037 -0.66925 0
    outer loop
      vertex 24.58 33.2705 0
      vertex 24.8258 33.5434 6.35
      vertex 24.58 33.2705 6.35
    endloop
  endfacet
  facet normal 0.240428 0.970667 0
    outer loop
      vertex 24.582 111.625 0
      vertex 24.582 111.625 6.35
      vertex 30.3593 110.194 6.35
    endloop
  endfacet
  facet normal 0.240428 0.970667 0
    outer loop
      vertex 24.582 111.625 0
      vertex 30.3593 110.194 6.35
      vertex 30.3593 110.194 0
    endloop
  endfacet
  facet normal 0.69475 0.719251 0
    outer loop
      vertex 24.8258 26.2322 0
      vertex 24.8258 26.2322 6.35
      vertex 25.09 25.977 0
    endloop
  endfacet
  facet normal 0.69475 0.719251 0
    outer loop
      vertex 24.8258 26.2322 6.35
      vertex 25.09 25.977 6.35
      vertex 25.09 25.977 0
    endloop
  endfacet
  facet normal 0.69475 -0.719251 0
    outer loop
      vertex 24.8258 33.5434 0
      vertex 25.09 33.7986 0
      vertex 25.09 33.7986 6.35
    endloop
  endfacet
  facet normal 0.69475 -0.719251 0
    outer loop
      vertex 24.8258 33.5434 0
      vertex 25.09 33.7986 6.35
      vertex 24.8258 33.5434 6.35
    endloop
  endfacet
  facet normal 0.642751 0.766075 0
    outer loop
      vertex 25.09 25.977 0
      vertex 25.09 25.977 6.35
      vertex 25.3714 25.7409 0
    endloop
  endfacet
  facet normal 0.642751 0.766075 0
    outer loop
      vertex 25.09 25.977 6.35
      vertex 25.3714 25.7409 6.35
      vertex 25.3714 25.7409 0
    endloop
  endfacet
  facet normal 0.642751 -0.766075 0
    outer loop
      vertex 25.09 33.7986 0
      vertex 25.3714 34.0347 0
      vertex 25.3714 34.0347 6.35
    endloop
  endfacet
  facet normal 0.642751 -0.766075 0
    outer loop
      vertex 25.09 33.7986 0
      vertex 25.3714 34.0347 6.35
      vertex 25.09 33.7986 6.35
    endloop
  endfacet
  facet normal 0.587735 0.809054 0
    outer loop
      vertex 25.3714 25.7409 0
      vertex 25.3714 25.7409 6.35
      vertex 25.6686 25.525 0
    endloop
  endfacet
  facet normal 0.587735 0.809054 0
    outer loop
      vertex 25.3714 25.7409 6.35
      vertex 25.6686 25.525 6.35
      vertex 25.6686 25.525 0
    endloop
  endfacet
  facet normal 0.587735 -0.809054 0
    outer loop
      vertex 25.3714 34.0347 0
      vertex 25.6686 34.2506 0
      vertex 25.6686 34.2506 6.35
    endloop
  endfacet
  facet normal 0.587735 -0.809054 0
    outer loop
      vertex 25.3714 34.0347 0
      vertex 25.6686 34.2506 6.35
      vertex 25.3714 34.0347 6.35
    endloop
  endfacet
  facet normal 0.530023 0.847983 0
    outer loop
      vertex 25.6686 25.525 0
      vertex 25.6686 25.525 6.35
      vertex 25.9801 25.3303 0
    endloop
  endfacet
  facet normal 0.530023 0.847983 0
    outer loop
      vertex 25.6686 25.525 6.35
      vertex 25.9801 25.3303 6.35
      vertex 25.9801 25.3303 0
    endloop
  endfacet
  facet normal 0.530023 -0.847983 0
    outer loop
      vertex 25.6686 34.2506 0
      vertex 25.9801 34.4453 0
      vertex 25.9801 34.4453 6.35
    endloop
  endfacet
  facet normal 0.530023 -0.847983 0
    outer loop
      vertex 25.6686 34.2506 0
      vertex 25.9801 34.4453 6.35
      vertex 25.6686 34.2506 6.35
    endloop
  endfacet
  facet normal 0.469401 0.882985 0
    outer loop
      vertex 25.9801 25.3303 0
      vertex 25.9801 25.3303 6.35
      vertex 26.3044 25.1579 0
    endloop
  endfacet
  facet normal 0.469401 0.882985 0
    outer loop
      vertex 25.9801 25.3303 6.35
      vertex 26.3044 25.1579 6.35
      vertex 26.3044 25.1579 0
    endloop
  endfacet
  facet normal 0.469401 -0.882985 0
    outer loop
      vertex 25.9801 34.4453 0
      vertex 26.3044 34.6177 0
      vertex 26.3044 34.6177 6.35
    endloop
  endfacet
  facet normal 0.469401 -0.882985 0
    outer loop
      vertex 25.9801 34.4453 0
      vertex 26.3044 34.6177 6.35
      vertex 25.9801 34.4453 6.35
    endloop
  endfacet
  facet normal 0.406694 0.913564 0
    outer loop
      vertex 26.3044 25.1579 0
      vertex 26.3044 25.1579 6.35
      vertex 26.64 25.0085 0
    endloop
  endfacet
  facet normal 0.406694 0.913564 0
    outer loop
      vertex 26.3044 25.1579 6.35
      vertex 26.64 25.0085 6.35
      vertex 26.64 25.0085 0
    endloop
  endfacet
  facet normal 0.406694 -0.913564 0
    outer loop
      vertex 26.3044 34.6177 0
      vertex 26.64 34.7671 0
      vertex 26.64 34.7671 6.35
    endloop
  endfacet
  facet normal 0.406694 -0.913564 0
    outer loop
      vertex 26.3044 34.6177 0
      vertex 26.64 34.7671 6.35
      vertex 26.3044 34.6177 6.35
    endloop
  endfacet
  facet normal 0.342005 0.939698 0
    outer loop
      vertex 26.64 25.0085 0
      vertex 26.64 25.0085 6.35
      vertex 26.9851 24.8829 0
    endloop
  endfacet
  facet normal 0 0 -1
    outer loop
      vertex 26.64 25.0085 0
      vertex 26.9851 24.8829 0
      vertex 34.675 11.7314 0
    endloop
  endfacet
  facet normal 0.342005 0.939698 0
    outer loop
      vertex 26.64 25.0085 6.35
      vertex 26.9851 24.8829 6.35
      vertex 26.9851 24.8829 0
    endloop
  endfacet
  facet normal 0 0 1
    outer loop
      vertex 26.64 25.0085 6.35
      vertex 34.675 11.7314 6.35
      vertex 26.9851 24.8829 6.35
    endloop
  endfacet
  facet normal 0.342005 -0.939698 0
    outer loop
      vertex 26.64 34.7671 0
      vertex 26.9851 34.8927 0
      vertex 26.9851 34.8927 6.35
    endloop
  endfacet
  facet normal 0.342005 -0.939698 0
    outer loop
      vertex 26.64 34.7671 0
      vertex 26.9851 34.8927 6.35
      vertex 26.64 34.7671 6.35
    endloop
  endfacet
  facet normal 0.275764 0.961225 0
    outer loop
      vertex 26.9851 24.8829 0
      vertex 26.9851 24.8829 6.35
      vertex 27.3382 24.7816 0
    endloop
  endfacet
  facet normal 0 0 -1
    outer loop
      vertex 26.9851 24.8829 0
      vertex 27.3382 24.7816 0
      vertex 34.7387 12.0931 0
    endloop
  endfacet
  facet normal 0 0 -1
    outer loop
      vertex 26.9851 24.8829 0
      vertex 34.7387 12.0931 0
      vertex 34.675 11.7314 0
    endloop
  endfacet
  facet normal 0.275764 0.961225 0
    outer loop
      vertex 26.9851 24.8829 6.35
      vertex 27.3382 24.7816 6.35
      vertex 27.3382 24.7816 0
    endloop
  endfacet
  facet normal 0 0 1
    outer loop
      vertex 26.9851 24.8829 6.35
      vertex 34.675 11.7314 6.35
      vertex 34.7387 12.0931 6.35
    endloop
  endfacet
  facet normal 0 0 1
    outer loop
      vertex 26.9851 24.8829 6.35
      vertex 34.7387 12.0931 6.35
      vertex 27.3382 24.7816 6.35
    endloop
  endfacet
  facet normal 0.275764 -0.961225 0
    outer loop
      vertex 26.9851 34.8927 0
      vertex 27.3382 34.994 0
      vertex 27.3382 34.994 6.35
    endloop
  endfacet
  facet normal 0.275764 -0.961225 0
    outer loop
      vertex 26.9851 34.8927 0
      vertex 27.3382 34.994 6.35
      vertex 26.9851 34.8927 6.35
    endloop
  endfacet
  facet normal 0.207986 0.978132 0
    outer loop
      vertex 27.3382 24.7816 0
      vertex 27.3382 24.7816 6.35
      vertex 27.6975 24.7052 0
    endloop
  endfacet
  facet normal 0 0 -1
    outer loop
      vertex 27.3382 24.7816 0
      vertex 27.6975 24.7052 0
      vertex 34.8276 12.4495 0
    endloop
  endfacet
  facet normal 0 0 -1
    outer loop
      vertex 27.3382 24.7816 0
      vertex 34.8276 12.4495 0
      vertex 34.7387 12.0931 0
    endloop
  endfacet
  facet normal 0.207986 0.978132 0
    outer loop
      vertex 27.3382 24.7816 6.35
      vertex 27.6975 24.7052 6.35
      vertex 27.6975 24.7052 0
    endloop
  endfacet
  facet normal 0 0 1
    outer loop
      vertex 27.3382 24.7816 6.35
      vertex 34.7387 12.0931 6.35
      vertex 34.8276 12.4495 6.35
    endloop
  endfacet
  facet normal 0 0 1
    outer loop
      vertex 27.3382 24.7816 6.35
      vertex 34.8276 12.4495 6.35
      vertex 27.6975 24.7052 6.35
    endloop
  endfacet
  facet normal 0.207986 -0.978132 0
    outer loop
      vertex 27.3382 34.994 0
      vertex 27.6975 35.0704 0
      vertex 27.6975 35.0704 6.35
    endloop
  endfacet
  facet normal 0.207986 -0.978132 0
    outer loop
      vertex 27.3382 34.994 0
      vertex 27.6975 35.0704 6.35
      vertex 27.3382 34.994 6.35
    endloop
  endfacet
  facet normal 0 0 -1
    outer loop
      vertex 27.3382 34.994 0
      vertex 33.1663 51.0975 0
      vertex 27.6975 35.0704 0
    endloop
  endfacet
  facet normal 0 0 1
    outer loop
      vertex 27.3382 34.994 6.35
      vertex 27.6975 35.0704 6.35
      vertex 33.1663 51.0975 6.35
    endloop
  endfacet
  facet normal 0.139096 0.990279 0
    outer loop
      vertex 27.6975 24.7052 0
      vertex 27.6975 24.7052 6.35
      vertex 28.0613 24.6541 0
    endloop
  endfacet
  facet normal 0 0 -1
    outer loop
      vertex 27.6975 24.7052 0
      vertex 28.0613 24.6541 0
      vertex 34.9411 12.7989 0
    endloop
  endfacet
  facet normal 0 0 -1
    outer loop
      vertex 27.6975 24.7052 0
      vertex 34.9411 12.7989 0
      vertex 34.8276 12.4495 0
    endloop
  endfacet
  facet normal 0.139096 0.990279 0
    outer loop
      vertex 27.6975 24.7052 6.35
      vertex 28.0613 24.6541 6.35
      vertex 28.0613 24.6541 0
    endloop
  endfacet
  facet normal 0 0 1
    outer loop
      vertex 27.6975 24.7052 6.35
      vertex 34.8276 12.4495 6.35
      vertex 34.9411 12.7989 6.35
    endloop
  endfacet
  facet normal 0 0 1
    outer loop
      vertex 27.6975 24.7052 6.35
      vertex 34.9411 12.7989 6.35
      vertex 28.0613 24.6541 6.35
    endloop
  endfacet
  facet normal 0.139096 -0.990279 0
    outer loop
      vertex 27.6975 35.0704 0
      vertex 28.0613 35.1215 0
      vertex 28.0613 35.1215 6.35
    endloop
  endfacet
  facet normal 0.139096 -0.990279 0
    outer loop
      vertex 27.6975 35.0704 0
      vertex 28.0613 35.1215 6.35
      vertex 27.6975 35.0704 6.35
    endloop
  endfacet
  facet normal 0 0 -1
    outer loop
      vertex 27.6975 35.0704 0
      vertex 33.1663 51.0975 0
      vertex 33.7328 50.4156 0
    endloop
  endfacet
  facet normal 0 0 -1
    outer loop
      vertex 27.6975 35.0704 0
      vertex 33.7328 50.4156 0
      vertex 28.0613 35.1215 0
    endloop
  endfacet
  facet normal 0 0 1
    outer loop
      vertex 27.6975 35.0704 6.35
      vertex 28.0613 35.1215 6.35
      vertex 33.7328 50.4156 6.35
    endloop
  endfacet
  facet normal 0 0 1
    outer loop
      vertex 27.6975 35.0704 6.35
      vertex 33.7328 50.4156 6.35
      vertex 33.1663 51.0975 6.35
    endloop
  endfacet
  facet normal 0.0696991 0.997568 0
    outer loop
      vertex 28.0613 24.6541 0
      vertex 28.0613 24.6541 6.35
      vertex 28.4277 24.6285 0
    endloop
  endfacet
  facet normal 0 0 -1
    outer loop
      vertex 28.0613 24.6541 0
      vertex 28.4277 24.6285 0
      vertex 35.0787 13.1394 0
    endloop
  endfacet
  facet normal 0 0 -1
    outer loop
      vertex 28.0613 24.6541 0
      vertex 35.0787 13.1394 0
      vertex 34.9411 12.7989 0
    endloop
  endfacet
  facet normal 0.0696991 0.997568 0
    outer loop
      vertex 28.0613 24.6541 6.35
      vertex 28.4277 24.6285 6.35
      vertex 28.4277 24.6285 0
    endloop
  endfacet
  facet normal 0 0 1
    outer loop
      vertex 28.0613 24.6541 6.35
      vertex 34.9411 12.7989 6.35
      vertex 35.0787 13.1394 6.35
    endloop
  endfacet
  facet normal 0 0 1
    outer loop
      vertex 28.0613 24.6541 6.35
      vertex 35.0787 13.1394 6.35
      vertex 28.4277 24.6285 6.35
    endloop
  endfacet
  facet normal 0.0696991 -0.997568 0
    outer loop
      vertex 28.0613 35.1215 0
      vertex 28.4277 35.1471 0
      vertex 28.4277 35.1471 6.35
    endloop
  endfacet
  facet normal 0.0696991 -0.997568 0
    outer loop
      vertex 28.0613 35.1215 0
      vertex 28.4277 35.1471 6.35
      vertex 28.0613 35.1215 6.35
    endloop
  endfacet
  facet normal 0 0 -1
    outer loop
      vertex 28.0613 35.1215 0
      vertex 33.7328 50.4156 0
      vertex 28.4277 35.1471 0
    endloop
  endfacet
  facet normal 0 0 1
    outer loop
      vertex 28.0613 35.1215 6.35
      vertex 28.4277 35.1471 6.35
      vertex 33.7328 50.4156 6.35
    endloop
  endfacet
  facet normal 0 1 0
    outer loop
      vertex 28.4277 24.6285 0
      vertex 28.4277 24.6285 6.35
      vertex 28.795 24.6285 0
    endloop
  endfacet
  facet normal 0 0 -1
    outer loop
      vertex 28.4277 24.6285 0
      vertex 28.795 24.6285 0
      vertex 35.2397 13.4696 0
    endloop
  endfacet
  facet normal 0 0 -1
    outer loop
      vertex 28.4277 24.6285 0
      vertex 35.2397 13.4696 0
      vertex 35.0787 13.1394 0
    endloop
  endfacet
  facet normal 0 1 0
    outer loop
      vertex 28.4277 24.6285 6.35
      vertex 28.795 24.6285 6.35
      vertex 28.795 24.6285 0
    endloop
  endfacet
  facet normal 0 0 1
    outer loop
      vertex 28.4277 24.6285 6.35
      vertex 35.0787 13.1394 6.35
      vertex 35.2397 13.4696 6.35
    endloop
  endfacet
  facet normal 0 0 1
    outer loop
      vertex 28.4277 24.6285 6.35
      vertex 35.2397 13.4696 6.35
      vertex 28.795 24.6285 6.35
    endloop
  endfacet
  facet normal 0 -1 0
    outer loop
      vertex 28.4277 35.1471 0
      vertex 28.795 35.1471 0
      vertex 28.795 35.1471 6.35
    endloop
  endfacet
  facet normal 0 -1 0
    outer loop
      vertex 28.4277 35.1471 0
      vertex 28.795 35.1471 6.35
      vertex 28.4277 35.1471 6.35
    endloop
  endfacet
  facet normal 0 0 -1
    outer loop
      vertex 28.4277 35.1471 0
      vertex 33.7328 50.4156 0
      vertex 34.3454 49.775 0
    endloop
  endfacet
  facet normal 0 0 -1
    outer loop
      vertex 28.4277 35.1471 0
      vertex 34.3454 49.775 0
      vertex 28.795 35.1471 0
    endloop
  endfacet
  facet normal 0 0 1
    outer loop
      vertex 28.4277 35.1471 6.35
      vertex 28.795 35.1471 6.35
      vertex 34.3454 49.775 6.35
    endloop
  endfacet
  facet normal 0 0 1
    outer loop
      vertex 28.4277 35.1471 6.35
      vertex 34.3454 49.775 6.35
      vertex 33.7328 50.4156 6.35
    endloop
  endfacet
  facet normal -0.0696991 0.997568 0
    outer loop
      vertex 28.795 24.6285 0
      vertex 28.795 24.6285 6.35
      vertex 29.1614 24.6541 0
    endloop
  endfacet
  facet normal 0 0 -1
    outer loop
      vertex 28.795 24.6285 0
      vertex 29.1614 24.6541 0
      vertex 35.4234 13.7877 0
    endloop
  endfacet
  facet normal 0 0 -1
    outer loop
      vertex 28.795 24.6285 0
      vertex 35.4234 13.7877 0
      vertex 35.2397 13.4696 0
    endloop
  endfacet
  facet normal -0.0696991 0.997568 0
    outer loop
      vertex 28.795 24.6285 6.35
      vertex 29.1614 24.6541 6.35
      vertex 29.1614 24.6541 0
    endloop
  endfacet
  facet normal 0 0 1
    outer loop
      vertex 28.795 24.6285 6.35
      vertex 35.2397 13.4696 6.35
      vertex 35.4234 13.7877 6.35
    endloop
  endfacet
  facet normal 0 0 1
    outer loop
      vertex 28.795 24.6285 6.35
      vertex 35.4234 13.7877 6.35
      vertex 29.1614 24.6541 6.35
    endloop
  endfacet
  facet normal -0.0696991 -0.997568 0
    outer loop
      vertex 28.795 35.1471 0
      vertex 29.1614 35.1215 0
      vertex 29.1614 35.1215 6.35
    endloop
  endfacet
  facet normal -0.0696991 -0.997568 0
    outer loop
      vertex 28.795 35.1471 0
      vertex 29.1614 35.1215 6.35
      vertex 28.795 35.1471 6.35
    endloop
  endfacet
  facet normal 0 0 -1
    outer loop
      vertex 28.795 35.1471 0
      vertex 34.3454 49.775 0
      vertex 35.0013 49.1786 0
    endloop
  endfacet
  facet normal 0 0 -1
    outer loop
      vertex 28.795 35.1471 0
      vertex 35.0013 49.1786 0
      vertex 29.1614 35.1215 0
    endloop
  endfacet
  facet normal 0 0 1
    outer loop
      vertex 28.795 35.1471 6.35
      vertex 29.1614 35.1215 6.35
      vertex 35.0013 49.1786 6.35
    endloop
  endfacet
  facet normal 0 0 1
    outer loop
      vertex 28.795 35.1471 6.35
      vertex 35.0013 49.1786 6.35
      vertex 34.3454 49.775 6.35
    endloop
  endfacet
  facet normal -0.139096 0.990279 0
    outer loop
      vertex 29.1614 24.6541 0
      vertex 29.1614 24.6541 6.35
      vertex 29.5252 24.7052 0
    endloop
  endfacet
  facet normal 0 0 -1
    outer loop
      vertex 29.1614 24.6541 0
      vertex 29.5252 24.7052 0
      vertex 35.6288 14.0922 0
    endloop
  endfacet
  facet normal 0 0 -1
    outer loop
      vertex 29.1614 24.6541 0
      vertex 35.6288 14.0922 0
      vertex 35.4234 13.7877 0
    endloop
  endfacet
  facet normal -0.139096 0.990279 0
    outer loop
      vertex 29.1614 24.6541 6.35
      vertex 29.5252 24.7052 6.35
      vertex 29.5252 24.7052 0
    endloop
  endfacet
  facet normal 0 0 1
    outer loop
      vertex 29.1614 24.6541 6.35
      vertex 35.4234 13.7877 6.35
      vertex 35.6288 14.0922 6.35
    endloop
  endfacet
  facet normal 0 0 1
    outer loop
      vertex 29.1614 24.6541 6.35
      vertex 35.6288 14.0922 6.35
      vertex 29.5252 24.7052 6.35
    endloop
  endfacet
  facet normal -0.139096 -0.990279 0
    outer loop
      vertex 29.1614 35.1215 0
      vertex 29.5252 35.0704 0
      vertex 29.5252 35.0704 6.35
    endloop
  endfacet
  facet normal -0.139096 -0.990279 0
    outer loop
      vertex 29.1614 35.1215 0
      vertex 29.5252 35.0704 6.35
      vertex 29.1614 35.1215 6.35
    endloop
  endfacet
  facet normal 0 0 -1
    outer loop
      vertex 29.1614 35.1215 0
      vertex 35.0013 49.1786 0
      vertex 29.5252 35.0704 0
    endloop
  endfacet
  facet normal 0 0 1
    outer loop
      vertex 29.1614 35.1215 6.35
      vertex 29.5252 35.0704 6.35
      vertex 35.0013 49.1786 6.35
    endloop
  endfacet
  facet normal -0.207986 0.978132 0
    outer loop
      vertex 29.5252 24.7052 0
      vertex 29.5252 24.7052 6.35
      vertex 29.8845 24.7816 0
    endloop
  endfacet
  facet normal 0 0 -1
    outer loop
      vertex 29.5252 24.7052 0
      vertex 29.8845 24.7816 0
      vertex 35.8549 14.3817 0
    endloop
  endfacet
  facet normal 0 0 -1
    outer loop
      vertex 29.5252 24.7052 0
      vertex 35.8549 14.3817 0
      vertex 35.6288 14.0922 0
    endloop
  endfacet
  facet normal -0.207986 0.978132 0
    outer loop
      vertex 29.5252 24.7052 6.35
      vertex 29.8845 24.7816 6.35
      vertex 29.8845 24.7816 0
    endloop
  endfacet
  facet normal 0 0 1
    outer loop
      vertex 29.5252 24.7052 6.35
      vertex 35.6288 14.0922 6.35
      vertex 35.8549 14.3817 6.35
    endloop
  endfacet
  facet normal 0 0 1
    outer loop
      vertex 29.5252 24.7052 6.35
      vertex 35.8549 14.3817 6.35
      vertex 29.8845 24.7816 6.35
    endloop
  endfacet
  facet normal -0.207986 -0.978132 0
    outer loop
      vertex 29.5252 35.0704 0
      vertex 29.8845 34.994 0
      vertex 29.8845 34.994 6.35
    endloop
  endfacet
  facet normal -0.207986 -0.978132 0
    outer loop
      vertex 29.5252 35.0704 0
      vertex 29.8845 34.994 6.35
      vertex 29.5252 35.0704 6.35
    endloop
  endfacet
  facet normal 0 0 -1
    outer loop
      vertex 29.5252 35.0704 0
      vertex 35.0013 49.1786 0
      vertex 35.6971 48.6294 0
    endloop
  endfacet
  facet normal 0 0 -1
    outer loop
      vertex 29.5252 35.0704 0
      vertex 35.6971 48.6294 0
      vertex 29.8845 34.994 0
    endloop
  endfacet
  facet normal 0 0 1
    outer loop
      vertex 29.5252 35.0704 6.35
      vertex 29.8845 34.994 6.35
      vertex 35.6971 48.6294 6.35
    endloop
  endfacet
  facet normal 0 0 1
    outer loop
      vertex 29.5252 35.0704 6.35
      vertex 35.6971 48.6294 6.35
      vertex 35.0013 49.1786 6.35
    endloop
  endfacet
  facet normal -0.275836 0.961205 0
    outer loop
      vertex 29.8845 24.7816 0
      vertex 29.8845 24.7816 6.35
      vertex 30.2375 24.8829 0
    endloop
  endfacet
  facet normal 0 0 -1
    outer loop
      vertex 29.8845 24.7816 0
      vertex 30.2375 24.8829 0
      vertex 36.1007 14.6546 0
    endloop
  endfacet
  facet normal 0 0 -1
    outer loop
      vertex 29.8845 24.7816 0
      vertex 36.1007 14.6546 0
      vertex 35.8549 14.3817 0
    endloop
  endfacet
  facet normal -0.275836 0.961205 0
    outer loop
      vertex 29.8845 24.7816 6.35
      vertex 30.2375 24.8829 6.35
      vertex 30.2375 24.8829 0
    endloop
  endfacet
  facet normal 0 0 1
    outer loop
      vertex 29.8845 24.7816 6.35
      vertex 35.8549 14.3817 6.35
      vertex 36.1007 14.6546 6.35
    endloop
  endfacet
  facet normal 0 0 1
    outer loop
      vertex 29.8845 24.7816 6.35
      vertex 36.1007 14.6546 6.35
      vertex 30.2375 24.8829 6.35
    endloop
  endfacet
  facet normal -0.275836 -0.961205 0
    outer loop
      vertex 29.8845 34.994 0
      vertex 30.2375 34.8927 0
      vertex 30.2375 34.8927 6.35
    endloop
  endfacet
  facet normal -0.275836 -0.961205 0
    outer loop
      vertex 29.8845 34.994 0
      vertex 30.2375 34.8927 6.35
      vertex 29.8845 34.994 6.35
    endloop
  endfacet
  facet normal 0 0 -1
    outer loop
      vertex 29.8845 34.994 0
      vertex 35.6971 48.6294 0
      vertex 36.4296 48.1301 0
    endloop
  endfacet
  facet normal 0 0 -1
    outer loop
      vertex 29.8845 34.994 0
      vertex 36.4296 48.1301 0
      vertex 30.2375 34.8927 0
    endloop
  endfacet
  facet normal 0 0 1
    outer loop
      vertex 29.8845 34.994 6.35
      vertex 30.2375 34.8927 6.35
      vertex 36.4296 48.1301 6.35
    endloop
  endfacet
  facet normal 0 0 1
    outer loop
      vertex 29.8845 34.994 6.35
      vertex 36.4296 48.1301 6.35
      vertex 35.6971 48.6294 6.35
    endloop
  endfacet
  facet normal -0.246711 -0.969089 0
    outer loop
      vertex 3.0596 85.4335 0
      vertex 3.91866 85.2148 0
      vertex 3.91866 85.2148 6.35
    endloop
  endfacet
  facet normal -0.246711 -0.969089 0
    outer loop
      vertex 3.0596 85.4335 0
      vertex 3.91866 85.2148 6.35
      vertex 3.0596 85.4335 6.35
    endloop
  endfacet
  facet normal 0 0 -1
    outer loop
      vertex 3.0596 85.4335 0
      vertex 6.9136 114.091 0
      vertex 3.91866 85.2148 0
    endloop
  endfacet
  facet normal 0 0 1
    outer loop
      vertex 3.0596 85.4335 6.35
      vertex 3.91866 85.2148 6.35
      vertex 6.9136 114.091 6.35
    endloop
  endfacet
  facet normal -0.275654 0.961257 0
    outer loop
      vertex 3.12079 -12.5168 0
      vertex 3.12079 -12.5168 6.35
      vertex 3.98631 -12.2686 0
    endloop
  endfacet
  facet normal 0 0 -1
    outer loop
      vertex 3.12079 -12.5168 0
      vertex 3.98631 -12.2686 0
      vertex 6.9297 -21.3274 0
    endloop
  endfacet
  facet normal 0 0 -1
    outer loop
      vertex 3.12079 -12.5168 0
      vertex 5.42509 -21.7589 0
      vertex 3.89406 -22.0843 0
    endloop
  endfacet
  facet normal 0 0 -1
    outer loop
      vertex 3.12079 -12.5168 0
      vertex 6.9297 -21.3274 0
      vertex 5.42509 -21.7589 0
    endloop
  endfacet
  facet normal 0 0 1
    outer loop
      vertex 3.12079 -12.5168 6.35
      vertex 3.89406 -22.0843 6.35
      vertex 5.42509 -21.7589 6.35
    endloop
  endfacet
  facet normal -0.275654 0.961257 0
    outer loop
      vertex 3.12079 -12.5168 6.35
      vertex 3.98631 -12.2686 6.35
      vertex 3.98631 -12.2686 0
    endloop
  endfacet
  facet normal 0 0 1
    outer loop
      vertex 3.12079 -12.5168 6.35
      vertex 5.42509 -21.7589 6.35
      vertex 6.9297 -21.3274 6.35
    endloop
  endfacet
  facet normal 0 0 1
    outer loop
      vertex 3.12079 -12.5168 6.35
      vertex 6.9297 -21.3274 6.35
      vertex 3.98631 -12.2686 6.35
    endloop
  endfacet
  facet normal -0.275654 -0.961257 0
    outer loop
      vertex 3.12079 12.5168 0
      vertex 3.98631 12.2686 0
      vertex 3.98631 12.2686 6.35
    endloop
  endfacet
  facet normal -0.275654 -0.961257 0
    outer loop
      vertex 3.12079 12.5168 0
      vertex 3.98631 12.2686 6.35
      vertex 3.12079 12.5168 6.35
    endloop
  endfacet
  facet normal 0 0 -1
    outer loop
      vertex 3.12079 12.5168 0
      vertex 7.97559 35.2219 0
      vertex 8.33487 35.1455 0
    endloop
  endfacet
  facet normal 0 0 -1
    outer loop
      vertex 3.12079 12.5168 0
      vertex 8.33487 35.1455 0
      vertex 3.98631 12.2686 0
    endloop
  endfacet
  facet normal 0 0 1
    outer loop
      vertex 3.12079 12.5168 6.35
      vertex 3.98631 12.2686 6.35
      vertex 8.33487 35.1455 6.35
    endloop
  endfacet
  facet normal 0 0 1
    outer loop
      vertex 3.12079 12.5168 6.35
      vertex 8.33487 35.1455 6.35
      vertex 7.97559 35.2219 6.35
    endloop
  endfacet
  facet normal -0.304259 0.952589 0
    outer loop
      vertex 3.79889 60.7991 0
      vertex 3.79889 60.7991 6.35
      vertex 4.64328 61.0688 0
    endloop
  endfacet
  facet normal 0 0 -1
    outer loop
      vertex 3.79889 60.7991 0
      vertex 4.64328 61.0688 0
      vertex 8.33487 45.5106 0
    endloop
  endfacet
  facet normal 0 0 -1
    outer loop
      vertex 3.79889 60.7991 0
      vertex 7.97559 45.4342 0
      vertex 7.6225 45.333 0
    endloop
  endfacet
  facet normal 0 0 -1
    outer loop
      vertex 3.79889 60.7991 0
      vertex 8.33487 45.5106 0
      vertex 7.97559 45.4342 0
    endloop
  endfacet
  facet normal -0.304259 0.952589 0
    outer loop
      vertex 3.79889 60.7991 6.35
      vertex 4.64328 61.0688 6.35
      vertex 4.64328 61.0688 0
    endloop
  endfacet
  facet normal 0 0 1
    outer loop
      vertex 3.79889 60.7991 6.35
      vertex 7.6225 45.333 6.35
      vertex 7.97559 45.4342 6.35
    endloop
  endfacet
  facet normal 0 0 1
    outer loop
      vertex 3.79889 60.7991 6.35
      vertex 7.97559 45.4342 6.35
      vertex 8.33487 45.5106 6.35
    endloop
  endfacet
  facet normal 0 0 1
    outer loop
      vertex 3.79889 60.7991 6.35
      vertex 8.33487 45.5106 6.35
      vertex 4.64328 61.0688 6.35
    endloop
  endfacet
  facet normal 0.207893 -0.978152 0
    outer loop
      vertex 3.89406 -22.0843 0
      vertex 5.42509 -21.7589 0
      vertex 3.89406 -22.0843 6.35
    endloop
  endfacet
  facet normal 0.207893 -0.978152 0
    outer loop
      vertex 3.89406 -22.0843 6.35
      vertex 5.42509 -21.7589 0
      vertex 5.42509 -21.7589 6.35
    endloop
  endfacet
  facet normal 0 0 -1
    outer loop
      vertex 3.91866 85.2148 0
      vertex 12.8432 113.576 0
      vertex 4.76036 84.9368 0
    endloop
  endfacet
  facet normal -0.313621 -0.949548 0
    outer loop
      vertex 3.91866 85.2148 0
      vertex 4.76036 84.9368 0
      vertex 4.76036 84.9368 6.35
    endloop
  endfacet
  facet normal -0.313621 -0.949548 0
    outer loop
      vertex 3.91866 85.2148 0
      vertex 4.76036 84.9368 6.35
      vertex 3.91866 85.2148 6.35
    endloop
  endfacet
  facet normal 0 0 -1
    outer loop
      vertex 3.91866 85.2148 0
      vertex 6.9136 114.091 0
      vertex 12.8432 113.576 0
    endloop
  endfacet
  facet normal 0 0 1
    outer loop
      vertex 3.91866 85.2148 6.35
      vertex 12.8432 113.576 6.35
      vertex 6.9136 114.091 6.35
    endloop
  endfacet
  facet normal 0 0 1
    outer loop
      vertex 3.91866 85.2148 6.35
      vertex 4.76036 84.9368 6.35
      vertex 12.8432 113.576 6.35
    endloop
  endfacet
  facet normal 0.999389 0.0349378 0
    outer loop
      vertex 3.98619 40.328 0
      vertex 3.98619 40.328 6.35
      vertex 3.99902 39.961 0
    endloop
  endfacet
  facet normal 0.99939 -0.0349283 0
    outer loop
      vertex 3.98619 40.328 0
      vertex 3.99902 40.6951 0
      vertex 3.99902 40.6951 6.35
    endloop
  endfacet
  facet normal 0.99939 -0.0349283 0
    outer loop
      vertex 3.98619 40.328 0
      vertex 3.99902 40.6951 6.35
      vertex 3.98619 40.328 6.35
    endloop
  endfacet
  facet normal 0.999389 0.0349378 0
    outer loop
      vertex 3.98619 40.328 6.35
      vertex 3.99902 39.961 6.35
      vertex 3.99902 39.961 0
    endloop
  endfacet
  facet normal -0.341966 0.939712 0
    outer loop
      vertex 3.98631 -12.2686 0
      vertex 3.98631 -12.2686 6.35
      vertex 4.83241 -11.9607 0
    endloop
  endfacet
  facet normal 0 0 -1
    outer loop
      vertex 3.98631 -12.2686 0
      vertex 4.83241 -11.9607 0
      vertex 8.40054 -20.7921 0
    endloop
  endfacet
  facet normal 0 0 -1
    outer loop
      vertex 3.98631 -12.2686 0
      vertex 8.40054 -20.7921 0
      vertex 6.9297 -21.3274 0
    endloop
  endfacet
  facet normal -0.341966 0.939712 0
    outer loop
      vertex 3.98631 -12.2686 6.35
      vertex 4.83241 -11.9607 6.35
      vertex 4.83241 -11.9607 0
    endloop
  endfacet
  facet normal 0 0 1
    outer loop
      vertex 3.98631 -12.2686 6.35
      vertex 6.9297 -21.3274 6.35
      vertex 8.40054 -20.7921 6.35
    endloop
  endfacet
  facet normal 0 0 1
    outer loop
      vertex 3.98631 -12.2686 6.35
      vertex 8.40054 -20.7921 6.35
      vertex 4.83241 -11.9607 6.35
    endloop
  endfacet
  facet normal -0.341966 -0.939712 0
    outer loop
      vertex 3.98631 12.2686 0
      vertex 4.83241 11.9607 0
      vertex 4.83241 11.9607 6.35
    endloop
  endfacet
  facet normal -0.341966 -0.939712 0
    outer loop
      vertex 3.98631 12.2686 0
      vertex 4.83241 11.9607 6.35
      vertex 3.98631 12.2686 6.35
    endloop
  endfacet
  facet normal 0 0 -1
    outer loop
      vertex 3.98631 12.2686 0
      vertex 8.33487 35.1455 0
      vertex 8.69862 35.0944 0
    endloop
  endfacet
  facet normal 0 0 -1
    outer loop
      vertex 3.98631 12.2686 0
      vertex 8.69862 35.0944 0
      vertex 9.06503 35.0688 0
    endloop
  endfacet
  facet normal 0 0 -1
    outer loop
      vertex 3.98631 12.2686 0
      vertex 9.06503 35.0688 0
      vertex 4.83241 11.9607 0
    endloop
  endfacet
  facet normal 0 0 1
    outer loop
      vertex 3.98631 12.2686 6.35
      vertex 4.83241 11.9607 6.35
      vertex 9.06503 35.0688 6.35
    endloop
  endfacet
  facet normal 0 0 1
    outer loop
      vertex 3.98631 12.2686 6.35
      vertex 8.69862 35.0944 6.35
      vertex 8.33487 35.1455 6.35
    endloop
  endfacet
  facet normal 0 0 1
    outer loop
      vertex 3.98631 12.2686 6.35
      vertex 9.06503 35.0688 6.35
      vertex 8.69862 35.0944 6.35
    endloop
  endfacet
  facet normal 0.994526 0.104488 0
    outer loop
      vertex 3.99902 39.961 0
      vertex 3.99902 39.961 6.35
      vertex 4.03741 39.5956 0
    endloop
  endfacet
  facet normal 0.994526 0.104488 0
    outer loop
      vertex 3.99902 39.961 6.35
      vertex 4.03741 39.5956 6.35
      vertex 4.03741 39.5956 0
    endloop
  endfacet
  facet normal 0.994523 -0.104516 0
    outer loop
      vertex 3.99902 40.6951 0
      vertex 4.03741 41.0604 0
      vertex 4.03741 41.0604 6.35
    endloop
  endfacet
  facet normal 0.994523 -0.104516 0
    outer loop
      vertex 3.99902 40.6951 0
      vertex 4.03741 41.0604 6.35
      vertex 3.99902 40.6951 6.35
    endloop
  endfacet
  facet normal -0.341918 0.93973 0
    outer loop
      vertex 30.2375 24.8829 0
      vertex 30.2375 24.8829 6.35
      vertex 30.5827 25.0085 0
    endloop
  endfacet
  facet normal 0 0 -1
    outer loop
      vertex 30.2375 24.8829 0
      vertex 30.5827 25.0085 0
      vertex 36.3649 14.9098 0
    endloop
  endfacet
  facet normal 0 0 -1
    outer loop
      vertex 30.2375 24.8829 0
      vertex 36.3649 14.9098 0
      vertex 36.1007 14.6546 0
    endloop
  endfacet
  facet normal -0.341918 0.93973 0
    outer loop
      vertex 30.2375 24.8829 6.35
      vertex 30.5827 25.0085 6.35
      vertex 30.5827 25.0085 0
    endloop
  endfacet
  facet normal 0 0 1
    outer loop
      vertex 30.2375 24.8829 6.35
      vertex 36.1007 14.6546 6.35
      vertex 36.3649 14.9098 6.35
    endloop
  endfacet
  facet normal 0 0 1
    outer loop
      vertex 30.2375 24.8829 6.35
      vertex 36.3649 14.9098 6.35
      vertex 30.5827 25.0085 6.35
    endloop
  endfacet
  facet normal -0.341918 -0.93973 0
    outer loop
      vertex 30.2375 34.8927 0
      vertex 30.5827 34.7671 0
      vertex 30.5827 34.7671 6.35
    endloop
  endfacet
  facet normal -0.341918 -0.93973 0
    outer loop
      vertex 30.2375 34.8927 0
      vertex 30.5827 34.7671 6.35
      vertex 30.2375 34.8927 6.35
    endloop
  endfacet
  facet normal 0 0 -1
    outer loop
      vertex 30.2375 34.8927 0
      vertex 36.4296 48.1301 0
      vertex 30.5827 34.7671 0
    endloop
  endfacet
  facet normal 0 0 1
    outer loop
      vertex 30.2375 34.8927 6.35
      vertex 30.5827 34.7671 6.35
      vertex 36.4296 48.1301 6.35
    endloop
  endfacet
  facet normal 0.290511 0.956872 0
    outer loop
      vertex 30.3593 110.194 0
      vertex 30.3593 110.194 6.35
      vertex 36.0542 108.465 6.35
    endloop
  endfacet
  facet normal 0.290511 0.956872 0
    outer loop
      vertex 30.3593 110.194 0
      vertex 36.0542 108.465 6.35
      vertex 36.0542 108.465 0
    endloop
  endfacet
  facet normal 0.997894 0.0648715 0
    outer loop
      vertex 30.518 58.4862 0
      vertex 30.518 58.4862 6.35
      vertex 30.5755 57.6017 0
    endloop
  endfacet
  facet normal 0.999988 -0.00496328 0
    outer loop
      vertex 30.518 58.4862 0
      vertex 30.5224 59.3727 0
      vertex 30.5224 59.3727 6.35
    endloop
  endfacet
  facet normal 0.999988 -0.00496328 0
    outer loop
      vertex 30.518 58.4862 0
      vertex 30.5224 59.3727 6.35
      vertex 30.518 58.4862 6.35
    endloop
  endfacet
  facet normal 0.997894 0.0648715 0
    outer loop
      vertex 30.518 58.4862 6.35
      vertex 30.5755 57.6017 6.35
      vertex 30.5755 57.6017 0
    endloop
  endfacet
  facet normal 0.997215 -0.074574 0
    outer loop
      vertex 30.5224 59.3727 0
      vertex 30.5885 60.2566 0
      vertex 30.5885 60.2566 6.35
    endloop
  endfacet
  facet normal 0.997215 -0.074574 0
    outer loop
      vertex 30.5224 59.3727 0
      vertex 30.5885 60.2566 6.35
      vertex 30.5224 59.3727 6.35
    endloop
  endfacet
  facet normal 0.990935 0.134343 0
    outer loop
      vertex 30.5755 57.6017 0
      vertex 30.5755 57.6017 6.35
      vertex 30.6946 56.7232 0
    endloop
  endfacet
  facet normal 0.990935 0.134343 0
    outer loop
      vertex 30.5755 57.6017 6.35
      vertex 30.6946 56.7232 6.35
      vertex 30.6946 56.7232 0
    endloop
  endfacet
  facet normal -0.406694 0.913564 0
    outer loop
      vertex 30.5827 25.0085 0
      vertex 30.5827 25.0085 6.35
      vertex 30.9183 25.1579 0
    endloop
  endfacet
  facet normal 0 0 -1
    outer loop
      vertex 30.5827 25.0085 0
      vertex 30.9183 25.1579 0
      vertex 36.6463 15.1459 0
    endloop
  endfacet
  facet normal 0 0 -1
    outer loop
      vertex 30.5827 25.0085 0
      vertex 36.6463 15.1459 0
      vertex 36.3649 14.9098 0
    endloop
  endfacet
  facet normal -0.406694 0.913564 0
    outer loop
      vertex 30.5827 25.0085 6.35
      vertex 30.9183 25.1579 6.35
      vertex 30.9183 25.1579 0
    endloop
  endfacet
  facet normal 0 0 1
    outer loop
      vertex 30.5827 25.0085 6.35
      vertex 36.3649 14.9098 6.35
      vertex 36.6463 15.1459 6.35
    endloop
  endfacet
  facet normal 0 0 1
    outer loop
      vertex 30.5827 25.0085 6.35
      vertex 36.6463 15.1459 6.35
      vertex 30.9183 25.1579 6.35
    endloop
  endfacet
  facet normal -0.406694 -0.913564 0
    outer loop
      vertex 30.5827 34.7671 0
      vertex 30.9183 34.6177 0
      vertex 30.9183 34.6177 6.35
    endloop
  endfacet
  facet normal -0.406694 -0.913564 0
    outer loop
      vertex 30.5827 34.7671 0
      vertex 30.9183 34.6177 6.35
      vertex 30.5827 34.7671 6.35
    endloop
  endfacet
  facet normal 0 0 -1
    outer loop
      vertex 30.5827 34.7671 0
      vertex 36.4296 48.1301 0
      vertex 37.1951 47.6831 0
    endloop
  endfacet
  facet normal 0 0 -1
    outer loop
      vertex 30.5827 34.7671 0
      vertex 37.1951 47.6831 0
      vertex 30.9183 34.6177 0
    endloop
  endfacet
  facet normal 0 0 1
    outer loop
      vertex 30.5827 34.7671 6.35
      vertex 30.9183 34.6177 6.35
      vertex 37.1951 47.6831 6.35
    endloop
  endfacet
  facet normal 0 0 1
    outer loop
      vertex 30.5827 34.7671 6.35
      vertex 37.1951 47.6831 6.35
      vertex 36.4296 48.1301 6.35
    endloop
  endfacet
  facet normal 0.989572 -0.144042 0
    outer loop
      vertex 30.5885 60.2566 0
      vertex 30.7162 61.1339 0
      vertex 30.7162 61.1339 6.35
    endloop
  endfacet
  facet normal 0.989572 -0.144042 0
    outer loop
      vertex 30.5885 60.2566 0
      vertex 30.7162 61.1339 6.35
      vertex 30.5885 60.2566 6.35
    endloop
  endfacet
  facet normal 0.979163 0.203076 0
    outer loop
      vertex 30.6946 56.7232 0
      vertex 30.6946 56.7232 6.35
      vertex 30.8746 55.8553 0
    endloop
  endfacet
  facet normal 0.979163 0.203076 0
    outer loop
      vertex 30.6946 56.7232 6.35
      vertex 30.8746 55.8553 6.35
      vertex 30.8746 55.8553 0
    endloop
  endfacet
  facet normal 0.977102 -0.212772 0
    outer loop
      vertex 30.7162 61.1339 0
      vertex 30.9048 62 0
      vertex 30.9048 62 6.35
    endloop
  endfacet
  facet normal 0.977102 -0.212772 0
    outer loop
      vertex 30.7162 61.1339 0
      vertex 30.9048 62 6.35
      vertex 30.7162 61.1339 6.35
    endloop
  endfacet
  facet normal 0.962589 0.270964 0
    outer loop
      vertex 30.8746 55.8553 0
      vertex 30.8746 55.8553 6.35
      vertex 31.1148 55.002 0
    endloop
  endfacet
  facet normal 0.962589 0.270964 0
    outer loop
      vertex 30.8746 55.8553 6.35
      vertex 31.1148 55.002 6.35
      vertex 31.1148 55.002 0
    endloop
  endfacet
  facet normal 0.959903 -0.280334 0
    outer loop
      vertex 30.9048 62 0
      vertex 31.1533 62.8509 0
      vertex 31.1533 62.8509 6.35
    endloop
  endfacet
  facet normal 0.959903 -0.280334 0
    outer loop
      vertex 30.9048 62 0
      vertex 31.1533 62.8509 6.35
      vertex 30.9048 62 6.35
    endloop
  endfacet
  facet normal -0.469401 0.882985 0
    outer loop
      vertex 30.9183 25.1579 0
      vertex 30.9183 25.1579 6.35
      vertex 31.2426 25.3303 0
    endloop
  endfacet
  facet normal 0 0 -1
    outer loop
      vertex 30.9183 25.1579 0
      vertex 31.2426 25.3303 0
      vertex 36.9435 15.3618 0
    endloop
  endfacet
  facet normal 0 0 -1
    outer loop
      vertex 30.9183 25.1579 0
      vertex 36.9435 15.3618 0
      vertex 36.6463 15.1459 0
    endloop
  endfacet
  facet normal -0.469401 0.882985 0
    outer loop
      vertex 30.9183 25.1579 6.35
      vertex 31.2426 25.3303 6.35
      vertex 31.2426 25.3303 0
    endloop
  endfacet
  facet normal 0 0 1
    outer loop
      vertex 30.9183 25.1579 6.35
      vertex 36.6463 15.1459 6.35
      vertex 36.9435 15.3618 6.35
    endloop
  endfacet
  facet normal 0 0 1
    outer loop
      vertex 30.9183 25.1579 6.35
      vertex 36.9435 15.3618 6.35
      vertex 31.2426 25.3303 6.35
    endloop
  endfacet
  facet normal -0.469401 -0.882985 0
    outer loop
      vertex 30.9183 34.6177 0
      vertex 31.2426 34.4453 0
      vertex 31.2426 34.4453 6.35
    endloop
  endfacet
  facet normal -0.469401 -0.882985 0
    outer loop
      vertex 30.9183 34.6177 0
      vertex 31.2426 34.4453 6.35
      vertex 30.9183 34.6177 6.35
    endloop
  endfacet
  facet normal 0 0 -1
    outer loop
      vertex 30.9183 34.6177 0
      vertex 37.1951 47.6831 0
      vertex 37.9899 47.2906 0
    endloop
  endfacet
  facet normal 0 0 -1
    outer loop
      vertex 30.9183 34.6177 0
      vertex 37.9899 47.2906 0
      vertex 31.2426 34.4453 0
    endloop
  endfacet
  facet normal 0 0 1
    outer loop
      vertex 30.9183 34.6177 6.35
      vertex 31.2426 34.4453 6.35
      vertex 37.9899 47.2906 6.35
    endloop
  endfacet
  facet normal 0 0 1
    outer loop
      vertex 30.9183 34.6177 6.35
      vertex 37.9899 47.2906 6.35
      vertex 37.1951 47.6831 6.35
    endloop
  endfacet
  facet normal 0.941361 0.337401 0
    outer loop
      vertex 31.1148 55.002 0
      vertex 31.1148 55.002 6.35
      vertex 31.4139 54.1675 0
    endloop
  endfacet
  facet normal 0.941361 0.337401 0
    outer loop
      vertex 31.1148 55.002 6.35
      vertex 31.4139 54.1675 6.35
      vertex 31.4139 54.1675 0
    endloop
  endfacet
  facet normal 0.937992 -0.346657 0
    outer loop
      vertex 31.1533 62.8509 0
      vertex 31.4606 63.6824 0
      vertex 31.4606 63.6824 6.35
    endloop
  endfacet
  facet normal 0.937992 -0.346657 0
    outer loop
      vertex 31.1533 62.8509 0
      vertex 31.4606 63.6824 6.35
      vertex 31.1533 62.8509 6.35
    endloop
  endfacet
  facet normal -0.530023 0.847983 0
    outer loop
      vertex 31.2426 25.3303 0
      vertex 31.2426 25.3303 6.35
      vertex 31.5541 25.525 0
    endloop
  endfacet
  facet normal 0 0 -1
    outer loop
      vertex 31.2426 25.3303 0
      vertex 31.5541 25.525 0
      vertex 37.255 15.5564 0
    endloop
  endfacet
  facet normal 0 0 -1
    outer loop
      vertex 31.2426 25.3303 0
      vertex 37.255 15.5564 0
      vertex 36.9435 15.3618 0
    endloop
  endfacet
  facet normal -0.530023 0.847983 0
    outer loop
      vertex 31.2426 25.3303 6.35
      vertex 31.5541 25.525 6.35
      vertex 31.5541 25.525 0
    endloop
  endfacet
  facet normal 0 0 1
    outer loop
      vertex 31.2426 25.3303 6.35
      vertex 36.9435 15.3618 6.35
      vertex 37.255 15.5564 6.35
    endloop
  endfacet
  facet normal 0 0 1
    outer loop
      vertex 31.2426 25.3303 6.35
      vertex 37.255 15.5564 6.35
      vertex 31.5541 25.525 6.35
    endloop
  endfacet
  facet normal -0.530023 -0.847983 0
    outer loop
      vertex 31.2426 34.4453 0
      vertex 31.5541 34.2506 0
      vertex 31.5541 34.2506 6.35
    endloop
  endfacet
  facet normal -0.530023 -0.847983 0
    outer loop
      vertex 31.2426 34.4453 0
      vertex 31.5541 34.2506 6.35
      vertex 31.2426 34.4453 6.35
    endloop
  endfacet
  facet normal 0 0 -1
    outer loop
      vertex 31.2426 34.4453 0
      vertex 37.9899 47.2906 0
      vertex 31.5541 34.2506 0
    endloop
  endfacet
  facet normal 0 0 1
    outer loop
      vertex 31.2426 34.4453 6.35
      vertex 31.5541 34.2506 6.35
      vertex 37.9899 47.2906 6.35
    endloop
  endfacet
  facet normal 0.915566 0.402168 0
    outer loop
      vertex 31.4139 54.1675 0
      vertex 31.4139 54.1675 6.35
      vertex 31.7704 53.3559 0
    endloop
  endfacet
  facet normal 0.915566 0.402168 0
    outer loop
      vertex 31.4139 54.1675 6.35
      vertex 31.7704 53.3559 6.35
      vertex 31.7704 53.3559 0
    endloop
  endfacet
  facet normal 0.911541 -0.411209 0
    outer loop
      vertex 31.4606 63.6824 0
      vertex 31.8251 64.4904 0
      vertex 31.8251 64.4904 6.35
    endloop
  endfacet
  facet normal 0.911541 -0.411209 0
    outer loop
      vertex 31.4606 63.6824 0
      vertex 31.8251 64.4904 6.35
      vertex 31.4606 63.6824 6.35
    endloop
  endfacet
  facet normal -0.587735 0.809054 0
    outer loop
      vertex 31.5541 25.525 0
      vertex 31.5541 25.525 6.35
      vertex 31.8513 25.7409 0
    endloop
  endfacet
  facet normal 0 0 -1
    outer loop
      vertex 31.5541 25.525 0
      vertex 31.8513 25.7409 0
      vertex 37.5793 15.7289 0
    endloop
  endfacet
  facet normal 0 0 -1
    outer loop
      vertex 31.5541 25.525 0
      vertex 37.5793 15.7289 0
      vertex 37.255 15.5564 0
    endloop
  endfacet
  facet normal -0.587735 0.809054 0
    outer loop
      vertex 31.5541 25.525 6.35
      vertex 31.8513 25.7409 6.35
      vertex 31.8513 25.7409 0
    endloop
  endfacet
  facet normal 0 0 1
    outer loop
      vertex 31.5541 25.525 6.35
      vertex 37.255 15.5564 6.35
      vertex 37.5793 15.7289 6.35
    endloop
  endfacet
  facet normal 0 0 1
    outer loop
      vertex 31.5541 25.525 6.35
      vertex 37.5793 15.7289 6.35
      vertex 31.8513 25.7409 6.35
    endloop
  endfacet
  facet normal -0.587735 -0.809054 0
    outer loop
      vertex 31.5541 34.2506 0
      vertex 31.8513 34.0347 0
      vertex 31.8513 34.0347 6.35
    endloop
  endfacet
  facet normal -0.587735 -0.809054 0
    outer loop
      vertex 31.5541 34.2506 0
      vertex 31.8513 34.0347 6.35
      vertex 31.5541 34.2506 6.35
    endloop
  endfacet
  facet normal 0 0 -1
    outer loop
      vertex 31.5541 34.2506 0
      vertex 37.9899 47.2906 0
      vertex 38.8102 46.9545 0
    endloop
  endfacet
  facet normal 0 0 -1
    outer loop
      vertex 31.5541 34.2506 0
      vertex 38.8102 46.9545 0
      vertex 31.8513 34.0347 0
    endloop
  endfacet
  facet normal 0 0 1
    outer loop
      vertex 31.5541 34.2506 6.35
      vertex 31.8513 34.0347 6.35
      vertex 38.8102 46.9545 6.35
    endloop
  endfacet
  facet normal 0 0 1
    outer loop
      vertex 31.5541 34.2506 6.35
      vertex 38.8102 46.9545 6.35
      vertex 37.9899 47.2906 6.35
    endloop
  endfacet
  facet normal 0.885197 0.465216 0
    outer loop
      vertex 31.7704 53.3559 0
      vertex 31.7704 53.3559 6.35
      vertex 32.1828 52.5712 0
    endloop
  endfacet
  facet normal 0.885197 0.465216 0
    outer loop
      vertex 31.7704 53.3559 6.35
      vertex 32.1828 52.5712 6.35
      vertex 32.1828 52.5712 0
    endloop
  endfacet
  facet normal 0.880649 -0.47377 0
    outer loop
      vertex 31.8251 64.4904 0
      vertex 32.2451 65.2711 0
      vertex 32.2451 65.2711 6.35
    endloop
  endfacet
  facet normal 0.880649 -0.47377 0
    outer loop
      vertex 31.8251 64.4904 0
      vertex 32.2451 65.2711 6.35
      vertex 31.8251 64.4904 6.35
    endloop
  endfacet
  facet normal -0.642886 0.765962 0
    outer loop
      vertex 31.8513 25.7409 0
      vertex 31.8513 25.7409 6.35
      vertex 32.1326 25.977 0
    endloop
  endfacet
  facet normal 0 0 -1
    outer loop
      vertex 31.8513 25.7409 0
      vertex 32.1326 25.977 0
      vertex 37.9149 15.8783 0
    endloop
  endfacet
  facet normal 0 0 -1
    outer loop
      vertex 31.8513 25.7409 0
      vertex 37.9149 15.8783 0
      vertex 37.5793 15.7289 0
    endloop
  endfacet
  facet normal -0.642886 0.765962 0
    outer loop
      vertex 31.8513 25.7409 6.35
      vertex 32.1326 25.977 6.35
      vertex 32.1326 25.977 0
    endloop
  endfacet
  facet normal 0 0 1
    outer loop
      vertex 31.8513 25.7409 6.35
      vertex 37.5793 15.7289 6.35
      vertex 37.9149 15.8783 6.35
    endloop
  endfacet
  facet normal 0 0 1
    outer loop
      vertex 31.8513 25.7409 6.35
      vertex 37.9149 15.8783 6.35
      vertex 32.1326 25.977 6.35
    endloop
  endfacet
  facet normal -0.642886 -0.765962 0
    outer loop
      vertex 31.8513 34.0347 0
      vertex 32.1326 33.7986 0
      vertex 32.1326 33.7986 6.35
    endloop
  endfacet
  facet normal -0.642886 -0.765962 0
    outer loop
      vertex 31.8513 34.0347 0
      vertex 32.1326 33.7986 6.35
      vertex 31.8513 34.0347 6.35
    endloop
  endfacet
  facet normal 0 0 -1
    outer loop
      vertex 31.8513 34.0347 0
      vertex 38.8102 46.9545 0
      vertex 32.1326 33.7986 0
    endloop
  endfacet
  facet normal 0 0 1
    outer loop
      vertex 31.8513 34.0347 6.35
      vertex 32.1326 33.7986 6.35
      vertex 38.8102 46.9545 6.35
    endloop
  endfacet
  facet normal -0.694614 0.719383 0
    outer loop
      vertex 32.1326 25.977 0
      vertex 32.1326 25.977 6.35
      vertex 32.3969 26.2322 0
    endloop
  endfacet
  facet normal 0 0 -1
    outer loop
      vertex 32.1326 25.977 0
      vertex 32.3969 26.2322 0
      vertex 38.26 16.0039 0
    endloop
  endfacet
  facet normal 0 0 -1
    outer loop
      vertex 32.1326 25.977 0
      vertex 38.26 16.0039 0
      vertex 37.9149 15.8783 0
    endloop
  endfacet
  facet normal -0.694614 0.719383 0
    outer loop
      vertex 32.1326 25.977 6.35
      vertex 32.3969 26.2322 6.35
      vertex 32.3969 26.2322 0
    endloop
  endfacet
  facet normal 0 0 1
    outer loop
      vertex 32.1326 25.977 6.35
      vertex 37.9149 15.8783 6.35
      vertex 38.26 16.0039 6.35
    endloop
  endfacet
  facet normal 0 0 1
    outer loop
      vertex 32.1326 25.977 6.35
      vertex 38.26 16.0039 6.35
      vertex 32.3969 26.2322 6.35
    endloop
  endfacet
  facet normal -0.694614 -0.719383 0
    outer loop
      vertex 32.1326 33.7986 0
      vertex 32.3969 33.5434 0
      vertex 32.3969 33.5434 6.35
    endloop
  endfacet
  facet normal -0.694614 -0.719383 0
    outer loop
      vertex 32.1326 33.7986 0
      vertex 32.3969 33.5434 6.35
      vertex 32.1326 33.7986 6.35
    endloop
  endfacet
  facet normal 0 0 -1
    outer loop
      vertex 32.1326 33.7986 0
      vertex 38.8102 46.9545 0
      vertex 39.6519 46.6765 0
    endloop
  endfacet
  facet normal 0 0 -1
    outer loop
      vertex 32.1326 33.7986 0
      vertex 39.6519 46.6765 0
      vertex 32.3969 33.5434 0
    endloop
  endfacet
  facet normal 0 0 1
    outer loop
      vertex 32.1326 33.7986 6.35
      vertex 32.3969 33.5434 6.35
      vertex 39.6519 46.6765 6.35
    endloop
  endfacet
  facet normal 0 0 1
    outer loop
      vertex 32.1326 33.7986 6.35
      vertex 39.6519 46.6765 6.35
      vertex 38.8102 46.9545 6.35
    endloop
  endfacet
  facet normal 0.85065 0.525733 0
    outer loop
      vertex 32.1828 52.5712 0
      vertex 32.1828 52.5712 6.35
      vertex 32.6488 51.8172 0
    endloop
  endfacet
  facet normal 0.85065 0.525733 0
    outer loop
      vertex 32.1828 52.5712 6.35
      vertex 32.6488 51.8172 6.35
      vertex 32.6488 51.8172 0
    endloop
  endfacet
  facet normal 0.845441 -0.534069 0
    outer loop
      vertex 32.2451 65.2711 0
      vertex 32.7185 66.0205 0
      vertex 32.7185 66.0205 6.35
    endloop
  endfacet
  facet normal 0.845441 -0.534069 0
    outer loop
      vertex 32.2451 65.2711 0
      vertex 32.7185 66.0205 6.35
      vertex 32.2451 65.2711 6.35
    endloop
  endfacet
  facet normal -0.743037 0.66925 0
    outer loop
      vertex 32.3969 26.2322 0
      vertex 32.3969 26.2322 6.35
      vertex 32.6427 26.5051 0
    endloop
  endfacet
  facet normal 0 0 -1
    outer loop
      vertex 32.3969 26.2322 0
      vertex 32.6427 26.5051 0
      vertex 38.6131 16.1052 0
    endloop
  endfacet
  facet normal 0 0 -1
    outer loop
      vertex 32.3969 26.2322 0
      vertex 38.6131 16.1052 0
      vertex 38.26 16.0039 0
    endloop
  endfacet
  facet normal -0.743037 0.66925 0
    outer loop
      vertex 32.3969 26.2322 6.35
      vertex 32.6427 26.5051 6.35
      vertex 32.6427 26.5051 0
    endloop
  endfacet
  facet normal 0 0 1
    outer loop
      vertex 32.3969 26.2322 6.35
      vertex 38.26 16.0039 6.35
      vertex 38.6131 16.1052 6.35
    endloop
  endfacet
  facet normal 0 0 1
    outer loop
      vertex 32.3969 26.2322 6.35
      vertex 38.6131 16.1052 6.35
      vertex 32.6427 26.5051 6.35
    endloop
  endfacet
  facet normal -0.743037 -0.66925 0
    outer loop
      vertex 32.3969 33.5434 0
      vertex 32.6427 33.2705 0
      vertex 32.6427 33.2705 6.35
    endloop
  endfacet
  facet normal -0.743037 -0.66925 0
    outer loop
      vertex 32.3969 33.5434 0
      vertex 32.6427 33.2705 6.35
      vertex 32.3969 33.5434 6.35
    endloop
  endfacet
  facet normal 0 0 -1
    outer loop
      vertex 32.3969 33.5434 0
      vertex 39.6519 46.6765 0
      vertex 40.5109 46.4578 0
    endloop
  endfacet
  facet normal 0 0 -1
    outer loop
      vertex 32.3969 33.5434 0
      vertex 40.5109 46.4578 0
      vertex 32.6427 33.2705 0
    endloop
  endfacet
  facet normal 0 0 1
    outer loop
      vertex 32.3969 33.5434 6.35
      vertex 32.6427 33.2705 6.35
      vertex 40.5109 46.4578 6.35
    endloop
  endfacet
  facet normal 0 0 1
    outer loop
      vertex 32.3969 33.5434 6.35
      vertex 40.5109 46.4578 6.35
      vertex 39.6519 46.6765 6.35
    endloop
  endfacet
  facet normal -0.788119 0.615523 0
    outer loop
      vertex 32.6427 26.5051 0
      vertex 32.6427 26.5051 6.35
      vertex 32.8688 26.7946 0
    endloop
  endfacet
  facet normal 0 0 -1
    outer loop
      vertex 32.6427 26.5051 0
      vertex 32.8688 26.7946 0
      vertex 38.9724 16.1815 0
    endloop
  endfacet
  facet normal 0 0 -1
    outer loop
      vertex 32.6427 26.5051 0
      vertex 38.9724 16.1815 0
      vertex 38.6131 16.1052 0
    endloop
  endfacet
  facet normal -0.788119 0.615523 0
    outer loop
      vertex 32.6427 26.5051 6.35
      vertex 32.8688 26.7946 6.35
      vertex 32.8688 26.7946 0
    endloop
  endfacet
  facet normal 0 0 1
    outer loop
      vertex 32.6427 26.5051 6.35
      vertex 38.6131 16.1052 6.35
      vertex 38.9724 16.1815 6.35
    endloop
  endfacet
  facet normal 0 0 1
    outer loop
      vertex 32.6427 26.5051 6.35
      vertex 38.9724 16.1815 6.35
      vertex 32.8688 26.7946 6.35
    endloop
  endfacet
  facet normal -0.788119 -0.615523 0
    outer loop
      vertex 32.6427 33.2705 0
      vertex 32.8688 32.981 0
      vertex 32.8688 32.981 6.35
    endloop
  endfacet
  facet normal -0.788119 -0.615523 0
    outer loop
      vertex 32.6427 33.2705 0
      vertex 32.8688 32.981 6.35
      vertex 32.6427 33.2705 6.35
    endloop
  endfacet
  facet normal 0 0 -1
    outer loop
      vertex 32.6427 33.2705 0
      vertex 40.5109 46.4578 0
      vertex 32.8688 32.981 0
    endloop
  endfacet
  facet normal 0 0 1
    outer loop
      vertex 32.6427 33.2705 6.35
      vertex 32.8688 32.981 6.35
      vertex 40.5109 46.4578 6.35
    endloop
  endfacet
  facet normal 0.8119 0.583796 0
    outer loop
      vertex 32.6488 51.8172 0
      vertex 32.6488 51.8172 6.35
      vertex 33.1663 51.0975 0
    endloop
  endfacet
  facet normal 0.8119 0.583796 0
    outer loop
      vertex 32.6488 51.8172 6.35
      vertex 33.1663 51.0975 6.35
      vertex 33.1663 51.0975 0
    endloop
  endfacet
  facet normal 0.806157 -0.591701 0
    outer loop
      vertex 32.7185 66.0205 0
      vertex 33.243 66.7351 0
      vertex 33.243 66.7351 6.35
    endloop
  endfacet
  facet normal 0.806157 -0.591701 0
    outer loop
      vertex 32.7185 66.0205 0
      vertex 33.243 66.7351 6.35
      vertex 32.7185 66.0205 6.35
    endloop
  endfacet
  facet normal -0.829022 0.559216 0
    outer loop
      vertex 32.8688 26.7946 0
      vertex 32.8688 26.7946 6.35
      vertex 33.0742 27.0991 0
    endloop
  endfacet
  facet normal 0 0 -1
    outer loop
      vertex 32.8688 26.7946 0
      vertex 33.0742 27.0991 0
      vertex 39.3362 16.2327 0
    endloop
  endfacet
  facet normal 0 0 -1
    outer loop
      vertex 32.8688 26.7946 0
      vertex 39.3362 16.2327 0
      vertex 38.9724 16.1815 0
    endloop
  endfacet
  facet normal -0.829022 0.559216 0
    outer loop
      vertex 32.8688 26.7946 6.35
      vertex 33.0742 27.0991 6.35
      vertex 33.0742 27.0991 0
    endloop
  endfacet
  facet normal 0 0 1
    outer loop
      vertex 32.8688 26.7946 6.35
      vertex 38.9724 16.1815 6.35
      vertex 39.3362 16.2327 6.35
    endloop
  endfacet
  facet normal 0 0 1
    outer loop
      vertex 32.8688 26.7946 6.35
      vertex 39.3362 16.2327 6.35
      vertex 33.0742 27.0991 6.35
    endloop
  endfacet
  facet normal -0.829022 -0.559216 0
    outer loop
      vertex 32.8688 32.981 0
      vertex 33.0742 32.6765 0
      vertex 33.0742 32.6765 6.35
    endloop
  endfacet
  facet normal -0.829022 -0.559216 0
    outer loop
      vertex 32.8688 32.981 0
      vertex 33.0742 32.6765 6.35
      vertex 32.8688 32.981 6.35
    endloop
  endfacet
  facet normal 0 0 -1
    outer loop
      vertex 32.8688 32.981 0
      vertex 40.5109 46.4578 0
      vertex 41.3831 46.2996 0
    endloop
  endfacet
  facet normal 0 0 -1
    outer loop
      vertex 32.8688 32.981 0
      vertex 41.3831 46.2996 0
      vertex 33.0742 32.6765 0
    endloop
  endfacet
  facet normal 0 0 1
    outer loop
      vertex 32.8688 32.981 6.35
      vertex 33.0742 32.6765 6.35
      vertex 41.3831 46.2996 6.35
    endloop
  endfacet
  facet normal 0 0 1
    outer loop
      vertex 32.8688 32.981 6.35
      vertex 41.3831 46.2996 6.35
      vertex 40.5109 46.4578 6.35
    endloop
  endfacet
  facet normal -0.865972 0.500092 0
    outer loop
      vertex 33.0742 27.0991 0
      vertex 33.0742 27.0991 6.35
      vertex 33.2579 27.4172 0
    endloop
  endfacet
  facet normal 0 0 -1
    outer loop
      vertex 33.0742 27.0991 0
      vertex 33.2579 27.4172 0
      vertex 39.7026 16.2583 0
    endloop
  endfacet
  facet normal 0 0 -1
    outer loop
      vertex 33.0742 27.0991 0
      vertex 39.7026 16.2583 0
      vertex 39.3362 16.2327 0
    endloop
  endfacet
  facet normal -0.865972 0.500092 0
    outer loop
      vertex 33.0742 27.0991 6.35
      vertex 33.2579 27.4172 6.35
      vertex 33.2579 27.4172 0
    endloop
  endfacet
  facet normal 0 0 1
    outer loop
      vertex 33.0742 27.0991 6.35
      vertex 39.3362 16.2327 6.35
      vertex 39.7026 16.2583 6.35
    endloop
  endfacet
  facet normal 0 0 1
    outer loop
      vertex 33.0742 27.0991 6.35
      vertex 39.7026 16.2583 6.35
      vertex 33.2579 27.4172 6.35
    endloop
  endfacet
  facet normal -0.865972 -0.500092 0
    outer loop
      vertex 33.0742 32.6765 0
      vertex 33.2579 32.3584 0
      vertex 33.2579 32.3584 6.35
    endloop
  endfacet
  facet normal -0.865972 -0.500092 0
    outer loop
      vertex 33.0742 32.6765 0
      vertex 33.2579 32.3584 6.35
      vertex 33.0742 32.6765 6.35
    endloop
  endfacet
  facet normal 0 0 -1
    outer loop
      vertex 33.0742 32.6765 0
      vertex 41.3831 46.2996 0
      vertex 42.2643 46.2026 0
    endloop
  endfacet
  facet normal 0 0 -1
    outer loop
      vertex 33.0742 32.6765 0
      vertex 42.2643 46.2026 0
      vertex 33.2579 32.3584 0
    endloop
  endfacet
  facet normal 0 0 1
    outer loop
      vertex 33.0742 32.6765 6.35
      vertex 33.2579 32.3584 6.35
      vertex 42.2643 46.2026 6.35
    endloop
  endfacet
  facet normal 0 0 1
    outer loop
      vertex 33.0742 32.6765 6.35
      vertex 42.2643 46.2026 6.35
      vertex 41.3831 46.2996 6.35
    endloop
  endfacet
  facet normal 0.769191 0.639019 0
    outer loop
      vertex 33.1663 51.0975 0
      vertex 33.1663 51.0975 6.35
      vertex 33.7328 50.4156 0
    endloop
  endfacet
  facet normal 0.769191 0.639019 0
    outer loop
      vertex 33.1663 51.0975 6.35
      vertex 33.7328 50.4156 6.35
      vertex 33.7328 50.4156 0
    endloop
  endfacet
  facet normal 0.762813 -0.64662 0
    outer loop
      vertex 33.243 66.7351 0
      vertex 33.8162 67.4113 0
      vertex 33.8162 67.4113 6.35
    endloop
  endfacet
  facet normal 0.762813 -0.64662 0
    outer loop
      vertex 33.243 66.7351 0
      vertex 33.8162 67.4113 6.35
      vertex 33.243 66.7351 6.35
    endloop
  endfacet
  facet normal -0.898795 0.43837 0
    outer loop
      vertex 33.2579 27.4172 0
      vertex 33.2579 27.4172 6.35
      vertex 33.4189 27.7473 0
    endloop
  endfacet
  facet normal 0 0 -1
    outer loop
      vertex 33.2579 27.4172 0
      vertex 33.4189 27.7473 0
      vertex 40.0699 16.2583 0
    endloop
  endfacet
  facet normal 0 0 -1
    outer loop
      vertex 33.2579 27.4172 0
      vertex 40.0699 16.2583 0
      vertex 39.7026 16.2583 0
    endloop
  endfacet
  facet normal -0.898795 0.43837 0
    outer loop
      vertex 33.2579 27.4172 6.35
      vertex 33.4189 27.7473 6.35
      vertex 33.4189 27.7473 0
    endloop
  endfacet
  facet normal 0 0 1
    outer loop
      vertex 33.2579 27.4172 6.35
      vertex 39.7026 16.2583 6.35
      vertex 40.0699 16.2583 6.35
    endloop
  endfacet
  facet normal 0 0 1
    outer loop
      vertex 33.2579 27.4172 6.35
      vertex 40.0699 16.2583 6.35
      vertex 33.4189 27.7473 6.35
    endloop
  endfacet
  facet normal -0.898795 -0.43837 0
    outer loop
      vertex 33.2579 32.3584 0
      vertex 33.4189 32.0283 0
      vertex 33.4189 32.0283 6.35
    endloop
  endfacet
  facet normal -0.898795 -0.43837 0
    outer loop
      vertex 33.2579 32.3584 0
      vertex 33.4189 32.0283 6.35
      vertex 33.2579 32.3584 6.35
    endloop
  endfacet
  facet normal 0 0 -1
    outer loop
      vertex 33.2579 32.3584 0
      vertex 42.2643 46.2026 0
      vertex 33.4189 32.0283 0
    endloop
  endfacet
  facet normal 0 0 1
    outer loop
      vertex 33.2579 32.3584 6.35
      vertex 33.4189 32.0283 6.35
      vertex 42.2643 46.2026 6.35
    endloop
  endfacet
  facet normal -0.927195 0.37458 0
    outer loop
      vertex 33.4189 27.7473 0
      vertex 33.4189 27.7473 6.35
      vertex 33.5565 28.0879 0
    endloop
  endfacet
  facet normal 0 0 -1
    outer loop
      vertex 33.4189 27.7473 0
      vertex 33.5565 28.0879 0
      vertex 40.4363 16.2327 0
    endloop
  endfacet
  facet normal 0 0 -1
    outer loop
      vertex 33.4189 27.7473 0
      vertex 40.4363 16.2327 0
      vertex 40.0699 16.2583 0
    endloop
  endfacet
  facet normal -0.927195 0.37458 0
    outer loop
      vertex 33.4189 27.7473 6.35
      vertex 33.5565 28.0879 6.35
      vertex 33.5565 28.0879 0
    endloop
  endfacet
  facet normal 0 0 1
    outer loop
      vertex 33.4189 27.7473 6.35
      vertex 40.0699 16.2583 6.35
      vertex 40.4363 16.2327 6.35
    endloop
  endfacet
  facet normal 0 0 1
    outer loop
      vertex 33.4189 27.7473 6.35
      vertex 40.4363 16.2327 6.35
      vertex 33.5565 28.0879 6.35
    endloop
  endfacet
  facet normal -0.927195 -0.37458 0
    outer loop
      vertex 33.4189 32.0283 0
      vertex 33.5565 31.6877 0
      vertex 33.5565 31.6877 6.35
    endloop
  endfacet
  facet normal -0.927195 -0.37458 0
    outer loop
      vertex 33.4189 32.0283 0
      vertex 33.5565 31.6877 6.35
      vertex 33.4189 32.0283 6.35
    endloop
  endfacet
  facet normal 0 0 -1
    outer loop
      vertex 33.4189 32.0283 0
      vertex 42.2643 46.2026 0
      vertex 43.15 46.1673 0
    endloop
  endfacet
  facet normal 0 0 -1
    outer loop
      vertex 33.4189 32.0283 0
      vertex 43.15 46.1673 0
      vertex 33.5565 31.6877 0
    endloop
  endfacet
  facet normal 0 0 1
    outer loop
      vertex 33.4189 32.0283 6.35
      vertex 33.5565 31.6877 6.35
      vertex 43.15 46.1673 6.35
    endloop
  endfacet
  facet normal 0 0 1
    outer loop
      vertex 33.4189 32.0283 6.35
      vertex 43.15 46.1673 6.35
      vertex 42.2643 46.2026 6.35
    endloop
  endfacet
  facet normal -0.951078 0.308951 0
    outer loop
      vertex 33.5565 28.0879 0
      vertex 33.5565 28.0879 6.35
      vertex 33.67 28.4373 0
    endloop
  endfacet
  facet normal 0 0 -1
    outer loop
      vertex 33.5565 28.0879 0
      vertex 33.67 28.4373 0
      vertex 40.8001 16.1815 0
    endloop
  endfacet
  facet normal 0 0 -1
    outer loop
      vertex 33.5565 28.0879 0
      vertex 40.8001 16.1815 0
      vertex 40.4363 16.2327 0
    endloop
  endfacet
  facet normal -0.951078 0.308951 0
    outer loop
      vertex 33.5565 28.0879 6.35
      vertex 33.67 28.4373 6.35
      vertex 33.67 28.4373 0
    endloop
  endfacet
  facet normal 0 0 1
    outer loop
      vertex 33.5565 28.0879 6.35
      vertex 40.4363 16.2327 6.35
      vertex 40.8001 16.1815 6.35
    endloop
  endfacet
  facet normal 0 0 1
    outer loop
      vertex 33.5565 28.0879 6.35
      vertex 40.8001 16.1815 6.35
      vertex 33.67 28.4373 6.35
    endloop
  endfacet
  facet normal -0.951078 -0.308951 0
    outer loop
      vertex 33.5565 31.6877 0
      vertex 33.67 31.3383 0
      vertex 33.67 31.3383 6.35
    endloop
  endfacet
  facet normal -0.951078 -0.308951 0
    outer loop
      vertex 33.5565 31.6877 0
      vertex 33.67 31.3383 6.35
      vertex 33.5565 31.6877 6.35
    endloop
  endfacet
  facet normal 0 0 -1
    outer loop
      vertex 33.5565 31.6877 0
      vertex 43.15 46.1673 0
      vertex 44.0361 46.1939 0
    endloop
  endfacet
  facet normal 0 0 -1
    outer loop
      vertex 33.5565 31.6877 0
      vertex 44.0361 46.1939 0
      vertex 33.67 31.3383 0
    endloop
  endfacet
  facet normal 0 0 1
    outer loop
      vertex 33.5565 31.6877 6.35
      vertex 33.67 31.3383 6.35
      vertex 44.0361 46.1939 6.35
    endloop
  endfacet
  facet normal 0 0 1
    outer loop
      vertex 33.5565 31.6877 6.35
      vertex 44.0361 46.1939 6.35
      vertex 43.15 46.1673 6.35
    endloop
  endfacet
  facet normal -0.97027 0.242023 0
    outer loop
      vertex 33.67 28.4373 0
      vertex 33.67 28.4373 6.35
      vertex 33.7589 28.7937 0
    endloop
  endfacet
  facet normal 0 0 -1
    outer loop
      vertex 33.67 28.4373 0
      vertex 33.7589 28.7937 0
      vertex 41.1594 16.1052 0
    endloop
  endfacet
  facet normal 0 0 -1
    outer loop
      vertex 33.67 28.4373 0
      vertex 41.1594 16.1052 0
      vertex 40.8001 16.1815 0
    endloop
  endfacet
  facet normal -0.97027 0.242023 0
    outer loop
      vertex 33.67 28.4373 6.35
      vertex 33.7589 28.7937 6.35
      vertex 33.7589 28.7937 0
    endloop
  endfacet
  facet normal 0 0 1
    outer loop
      vertex 33.67 28.4373 6.35
      vertex 40.8001 16.1815 6.35
      vertex 41.1594 16.1052 6.35
    endloop
  endfacet
  facet normal 0 0 1
    outer loop
      vertex 33.67 28.4373 6.35
      vertex 41.1594 16.1052 6.35
      vertex 33.7589 28.7937 6.35
    endloop
  endfacet
  facet normal -0.97027 -0.242023 0
    outer loop
      vertex 33.67 31.3383 0
      vertex 33.7589 30.9819 0
      vertex 33.7589 30.9819 6.35
    endloop
  endfacet
  facet normal -0.97027 -0.242023 0
    outer loop
      vertex 33.67 31.3383 0
      vertex 33.7589 30.9819 6.35
      vertex 33.67 31.3383 6.35
    endloop
  endfacet
  facet normal 0 0 -1
    outer loop
      vertex 33.67 31.3383 0
      vertex 44.0361 46.1939 0
      vertex 33.7589 30.9819 0
    endloop
  endfacet
  facet normal 0 0 1
    outer loop
      vertex 33.67 31.3383 6.35
      vertex 33.7589 30.9819 6.35
      vertex 44.0361 46.1939 6.35
    endloop
  endfacet
  facet normal 0.722725 0.691136 0
    outer loop
      vertex 33.7328 50.4156 0
      vertex 33.7328 50.4156 6.35
      vertex 34.3454 49.775 0
    endloop
  endfacet
  facet normal 0.722725 0.691136 0
    outer loop
      vertex 33.7328 50.4156 6.35
      vertex 34.3454 49.775 6.35
      vertex 34.3454 49.775 0
    endloop
  endfacet
  facet normal -0.984844 0.173444 0
    outer loop
      vertex 33.7589 28.7937 0
      vertex 33.7589 28.7937 6.35
      vertex 33.8226 29.1554 0
    endloop
  endfacet
  facet normal 0 0 -1
    outer loop
      vertex 33.7589 28.7937 0
      vertex 33.8226 29.1554 0
      vertex 41.5125 16.0039 0
    endloop
  endfacet
  facet normal 0 0 -1
    outer loop
      vertex 33.7589 28.7937 0
      vertex 41.5125 16.0039 0
      vertex 41.1594 16.1052 0
    endloop
  endfacet
  facet normal -0.984844 0.173444 0
    outer loop
      vertex 33.7589 28.7937 6.35
      vertex 33.8226 29.1554 6.35
      vertex 33.8226 29.1554 0
    endloop
  endfacet
  facet normal 0 0 1
    outer loop
      vertex 33.7589 28.7937 6.35
      vertex 41.1594 16.1052 6.35
      vertex 41.5125 16.0039 6.35
    endloop
  endfacet
  facet normal 0 0 1
    outer loop
      vertex 33.7589 28.7937 6.35
      vertex 41.5125 16.0039 6.35
      vertex 33.8226 29.1554 6.35
    endloop
  endfacet
  facet normal -0.984844 -0.173444 0
    outer loop
      vertex 33.7589 30.9819 0
      vertex 33.8226 30.6202 0
      vertex 33.8226 30.6202 6.35
    endloop
  endfacet
  facet normal -0.984844 -0.173444 0
    outer loop
      vertex 33.7589 30.9819 0
      vertex 33.8226 30.6202 6.35
      vertex 33.7589 30.9819 6.35
    endloop
  endfacet
  facet normal 0 0 -1
    outer loop
      vertex 33.7589 30.9819 0
      vertex 44.0361 46.1939 0
      vertex 44.9181 46.2823 0
    endloop
  endfacet
  facet normal 0 0 -1
    outer loop
      vertex 33.7589 30.9819 0
      vertex 44.9181 46.2823 0
      vertex 58.1735 27.8482 0
    endloop
  endfacet
  facet normal 0 0 -1
    outer loop
      vertex 33.7589 30.9819 0
      vertex 58.1735 27.8482 0
      vertex 33.8226 30.6202 0
    endloop
  endfacet
  facet normal 0 0 1
    outer loop
      vertex 33.7589 30.9819 6.35
      vertex 33.8226 30.6202 6.35
      vertex 58.1735 27.8482 6.35
    endloop
  endfacet
  facet normal 0 0 1
    outer loop
      vertex 33.7589 30.9819 6.35
      vertex 44.9181 46.2823 6.35
      vertex 44.0361 46.1939 6.35
    endloop
  endfacet
  facet normal 0 0 1
    outer loop
      vertex 33.7589 30.9819 6.35
      vertex 58.1735 27.8482 6.35
      vertex 44.9181 46.2823 6.35
    endloop
  endfacet
  facet normal 0.715962 -0.698139 0
    outer loop
      vertex 33.8162 67.4113 0
      vertex 34.4351 68.046 0
      vertex 34.4351 68.046 6.35
    endloop
  endfacet
  facet normal 0.715962 -0.698139 0
    outer loop
      vertex 33.8162 67.4113 0
      vertex 34.4351 68.046 6.35
      vertex 33.8162 67.4113 6.35
    endloop
  endfacet
  facet normal -0.99452 0.104543 0
    outer loop
      vertex 33.8226 29.1554 0
      vertex 33.8226 29.1554 6.35
      vertex 33.861 29.5207 0
    endloop
  endfacet
  facet normal 0 0 -1
    outer loop
      vertex 33.8226 29.1554 0
      vertex 33.861 29.5207 0
      vertex 57.2532 25.3578 0
    endloop
  endfacet
  facet normal 0 0 -1
    outer loop
      vertex 33.8226 29.1554 0
      vertex 57.0647 24.4917 0
      vertex 41.5125 16.0039 0
    endloop
  endfacet
  facet normal 0 0 -1
    outer loop
      vertex 33.8226 29.1554 0
      vertex 57.2532 25.3578 0
      vertex 57.0647 24.4917 0
    endloop
  endfacet
  facet normal -0.99452 0.104543 0
    outer loop
      vertex 33.8226 29.1554 6.35
      vertex 33.861 29.5207 6.35
      vertex 33.861 29.5207 0
    endloop
  endfacet
  facet normal 0 0 1
    outer loop
      vertex 33.8226 29.1554 6.35
      vertex 41.5125 16.0039 6.35
      vertex 57.0647 24.4917 6.35
    endloop
  endfacet
  facet normal 0 0 1
    outer loop
      vertex 33.8226 29.1554 6.35
      vertex 57.0647 24.4917 6.35
      vertex 57.2532 25.3578 6.35
    endloop
  endfacet
  facet normal 0 0 1
    outer loop
      vertex 33.8226 29.1554 6.35
      vertex 57.2532 25.3578 6.35
      vertex 33.861 29.5207 6.35
    endloop
  endfacet
  facet normal -0.99452 -0.104543 0
    outer loop
      vertex 33.8226 30.6202 0
      vertex 33.861 30.2549 0
      vertex 33.861 30.2549 6.35
    endloop
  endfacet
  facet normal -0.99452 -0.104543 0
    outer loop
      vertex 33.8226 30.6202 0
      vertex 33.861 30.2549 6.35
      vertex 33.8226 30.6202 6.35
    endloop
  endfacet
  facet normal 0 0 -1
    outer loop
      vertex 33.8226 30.6202 0
      vertex 57.809 27.0402 0
      vertex 33.861 30.2549 0
    endloop
  endfacet
  facet normal 0 0 -1
    outer loop
      vertex 33.8226 30.6202 0
      vertex 58.1735 27.8482 0
      vertex 57.809 27.0402 0
    endloop
  endfacet
  facet normal 0 0 1
    outer loop
      vertex 33.8226 30.6202 6.35
      vertex 33.861 30.2549 6.35
      vertex 57.809 27.0402 6.35
    endloop
  endfacet
  facet normal 0 0 1
    outer loop
      vertex 33.8226 30.6202 6.35
      vertex 57.809 27.0402 6.35
      vertex 58.1735 27.8482 6.35
    endloop
  endfacet
  facet normal -0.999393 0.0348467 0
    outer loop
      vertex 33.861 29.5207 0
      vertex 33.861 29.5207 6.35
      vertex 33.8738 29.8878 0
    endloop
  endfacet
  facet normal 0 0 -1
    outer loop
      vertex 33.861 29.5207 0
      vertex 33.8738 29.8878 0
      vertex 57.5017 26.2087 0
    endloop
  endfacet
  facet normal 0 0 -1
    outer loop
      vertex 33.861 29.5207 0
      vertex 57.5017 26.2087 0
      vertex 57.2532 25.3578 0
    endloop
  endfacet
  facet normal -0.999393 0.0348467 0
    outer loop
      vertex 33.861 29.5207 6.35
      vertex 33.8738 29.8878 6.35
      vertex 33.8738 29.8878 0
    endloop
  endfacet
  facet normal 0 0 1
    outer loop
      vertex 33.861 29.5207 6.35
      vertex 57.2532 25.3578 6.35
      vertex 57.5017 26.2087 6.35
    endloop
  endfacet
  facet normal 0 0 1
    outer loop
      vertex 33.861 29.5207 6.35
      vertex 57.5017 26.2087 6.35
      vertex 33.8738 29.8878 6.35
    endloop
  endfacet
  facet normal -0.999393 -0.0348467 0
    outer loop
      vertex 33.861 30.2549 0
      vertex 33.8738 29.8878 0
      vertex 33.8738 29.8878 6.35
    endloop
  endfacet
  facet normal -0.999393 -0.0348467 0
    outer loop
      vertex 33.861 30.2549 0
      vertex 33.8738 29.8878 6.35
      vertex 33.861 30.2549 6.35
    endloop
  endfacet
  facet normal 0 0 -1
    outer loop
      vertex 33.861 30.2549 0
      vertex 57.5017 26.2087 0
      vertex 33.8738 29.8878 0
    endloop
  endfacet
  facet normal 0 0 -1
    outer loop
      vertex 33.861 30.2549 0
      vertex 57.809 27.0402 0
      vertex 57.5017 26.2087 0
    endloop
  endfacet
  facet normal 0 0 1
    outer loop
      vertex 33.861 30.2549 6.35
      vertex 33.8738 29.8878 6.35
      vertex 57.5017 26.2087 6.35
    endloop
  endfacet
  facet normal 0 0 1
    outer loop
      vertex 33.861 30.2549 6.35
      vertex 57.5017 26.2087 6.35
      vertex 57.809 27.0402 6.35
    endloop
  endfacet
  facet normal 0.672751 0.739869 0
    outer loop
      vertex 34.3454 49.775 0
      vertex 34.3454 49.775 6.35
      vertex 35.0013 49.1786 0
    endloop
  endfacet
  facet normal 0.672751 0.739869 0
    outer loop
      vertex 34.3454 49.775 6.35
      vertex 35.0013 49.1786 6.35
      vertex 35.0013 49.1786 0
    endloop
  endfacet
  facet normal 0.665504 -0.746394 0
    outer loop
      vertex 34.4351 68.046 0
      vertex 35.0967 68.6359 0
      vertex 35.0967 68.6359 6.35
    endloop
  endfacet
  facet normal 0.665504 -0.746394 0
    outer loop
      vertex 34.4351 68.046 0
      vertex 35.0967 68.6359 6.35
      vertex 34.4351 68.046 6.35
    endloop
  endfacet
  facet normal 0.999383 0.0351186 0
    outer loop
      vertex 34.6237 10.999 0
      vertex 34.6237 10.999 6.35
      vertex 34.6366 10.6319 0
    endloop
  endfacet
  facet normal 0.999383 -0.0351186 0
    outer loop
      vertex 34.6237 10.999 0
      vertex 34.6366 11.3661 0
      vertex 34.6366 11.3661 6.35
    endloop
  endfacet
  facet normal 0.999383 -0.0351186 0
    outer loop
      vertex 34.6237 10.999 0
      vertex 34.6366 11.3661 6.35
      vertex 34.6237 10.999 6.35
    endloop
  endfacet
  facet normal 0.999383 0.0351186 0
    outer loop
      vertex 34.6237 10.999 6.35
      vertex 34.6366 10.6319 6.35
      vertex 34.6366 10.6319 0
    endloop
  endfacet
  facet normal 0.99452 0.104543 0
    outer loop
      vertex 34.6366 10.6319 0
      vertex 34.6366 10.6319 6.35
      vertex 34.675 10.2666 0
    endloop
  endfacet
  facet normal 0.99452 0.104543 0
    outer loop
      vertex 34.6366 10.6319 6.35
      vertex 34.675 10.2666 6.35
      vertex 34.675 10.2666 0
    endloop
  endfacet
  facet normal 0.99452 -0.104543 0
    outer loop
      vertex 34.6366 11.3661 0
      vertex 34.675 11.7314 0
      vertex 34.675 11.7314 6.35
    endloop
  endfacet
  facet normal 0.99452 -0.104543 0
    outer loop
      vertex 34.6366 11.3661 0
      vertex 34.675 11.7314 6.35
      vertex 34.6366 11.3661 6.35
    endloop
  endfacet
  facet normal 0.984848 0.17342 0
    outer loop
      vertex 34.675 10.2666 0
      vertex 34.675 10.2666 6.35
      vertex 34.7387 9.90485 0
    endloop
  endfacet
  facet normal 0.984848 0.17342 0
    outer loop
      vertex 34.675 10.2666 6.35
      vertex 34.7387 9.90485 6.35
      vertex 34.7387 9.90485 0
    endloop
  endfacet
  facet normal 0.984844 -0.173444 0
    outer loop
      vertex 34.675 11.7314 0
      vertex 34.7387 12.0931 0
      vertex 34.7387 12.0931 6.35
    endloop
  endfacet
  facet normal 0.984844 -0.173444 0
    outer loop
      vertex 34.675 11.7314 0
      vertex 34.7387 12.0931 6.35
      vertex 34.675 11.7314 6.35
    endloop
  endfacet
  facet normal 0.97027 -0.242023 0
    outer loop
      vertex 34.7387 12.0931 0
      vertex 34.8276 12.4495 0
      vertex 34.8276 12.4495 6.35
    endloop
  endfacet
  facet normal 0.97027 -0.242023 0
    outer loop
      vertex 34.7387 12.0931 0
      vertex 34.8276 12.4495 6.35
      vertex 34.7387 12.0931 6.35
    endloop
  endfacet
  facet normal 0.970274 0.24201 0
    outer loop
      vertex 34.7387 9.90485 0
      vertex 34.7387 9.90485 6.35
      vertex 34.8276 9.54843 0
    endloop
  endfacet
  facet normal 0.970274 0.24201 0
    outer loop
      vertex 34.7387 9.90485 6.35
      vertex 34.8276 9.54843 6.35
      vertex 34.8276 9.54843 0
    endloop
  endfacet
  facet normal 0.951078 -0.308951 0
    outer loop
      vertex 34.8276 12.4495 0
      vertex 34.9411 12.7989 0
      vertex 34.9411 12.7989 6.35
    endloop
  endfacet
  facet normal 0.951078 -0.308951 0
    outer loop
      vertex 34.8276 12.4495 0
      vertex 34.9411 12.7989 6.35
      vertex 34.8276 12.4495 6.35
    endloop
  endfacet
  facet normal 0.95106 0.309007 0
    outer loop
      vertex 34.8276 9.54843 0
      vertex 34.8276 9.54843 6.35
      vertex 34.9411 9.1991 0
    endloop
  endfacet
  facet normal 0.95106 0.309007 0
    outer loop
      vertex 34.8276 9.54843 6.35
      vertex 34.9411 9.1991 6.35
      vertex 34.9411 9.1991 0
    endloop
  endfacet
  facet normal 0.927156 -0.374675 0
    outer loop
      vertex 34.9411 12.7989 0
      vertex 35.0787 13.1394 0
      vertex 35.0787 13.1394 6.35
    endloop
  endfacet
  facet normal 0.927156 -0.374675 0
    outer loop
      vertex 34.9411 12.7989 0
      vertex 35.0787 13.1394 6.35
      vertex 34.9411 12.7989 6.35
    endloop
  endfacet
  facet normal 0.927187 0.374599 0
    outer loop
      vertex 34.9411 9.1991 0
      vertex 34.9411 9.1991 6.35
      vertex 35.0787 8.85852 0
    endloop
  endfacet
  facet normal 0.927187 0.374599 0
    outer loop
      vertex 34.9411 9.1991 6.35
      vertex 35.0787 8.85852 6.35
      vertex 35.0787 8.85852 0
    endloop
  endfacet
  facet normal 0.619564 0.784946 0
    outer loop
      vertex 35.0013 49.1786 0
      vertex 35.0013 49.1786 6.35
      vertex 35.6971 48.6294 0
    endloop
  endfacet
  facet normal 0.619564 0.784946 0
    outer loop
      vertex 35.0013 49.1786 6.35
      vertex 35.6971 48.6294 6.35
      vertex 35.6971 48.6294 0
    endloop
  endfacet
  facet normal 0.898847 -0.438263 0
    outer loop
      vertex 35.0787 13.1394 0
      vertex 35.2397 13.4696 0
      vertex 35.2397 13.4696 6.35
    endloop
  endfacet
  facet normal 0.898847 -0.438263 0
    outer loop
      vertex 35.0787 13.1394 0
      vertex 35.2397 13.4696 6.35
      vertex 35.0787 13.1394 6.35
    endloop
  endfacet
  facet normal 0.898816 0.438327 0
    outer loop
      vertex 35.0787 8.85852 0
      vertex 35.0787 8.85852 6.35
      vertex 35.2397 8.52838 0
    endloop
  endfacet
  facet normal 0.898816 0.438327 0
    outer loop
      vertex 35.0787 8.85852 6.35
      vertex 35.2397 8.52838 6.35
      vertex 35.2397 8.52838 0
    endloop
  endfacet
  facet normal 0.611775 -0.791032 0
    outer loop
      vertex 35.0967 68.6359 0
      vertex 35.7979 69.1782 0
      vertex 35.7979 69.1782 6.35
    endloop
  endfacet
  facet normal 0.611775 -0.791032 0
    outer loop
      vertex 35.0967 68.6359 0
      vertex 35.7979 69.1782 6.35
      vertex 35.0967 68.6359 6.35
    endloop
  endfacet
  facet normal 0.865972 -0.500092 0
    outer loop
      vertex 35.2397 13.4696 0
      vertex 35.4234 13.7877 0
      vertex 35.4234 13.7877 6.35
    endloop
  endfacet
  facet normal 0.865972 -0.500092 0
    outer loop
      vertex 35.2397 13.4696 0
      vertex 35.4234 13.7877 6.35
      vertex 35.2397 13.4696 6.35
    endloop
  endfacet
  facet normal 0.865972 0.500092 0
    outer loop
      vertex 35.2397 8.52838 0
      vertex 35.2397 8.52838 6.35
      vertex 35.4234 8.21028 0
    endloop
  endfacet
  facet normal 0.865972 0.500092 0
    outer loop
      vertex 35.2397 8.52838 6.35
      vertex 35.4234 8.21028 6.35
      vertex 35.4234 8.21028 0
    endloop
  endfacet
  facet normal 0.829022 -0.559216 0
    outer loop
      vertex 35.4234 13.7877 0
      vertex 35.6288 14.0922 0
      vertex 35.6288 14.0922 6.35
    endloop
  endfacet
  facet normal 0.829022 -0.559216 0
    outer loop
      vertex 35.4234 13.7877 0
      vertex 35.6288 14.0922 6.35
      vertex 35.4234 13.7877 6.35
    endloop
  endfacet
  facet normal 0.829039 0.55919 0
    outer loop
      vertex 35.4234 8.21028 0
      vertex 35.4234 8.21028 6.35
      vertex 35.6288 7.90576 0
    endloop
  endfacet
  facet normal 0.829039 0.55919 0
    outer loop
      vertex 35.4234 8.21028 6.35
      vertex 35.6288 7.90576 6.35
      vertex 35.6288 7.90576 0
    endloop
  endfacet
  facet normal 0.788119 -0.615523 0
    outer loop
      vertex 35.6288 14.0922 0
      vertex 35.8549 14.3817 0
      vertex 35.8549 14.3817 6.35
    endloop
  endfacet
  facet normal 0.788119 -0.615523 0
    outer loop
      vertex 35.6288 14.0922 0
      vertex 35.8549 14.3817 6.35
      vertex 35.6288 14.0922 6.35
    endloop
  endfacet
  facet normal 0.788078 0.615575 0
    outer loop
      vertex 35.6288 7.90576 0
      vertex 35.6288 7.90576 6.35
      vertex 35.8549 7.6163 0
    endloop
  endfacet
  facet normal 0.788078 0.615575 0
    outer loop
      vertex 35.6288 7.90576 6.35
      vertex 35.8549 7.6163 6.35
      vertex 35.8549 7.6163 0
    endloop
  endfacet
  facet normal 0.563235 0.826297 0
    outer loop
      vertex 35.6971 48.6294 0
      vertex 35.6971 48.6294 6.35
      vertex 36.4296 48.1301 0
    endloop
  endfacet
  facet normal 0.563235 0.826297 0
    outer loop
      vertex 35.6971 48.6294 6.35
      vertex 36.4296 48.1301 6.35
      vertex 36.4296 48.1301 0
    endloop
  endfacet
  facet normal 0.555143 -0.831755 0
    outer loop
      vertex 35.7979 69.1782 0
      vertex 36.5352 69.6703 0
      vertex 36.5352 69.6703 6.35
    endloop
  endfacet
  facet normal 0.555143 -0.831755 0
    outer loop
      vertex 35.7979 69.1782 0
      vertex 36.5352 69.6703 6.35
      vertex 35.7979 69.1782 6.35
    endloop
  endfacet
  facet normal 0.743037 -0.66925 0
    outer loop
      vertex 35.8549 14.3817 0
      vertex 36.1007 14.6546 0
      vertex 36.1007 14.6546 6.35
    endloop
  endfacet
  facet normal 0.743037 -0.66925 0
    outer loop
      vertex 35.8549 14.3817 0
      vertex 36.1007 14.6546 6.35
      vertex 35.8549 14.3817 6.35
    endloop
  endfacet
  facet normal 0.74311 0.669169 0
    outer loop
      vertex 35.8549 7.6163 0
      vertex 35.8549 7.6163 6.35
      vertex 36.1007 7.34334 0
    endloop
  endfacet
  facet normal 0.74311 0.669169 0
    outer loop
      vertex 35.8549 7.6163 6.35
      vertex 36.1007 7.34334 6.35
      vertex 36.1007 7.34334 0
    endloop
  endfacet
  facet normal 0.340054 0.940406 0
    outer loop
      vertex 36.0542 108.465 0
      vertex 36.0542 108.465 6.35
      vertex 41.6515 106.441 6.35
    endloop
  endfacet
  facet normal 0 0 -1
    outer loop
      vertex 36.0542 108.465 0
      vertex 38.9272 70.8224 0
      vertex 38.1037 70.4944 0
    endloop
  endfacet
  facet normal 0 0 -1
    outer loop
      vertex 36.0542 108.465 0
      vertex 41.6515 106.441 0
      vertex 38.9272 70.8224 0
    endloop
  endfacet
  facet normal 0.340054 0.940406 0
    outer loop
      vertex 36.0542 108.465 0
      vertex 41.6515 106.441 6.35
      vertex 41.6515 106.441 0
    endloop
  endfacet
  facet normal 0 0 1
    outer loop
      vertex 36.0542 108.465 6.35
      vertex 38.1037 70.4944 6.35
      vertex 38.9272 70.8224 6.35
    endloop
  endfacet
  facet normal 0 0 1
    outer loop
      vertex 36.0542 108.465 6.35
      vertex 38.9272 70.8224 6.35
      vertex 41.6515 106.441 6.35
    endloop
  endfacet
  facet normal 0.69475 -0.719251 0
    outer loop
      vertex 36.1007 14.6546 0
      vertex 36.3649 14.9098 0
      vertex 36.3649 14.9098 6.35
    endloop
  endfacet
  facet normal 0.69475 -0.719251 0
    outer loop
      vertex 36.1007 14.6546 0
      vertex 36.3649 14.9098 6.35
      vertex 36.1007 14.6546 6.35
    endloop
  endfacet
  facet normal 0.694694 0.719306 0
    outer loop
      vertex 36.1007 7.34334 0
      vertex 36.1007 7.34334 6.35
      vertex 36.3649 7.08818 0
    endloop
  endfacet
  facet normal 0.694694 0.719306 0
    outer loop
      vertex 36.1007 7.34334 6.35
      vertex 36.3649 7.08818 6.35
      vertex 36.3649 7.08818 0
    endloop
  endfacet
  facet normal 0.642751 -0.766075 0
    outer loop
      vertex 36.3649 14.9098 0
      vertex 36.6463 15.1459 0
      vertex 36.6463 15.1459 6.35
    endloop
  endfacet
  facet normal 0.642751 -0.766075 0
    outer loop
      vertex 36.3649 14.9098 0
      vertex 36.6463 15.1459 6.35
      vertex 36.3649 14.9098 6.35
    endloop
  endfacet
  facet normal 0.642767 0.766061 0
    outer loop
      vertex 36.3649 7.08818 0
      vertex 36.3649 7.08818 6.35
      vertex 36.6463 6.85207 0
    endloop
  endfacet
  facet normal 0.642767 0.766061 0
    outer loop
      vertex 36.3649 7.08818 6.35
      vertex 36.6463 6.85207 6.35
      vertex 36.6463 6.85207 0
    endloop
  endfacet
  facet normal 0.504257 0.863554 0
    outer loop
      vertex 36.4296 48.1301 0
      vertex 36.4296 48.1301 6.35
      vertex 37.1951 47.6831 0
    endloop
  endfacet
  facet normal 0.504257 0.863554 0
    outer loop
      vertex 36.4296 48.1301 6.35
      vertex 37.1951 47.6831 6.35
      vertex 37.1951 47.6831 0
    endloop
  endfacet
  facet normal 0.495677 -0.868507 0
    outer loop
      vertex 36.5352 69.6703 0
      vertex 37.3051 70.1097 0
      vertex 37.3051 70.1097 6.35
    endloop
  endfacet
  facet normal 0.495677 -0.868507 0
    outer loop
      vertex 36.5352 69.6703 0
      vertex 37.3051 70.1097 6.35
      vertex 36.5352 69.6703 6.35
    endloop
  endfacet
  facet normal 0.587735 -0.809054 0
    outer loop
      vertex 36.6463 15.1459 0
      vertex 36.9435 15.3618 0
      vertex 36.9435 15.3618 6.35
    endloop
  endfacet
  facet normal 0.587735 -0.809054 0
    outer loop
      vertex 36.6463 15.1459 0
      vertex 36.9435 15.3618 6.35
      vertex 36.6463 15.1459 6.35
    endloop
  endfacet
  facet normal 0.587735 0.809054 0
    outer loop
      vertex 36.6463 6.85207 0
      vertex 36.6463 6.85207 6.35
      vertex 36.9435 6.63617 0
    endloop
  endfacet
  facet normal 0.587735 0.809054 0
    outer loop
      vertex 36.6463 6.85207 6.35
      vertex 36.9435 6.63617 6.35
      vertex 36.9435 6.63617 0
    endloop
  endfacet
  facet normal 0.529828 -0.848105 0
    outer loop
      vertex 36.9435 15.3618 0
      vertex 37.255 15.5564 0
      vertex 37.255 15.5564 6.35
    endloop
  endfacet
  facet normal 0.529828 -0.848105 0
    outer loop
      vertex 36.9435 15.3618 0
      vertex 37.255 15.5564 6.35
      vertex 36.9435 15.3618 6.35
    endloop
  endfacet
  facet normal 0.529906 0.848056 0
    outer loop
      vertex 36.9435 6.63617 0
      vertex 36.9435 6.63617 6.35
      vertex 37.255 6.44153 0
    endloop
  endfacet
  facet normal 0.529906 0.848056 0
    outer loop
      vertex 36.9435 6.63617 6.35
      vertex 37.255 6.44153 6.35
      vertex 37.255 6.44153 0
    endloop
  endfacet
  facet normal 0.442786 0.896627 0
    outer loop
      vertex 37.1951 47.6831 0
      vertex 37.1951 47.6831 6.35
      vertex 37.9899 47.2906 0
    endloop
  endfacet
  facet normal 0.442786 0.896627 0
    outer loop
      vertex 37.1951 47.6831 6.35
      vertex 37.9899 47.2906 6.35
      vertex 37.9899 47.2906 0
    endloop
  endfacet
  facet normal 0.469613 -0.882872 0
    outer loop
      vertex 37.255 15.5564 0
      vertex 37.5793 15.7289 0
      vertex 37.5793 15.7289 6.35
    endloop
  endfacet
  facet normal 0.469613 -0.882872 0
    outer loop
      vertex 37.255 15.5564 0
      vertex 37.5793 15.7289 6.35
      vertex 37.255 15.5564 6.35
    endloop
  endfacet
  facet normal 0.469528 0.882918 0
    outer loop
      vertex 37.255 6.44153 0
      vertex 37.255 6.44153 6.35
      vertex 37.5793 6.26907 0
    endloop
  endfacet
  facet normal 0.469528 0.882918 0
    outer loop
      vertex 37.255 6.44153 6.35
      vertex 37.5793 6.26907 6.35
      vertex 37.5793 6.26907 0
    endloop
  endfacet
  facet normal 0.433989 -0.900918 0
    outer loop
      vertex 37.3051 70.1097 0
      vertex 38.1037 70.4944 0
      vertex 38.1037 70.4944 6.35
    endloop
  endfacet
  facet normal 0.433989 -0.900918 0
    outer loop
      vertex 37.3051 70.1097 0
      vertex 38.1037 70.4944 6.35
      vertex 37.3051 70.1097 6.35
    endloop
  endfacet
  facet normal 0.406694 -0.913564 0
    outer loop
      vertex 37.5793 15.7289 0
      vertex 37.9149 15.8783 0
      vertex 37.9149 15.8783 6.35
    endloop
  endfacet
  facet normal 0.406694 -0.913564 0
    outer loop
      vertex 37.5793 15.7289 0
      vertex 37.9149 15.8783 6.35
      vertex 37.5793 15.7289 6.35
    endloop
  endfacet
  facet normal 0.406694 0.913564 0
    outer loop
      vertex 37.5793 6.26907 0
      vertex 37.5793 6.26907 6.35
      vertex 37.9149 6.11967 0
    endloop
  endfacet
  facet normal 0.406694 0.913564 0
    outer loop
      vertex 37.5793 6.26907 6.35
      vertex 37.9149 6.11967 6.35
      vertex 37.9149 6.11967 0
    endloop
  endfacet
  facet normal 0.342005 -0.939698 0
    outer loop
      vertex 37.9149 15.8783 0
      vertex 38.26 16.0039 0
      vertex 38.26 16.0039 6.35
    endloop
  endfacet
  facet normal 0.342005 -0.939698 0
    outer loop
      vertex 37.9149 15.8783 0
      vertex 38.26 16.0039 6.35
      vertex 37.9149 15.8783 6.35
    endloop
  endfacet
  facet normal 0.342053 0.93968 0
    outer loop
      vertex 37.9149 6.11967 0
      vertex 37.9149 6.11967 6.35
      vertex 38.26 5.99405 0
    endloop
  endfacet
  facet normal 0.342053 0.93968 0
    outer loop
      vertex 37.9149 6.11967 6.35
      vertex 38.26 5.99405 6.35
      vertex 38.26 5.99405 0
    endloop
  endfacet
  facet normal 0.379138 0.92534 0
    outer loop
      vertex 37.9899 47.2906 0
      vertex 37.9899 47.2906 6.35
      vertex 38.8102 46.9545 0
    endloop
  endfacet
  facet normal 0.379138 0.92534 0
    outer loop
      vertex 37.9899 47.2906 6.35
      vertex 38.8102 46.9545 6.35
      vertex 38.8102 46.9545 0
    endloop
  endfacet
  facet normal 0.370029 -0.92902 0
    outer loop
      vertex 38.1037 70.4944 0
      vertex 38.9272 70.8224 0
      vertex 38.9272 70.8224 6.35
    endloop
  endfacet
  facet normal 0.370029 -0.92902 0
    outer loop
      vertex 38.1037 70.4944 0
      vertex 38.9272 70.8224 6.35
      vertex 38.1037 70.4944 6.35
    endloop
  endfacet
  facet normal 0.275764 -0.961225 0
    outer loop
      vertex 38.26 16.0039 0
      vertex 38.6131 16.1052 0
      vertex 38.6131 16.1052 6.35
    endloop
  endfacet
  facet normal 0.275764 -0.961225 0
    outer loop
      vertex 38.26 16.0039 0
      vertex 38.6131 16.1052 6.35
      vertex 38.26 16.0039 6.35
    endloop
  endfacet
  facet normal 0.275663 0.961254 0
    outer loop
      vertex 38.26 5.99405 0
      vertex 38.26 5.99405 6.35
      vertex 38.6131 5.89279 0
    endloop
  endfacet
  facet normal 0.275663 0.961254 0
    outer loop
      vertex 38.26 5.99405 6.35
      vertex 38.6131 5.89279 6.35
      vertex 38.6131 5.89279 0
    endloop
  endfacet
  facet normal 0.207725 -0.978187 0
    outer loop
      vertex 38.6131 16.1052 0
      vertex 38.9724 16.1815 0
      vertex 38.9724 16.1815 6.35
    endloop
  endfacet
  facet normal 0.207725 -0.978187 0
    outer loop
      vertex 38.6131 16.1052 0
      vertex 38.9724 16.1815 6.35
      vertex 38.6131 16.1052 6.35
    endloop
  endfacet
  facet normal 0.207908 0.978148 0
    outer loop
      vertex 38.6131 5.89279 0
      vertex 38.6131 5.89279 6.35
      vertex 38.9724 5.81642 0
    endloop
  endfacet
  facet normal 0.207908 0.978148 0
    outer loop
      vertex 38.6131 5.89279 6.35
      vertex 38.9724 5.81642 6.35
      vertex 38.9724 5.81642 0
    endloop
  endfacet
  facet normal 0.313621 0.949548 0
    outer loop
      vertex 38.8102 46.9545 0
      vertex 38.8102 46.9545 6.35
      vertex 39.6519 46.6765 0
    endloop
  endfacet
  facet normal 0.313621 0.949548 0
    outer loop
      vertex 38.8102 46.9545 6.35
      vertex 39.6519 46.6765 6.35
      vertex 39.6519 46.6765 0
    endloop
  endfacet
  facet normal 0.304358 -0.952558 0
    outer loop
      vertex 38.9272 70.8224 0
      vertex 39.7716 71.0922 0
      vertex 39.7716 71.0922 6.35
    endloop
  endfacet
  facet normal 0.304358 -0.952558 0
    outer loop
      vertex 38.9272 70.8224 0
      vertex 39.7716 71.0922 6.35
      vertex 38.9272 70.8224 6.35
    endloop
  endfacet
  facet normal 0 0 -1
    outer loop
      vertex 38.9272 70.8224 0
      vertex 41.6515 106.441 0
      vertex 39.7716 71.0922 0
    endloop
  endfacet
  facet normal 0 0 1
    outer loop
      vertex 38.9272 70.8224 6.35
      vertex 39.7716 71.0922 6.35
      vertex 41.6515 106.441 6.35
    endloop
  endfacet
  facet normal 0.139363 -0.990241 0
    outer loop
      vertex 38.9724 16.1815 0
      vertex 39.3362 16.2327 0
      vertex 39.3362 16.2327 6.35
    endloop
  endfacet
  facet normal 0.139363 -0.990241 0
    outer loop
      vertex 38.9724 16.1815 0
      vertex 39.3362 16.2327 6.35
      vertex 38.9724 16.1815 6.35
    endloop
  endfacet
  facet normal 0.13915 0.990271 0
    outer loop
      vertex 38.9724 5.81642 0
      vertex 38.9724 5.81642 6.35
      vertex 39.3362 5.7653 0
    endloop
  endfacet
  facet normal 0.13915 0.990271 0
    outer loop
      vertex 38.9724 5.81642 6.35
      vertex 39.3362 5.7653 6.35
      vertex 39.3362 5.7653 0
    endloop
  endfacet
  facet normal 0.0696991 -0.997568 0
    outer loop
      vertex 39.3362 16.2327 0
      vertex 39.7026 16.2583 0
      vertex 39.7026 16.2583 6.35
    endloop
  endfacet
  facet normal 0.0696991 -0.997568 0
    outer loop
      vertex 39.3362 16.2327 0
      vertex 39.7026 16.2583 6.35
      vertex 39.3362 16.2327 6.35
    endloop
  endfacet
  facet normal 0.0697262 0.997566 0
    outer loop
      vertex 39.3362 5.7653 0
      vertex 39.3362 5.7653 6.35
      vertex 39.7026 5.73969 0
    endloop
  endfacet
  facet normal 0.0697262 0.997566 0
    outer loop
      vertex 39.3362 5.7653 6.35
      vertex 39.7026 5.73969 6.35
      vertex 39.7026 5.73969 0
    endloop
  endfacet
  facet normal 0.246727 0.969085 0
    outer loop
      vertex 39.6519 46.6765 0
      vertex 39.6519 46.6765 6.35
      vertex 40.5109 46.4578 0
    endloop
  endfacet
  facet normal 0.246727 0.969085 0
    outer loop
      vertex 39.6519 46.6765 6.35
      vertex 40.5109 46.4578 6.35
      vertex 40.5109 46.4578 0
    endloop
  endfacet
  facet normal 0 -1 0
    outer loop
      vertex 39.7026 16.2583 0
      vertex 40.0699 16.2583 0
      vertex 40.0699 16.2583 6.35
    endloop
  endfacet
  facet normal 0 -1 0
    outer loop
      vertex 39.7026 16.2583 0
      vertex 40.0699 16.2583 6.35
      vertex 39.7026 16.2583 6.35
    endloop
  endfacet
  facet normal 0 1 0
    outer loop
      vertex 39.7026 5.73969 0
      vertex 39.7026 5.73969 6.35
      vertex 40.0699 5.73969 0
    endloop
  endfacet
  facet normal 0 1 0
    outer loop
      vertex 39.7026 5.73969 6.35
      vertex 40.0699 5.73969 6.35
      vertex 40.0699 5.73969 0
    endloop
  endfacet
  facet normal 0.237224 -0.971455 0
    outer loop
      vertex 39.7716 71.0922 0
      vertex 40.6328 71.3025 0
      vertex 40.6328 71.3025 6.35
    endloop
  endfacet
  facet normal 0.237224 -0.971455 0
    outer loop
      vertex 39.7716 71.0922 0
      vertex 40.6328 71.3025 6.35
      vertex 39.7716 71.0922 6.35
    endloop
  endfacet
  facet normal 0 0 -1
    outer loop
      vertex 39.7716 71.0922 0
      vertex 41.6515 106.441 0
      vertex 40.6328 71.3025 0
    endloop
  endfacet
  facet normal 0 0 1
    outer loop
      vertex 39.7716 71.0922 6.35
      vertex 40.6328 71.3025 6.35
      vertex 41.6515 106.441 6.35
    endloop
  endfacet
  facet normal 0.984802 0.173681 0
    outer loop
      vertex 4.03741 39.5956 0
      vertex 4.03741 39.5956 6.35
      vertex 4.1012 39.2339 0
    endloop
  endfacet
  facet normal 0.984802 0.173681 0
    outer loop
      vertex 4.03741 39.5956 6.35
      vertex 4.1012 39.2339 6.35
      vertex 4.1012 39.2339 0
    endloop
  endfacet
  facet normal 0.98481 -0.173635 0
    outer loop
      vertex 4.03741 41.0604 0
      vertex 4.1012 41.4222 0
      vertex 4.1012 41.4222 6.35
    endloop
  endfacet
  facet normal 0.98481 -0.173635 0
    outer loop
      vertex 4.03741 41.0604 0
      vertex 4.1012 41.4222 6.35
      vertex 4.03741 41.0604 6.35
    endloop
  endfacet
  facet normal 0.970296 0.241921 0
    outer loop
      vertex 4.1012 39.2339 0
      vertex 4.1012 39.2339 6.35
      vertex 4.19006 38.8775 0
    endloop
  endfacet
  facet normal 0.970296 0.241921 0
    outer loop
      vertex 4.1012 39.2339 6.35
      vertex 4.19006 38.8775 6.35
      vertex 4.19006 38.8775 0
    endloop
  endfacet
  facet normal 0.970296 -0.241921 0
    outer loop
      vertex 4.1012 41.4222 0
      vertex 4.19006 41.7786 0
      vertex 4.19006 41.7786 6.35
    endloop
  endfacet
  facet normal 0.970296 -0.241921 0
    outer loop
      vertex 4.1012 41.4222 0
      vertex 4.19006 41.7786 6.35
      vertex 4.1012 41.4222 6.35
    endloop
  endfacet
  facet normal 0.951052 0.309031 0
    outer loop
      vertex 4.19006 38.8775 0
      vertex 4.19006 38.8775 6.35
      vertex 4.30356 38.5282 0
    endloop
  endfacet
  facet normal 0.951052 0.309031 0
    outer loop
      vertex 4.19006 38.8775 6.35
      vertex 4.30356 38.5282 6.35
      vertex 4.30356 38.5282 0
    endloop
  endfacet
  facet normal 0.951052 -0.309031 0
    outer loop
      vertex 4.19006 41.7786 0
      vertex 4.30356 42.1279 0
      vertex 4.30356 42.1279 6.35
    endloop
  endfacet
  facet normal 0.951052 -0.309031 0
    outer loop
      vertex 4.19006 41.7786 0
      vertex 4.30356 42.1279 6.35
      vertex 4.19006 41.7786 6.35
    endloop
  endfacet
  facet normal 0.927195 0.37458 0
    outer loop
      vertex 4.30356 38.5282 0
      vertex 4.30356 38.5282 6.35
      vertex 4.44116 38.1876 0
    endloop
  endfacet
  facet normal 0.927195 0.37458 0
    outer loop
      vertex 4.30356 38.5282 6.35
      vertex 4.44116 38.1876 6.35
      vertex 4.44116 38.1876 0
    endloop
  endfacet
  facet normal 0.927195 -0.37458 0
    outer loop
      vertex 4.30356 42.1279 0
      vertex 4.44116 42.4685 0
      vertex 4.44116 42.4685 6.35
    endloop
  endfacet
  facet normal 0.927195 -0.37458 0
    outer loop
      vertex 4.30356 42.1279 0
      vertex 4.44116 42.4685 6.35
      vertex 4.30356 42.1279 6.35
    endloop
  endfacet
  facet normal 0.898762 0.438436 0
    outer loop
      vertex 4.44116 38.1876 0
      vertex 4.44116 38.1876 6.35
      vertex 4.60219 37.8575 0
    endloop
  endfacet
  facet normal 0.898762 0.438436 0
    outer loop
      vertex 4.44116 38.1876 6.35
      vertex 4.60219 37.8575 6.35
      vertex 4.60219 37.8575 0
    endloop
  endfacet
  facet normal 0.898762 -0.438436 0
    outer loop
      vertex 4.44116 42.4685 0
      vertex 4.60219 42.7986 0
      vertex 4.60219 42.7986 6.35
    endloop
  endfacet
  facet normal 0.898762 -0.438436 0
    outer loop
      vertex 4.44116 42.4685 0
      vertex 4.60219 42.7986 6.35
      vertex 4.44116 42.4685 6.35
    endloop
  endfacet
  facet normal 0.866031 0.49999 0
    outer loop
      vertex 4.60219 37.8575 0
      vertex 4.60219 37.8575 6.35
      vertex 4.78584 37.5394 0
    endloop
  endfacet
  facet normal 0.866031 0.49999 0
    outer loop
      vertex 4.60219 37.8575 6.35
      vertex 4.78584 37.5394 6.35
      vertex 4.78584 37.5394 0
    endloop
  endfacet
  facet normal 0.866031 -0.49999 0
    outer loop
      vertex 4.60219 42.7986 0
      vertex 4.78584 43.1167 0
      vertex 4.78584 43.1167 6.35
    endloop
  endfacet
  facet normal 0.866031 -0.49999 0
    outer loop
      vertex 4.60219 42.7986 0
      vertex 4.78584 43.1167 6.35
      vertex 4.60219 42.7986 6.35
    endloop
  endfacet
  facet normal -0.370118 0.928985 0
    outer loop
      vertex 4.64328 61.0688 0
      vertex 4.64328 61.0688 6.35
      vertex 5.4668 61.3969 0
    endloop
  endfacet
  facet normal 0 0 -1
    outer loop
      vertex 4.64328 61.0688 0
      vertex 5.4668 61.3969 0
      vertex 8.69862 45.5617 0
    endloop
  endfacet
  facet normal 0 0 -1
    outer loop
      vertex 4.64328 61.0688 0
      vertex 8.69862 45.5617 0
      vertex 8.33487 45.5106 0
    endloop
  endfacet
  facet normal -0.370118 0.928985 0
    outer loop
      vertex 4.64328 61.0688 6.35
      vertex 5.4668 61.3969 6.35
      vertex 5.4668 61.3969 0
    endloop
  endfacet
  facet normal 0 0 1
    outer loop
      vertex 4.64328 61.0688 6.35
      vertex 8.33487 45.5106 6.35
      vertex 8.69862 45.5617 6.35
    endloop
  endfacet
  facet normal 0 0 1
    outer loop
      vertex 4.64328 61.0688 6.35
      vertex 8.69862 45.5617 6.35
      vertex 5.4668 61.3969 6.35
    endloop
  endfacet
  facet normal 0 0 -1
    outer loop
      vertex 4.76036 84.9368 0
      vertex 12.8432 113.576 0
      vertex 5.58063 84.6007 0
    endloop
  endfacet
  facet normal -0.37915 -0.925335 0
    outer loop
      vertex 4.76036 84.9368 0
      vertex 5.58063 84.6007 0
      vertex 5.58063 84.6007 6.35
    endloop
  endfacet
  facet normal -0.37915 -0.925335 0
    outer loop
      vertex 4.76036 84.9368 0
      vertex 5.58063 84.6007 6.35
      vertex 4.76036 84.9368 6.35
    endloop
  endfacet
  facet normal 0 0 1
    outer loop
      vertex 4.76036 84.9368 6.35
      vertex 5.58063 84.6007 6.35
      vertex 12.8432 113.576 6.35
    endloop
  endfacet
  facet normal 0.829107 0.559089 0
    outer loop
      vertex 4.78584 37.5394 0
      vertex 4.78584 37.5394 6.35
      vertex 4.99124 37.2348 0
    endloop
  endfacet
  facet normal 0.829107 0.559089 0
    outer loop
      vertex 4.78584 37.5394 6.35
      vertex 4.99124 37.2348 6.35
      vertex 4.99124 37.2348 0
    endloop
  endfacet
  facet normal 0.829107 -0.559089 0
    outer loop
      vertex 4.78584 43.1167 0
      vertex 4.99124 43.4213 0
      vertex 4.99124 43.4213 6.35
    endloop
  endfacet
  facet normal 0.829107 -0.559089 0
    outer loop
      vertex 4.78584 43.1167 0
      vertex 4.99124 43.4213 6.35
      vertex 4.78584 43.1167 6.35
    endloop
  endfacet
  facet normal -0.4068 0.913517 0
    outer loop
      vertex 4.83241 -11.9607 0
      vertex 4.83241 -11.9607 6.35
      vertex 5.65498 -11.5944 0
    endloop
  endfacet
  facet normal 0 0 -1
    outer loop
      vertex 4.83241 -11.9607 0
      vertex 5.65498 -11.5944 0
      vertex 8.40054 -20.7921 0
    endloop
  endfacet
  facet normal -0.4068 0.913517 0
    outer loop
      vertex 4.83241 -11.9607 6.35
      vertex 5.65498 -11.5944 6.35
      vertex 5.65498 -11.5944 0
    endloop
  endfacet
  facet normal 0 0 1
    outer loop
      vertex 4.83241 -11.9607 6.35
      vertex 8.40054 -20.7921 6.35
      vertex 5.65498 -11.5944 6.35
    endloop
  endfacet
  facet normal -0.4068 -0.913517 0
    outer loop
      vertex 4.83241 11.9607 0
      vertex 5.65498 11.5944 0
      vertex 5.65498 11.5944 6.35
    endloop
  endfacet
  facet normal -0.4068 -0.913517 0
    outer loop
      vertex 4.83241 11.9607 0
      vertex 5.65498 11.5944 6.35
      vertex 4.83241 11.9607 6.35
    endloop
  endfacet
  facet normal 0 0 -1
    outer loop
      vertex 4.83241 11.9607 0
      vertex 9.06503 35.0688 0
      vertex 9.43236 35.0688 0
    endloop
  endfacet
  facet normal 0 0 -1
    outer loop
      vertex 4.83241 11.9607 0
      vertex 9.43236 35.0688 0
      vertex 5.65498 11.5944 0
    endloop
  endfacet
  facet normal 0 0 1
    outer loop
      vertex 4.83241 11.9607 6.35
      vertex 5.65498 11.5944 6.35
      vertex 9.43236 35.0688 6.35
    endloop
  endfacet
  facet normal 0 0 1
    outer loop
      vertex 4.83241 11.9607 6.35
      vertex 9.43236 35.0688 6.35
      vertex 9.06503 35.0688 6.35
    endloop
  endfacet
  facet normal 0.78795 0.615739 0
    outer loop
      vertex 4.99124 37.2348 0
      vertex 4.99124 37.2348 6.35
      vertex 5.21739 36.9454 0
    endloop
  endfacet
  facet normal 0.78795 0.615739 0
    outer loop
      vertex 4.99124 37.2348 6.35
      vertex 5.21739 36.9454 6.35
      vertex 5.21739 36.9454 0
    endloop
  endfacet
  facet normal 0.78795 -0.615739 0
    outer loop
      vertex 4.99124 43.4213 0
      vertex 5.21739 43.7107 0
      vertex 5.21739 43.7107 6.35
    endloop
  endfacet
  facet normal 0.78795 -0.615739 0
    outer loop
      vertex 4.99124 43.4213 0
      vertex 5.21739 43.7107 6.35
      vertex 4.99124 43.4213 6.35
    endloop
  endfacet
  facet normal -0.0696991 -0.997568 0
    outer loop
      vertex 40.0699 16.2583 0
      vertex 40.4363 16.2327 0
      vertex 40.4363 16.2327 6.35
    endloop
  endfacet
  facet normal -0.0696991 -0.997568 0
    outer loop
      vertex 40.0699 16.2583 0
      vertex 40.4363 16.2327 6.35
      vertex 40.0699 16.2583 6.35
    endloop
  endfacet
  facet normal -0.0697262 0.997566 0
    outer loop
      vertex 40.0699 5.73969 0
      vertex 40.0699 5.73969 6.35
      vertex 40.4363 5.7653 0
    endloop
  endfacet
  facet normal 0 0 -1
    outer loop
      vertex 40.0699 5.73969 0
      vertex 40.4363 5.7653 0
      vertex 58.0571 0 0
    endloop
  endfacet
  facet normal -0.0697262 0.997566 0
    outer loop
      vertex 40.0699 5.73969 6.35
      vertex 40.4363 5.7653 6.35
      vertex 40.4363 5.7653 0
    endloop
  endfacet
  facet normal 0 0 1
    outer loop
      vertex 40.0699 5.73969 6.35
      vertex 58.0571 0 6.35
      vertex 40.4363 5.7653 6.35
    endloop
  endfacet
  facet normal -0.139363 -0.990241 0
    outer loop
      vertex 40.4363 16.2327 0
      vertex 40.8001 16.1815 0
      vertex 40.8001 16.1815 6.35
    endloop
  endfacet
  facet normal -0.139363 -0.990241 0
    outer loop
      vertex 40.4363 16.2327 0
      vertex 40.8001 16.1815 6.35
      vertex 40.4363 16.2327 6.35
    endloop
  endfacet
  facet normal -0.13915 0.990271 0
    outer loop
      vertex 40.4363 5.7653 0
      vertex 40.4363 5.7653 6.35
      vertex 40.8001 5.81642 0
    endloop
  endfacet
  facet normal 0 0 -1
    outer loop
      vertex 40.4363 5.7653 0
      vertex 40.8001 5.81642 0
      vertex 58.0571 0 0
    endloop
  endfacet
  facet normal -0.13915 0.990271 0
    outer loop
      vertex 40.4363 5.7653 6.35
      vertex 40.8001 5.81642 6.35
      vertex 40.8001 5.81642 0
    endloop
  endfacet
  facet normal 0 0 1
    outer loop
      vertex 40.4363 5.7653 6.35
      vertex 58.0571 0 6.35
      vertex 40.8001 5.81642 6.35
    endloop
  endfacet
  facet normal 0.178468 0.983946 0
    outer loop
      vertex 40.5109 46.4578 0
      vertex 40.5109 46.4578 6.35
      vertex 41.3831 46.2996 0
    endloop
  endfacet
  facet normal 0.178468 0.983946 0
    outer loop
      vertex 40.5109 46.4578 6.35
      vertex 41.3831 46.2996 6.35
      vertex 41.3831 46.2996 0
    endloop
  endfacet
  facet normal 0.16877 -0.985656 0
    outer loop
      vertex 40.6328 71.3025 0
      vertex 41.5065 71.4521 0
      vertex 41.5065 71.4521 6.35
    endloop
  endfacet
  facet normal 0.16877 -0.985656 0
    outer loop
      vertex 40.6328 71.3025 0
      vertex 41.5065 71.4521 6.35
      vertex 40.6328 71.3025 6.35
    endloop
  endfacet
  facet normal 0 0 -1
    outer loop
      vertex 40.6328 71.3025 0
      vertex 41.6515 106.441 0
      vertex 47.1358 104.128 0
    endloop
  endfacet
  facet normal 0 0 -1
    outer loop
      vertex 40.6328 71.3025 0
      vertex 47.1358 104.128 0
      vertex 41.5065 71.4521 0
    endloop
  endfacet
  facet normal 0 0 1
    outer loop
      vertex 40.6328 71.3025 6.35
      vertex 41.5065 71.4521 6.35
      vertex 47.1358 104.128 6.35
    endloop
  endfacet
  facet normal 0 0 1
    outer loop
      vertex 40.6328 71.3025 6.35
      vertex 47.1358 104.128 6.35
      vertex 41.6515 106.441 6.35
    endloop
  endfacet
  facet normal -0.207725 -0.978187 0
    outer loop
      vertex 40.8001 16.1815 0
      vertex 41.1594 16.1052 0
      vertex 41.1594 16.1052 6.35
    endloop
  endfacet
  facet normal -0.207725 -0.978187 0
    outer loop
      vertex 40.8001 16.1815 0
      vertex 41.1594 16.1052 6.35
      vertex 40.8001 16.1815 6.35
    endloop
  endfacet
  facet normal -0.207908 0.978148 0
    outer loop
      vertex 40.8001 5.81642 0
      vertex 40.8001 5.81642 6.35
      vertex 41.1594 5.89279 0
    endloop
  endfacet
  facet normal 0 0 -1
    outer loop
      vertex 40.8001 5.81642 0
      vertex 41.1594 5.89279 0
      vertex 58.0571 0 0
    endloop
  endfacet
  facet normal -0.207908 0.978148 0
    outer loop
      vertex 40.8001 5.81642 6.35
      vertex 41.1594 5.89279 6.35
      vertex 41.1594 5.89279 0
    endloop
  endfacet
  facet normal 0 0 1
    outer loop
      vertex 40.8001 5.81642 6.35
      vertex 58.0571 0 6.35
      vertex 41.1594 5.89279 6.35
    endloop
  endfacet
  facet normal -0.275764 -0.961225 0
    outer loop
      vertex 41.1594 16.1052 0
      vertex 41.5125 16.0039 0
      vertex 41.5125 16.0039 6.35
    endloop
  endfacet
  facet normal -0.275764 -0.961225 0
    outer loop
      vertex 41.1594 16.1052 0
      vertex 41.5125 16.0039 6.35
      vertex 41.1594 16.1052 6.35
    endloop
  endfacet
  facet normal -0.275663 0.961254 0
    outer loop
      vertex 41.1594 5.89279 0
      vertex 41.1594 5.89279 6.35
      vertex 41.5125 5.99405 0
    endloop
  endfacet
  facet normal 0 0 -1
    outer loop
      vertex 41.1594 5.89279 0
      vertex 41.5125 5.99405 0
      vertex 58.0571 0 0
    endloop
  endfacet
  facet normal -0.275663 0.961254 0
    outer loop
      vertex 41.1594 5.89279 6.35
      vertex 41.5125 5.99405 6.35
      vertex 41.5125 5.99405 0
    endloop
  endfacet
  facet normal 0 0 1
    outer loop
      vertex 41.1594 5.89279 6.35
      vertex 58.0571 0 6.35
      vertex 41.5125 5.99405 6.35
    endloop
  endfacet
  facet normal 0.109416 0.993996 0
    outer loop
      vertex 41.3831 46.2996 0
      vertex 41.3831 46.2996 6.35
      vertex 42.2643 46.2026 0
    endloop
  endfacet
  facet normal 0.109416 0.993996 0
    outer loop
      vertex 41.3831 46.2996 6.35
      vertex 42.2643 46.2026 6.35
      vertex 42.2643 46.2026 0
    endloop
  endfacet
  facet normal 0.0997159 -0.995016 0
    outer loop
      vertex 41.5065 71.4521 0
      vertex 42.3886 71.5405 0
      vertex 42.3886 71.5405 6.35
    endloop
  endfacet
  facet normal 0.0997159 -0.995016 0
    outer loop
      vertex 41.5065 71.4521 0
      vertex 42.3886 71.5405 6.35
      vertex 41.5065 71.4521 6.35
    endloop
  endfacet
  facet normal 0 0 -1
    outer loop
      vertex 41.5065 71.4521 0
      vertex 47.1358 104.128 0
      vertex 42.3886 71.5405 0
    endloop
  endfacet
  facet normal 0 0 1
    outer loop
      vertex 41.5065 71.4521 6.35
      vertex 42.3886 71.5405 6.35
      vertex 47.1358 104.128 6.35
    endloop
  endfacet
  facet normal -0.342005 -0.939698 0
    outer loop
      vertex 41.5125 16.0039 0
      vertex 41.8576 15.8783 0
      vertex 41.8576 15.8783 6.35
    endloop
  endfacet
  facet normal -0.342005 -0.939698 0
    outer loop
      vertex 41.5125 16.0039 0
      vertex 41.8576 15.8783 6.35
      vertex 41.5125 16.0039 6.35
    endloop
  endfacet
  facet normal 0 0 -1
    outer loop
      vertex 41.5125 16.0039 0
      vertex 57.0647 24.4917 0
      vertex 41.8576 15.8783 0
    endloop
  endfacet
  facet normal 0 0 1
    outer loop
      vertex 41.5125 16.0039 6.35
      vertex 41.8576 15.8783 6.35
      vertex 57.0647 24.4917 6.35
    endloop
  endfacet
  facet normal -0.342053 0.93968 0
    outer loop
      vertex 41.5125 5.99405 0
      vertex 41.5125 5.99405 6.35
      vertex 41.8576 6.11967 0
    endloop
  endfacet
  facet normal 0 0 -1
    outer loop
      vertex 41.5125 5.99405 0
      vertex 41.8576 6.11967 0
      vertex 58.0571 0 0
    endloop
  endfacet
  facet normal -0.342053 0.93968 0
    outer loop
      vertex 41.5125 5.99405 6.35
      vertex 41.8576 6.11967 6.35
      vertex 41.8576 6.11967 0
    endloop
  endfacet
  facet normal 0 0 1
    outer loop
      vertex 41.5125 5.99405 6.35
      vertex 58.0571 0 6.35
      vertex 41.8576 6.11967 6.35
    endloop
  endfacet
  facet normal 0.388602 0.921406 0
    outer loop
      vertex 41.6515 106.441 0
      vertex 41.6515 106.441 6.35
      vertex 47.1358 104.128 6.35
    endloop
  endfacet
  facet normal 0.388602 0.921406 0
    outer loop
      vertex 41.6515 106.441 0
      vertex 47.1358 104.128 6.35
      vertex 47.1358 104.128 0
    endloop
  endfacet
  facet normal -0.406694 -0.913564 0
    outer loop
      vertex 41.8576 15.8783 0
      vertex 42.1932 15.7289 0
      vertex 42.1932 15.7289 6.35
    endloop
  endfacet
  facet normal -0.406694 -0.913564 0
    outer loop
      vertex 41.8576 15.8783 0
      vertex 42.1932 15.7289 6.35
      vertex 41.8576 15.8783 6.35
    endloop
  endfacet
  facet normal 0 0 -1
    outer loop
      vertex 41.8576 15.8783 0
      vertex 57.0647 24.4917 0
      vertex 42.1932 15.7289 0
    endloop
  endfacet
  facet normal 0 0 1
    outer loop
      vertex 41.8576 15.8783 6.35
      vertex 42.1932 15.7289 6.35
      vertex 57.0647 24.4917 6.35
    endloop
  endfacet
  facet normal -0.406694 0.913564 0
    outer loop
      vertex 41.8576 6.11967 0
      vertex 41.8576 6.11967 6.35
      vertex 42.1932 6.26907 0
    endloop
  endfacet
  facet normal 0 0 -1
    outer loop
      vertex 41.8576 6.11967 0
      vertex 42.1932 6.26907 0
      vertex 58.0571 0 0
    endloop
  endfacet
  facet normal -0.406694 0.913564 0
    outer loop
      vertex 41.8576 6.11967 6.35
      vertex 42.1932 6.26907 6.35
      vertex 42.1932 6.26907 0
    endloop
  endfacet
  facet normal 0 0 1
    outer loop
      vertex 41.8576 6.11967 6.35
      vertex 58.0571 0 6.35
      vertex 42.1932 6.26907 6.35
    endloop
  endfacet
  facet normal -0.469613 -0.882872 0
    outer loop
      vertex 42.1932 15.7289 0
      vertex 42.5175 15.5564 0
      vertex 42.5175 15.5564 6.35
    endloop
  endfacet
  facet normal -0.469613 -0.882872 0
    outer loop
      vertex 42.1932 15.7289 0
      vertex 42.5175 15.5564 6.35
      vertex 42.1932 15.7289 6.35
    endloop
  endfacet
  facet normal 0 0 -1
    outer loop
      vertex 42.1932 15.7289 0
      vertex 56.937 23.6144 0
      vertex 42.5175 15.5564 0
    endloop
  endfacet
  facet normal 0 0 -1
    outer loop
      vertex 42.1932 15.7289 0
      vertex 57.0647 24.4917 0
      vertex 56.937 23.6144 0
    endloop
  endfacet
  facet normal 0 0 1
    outer loop
      vertex 42.1932 15.7289 6.35
      vertex 42.5175 15.5564 6.35
      vertex 56.937 23.6144 6.35
    endloop
  endfacet
  facet normal 0 0 1
    outer loop
      vertex 42.1932 15.7289 6.35
      vertex 56.937 23.6144 6.35
      vertex 57.0647 24.4917 6.35
    endloop
  endfacet
  facet normal -0.469528 0.882918 0
    outer loop
      vertex 42.1932 6.26907 0
      vertex 42.1932 6.26907 6.35
      vertex 42.5175 6.44153 0
    endloop
  endfacet
  facet normal 0 0 -1
    outer loop
      vertex 42.1932 6.26907 0
      vertex 42.5175 6.44153 0
      vertex 58.0571 0 0
    endloop
  endfacet
  facet normal -0.469528 0.882918 0
    outer loop
      vertex 42.1932 6.26907 6.35
      vertex 42.5175 6.44153 6.35
      vertex 42.5175 6.44153 0
    endloop
  endfacet
  facet normal 0 0 1
    outer loop
      vertex 42.1932 6.26907 6.35
      vertex 58.0571 0 6.35
      vertex 42.5175 6.44153 6.35
    endloop
  endfacet
  facet normal 0.0398239 0.999207 0
    outer loop
      vertex 42.2643 46.2026 0
      vertex 42.2643 46.2026 6.35
      vertex 43.15 46.1673 0
    endloop
  endfacet
  facet normal 0.0398239 0.999207 0
    outer loop
      vertex 42.2643 46.2026 6.35
      vertex 43.15 46.1673 6.35
      vertex 43.15 46.1673 0
    endloop
  endfacet
  facet normal 0.0298963 -0.999553 0
    outer loop
      vertex 42.3886 71.5405 0
      vertex 43.2746 71.567 0
      vertex 43.2746 71.567 6.35
    endloop
  endfacet
  facet normal 0.0298963 -0.999553 0
    outer loop
      vertex 42.3886 71.5405 0
      vertex 43.2746 71.567 6.35
      vertex 42.3886 71.5405 6.35
    endloop
  endfacet
  facet normal 0 0 -1
    outer loop
      vertex 42.3886 71.5405 0
      vertex 47.1358 104.128 0
      vertex 43.2746 71.567 0
    endloop
  endfacet
  facet normal 0 0 1
    outer loop
      vertex 42.3886 71.5405 6.35
      vertex 43.2746 71.567 6.35
      vertex 47.1358 104.128 6.35
    endloop
  endfacet
  facet normal -0.529828 -0.848105 0
    outer loop
      vertex 42.5175 15.5564 0
      vertex 42.829 15.3618 0
      vertex 42.829 15.3618 6.35
    endloop
  endfacet
  facet normal -0.529828 -0.848105 0
    outer loop
      vertex 42.5175 15.5564 0
      vertex 42.829 15.3618 6.35
      vertex 42.5175 15.5564 6.35
    endloop
  endfacet
  facet normal 0 0 -1
    outer loop
      vertex 42.5175 15.5564 0
      vertex 56.8708 22.7305 0
      vertex 42.829 15.3618 0
    endloop
  endfacet
  facet normal 0 0 -1
    outer loop
      vertex 42.5175 15.5564 0
      vertex 56.937 23.6144 0
      vertex 56.8708 22.7305 0
    endloop
  endfacet
  facet normal 0 0 1
    outer loop
      vertex 42.5175 15.5564 6.35
      vertex 42.829 15.3618 6.35
      vertex 56.8708 22.7305 6.35
    endloop
  endfacet
  facet normal 0 0 1
    outer loop
      vertex 42.5175 15.5564 6.35
      vertex 56.8708 22.7305 6.35
      vertex 56.937 23.6144 6.35
    endloop
  endfacet
  facet normal -0.529906 0.848056 0
    outer loop
      vertex 42.5175 6.44153 0
      vertex 42.5175 6.44153 6.35
      vertex 42.829 6.63617 0
    endloop
  endfacet
  facet normal 0 0 -1
    outer loop
      vertex 42.5175 6.44153 0
      vertex 42.829 6.63617 0
      vertex 58.0571 0 0
    endloop
  endfacet
  facet normal -0.529906 0.848056 0
    outer loop
      vertex 42.5175 6.44153 6.35
      vertex 42.829 6.63617 6.35
      vertex 42.829 6.63617 0
    endloop
  endfacet
  facet normal 0 0 1
    outer loop
      vertex 42.5175 6.44153 6.35
      vertex 58.0571 0 6.35
      vertex 42.829 6.63617 6.35
    endloop
  endfacet
  facet normal -0.587735 -0.809054 0
    outer loop
      vertex 42.829 15.3618 0
      vertex 43.1262 15.1459 0
      vertex 43.1262 15.1459 6.35
    endloop
  endfacet
  facet normal -0.587735 -0.809054 0
    outer loop
      vertex 42.829 15.3618 0
      vertex 43.1262 15.1459 6.35
      vertex 42.829 15.3618 6.35
    endloop
  endfacet
  facet normal 0 0 -1
    outer loop
      vertex 42.829 15.3618 0
      vertex 56.8708 22.7305 0
      vertex 43.1262 15.1459 0
    endloop
  endfacet
  facet normal 0 0 1
    outer loop
      vertex 42.829 15.3618 6.35
      vertex 43.1262 15.1459 6.35
      vertex 56.8708 22.7305 6.35
    endloop
  endfacet
  facet normal -0.587735 0.809054 0
    outer loop
      vertex 42.829 6.63617 0
      vertex 42.829 6.63617 6.35
      vertex 43.1262 6.85207 0
    endloop
  endfacet
  facet normal 0 0 -1
    outer loop
      vertex 42.829 6.63617 0
      vertex 43.1262 6.85207 0
      vertex 58.0571 0 0
    endloop
  endfacet
  facet normal -0.587735 0.809054 0
    outer loop
      vertex 42.829 6.63617 6.35
      vertex 43.1262 6.85207 6.35
      vertex 43.1262 6.85207 0
    endloop
  endfacet
  facet normal 0 0 1
    outer loop
      vertex 42.829 6.63617 6.35
      vertex 58.0571 0 6.35
      vertex 43.1262 6.85207 6.35
    endloop
  endfacet
  facet normal -0.642886 -0.765962 0
    outer loop
      vertex 43.1262 15.1459 0
      vertex 43.4075 14.9098 0
      vertex 43.4075 14.9098 6.35
    endloop
  endfacet
  facet normal -0.642886 -0.765962 0
    outer loop
      vertex 43.1262 15.1459 0
      vertex 43.4075 14.9098 6.35
      vertex 43.1262 15.1459 6.35
    endloop
  endfacet
  facet normal 0 0 -1
    outer loop
      vertex 43.1262 15.1459 0
      vertex 56.8665 21.844 0
      vertex 43.4075 14.9098 0
    endloop
  endfacet
  facet normal 0 0 -1
    outer loop
      vertex 43.1262 15.1459 0
      vertex 56.8708 22.7305 0
      vertex 56.8665 21.844 0
    endloop
  endfacet
  facet normal 0 0 1
    outer loop
      vertex 43.1262 15.1459 6.35
      vertex 43.4075 14.9098 6.35
      vertex 56.8665 21.844 6.35
    endloop
  endfacet
  facet normal 0 0 1
    outer loop
      vertex 43.1262 15.1459 6.35
      vertex 56.8665 21.844 6.35
      vertex 56.8708 22.7305 6.35
    endloop
  endfacet
  facet normal -0.642901 0.765949 0
    outer loop
      vertex 43.1262 6.85207 0
      vertex 43.1262 6.85207 6.35
      vertex 43.4075 7.08818 0
    endloop
  endfacet
  facet normal 0 0 -1
    outer loop
      vertex 43.1262 6.85207 0
      vertex 43.4075 7.08818 0
      vertex 58.0571 0 0
    endloop
  endfacet
  facet normal -0.642901 0.765949 0
    outer loop
      vertex 43.1262 6.85207 6.35
      vertex 43.4075 7.08818 6.35
      vertex 43.4075 7.08818 0
    endloop
  endfacet
  facet normal 0 0 1
    outer loop
      vertex 43.1262 6.85207 6.35
      vertex 58.0571 0 6.35
      vertex 43.4075 7.08818 6.35
    endloop
  endfacet
  facet normal -0.0300057 0.99955 0
    outer loop
      vertex 43.15 46.1673 0
      vertex 43.15 46.1673 6.35
      vertex 44.0361 46.1939 0
    endloop
  endfacet
  facet normal -0.0300057 0.99955 0
    outer loop
      vertex 43.15 46.1673 6.35
      vertex 44.0361 46.1939 6.35
      vertex 44.0361 46.1939 0
    endloop
  endfacet
  facet normal -0.0397068 -0.999211 0
    outer loop
      vertex 43.2746 71.567 0
      vertex 44.1604 71.5318 0
      vertex 44.1604 71.5318 6.35
    endloop
  endfacet
  facet normal -0.0397068 -0.999211 0
    outer loop
      vertex 43.2746 71.567 0
      vertex 44.1604 71.5318 6.35
      vertex 43.2746 71.567 6.35
    endloop
  endfacet
  facet normal 0 0 -1
    outer loop
      vertex 43.2746 71.567 0
      vertex 47.1358 104.128 0
      vertex 52.4922 101.534 0
    endloop
  endfacet
  facet normal 0 0 -1
    outer loop
      vertex 43.2746 71.567 0
      vertex 52.4922 101.534 0
      vertex 44.1604 71.5318 0
    endloop
  endfacet
  facet normal 0 0 1
    outer loop
      vertex 43.2746 71.567 6.35
      vertex 44.1604 71.5318 6.35
      vertex 52.4922 101.534 6.35
    endloop
  endfacet
  facet normal 0 0 1
    outer loop
      vertex 43.2746 71.567 6.35
      vertex 52.4922 101.534 6.35
      vertex 47.1358 104.128 6.35
    endloop
  endfacet
  facet normal -0.694614 -0.719383 0
    outer loop
      vertex 43.4075 14.9098 0
      vertex 43.6718 14.6546 0
      vertex 43.6718 14.6546 6.35
    endloop
  endfacet
  facet normal -0.694614 -0.719383 0
    outer loop
      vertex 43.4075 14.9098 0
      vertex 43.6718 14.6546 6.35
      vertex 43.4075 14.9098 6.35
    endloop
  endfacet
  facet normal 0 0 -1
    outer loop
      vertex 43.4075 14.9098 0
      vertex 56.8665 21.844 0
      vertex 56.924 20.9595 0
    endloop
  endfacet
  facet normal 0 0 -1
    outer loop
      vertex 43.4075 14.9098 0
      vertex 56.924 20.9595 0
      vertex 43.6718 14.6546 0
    endloop
  endfacet
  facet normal 0 0 1
    outer loop
      vertex 43.4075 14.9098 6.35
      vertex 43.6718 14.6546 6.35
      vertex 56.924 20.9595 6.35
    endloop
  endfacet
  facet normal 0 0 1
    outer loop
      vertex 43.4075 14.9098 6.35
      vertex 56.924 20.9595 6.35
      vertex 56.8665 21.844 6.35
    endloop
  endfacet
  facet normal -0.694558 0.719437 0
    outer loop
      vertex 43.4075 7.08818 0
      vertex 43.4075 7.08818 6.35
      vertex 43.6718 7.34334 0
    endloop
  endfacet
  facet normal 0 0 -1
    outer loop
      vertex 43.4075 7.08818 0
      vertex 43.6718 7.34334 0
      vertex 58.0571 0 0
    endloop
  endfacet
  facet normal -0.694558 0.719437 0
    outer loop
      vertex 43.4075 7.08818 6.35
      vertex 43.6718 7.34334 6.35
      vertex 43.6718 7.34334 0
    endloop
  endfacet
  facet normal 0 0 1
    outer loop
      vertex 43.4075 7.08818 6.35
      vertex 58.0571 0 6.35
      vertex 43.6718 7.34334 6.35
    endloop
  endfacet
  facet normal -0.743037 -0.66925 0
    outer loop
      vertex 43.6718 14.6546 0
      vertex 43.9176 14.3817 0
      vertex 43.9176 14.3817 6.35
    endloop
  endfacet
  facet normal -0.743037 -0.66925 0
    outer loop
      vertex 43.6718 14.6546 0
      vertex 43.9176 14.3817 6.35
      vertex 43.6718 14.6546 6.35
    endloop
  endfacet
  facet normal 0 0 -1
    outer loop
      vertex 43.6718 14.6546 0
      vertex 56.924 20.9595 0
      vertex 43.9176 14.3817 0
    endloop
  endfacet
  facet normal 0 0 1
    outer loop
      vertex 43.6718 14.6546 6.35
      vertex 43.9176 14.3817 6.35
      vertex 56.924 20.9595 6.35
    endloop
  endfacet
  facet normal -0.74311 0.669169 0
    outer loop
      vertex 43.6718 7.34334 0
      vertex 43.6718 7.34334 6.35
      vertex 43.9176 7.6163 0
    endloop
  endfacet
  facet normal 0 0 -1
    outer loop
      vertex 43.6718 7.34334 0
      vertex 43.9176 7.6163 0
      vertex 58.0571 0 0
    endloop
  endfacet
  facet normal -0.74311 0.669169 0
    outer loop
      vertex 43.6718 7.34334 6.35
      vertex 43.9176 7.6163 6.35
      vertex 43.9176 7.6163 0
    endloop
  endfacet
  facet normal 0 0 1
    outer loop
      vertex 43.6718 7.34334 6.35
      vertex 58.0571 0 6.35
      vertex 43.9176 7.6163 6.35
    endloop
  endfacet
  facet normal -0.788119 -0.615523 0
    outer loop
      vertex 43.9176 14.3817 0
      vertex 44.1437 14.0922 0
      vertex 44.1437 14.0922 6.35
    endloop
  endfacet
  facet normal -0.788119 -0.615523 0
    outer loop
      vertex 43.9176 14.3817 0
      vertex 44.1437 14.0922 6.35
      vertex 43.9176 14.3817 6.35
    endloop
  endfacet
  facet normal 0 0 -1
    outer loop
      vertex 43.9176 14.3817 0
      vertex 56.924 20.9595 0
      vertex 57.043 20.081 0
    endloop
  endfacet
  facet normal 0 0 -1
    outer loop
      vertex 43.9176 14.3817 0
      vertex 57.043 20.081 0
      vertex 44.1437 14.0922 0
    endloop
  endfacet
  facet normal 0 0 1
    outer loop
      vertex 43.9176 14.3817 6.35
      vertex 44.1437 14.0922 6.35
      vertex 57.043 20.081 6.35
    endloop
  endfacet
  facet normal 0 0 1
    outer loop
      vertex 43.9176 14.3817 6.35
      vertex 57.043 20.081 6.35
      vertex 56.924 20.9595 6.35
    endloop
  endfacet
  facet normal -0.788078 0.615575 0
    outer loop
      vertex 43.9176 7.6163 0
      vertex 43.9176 7.6163 6.35
      vertex 44.1437 7.90576 0
    endloop
  endfacet
  facet normal 0 0 -1
    outer loop
      vertex 43.9176 7.6163 0
      vertex 44.1437 7.90576 0
      vertex 58.0571 0 0
    endloop
  endfacet
  facet normal -0.788078 0.615575 0
    outer loop
      vertex 43.9176 7.6163 6.35
      vertex 44.1437 7.90576 6.35
      vertex 44.1437 7.90576 0
    endloop
  endfacet
  facet normal 0 0 1
    outer loop
      vertex 43.9176 7.6163 6.35
      vertex 58.0571 0 6.35
      vertex 44.1437 7.90576 6.35
    endloop
  endfacet
  facet normal -0.0997271 0.995015 0
    outer loop
      vertex 44.0361 46.1939 0
      vertex 44.0361 46.1939 6.35
      vertex 44.9181 46.2823 0
    endloop
  endfacet
  facet normal -0.0997271 0.995015 0
    outer loop
      vertex 44.0361 46.1939 6.35
      vertex 44.9181 46.2823 6.35
      vertex 44.9181 46.2823 0
    endloop
  endfacet
  facet normal -0.829022 -0.559216 0
    outer loop
      vertex 44.1437 14.0922 0
      vertex 44.3491 13.7877 0
      vertex 44.3491 13.7877 6.35
    endloop
  endfacet
  facet normal -0.829022 -0.559216 0
    outer loop
      vertex 44.1437 14.0922 0
      vertex 44.3491 13.7877 6.35
      vertex 44.1437 14.0922 6.35
    endloop
  endfacet
  facet normal 0 0 -1
    outer loop
      vertex 44.1437 14.0922 0
      vertex 57.043 20.081 0
      vertex 57.2231 19.2131 0
    endloop
  endfacet
  facet normal 0 0 -1
    outer loop
      vertex 44.1437 14.0922 0
      vertex 57.2231 19.2131 0
      vertex 44.3491 13.7877 0
    endloop
  endfacet
  facet normal 0 0 1
    outer loop
      vertex 44.1437 14.0922 6.35
      vertex 44.3491 13.7877 6.35
      vertex 57.2231 19.2131 6.35
    endloop
  endfacet
  facet normal 0 0 1
    outer loop
      vertex 44.1437 14.0922 6.35
      vertex 57.2231 19.2131 6.35
      vertex 57.043 20.081 6.35
    endloop
  endfacet
  facet normal -0.829039 0.55919 0
    outer loop
      vertex 44.1437 7.90576 0
      vertex 44.1437 7.90576 6.35
      vertex 44.3491 8.21028 0
    endloop
  endfacet
  facet normal 0 0 -1
    outer loop
      vertex 44.1437 7.90576 0
      vertex 44.3491 8.21028 0
      vertex 58.0571 0 0
    endloop
  endfacet
  facet normal -0.829039 0.55919 0
    outer loop
      vertex 44.1437 7.90576 6.35
      vertex 44.3491 8.21028 6.35
      vertex 44.3491 8.21028 0
    endloop
  endfacet
  facet normal 0 0 1
    outer loop
      vertex 44.1437 7.90576 6.35
      vertex 58.0571 0 6.35
      vertex 44.3491 8.21028 6.35
    endloop
  endfacet
  facet normal -0.109429 -0.993995 0
    outer loop
      vertex 44.1604 71.5318 0
      vertex 45.0415 71.4348 0
      vertex 45.0415 71.4348 6.35
    endloop
  endfacet
  facet normal -0.109429 -0.993995 0
    outer loop
      vertex 44.1604 71.5318 0
      vertex 45.0415 71.4348 6.35
      vertex 44.1604 71.5318 6.35
    endloop
  endfacet
  facet normal 0 0 -1
    outer loop
      vertex 44.1604 71.5318 0
      vertex 52.4922 101.534 0
      vertex 45.0415 71.4348 0
    endloop
  endfacet
  facet normal 0 0 1
    outer loop
      vertex 44.1604 71.5318 6.35
      vertex 45.0415 71.4348 6.35
      vertex 52.4922 101.534 6.35
    endloop
  endfacet
  facet normal -0.865972 -0.500092 0
    outer loop
      vertex 44.3491 13.7877 0
      vertex 44.5328 13.4696 0
      vertex 44.5328 13.4696 6.35
    endloop
  endfacet
  facet normal -0.865972 -0.500092 0
    outer loop
      vertex 44.3491 13.7877 0
      vertex 44.5328 13.4696 6.35
      vertex 44.3491 13.7877 6.35
    endloop
  endfacet
  facet normal 0 0 -1
    outer loop
      vertex 44.3491 13.7877 0
      vertex 57.2231 19.2131 0
      vertex 44.5328 13.4696 0
    endloop
  endfacet
  facet normal 0 0 1
    outer loop
      vertex 44.3491 13.7877 6.35
      vertex 44.5328 13.4696 6.35
      vertex 57.2231 19.2131 6.35
    endloop
  endfacet
  facet normal -0.865972 0.500092 0
    outer loop
      vertex 44.3491 8.21028 0
      vertex 44.3491 8.21028 6.35
      vertex 44.5328 8.52838 0
    endloop
  endfacet
  facet normal 0 0 -1
    outer loop
      vertex 44.3491 8.21028 0
      vertex 44.5328 8.52838 0
      vertex 58.0571 0 0
    endloop
  endfacet
  facet normal -0.865972 0.500092 0
    outer loop
      vertex 44.3491 8.21028 6.35
      vertex 44.5328 8.52838 6.35
      vertex 44.5328 8.52838 0
    endloop
  endfacet
  facet normal 0 0 1
    outer loop
      vertex 44.3491 8.21028 6.35
      vertex 58.0571 0 6.35
      vertex 44.5328 8.52838 6.35
    endloop
  endfacet
  facet normal -0.898847 -0.438263 0
    outer loop
      vertex 44.5328 13.4696 0
      vertex 44.6938 13.1394 0
      vertex 44.6938 13.1394 6.35
    endloop
  endfacet
  facet normal -0.898847 -0.438263 0
    outer loop
      vertex 44.5328 13.4696 0
      vertex 44.6938 13.1394 6.35
      vertex 44.5328 13.4696 6.35
    endloop
  endfacet
  facet normal 0 0 -1
    outer loop
      vertex 44.5328 13.4696 0
      vertex 57.2231 19.2131 0
      vertex 57.4632 18.3598 0
    endloop
  endfacet
  facet normal 0 0 -1
    outer loop
      vertex 44.5328 13.4696 0
      vertex 57.4632 18.3598 0
      vertex 44.6938 13.1394 0
    endloop
  endfacet
  facet normal 0 0 1
    outer loop
      vertex 44.5328 13.4696 6.35
      vertex 44.6938 13.1394 6.35
      vertex 57.4632 18.3598 6.35
    endloop
  endfacet
  facet normal 0 0 1
    outer loop
      vertex 44.5328 13.4696 6.35
      vertex 57.4632 18.3598 6.35
      vertex 57.2231 19.2131 6.35
    endloop
  endfacet
  facet normal -0.898816 0.438327 0
    outer loop
      vertex 44.5328 8.52838 0
      vertex 44.5328 8.52838 6.35
      vertex 44.6938 8.85852 0
    endloop
  endfacet
  facet normal 0 0 -1
    outer loop
      vertex 44.5328 8.52838 0
      vertex 44.6938 8.85852 0
      vertex 58.0571 0 0
    endloop
  endfacet
  facet normal -0.898816 0.438327 0
    outer loop
      vertex 44.5328 8.52838 6.35
      vertex 44.6938 8.85852 6.35
      vertex 44.6938 8.85852 0
    endloop
  endfacet
  facet normal 0 0 1
    outer loop
      vertex 44.5328 8.52838 6.35
      vertex 58.0571 0 6.35
      vertex 44.6938 8.85852 6.35
    endloop
  endfacet
  facet normal -0.927156 -0.374675 0
    outer loop
      vertex 44.6938 13.1394 0
      vertex 44.8314 12.7989 0
      vertex 44.8314 12.7989 6.35
    endloop
  endfacet
  facet normal -0.927156 -0.374675 0
    outer loop
      vertex 44.6938 13.1394 0
      vertex 44.8314 12.7989 6.35
      vertex 44.6938 13.1394 6.35
    endloop
  endfacet
  facet normal 0 0 -1
    outer loop
      vertex 44.6938 13.1394 0
      vertex 57.4632 18.3598 0
      vertex 57.7623 17.5253 0
    endloop
  endfacet
  facet normal 0 0 -1
    outer loop
      vertex 44.6938 13.1394 0
      vertex 57.7623 17.5253 0
      vertex 44.8314 12.7989 0
    endloop
  endfacet
  facet normal 0 0 1
    outer loop
      vertex 44.6938 13.1394 6.35
      vertex 44.8314 12.7989 6.35
      vertex 57.7623 17.5253 6.35
    endloop
  endfacet
  facet normal 0 0 1
    outer loop
      vertex 44.6938 13.1394 6.35
      vertex 57.7623 17.5253 6.35
      vertex 57.4632 18.3598 6.35
    endloop
  endfacet
  facet normal -0.927187 0.374599 0
    outer loop
      vertex 44.6938 8.85852 0
      vertex 44.6938 8.85852 6.35
      vertex 44.8314 9.1991 0
    endloop
  endfacet
  facet normal 0 0 -1
    outer loop
      vertex 44.6938 8.85852 0
      vertex 44.8314 9.1991 0
      vertex 58.0571 0 0
    endloop
  endfacet
  facet normal -0.927187 0.374599 0
    outer loop
      vertex 44.6938 8.85852 6.35
      vertex 44.8314 9.1991 6.35
      vertex 44.8314 9.1991 0
    endloop
  endfacet
  facet normal 0 0 1
    outer loop
      vertex 44.6938 8.85852 6.35
      vertex 58.0571 0 6.35
      vertex 44.8314 9.1991 6.35
    endloop
  endfacet
  facet normal -0.951078 -0.308951 0
    outer loop
      vertex 44.8314 12.7989 0
      vertex 44.9449 12.4495 0
      vertex 44.9449 12.4495 6.35
    endloop
  endfacet
  facet normal -0.951078 -0.308951 0
    outer loop
      vertex 44.8314 12.7989 0
      vertex 44.9449 12.4495 6.35
      vertex 44.8314 12.7989 6.35
    endloop
  endfacet
  facet normal 0 0 -1
    outer loop
      vertex 44.8314 12.7989 0
      vertex 57.7623 17.5253 0
      vertex 44.9449 12.4495 0
    endloop
  endfacet
  facet normal 0 0 1
    outer loop
      vertex 44.8314 12.7989 6.35
      vertex 44.9449 12.4495 6.35
      vertex 57.7623 17.5253 6.35
    endloop
  endfacet
  facet normal -0.95106 0.309007 0
    outer loop
      vertex 44.8314 9.1991 0
      vertex 44.8314 9.1991 6.35
      vertex 44.9449 9.54843 0
    endloop
  endfacet
  facet normal 0 0 -1
    outer loop
      vertex 44.8314 9.1991 0
      vertex 44.9449 9.54843 0
      vertex 58.0571 0 0
    endloop
  endfacet
  facet normal -0.95106 0.309007 0
    outer loop
      vertex 44.8314 9.1991 6.35
      vertex 44.9449 9.54843 6.35
      vertex 44.9449 9.54843 0
    endloop
  endfacet
  facet normal 0 0 1
    outer loop
      vertex 44.8314 9.1991 6.35
      vertex 58.0571 0 6.35
      vertex 44.9449 9.54843 6.35
    endloop
  endfacet
  facet normal -0.16877 0.985656 0
    outer loop
      vertex 44.9181 46.2823 0
      vertex 44.9181 46.2823 6.35
      vertex 45.7918 46.4319 0
    endloop
  endfacet
  facet normal 0 0 -1
    outer loop
      vertex 44.9181 46.2823 0
      vertex 45.7918 46.4319 0
      vertex 58.5935 28.6289 0
    endloop
  endfacet
  facet normal 0 0 -1
    outer loop
      vertex 44.9181 46.2823 0
      vertex 58.5935 28.6289 0
      vertex 58.1735 27.8482 0
    endloop
  endfacet
  facet normal -0.16877 0.985656 0
    outer loop
      vertex 44.9181 46.2823 6.35
      vertex 45.7918 46.4319 6.35
      vertex 45.7918 46.4319 0
    endloop
  endfacet
  facet normal 0 0 1
    outer loop
      vertex 44.9181 46.2823 6.35
      vertex 58.1735 27.8482 6.35
      vertex 58.5935 28.6289 6.35
    endloop
  endfacet
  facet normal 0 0 1
    outer loop
      vertex 44.9181 46.2823 6.35
      vertex 58.5935 28.6289 6.35
      vertex 45.7918 46.4319 6.35
    endloop
  endfacet
  facet normal -0.970334 -0.241767 0
    outer loop
      vertex 44.9449 12.4495 0
      vertex 45.0337 12.0931 0
      vertex 45.0337 12.0931 6.35
    endloop
  endfacet
  facet normal -0.970334 -0.241767 0
    outer loop
      vertex 44.9449 12.4495 0
      vertex 45.0337 12.0931 6.35
      vertex 44.9449 12.4495 6.35
    endloop
  endfacet
  facet normal 0 0 -1
    outer loop
      vertex 44.9449 12.4495 0
      vertex 57.7623 17.5253 0
      vertex 58.1189 16.7137 0
    endloop
  endfacet
  facet normal 0 0 -1
    outer loop
      vertex 44.9449 12.4495 0
      vertex 58.1189 16.7137 0
      vertex 45.0337 12.0931 0
    endloop
  endfacet
  facet normal 0 0 1
    outer loop
      vertex 44.9449 12.4495 6.35
      vertex 45.0337 12.0931 6.35
      vertex 58.1189 16.7137 6.35
    endloop
  endfacet
  facet normal 0 0 1
    outer loop
      vertex 44.9449 12.4495 6.35
      vertex 58.1189 16.7137 6.35
      vertex 57.7623 17.5253 6.35
    endloop
  endfacet
  facet normal -0.970338 0.241754 0
    outer loop
      vertex 44.9449 9.54843 0
      vertex 44.9449 9.54843 6.35
      vertex 45.0337 9.90485 0
    endloop
  endfacet
  facet normal 0 0 -1
    outer loop
      vertex 44.9449 9.54843 0
      vertex 45.0337 9.90485 0
      vertex 58.0571 0 0
    endloop
  endfacet
  facet normal -0.970338 0.241754 0
    outer loop
      vertex 44.9449 9.54843 6.35
      vertex 45.0337 9.90485 6.35
      vertex 45.0337 9.90485 0
    endloop
  endfacet
  facet normal 0 0 1
    outer loop
      vertex 44.9449 9.54843 6.35
      vertex 58.0571 0 6.35
      vertex 45.0337 9.90485 6.35
    endloop
  endfacet
  facet normal -0.984797 -0.173708 0
    outer loop
      vertex 45.0337 12.0931 0
      vertex 45.0975 11.7314 0
      vertex 45.0975 11.7314 6.35
    endloop
  endfacet
  facet normal -0.984797 -0.173708 0
    outer loop
      vertex 45.0337 12.0931 0
      vertex 45.0975 11.7314 6.35
      vertex 45.0337 12.0931 6.35
    endloop
  endfacet
  facet normal 0 0 -1
    outer loop
      vertex 45.0337 12.0931 0
      vertex 58.1189 16.7137 0
      vertex 45.0975 11.7314 0
    endloop
  endfacet
  facet normal 0 0 1
    outer loop
      vertex 45.0337 12.0931 6.35
      vertex 45.0975 11.7314 6.35
      vertex 58.1189 16.7137 6.35
    endloop
  endfacet
  facet normal -0.984801 0.173684 0
    outer loop
      vertex 45.0337 9.90485 0
      vertex 45.0337 9.90485 6.35
      vertex 45.0975 10.2666 0
    endloop
  endfacet
  facet normal 0 0 -1
    outer loop
      vertex 45.0337 9.90485 0
      vertex 45.0975 10.2666 0
      vertex 60.0812 13.7734 0
    endloop
  endfacet
  facet normal 0 0 -1
    outer loop
      vertex 45.0337 9.90485 0
      vertex 60.0812 13.7734 0
      vertex 58.0571 0 0
    endloop
  endfacet
  facet normal -0.984801 0.173684 0
    outer loop
      vertex 45.0337 9.90485 6.35
      vertex 45.0975 10.2666 6.35
      vertex 45.0975 10.2666 0
    endloop
  endfacet
  facet normal 0 0 1
    outer loop
      vertex 45.0337 9.90485 6.35
      vertex 58.0571 0 6.35
      vertex 60.0812 13.7734 6.35
    endloop
  endfacet
  facet normal 0 0 1
    outer loop
      vertex 45.0337 9.90485 6.35
      vertex 60.0812 13.7734 6.35
      vertex 45.0975 10.2666 6.35
    endloop
  endfacet
  facet normal -0.178468 -0.983946 0
    outer loop
      vertex 45.0415 71.4348 0
      vertex 45.9137 71.2766 0
      vertex 45.9137 71.2766 6.35
    endloop
  endfacet
  facet normal -0.178468 -0.983946 0
    outer loop
      vertex 45.0415 71.4348 0
      vertex 45.9137 71.2766 6.35
      vertex 45.0415 71.4348 6.35
    endloop
  endfacet
  facet normal 0 0 -1
    outer loop
      vertex 45.0415 71.4348 0
      vertex 52.4922 101.534 0
      vertex 57.7064 98.6634 0
    endloop
  endfacet
  facet normal 0 0 -1
    outer loop
      vertex 45.0415 71.4348 0
      vertex 57.7064 98.6634 0
      vertex 45.9137 71.2766 0
    endloop
  endfacet
  facet normal 0 0 1
    outer loop
      vertex 45.0415 71.4348 6.35
      vertex 45.9137 71.2766 6.35
      vertex 57.7064 98.6634 6.35
    endloop
  endfacet
  facet normal 0 0 1
    outer loop
      vertex 45.0415 71.4348 6.35
      vertex 57.7064 98.6634 6.35
      vertex 52.4922 101.534 6.35
    endloop
  endfacet
  facet normal -0.99452 0.104543 0
    outer loop
      vertex 45.0975 10.2666 0
      vertex 45.0975 10.2666 6.35
      vertex 45.1359 10.6319 0
    endloop
  endfacet
  facet normal 0 0 -1
    outer loop
      vertex 45.0975 10.2666 0
      vertex 45.1359 10.6319 0
      vertex 59.5148 14.4553 0
    endloop
  endfacet
  facet normal 0 0 -1
    outer loop
      vertex 45.0975 10.2666 0
      vertex 59.5148 14.4553 0
      vertex 60.0812 13.7734 0
    endloop
  endfacet
  facet normal -0.99452 0.104543 0
    outer loop
      vertex 45.0975 10.2666 6.35
      vertex 45.1359 10.6319 6.35
      vertex 45.1359 10.6319 0
    endloop
  endfacet
  facet normal 0 0 1
    outer loop
      vertex 45.0975 10.2666 6.35
      vertex 59.5148 14.4553 6.35
      vertex 45.1359 10.6319 6.35
    endloop
  endfacet
  facet normal 0 0 1
    outer loop
      vertex 45.0975 10.2666 6.35
      vertex 60.0812 13.7734 6.35
      vertex 59.5148 14.4553 6.35
    endloop
  endfacet
  facet normal -0.99452 -0.104543 0
    outer loop
      vertex 45.0975 11.7314 0
      vertex 45.1359 11.3661 0
      vertex 45.1359 11.3661 6.35
    endloop
  endfacet
  facet normal -0.99452 -0.104543 0
    outer loop
      vertex 45.0975 11.7314 0
      vertex 45.1359 11.3661 6.35
      vertex 45.0975 11.7314 6.35
    endloop
  endfacet
  facet normal 0 0 -1
    outer loop
      vertex 45.0975 11.7314 0
      vertex 58.1189 16.7137 0
      vertex 58.5312 15.929 0
    endloop
  endfacet
  facet normal 0 0 -1
    outer loop
      vertex 45.0975 11.7314 0
      vertex 58.5312 15.929 0
      vertex 45.1359 11.3661 0
    endloop
  endfacet
  facet normal 0 0 1
    outer loop
      vertex 45.0975 11.7314 6.35
      vertex 45.1359 11.3661 6.35
      vertex 58.5312 15.929 6.35
    endloop
  endfacet
  facet normal 0 0 1
    outer loop
      vertex 45.0975 11.7314 6.35
      vertex 58.5312 15.929 6.35
      vertex 58.1189 16.7137 6.35
    endloop
  endfacet
  facet normal -0.999393 0.0348467 0
    outer loop
      vertex 45.1359 10.6319 0
      vertex 45.1359 10.6319 6.35
      vertex 45.1487 10.999 0
    endloop
  endfacet
  facet normal 0 0 -1
    outer loop
      vertex 45.1359 10.6319 0
      vertex 45.1487 10.999 0
      vertex 58.9973 15.175 0
    endloop
  endfacet
  facet normal 0 0 -1
    outer loop
      vertex 45.1359 10.6319 0
      vertex 58.9973 15.175 0
      vertex 59.5148 14.4553 0
    endloop
  endfacet
  facet normal -0.999393 0.0348467 0
    outer loop
      vertex 45.1359 10.6319 6.35
      vertex 45.1487 10.999 6.35
      vertex 45.1487 10.999 0
    endloop
  endfacet
  facet normal 0 0 1
    outer loop
      vertex 45.1359 10.6319 6.35
      vertex 58.9973 15.175 6.35
      vertex 45.1487 10.999 6.35
    endloop
  endfacet
  facet normal 0 0 1
    outer loop
      vertex 45.1359 10.6319 6.35
      vertex 59.5148 14.4553 6.35
      vertex 58.9973 15.175 6.35
    endloop
  endfacet
  facet normal -0.999393 -0.0348467 0
    outer loop
      vertex 45.1359 11.3661 0
      vertex 45.1487 10.999 0
      vertex 45.1487 10.999 6.35
    endloop
  endfacet
  facet normal -0.999393 -0.0348467 0
    outer loop
      vertex 45.1359 11.3661 0
      vertex 45.1487 10.999 6.35
      vertex 45.1359 11.3661 6.35
    endloop
  endfacet
  facet normal 0 0 -1
    outer loop
      vertex 45.1359 11.3661 0
      vertex 58.5312 15.929 0
      vertex 58.9973 15.175 0
    endloop
  endfacet
  facet normal 0 0 -1
    outer loop
      vertex 45.1359 11.3661 0
      vertex 58.9973 15.175 0
      vertex 45.1487 10.999 0
    endloop
  endfacet
  facet normal 0 0 1
    outer loop
      vertex 45.1359 11.3661 6.35
      vertex 45.1487 10.999 6.35
      vertex 58.9973 15.175 6.35
    endloop
  endfacet
  facet normal 0 0 1
    outer loop
      vertex 45.1359 11.3661 6.35
      vertex 58.9973 15.175 6.35
      vertex 58.5312 15.929 6.35
    endloop
  endfacet
  facet normal -0.237117 0.971481 0
    outer loop
      vertex 45.7918 46.4319 0
      vertex 45.7918 46.4319 6.35
      vertex 46.653 46.6421 0
    endloop
  endfacet
  facet normal 0 0 -1
    outer loop
      vertex 45.7918 46.4319 0
      vertex 46.653 46.6421 0
      vertex 58.5935 28.6289 0
    endloop
  endfacet
  facet normal -0.237117 0.971481 0
    outer loop
      vertex 45.7918 46.4319 6.35
      vertex 46.653 46.6421 6.35
      vertex 46.653 46.6421 0
    endloop
  endfacet
  facet normal 0 0 1
    outer loop
      vertex 45.7918 46.4319 6.35
      vertex 58.5935 28.6289 6.35
      vertex 46.653 46.6421 6.35
    endloop
  endfacet
  facet normal -0.2467 -0.969092 0
    outer loop
      vertex 45.9137 71.2766 0
      vertex 46.7728 71.0579 0
      vertex 46.7728 71.0579 6.35
    endloop
  endfacet
  facet normal -0.2467 -0.969092 0
    outer loop
      vertex 45.9137 71.2766 0
      vertex 46.7728 71.0579 6.35
      vertex 45.9137 71.2766 6.35
    endloop
  endfacet
  facet normal 0 0 -1
    outer loop
      vertex 45.9137 71.2766 0
      vertex 57.7064 98.6634 0
      vertex 46.7728 71.0579 0
    endloop
  endfacet
  facet normal 0 0 1
    outer loop
      vertex 45.9137 71.2766 6.35
      vertex 46.7728 71.0579 6.35
      vertex 57.7064 98.6634 6.35
    endloop
  endfacet
  facet normal -0.304358 0.952558 0
    outer loop
      vertex 46.653 46.6421 0
      vertex 46.653 46.6421 6.35
      vertex 47.4974 46.9119 0
    endloop
  endfacet
  facet normal 0 0 -1
    outer loop
      vertex 46.653 46.6421 0
      vertex 47.4974 46.9119 0
      vertex 59.5915 30.0929 0
    endloop
  endfacet
  facet normal 0 0 -1
    outer loop
      vertex 46.653 46.6421 0
      vertex 59.0669 29.3783 0
      vertex 58.5935 28.6289 0
    endloop
  endfacet
  facet normal 0 0 -1
    outer loop
      vertex 46.653 46.6421 0
      vertex 59.5915 30.0929 0
      vertex 59.0669 29.3783 0
    endloop
  endfacet
  facet normal -0.304358 0.952558 0
    outer loop
      vertex 46.653 46.6421 6.35
      vertex 47.4974 46.9119 6.35
      vertex 47.4974 46.9119 0
    endloop
  endfacet
  facet normal 0 0 1
    outer loop
      vertex 46.653 46.6421 6.35
      vertex 58.5935 28.6289 6.35
      vertex 59.0669 29.3783 6.35
    endloop
  endfacet
  facet normal 0 0 1
    outer loop
      vertex 46.653 46.6421 6.35
      vertex 59.0669 29.3783 6.35
      vertex 59.5915 30.0929 6.35
    endloop
  endfacet
  facet normal 0 0 1
    outer loop
      vertex 46.653 46.6421 6.35
      vertex 59.5915 30.0929 6.35
      vertex 47.4974 46.9119 6.35
    endloop
  endfacet
  facet normal -0.313722 -0.949515 0
    outer loop
      vertex 46.7728 71.0579 0
      vertex 47.6145 70.7798 0
      vertex 47.6145 70.7798 6.35
    endloop
  endfacet
  facet normal -0.313722 -0.949515 0
    outer loop
      vertex 46.7728 71.0579 0
      vertex 47.6145 70.7798 6.35
      vertex 46.7728 71.0579 6.35
    endloop
  endfacet
  facet normal 0 0 -1
    outer loop
      vertex 46.7728 71.0579 0
      vertex 57.7064 98.6634 0
      vertex 47.6145 70.7798 0
    endloop
  endfacet
  facet normal 0 0 1
    outer loop
      vertex 46.7728 71.0579 6.35
      vertex 47.6145 70.7798 6.35
      vertex 57.7064 98.6634 6.35
    endloop
  endfacet
  facet normal 0.43586 0.900015 0
    outer loop
      vertex 47.1358 104.128 0
      vertex 47.1358 104.128 6.35
      vertex 52.4922 101.534 6.35
    endloop
  endfacet
  facet normal 0.43586 0.900015 0
    outer loop
      vertex 47.1358 104.128 0
      vertex 52.4922 101.534 6.35
      vertex 52.4922 101.534 0
    endloop
  endfacet
  facet normal -0.370126 0.928982 0
    outer loop
      vertex 47.4974 46.9119 0
      vertex 47.4974 46.9119 6.35
      vertex 48.3209 47.24 0
    endloop
  endfacet
  facet normal 0 0 -1
    outer loop
      vertex 47.4974 46.9119 0
      vertex 48.3209 47.24 0
      vertex 59.5915 30.0929 0
    endloop
  endfacet
  facet normal -0.370126 0.928982 0
    outer loop
      vertex 47.4974 46.9119 6.35
      vertex 48.3209 47.24 6.35
      vertex 48.3209 47.24 0
    endloop
  endfacet
  facet normal 0 0 1
    outer loop
      vertex 47.4974 46.9119 6.35
      vertex 59.5915 30.0929 6.35
      vertex 48.3209 47.24 6.35
    endloop
  endfacet
  facet normal -0.379177 -0.925324 0
    outer loop
      vertex 47.6145 70.7798 0
      vertex 48.4347 70.4437 0
      vertex 48.4347 70.4437 6.35
    endloop
  endfacet
  facet normal -0.379177 -0.925324 0
    outer loop
      vertex 47.6145 70.7798 0
      vertex 48.4347 70.4437 6.35
      vertex 47.6145 70.7798 6.35
    endloop
  endfacet
  facet normal 0 0 -1
    outer loop
      vertex 47.6145 70.7798 0
      vertex 57.7064 98.6634 0
      vertex 62.7641 95.5257 0
    endloop
  endfacet
  facet normal 0 0 -1
    outer loop
      vertex 47.6145 70.7798 0
      vertex 62.7641 95.5257 0
      vertex 48.4347 70.4437 0
    endloop
  endfacet
  facet normal 0 0 1
    outer loop
      vertex 47.6145 70.7798 6.35
      vertex 48.4347 70.4437 6.35
      vertex 62.7641 95.5257 6.35
    endloop
  endfacet
  facet normal 0 0 1
    outer loop
      vertex 47.6145 70.7798 6.35
      vertex 62.7641 95.5257 6.35
      vertex 57.7064 98.6634 6.35
    endloop
  endfacet
  facet normal -0.433897 0.900962 0
    outer loop
      vertex 48.3209 47.24 0
      vertex 48.3209 47.24 6.35
      vertex 49.1195 47.6246 0
    endloop
  endfacet
  facet normal 0 0 -1
    outer loop
      vertex 48.3209 47.24 0
      vertex 49.1195 47.6246 0
      vertex 60.1646 30.7691 0
    endloop
  endfacet
  facet normal 0 0 -1
    outer loop
      vertex 48.3209 47.24 0
      vertex 60.1646 30.7691 0
      vertex 59.5915 30.0929 0
    endloop
  endfacet
  facet normal -0.433897 0.900962 0
    outer loop
      vertex 48.3209 47.24 6.35
      vertex 49.1195 47.6246 6.35
      vertex 49.1195 47.6246 0
    endloop
  endfacet
  facet normal 0 0 1
    outer loop
      vertex 48.3209 47.24 6.35
      vertex 59.5915 30.0929 6.35
      vertex 60.1646 30.7691 6.35
    endloop
  endfacet
  facet normal 0 0 1
    outer loop
      vertex 48.3209 47.24 6.35
      vertex 60.1646 30.7691 6.35
      vertex 49.1195 47.6246 6.35
    endloop
  endfacet
  facet normal -0.442786 -0.896627 0
    outer loop
      vertex 48.4347 70.4437 0
      vertex 49.2295 70.0512 0
      vertex 49.2295 70.0512 6.35
    endloop
  endfacet
  facet normal -0.442786 -0.896627 0
    outer loop
      vertex 48.4347 70.4437 0
      vertex 49.2295 70.0512 6.35
      vertex 48.4347 70.4437 6.35
    endloop
  endfacet
  facet normal 0 0 -1
    outer loop
      vertex 48.4347 70.4437 0
      vertex 62.7641 95.5257 0
      vertex 49.2295 70.0512 0
    endloop
  endfacet
  facet normal 0 0 1
    outer loop
      vertex 48.4347 70.4437 6.35
      vertex 49.2295 70.0512 6.35
      vertex 62.7641 95.5257 6.35
    endloop
  endfacet
  facet normal -0.495762 0.868458 0
    outer loop
      vertex 49.1195 47.6246 0
      vertex 49.1195 47.6246 6.35
      vertex 49.8894 48.0641 0
    endloop
  endfacet
  facet normal 0 0 -1
    outer loop
      vertex 49.1195 47.6246 0
      vertex 49.8894 48.0641 0
      vertex 61.4452 31.9937 0
    endloop
  endfacet
  facet normal 0 0 -1
    outer loop
      vertex 49.1195 47.6246 0
      vertex 60.7835 31.4038 0
      vertex 60.1646 30.7691 0
    endloop
  endfacet
  facet normal 0 0 -1
    outer loop
      vertex 49.1195 47.6246 0
      vertex 61.4452 31.9937 0
      vertex 60.7835 31.4038 0
    endloop
  endfacet
  facet normal -0.495762 0.868458 0
    outer loop
      vertex 49.1195 47.6246 6.35
      vertex 49.8894 48.0641 6.35
      vertex 49.8894 48.0641 0
    endloop
  endfacet
  facet normal 0 0 1
    outer loop
      vertex 49.1195 47.6246 6.35
      vertex 60.1646 30.7691 6.35
      vertex 60.7835 31.4038 6.35
    endloop
  endfacet
  facet normal 0 0 1
    outer loop
      vertex 49.1195 47.6246 6.35
      vertex 60.7835 31.4038 6.35
      vertex 61.4452 31.9937 6.35
    endloop
  endfacet
  facet normal 0 0 1
    outer loop
      vertex 49.1195 47.6246 6.35
      vertex 61.4452 31.9937 6.35
      vertex 49.8894 48.0641 6.35
    endloop
  endfacet
  facet normal -0.504257 -0.863554 0
    outer loop
      vertex 49.2295 70.0512 0
      vertex 49.995 69.6042 0
      vertex 49.995 69.6042 6.35
    endloop
  endfacet
  facet normal -0.504257 -0.863554 0
    outer loop
      vertex 49.2295 70.0512 0
      vertex 49.995 69.6042 6.35
      vertex 49.2295 70.0512 6.35
    endloop
  endfacet
  facet normal 0 0 -1
    outer loop
      vertex 49.2295 70.0512 0
      vertex 62.7641 95.5257 0
      vertex 49.995 69.6042 0
    endloop
  endfacet
  facet normal 0 0 1
    outer loop
      vertex 49.2295 70.0512 6.35
      vertex 49.995 69.6042 6.35
      vertex 62.7641 95.5257 6.35
    endloop
  endfacet
  facet normal -0.555143 0.831755 0
    outer loop
      vertex 49.8894 48.0641 0
      vertex 49.8894 48.0641 6.35
      vertex 50.6267 48.5562 0
    endloop
  endfacet
  facet normal 0 0 -1
    outer loop
      vertex 49.8894 48.0641 0
      vertex 50.6267 48.5562 0
      vertex 62.1464 32.536 0
    endloop
  endfacet
  facet normal 0 0 -1
    outer loop
      vertex 49.8894 48.0641 0
      vertex 62.1464 32.536 0
      vertex 61.4452 31.9937 0
    endloop
  endfacet
  facet normal -0.555143 0.831755 0
    outer loop
      vertex 49.8894 48.0641 6.35
      vertex 50.6267 48.5562 6.35
      vertex 50.6267 48.5562 0
    endloop
  endfacet
  facet normal 0 0 1
    outer loop
      vertex 49.8894 48.0641 6.35
      vertex 61.4452 31.9937 6.35
      vertex 62.1464 32.536 6.35
    endloop
  endfacet
  facet normal 0 0 1
    outer loop
      vertex 49.8894 48.0641 6.35
      vertex 62.1464 32.536 6.35
      vertex 50.6267 48.5562 6.35
    endloop
  endfacet
  facet normal -0.563158 -0.826349 0
    outer loop
      vertex 49.995 69.6042 0
      vertex 50.7275 69.105 0
      vertex 50.7275 69.105 6.35
    endloop
  endfacet
  facet normal -0.563158 -0.826349 0
    outer loop
      vertex 49.995 69.6042 0
      vertex 50.7275 69.105 6.35
      vertex 49.995 69.6042 6.35
    endloop
  endfacet
  facet normal 0 0 -1
    outer loop
      vertex 49.995 69.6042 0
      vertex 62.7641 95.5257 0
      vertex 67.6515 92.129 0
    endloop
  endfacet
  facet normal 0 0 -1
    outer loop
      vertex 49.995 69.6042 0
      vertex 67.6515 92.129 0
      vertex 50.7275 69.105 0
    endloop
  endfacet
  facet normal 0 0 1
    outer loop
      vertex 49.995 69.6042 6.35
      vertex 50.7275 69.105 6.35
      vertex 67.6515 92.129 6.35
    endloop
  endfacet
  facet normal 0 0 1
    outer loop
      vertex 49.995 69.6042 6.35
      vertex 67.6515 92.129 6.35
      vertex 62.7641 95.5257 6.35
    endloop
  endfacet
  facet normal 0.743186 0.669085 0
    outer loop
      vertex 5.21739 36.9454 0
      vertex 5.21739 36.9454 6.35
      vertex 5.46317 36.6724 0
    endloop
  endfacet
  facet normal 0.743186 0.669085 0
    outer loop
      vertex 5.21739 36.9454 6.35
      vertex 5.46317 36.6724 6.35
      vertex 5.46317 36.6724 0
    endloop
  endfacet
  facet normal 0.743186 -0.669085 0
    outer loop
      vertex 5.21739 43.7107 0
      vertex 5.46317 43.9837 0
      vertex 5.46317 43.9837 6.35
    endloop
  endfacet
  facet normal 0.743186 -0.669085 0
    outer loop
      vertex 5.21739 43.7107 0
      vertex 5.46317 43.9837 6.35
      vertex 5.21739 43.7107 6.35
    endloop
  endfacet
  facet normal 0.275673 -0.961252 0
    outer loop
      vertex 5.42509 -21.7589 0
      vertex 6.9297 -21.3274 0
      vertex 5.42509 -21.7589 6.35
    endloop
  endfacet
  facet normal 0.275673 -0.961252 0
    outer loop
      vertex 5.42509 -21.7589 6.35
      vertex 6.9297 -21.3274 0
      vertex 6.9297 -21.3274 6.35
    endloop
  endfacet
  facet normal 0.694568 0.719427 0
    outer loop
      vertex 5.46317 36.6724 0
      vertex 5.46317 36.6724 6.35
      vertex 5.7274 36.4173 0
    endloop
  endfacet
  facet normal 0.694568 0.719427 0
    outer loop
      vertex 5.46317 36.6724 6.35
      vertex 5.7274 36.4173 6.35
      vertex 5.7274 36.4173 0
    endloop
  endfacet
  facet normal 0.694568 -0.719427 0
    outer loop
      vertex 5.46317 43.9837 0
      vertex 5.7274 44.2388 0
      vertex 5.7274 44.2388 6.35
    endloop
  endfacet
  facet normal 0.694568 -0.719427 0
    outer loop
      vertex 5.46317 43.9837 0
      vertex 5.7274 44.2388 6.35
      vertex 5.46317 43.9837 6.35
    endloop
  endfacet
  facet normal -0.433975 0.900925 0
    outer loop
      vertex 5.4668 61.3969 0
      vertex 5.4668 61.3969 6.35
      vertex 6.26543 61.7816 0
    endloop
  endfacet
  facet normal 0 0 -1
    outer loop
      vertex 5.4668 61.3969 0
      vertex 6.26543 61.7816 0
      vertex 9.43236 45.5873 0
    endloop
  endfacet
  facet normal 0 0 -1
    outer loop
      vertex 5.4668 61.3969 0
      vertex 9.06503 45.5873 0
      vertex 8.69862 45.5617 0
    endloop
  endfacet
  facet normal 0 0 -1
    outer loop
      vertex 5.4668 61.3969 0
      vertex 9.43236 45.5873 0
      vertex 9.06503 45.5873 0
    endloop
  endfacet
  facet normal -0.433975 0.900925 0
    outer loop
      vertex 5.4668 61.3969 6.35
      vertex 6.26543 61.7816 6.35
      vertex 6.26543 61.7816 0
    endloop
  endfacet
  facet normal 0 0 1
    outer loop
      vertex 5.4668 61.3969 6.35
      vertex 8.69862 45.5617 6.35
      vertex 9.06503 45.5873 6.35
    endloop
  endfacet
  facet normal 0 0 1
    outer loop
      vertex 5.4668 61.3969 6.35
      vertex 9.06503 45.5873 6.35
      vertex 9.43236 45.5873 6.35
    endloop
  endfacet
  facet normal 0 0 1
    outer loop
      vertex 5.4668 61.3969 6.35
      vertex 9.43236 45.5873 6.35
      vertex 6.26543 61.7816 6.35
    endloop
  endfacet
  facet normal 0 0 -1
    outer loop
      vertex 5.58063 84.6007 0
      vertex 12.8432 113.576 0
      vertex 6.37544 84.2082 0
    endloop
  endfacet
  facet normal -0.442781 -0.89663 0
    outer loop
      vertex 5.58063 84.6007 0
      vertex 6.37544 84.2082 0
      vertex 6.37544 84.2082 6.35
    endloop
  endfacet
  facet normal -0.442781 -0.89663 0
    outer loop
      vertex 5.58063 84.6007 0
      vertex 6.37544 84.2082 6.35
      vertex 5.58063 84.6007 6.35
    endloop
  endfacet
  facet normal 0 0 1
    outer loop
      vertex 5.58063 84.6007 6.35
      vertex 6.37544 84.2082 6.35
      vertex 12.8432 113.576 6.35
    endloop
  endfacet
  facet normal -0.469455 0.882957 0
    outer loop
      vertex 5.65498 -11.5944 0
      vertex 5.65498 -11.5944 6.35
      vertex 6.45 -11.1717 0
    endloop
  endfacet
  facet normal 0 0 -1
    outer loop
      vertex 5.65498 -11.5944 0
      vertex 6.45 -11.1717 0
      vertex 9.83046 -20.1554 0
    endloop
  endfacet
  facet normal 0 0 -1
    outer loop
      vertex 5.65498 -11.5944 0
      vertex 9.83046 -20.1554 0
      vertex 8.40054 -20.7921 0
    endloop
  endfacet
  facet normal -0.469455 0.882957 0
    outer loop
      vertex 5.65498 -11.5944 6.35
      vertex 6.45 -11.1717 6.35
      vertex 6.45 -11.1717 0
    endloop
  endfacet
  facet normal 0 0 1
    outer loop
      vertex 5.65498 -11.5944 6.35
      vertex 8.40054 -20.7921 6.35
      vertex 9.83046 -20.1554 6.35
    endloop
  endfacet
  facet normal 0 0 1
    outer loop
      vertex 5.65498 -11.5944 6.35
      vertex 9.83046 -20.1554 6.35
      vertex 6.45 -11.1717 6.35
    endloop
  endfacet
  facet normal 0 0 -1
    outer loop
      vertex 5.65498 11.5944 0
      vertex 10.1625 35.1455 0
      vertex 6.45 11.1717 0
    endloop
  endfacet
  facet normal -0.469455 -0.882957 0
    outer loop
      vertex 5.65498 11.5944 0
      vertex 6.45 11.1717 0
      vertex 6.45 11.1717 6.35
    endloop
  endfacet
  facet normal -0.469455 -0.882957 0
    outer loop
      vertex 5.65498 11.5944 0
      vertex 6.45 11.1717 6.35
      vertex 5.65498 11.5944 6.35
    endloop
  endfacet
  facet normal 0 0 -1
    outer loop
      vertex 5.65498 11.5944 0
      vertex 9.43236 35.0688 0
      vertex 9.79878 35.0944 0
    endloop
  endfacet
  facet normal 0 0 -1
    outer loop
      vertex 5.65498 11.5944 0
      vertex 9.79878 35.0944 0
      vertex 10.1625 35.1455 0
    endloop
  endfacet
  facet normal 0 0 1
    outer loop
      vertex 5.65498 11.5944 6.35
      vertex 10.1625 35.1455 6.35
      vertex 9.79878 35.0944 6.35
    endloop
  endfacet
  facet normal 0 0 1
    outer loop
      vertex 5.65498 11.5944 6.35
      vertex 6.45 11.1717 6.35
      vertex 10.1625 35.1455 6.35
    endloop
  endfacet
  facet normal 0 0 1
    outer loop
      vertex 5.65498 11.5944 6.35
      vertex 9.79878 35.0944 6.35
      vertex 9.43236 35.0688 6.35
    endloop
  endfacet
  facet normal 0.642951 0.765907 0
    outer loop
      vertex 5.7274 36.4173 0
      vertex 5.7274 36.4173 6.35
      vertex 6.00877 36.1811 0
    endloop
  endfacet
  facet normal 0.642951 0.765907 0
    outer loop
      vertex 5.7274 36.4173 6.35
      vertex 6.00877 36.1811 6.35
      vertex 6.00877 36.1811 0
    endloop
  endfacet
  facet normal 0.642951 -0.765907 0
    outer loop
      vertex 5.7274 44.2388 0
      vertex 6.00877 44.475 0
      vertex 6.00877 44.475 6.35
    endloop
  endfacet
  facet normal 0.642951 -0.765907 0
    outer loop
      vertex 5.7274 44.2388 0
      vertex 6.00877 44.475 6.35
      vertex 5.7274 44.2388 6.35
    endloop
  endfacet
  facet normal -0.611775 0.791032 0
    outer loop
      vertex 50.6267 48.5562 0
      vertex 50.6267 48.5562 6.35
      vertex 51.3279 49.0985 0
    endloop
  endfacet
  facet normal 0 0 -1
    outer loop
      vertex 50.6267 48.5562 0
      vertex 51.3279 49.0985 0
      vertex 62.8837 33.0281 0
    endloop
  endfacet
  facet normal 0 0 -1
    outer loop
      vertex 50.6267 48.5562 0
      vertex 62.8837 33.0281 0
      vertex 62.1464 32.536 0
    endloop
  endfacet
  facet normal -0.611775 0.791032 0
    outer loop
      vertex 50.6267 48.5562 6.35
      vertex 51.3279 49.0985 6.35
      vertex 51.3279 49.0985 0
    endloop
  endfacet
  facet normal 0 0 1
    outer loop
      vertex 50.6267 48.5562 6.35
      vertex 62.1464 32.536 6.35
      vertex 62.8837 33.0281 6.35
    endloop
  endfacet
  facet normal 0 0 1
    outer loop
      vertex 50.6267 48.5562 6.35
      vertex 62.8837 33.0281 6.35
      vertex 51.3279 49.0985 6.35
    endloop
  endfacet
  facet normal -0.619564 -0.784946 0
    outer loop
      vertex 50.7275 69.105 0
      vertex 51.4233 68.5558 0
      vertex 51.4233 68.5558 6.35
    endloop
  endfacet
  facet normal -0.619564 -0.784946 0
    outer loop
      vertex 50.7275 69.105 0
      vertex 51.4233 68.5558 6.35
      vertex 50.7275 69.105 6.35
    endloop
  endfacet
  facet normal 0 0 -1
    outer loop
      vertex 50.7275 69.105 0
      vertex 67.6515 92.129 0
      vertex 51.4233 68.5558 0
    endloop
  endfacet
  facet normal 0 0 1
    outer loop
      vertex 50.7275 69.105 6.35
      vertex 51.4233 68.5558 6.35
      vertex 67.6515 92.129 6.35
    endloop
  endfacet
  facet normal -0.665504 0.746394 0
    outer loop
      vertex 51.3279 49.0985 0
      vertex 51.3279 49.0985 6.35
      vertex 51.9895 49.6884 0
    endloop
  endfacet
  facet normal 0 0 -1
    outer loop
      vertex 51.3279 49.0985 0
      vertex 51.9895 49.6884 0
      vertex 62.8837 33.0281 0
    endloop
  endfacet
  facet normal -0.665504 0.746394 0
    outer loop
      vertex 51.3279 49.0985 6.35
      vertex 51.9895 49.6884 6.35
      vertex 51.9895 49.6884 0
    endloop
  endfacet
  facet normal 0 0 1
    outer loop
      vertex 51.3279 49.0985 6.35
      vertex 62.8837 33.0281 6.35
      vertex 51.9895 49.6884 6.35
    endloop
  endfacet
  facet normal -0.672751 -0.739869 0
    outer loop
      vertex 51.4233 68.5558 0
      vertex 52.0792 67.9594 0
      vertex 52.0792 67.9594 6.35
    endloop
  endfacet
  facet normal -0.672751 -0.739869 0
    outer loop
      vertex 51.4233 68.5558 0
      vertex 52.0792 67.9594 6.35
      vertex 51.4233 68.5558 6.35
    endloop
  endfacet
  facet normal 0 0 -1
    outer loop
      vertex 51.4233 68.5558 0
      vertex 67.6515 92.129 0
      vertex 72.3556 88.4825 0
    endloop
  endfacet
  facet normal 0 0 -1
    outer loop
      vertex 51.4233 68.5558 0
      vertex 72.3556 88.4825 0
      vertex 52.0792 67.9594 0
    endloop
  endfacet
  facet normal 0 0 1
    outer loop
      vertex 51.4233 68.5558 6.35
      vertex 52.0792 67.9594 6.35
      vertex 72.3556 88.4825 6.35
    endloop
  endfacet
  facet normal 0 0 1
    outer loop
      vertex 51.4233 68.5558 6.35
      vertex 72.3556 88.4825 6.35
      vertex 67.6515 92.129 6.35
    endloop
  endfacet
  facet normal -0.715907 0.698196 0
    outer loop
      vertex 51.9895 49.6884 0
      vertex 51.9895 49.6884 6.35
      vertex 52.6084 50.323 0
    endloop
  endfacet
  facet normal 0 0 -1
    outer loop
      vertex 51.9895 49.6884 0
      vertex 52.6084 50.323 0
      vertex 63.6535 33.4675 0
    endloop
  endfacet
  facet normal 0 0 -1
    outer loop
      vertex 51.9895 49.6884 0
      vertex 63.6535 33.4675 0
      vertex 62.8837 33.0281 0
    endloop
  endfacet
  facet normal -0.715907 0.698196 0
    outer loop
      vertex 51.9895 49.6884 6.35
      vertex 52.6084 50.323 6.35
      vertex 52.6084 50.323 0
    endloop
  endfacet
  facet normal 0 0 1
    outer loop
      vertex 51.9895 49.6884 6.35
      vertex 62.8837 33.0281 6.35
      vertex 63.6535 33.4675 6.35
    endloop
  endfacet
  facet normal 0 0 1
    outer loop
      vertex 51.9895 49.6884 6.35
      vertex 63.6535 33.4675 6.35
      vertex 52.6084 50.323 6.35
    endloop
  endfacet
  facet normal -0.722779 -0.691079 0
    outer loop
      vertex 52.0792 67.9594 0
      vertex 52.6918 67.3187 0
      vertex 52.6918 67.3187 6.35
    endloop
  endfacet
  facet normal -0.722779 -0.691079 0
    outer loop
      vertex 52.0792 67.9594 0
      vertex 52.6918 67.3187 6.35
      vertex 52.0792 67.9594 6.35
    endloop
  endfacet
  facet normal 0 0 -1
    outer loop
      vertex 52.0792 67.9594 0
      vertex 72.3556 88.4825 0
      vertex 52.6918 67.3187 0
    endloop
  endfacet
  facet normal 0 0 1
    outer loop
      vertex 52.0792 67.9594 6.35
      vertex 52.6918 67.3187 6.35
      vertex 72.3556 88.4825 6.35
    endloop
  endfacet
  facet normal 0.482279 0.876018 0
    outer loop
      vertex 52.4922 101.534 0
      vertex 52.4922 101.534 6.35
      vertex 57.7064 98.6634 6.35
    endloop
  endfacet
  facet normal 0.482279 0.876018 0
    outer loop
      vertex 52.4922 101.534 0
      vertex 57.7064 98.6634 6.35
      vertex 57.7064 98.6634 0
    endloop
  endfacet
  facet normal -0.76286 0.646564 0
    outer loop
      vertex 52.6084 50.323 0
      vertex 52.6084 50.323 6.35
      vertex 53.1816 50.9993 0
    endloop
  endfacet
  facet normal 0 0 -1
    outer loop
      vertex 52.6084 50.323 0
      vertex 53.1816 50.9993 0
      vertex 65.2757 34.1803 0
    endloop
  endfacet
  facet normal 0 0 -1
    outer loop
      vertex 52.6084 50.323 0
      vertex 64.4522 33.8522 0
      vertex 63.6535 33.4675 0
    endloop
  endfacet
  facet normal 0 0 -1
    outer loop
      vertex 52.6084 50.323 0
      vertex 65.2757 34.1803 0
      vertex 64.4522 33.8522 0
    endloop
  endfacet
  facet normal -0.76286 0.646564 0
    outer loop
      vertex 52.6084 50.323 6.35
      vertex 53.1816 50.9993 6.35
      vertex 53.1816 50.9993 0
    endloop
  endfacet
  facet normal 0 0 1
    outer loop
      vertex 52.6084 50.323 6.35
      vertex 63.6535 33.4675 6.35
      vertex 64.4522 33.8522 6.35
    endloop
  endfacet
  facet normal 0 0 1
    outer loop
      vertex 52.6084 50.323 6.35
      vertex 64.4522 33.8522 6.35
      vertex 65.2757 34.1803 6.35
    endloop
  endfacet
  facet normal 0 0 1
    outer loop
      vertex 52.6084 50.323 6.35
      vertex 65.2757 34.1803 6.35
      vertex 53.1816 50.9993 6.35
    endloop
  endfacet
  facet normal -0.769145 -0.639074 0
    outer loop
      vertex 52.6918 67.3187 0
      vertex 53.2583 66.6369 0
      vertex 53.2583 66.6369 6.35
    endloop
  endfacet
  facet normal -0.769145 -0.639074 0
    outer loop
      vertex 52.6918 67.3187 0
      vertex 53.2583 66.6369 6.35
      vertex 52.6918 67.3187 6.35
    endloop
  endfacet
  facet normal 0 0 -1
    outer loop
      vertex 52.6918 67.3187 0
      vertex 72.3556 88.4825 0
      vertex 53.2583 66.6369 0
    endloop
  endfacet
  facet normal 0 0 1
    outer loop
      vertex 52.6918 67.3187 6.35
      vertex 53.2583 66.6369 6.35
      vertex 72.3556 88.4825 6.35
    endloop
  endfacet
  facet normal -0.806157 0.591701 0
    outer loop
      vertex 53.1816 50.9993 0
      vertex 53.1816 50.9993 6.35
      vertex 53.7061 51.7139 0
    endloop
  endfacet
  facet normal 0 0 -1
    outer loop
      vertex 53.1816 50.9993 0
      vertex 53.7061 51.7139 0
      vertex 66.1201 34.45 0
    endloop
  endfacet
  facet normal 0 0 -1
    outer loop
      vertex 53.1816 50.9993 0
      vertex 66.1201 34.45 0
      vertex 65.2757 34.1803 0
    endloop
  endfacet
  facet normal -0.806157 0.591701 0
    outer loop
      vertex 53.1816 50.9993 6.35
      vertex 53.7061 51.7139 6.35
      vertex 53.7061 51.7139 0
    endloop
  endfacet
  facet normal 0 0 1
    outer loop
      vertex 53.1816 50.9993 6.35
      vertex 65.2757 34.1803 6.35
      vertex 66.1201 34.45 6.35
    endloop
  endfacet
  facet normal 0 0 1
    outer loop
      vertex 53.1816 50.9993 6.35
      vertex 66.1201 34.45 6.35
      vertex 53.7061 51.7139 6.35
    endloop
  endfacet
  facet normal -0.8119 -0.583796 0
    outer loop
      vertex 53.2583 66.6369 0
      vertex 53.7758 65.9172 0
      vertex 53.7758 65.9172 6.35
    endloop
  endfacet
  facet normal -0.8119 -0.583796 0
    outer loop
      vertex 53.2583 66.6369 0
      vertex 53.7758 65.9172 6.35
      vertex 53.2583 66.6369 6.35
    endloop
  endfacet
  facet normal 0 0 -1
    outer loop
      vertex 53.2583 66.6369 0
      vertex 72.3556 88.4825 0
      vertex 76.8634 84.5961 0
    endloop
  endfacet
  facet normal 0 0 -1
    outer loop
      vertex 53.2583 66.6369 0
      vertex 76.8634 84.5961 0
      vertex 53.7758 65.9172 0
    endloop
  endfacet
  facet normal 0 0 1
    outer loop
      vertex 53.2583 66.6369 6.35
      vertex 53.7758 65.9172 6.35
      vertex 76.8634 84.5961 6.35
    endloop
  endfacet
  facet normal 0 0 1
    outer loop
      vertex 53.2583 66.6369 6.35
      vertex 76.8634 84.5961 6.35
      vertex 72.3556 88.4825 6.35
    endloop
  endfacet
  facet normal -0.84539 0.53415 0
    outer loop
      vertex 53.7061 51.7139 0
      vertex 53.7061 51.7139 6.35
      vertex 54.1796 52.4633 0
    endloop
  endfacet
  facet normal 0 0 -1
    outer loop
      vertex 53.7061 51.7139 0
      vertex 54.1796 52.4633 0
      vertex 66.1201 34.45 0
    endloop
  endfacet
  facet normal -0.84539 0.53415 0
    outer loop
      vertex 53.7061 51.7139 6.35
      vertex 54.1796 52.4633 6.35
      vertex 54.1796 52.4633 0
    endloop
  endfacet
  facet normal 0 0 1
    outer loop
      vertex 53.7061 51.7139 6.35
      vertex 66.1201 34.45 6.35
      vertex 54.1796 52.4633 6.35
    endloop
  endfacet
  facet normal -0.850599 -0.525815 0
    outer loop
      vertex 53.7758 65.9172 0
      vertex 54.2419 65.1632 0
      vertex 54.2419 65.1632 6.35
    endloop
  endfacet
  facet normal -0.850599 -0.525815 0
    outer loop
      vertex 53.7758 65.9172 0
      vertex 54.2419 65.1632 6.35
      vertex 53.7758 65.9172 6.35
    endloop
  endfacet
  facet normal 0 0 -1
    outer loop
      vertex 53.7758 65.9172 0
      vertex 76.8634 84.5961 0
      vertex 54.2419 65.1632 0
    endloop
  endfacet
  facet normal 0 0 1
    outer loop
      vertex 53.7758 65.9172 6.35
      vertex 54.2419 65.1632 6.35
      vertex 76.8634 84.5961 6.35
    endloop
  endfacet
  facet normal -0.88067 0.47373 0
    outer loop
      vertex 54.1796 52.4633 0
      vertex 54.1796 52.4633 6.35
      vertex 54.5995 53.2439 0
    endloop
  endfacet
  facet normal 0 0 -1
    outer loop
      vertex 54.1796 52.4633 0
      vertex 54.5995 53.2439 0
      vertex 67.855 34.8099 0
    endloop
  endfacet
  facet normal 0 0 -1
    outer loop
      vertex 54.1796 52.4633 0
      vertex 66.9812 34.6603 0
      vertex 66.1201 34.45 0
    endloop
  endfacet
  facet normal 0 0 -1
    outer loop
      vertex 54.1796 52.4633 0
      vertex 67.855 34.8099 0
      vertex 66.9812 34.6603 0
    endloop
  endfacet
  facet normal -0.88067 0.47373 0
    outer loop
      vertex 54.1796 52.4633 6.35
      vertex 54.5995 53.2439 6.35
      vertex 54.5995 53.2439 0
    endloop
  endfacet
  facet normal 0 0 1
    outer loop
      vertex 54.1796 52.4633 6.35
      vertex 66.1201 34.45 6.35
      vertex 66.9812 34.6603 6.35
    endloop
  endfacet
  facet normal 0 0 1
    outer loop
      vertex 54.1796 52.4633 6.35
      vertex 66.9812 34.6603 6.35
      vertex 67.855 34.8099 6.35
    endloop
  endfacet
  facet normal 0 0 1
    outer loop
      vertex 54.1796 52.4633 6.35
      vertex 67.855 34.8099 6.35
      vertex 54.5995 53.2439 6.35
    endloop
  endfacet
  facet normal -0.885268 -0.465081 0
    outer loop
      vertex 54.2419 65.1632 0
      vertex 54.6542 64.3784 0
      vertex 54.6542 64.3784 6.35
    endloop
  endfacet
  facet normal -0.885268 -0.465081 0
    outer loop
      vertex 54.2419 65.1632 0
      vertex 54.6542 64.3784 6.35
      vertex 54.2419 65.1632 6.35
    endloop
  endfacet
  facet normal 0 0 -1
    outer loop
      vertex 54.2419 65.1632 0
      vertex 76.8634 84.5961 0
      vertex 54.6542 64.3784 0
    endloop
  endfacet
  facet normal 0 0 1
    outer loop
      vertex 54.2419 65.1632 6.35
      vertex 54.6542 64.3784 6.35
      vertex 76.8634 84.5961 6.35
    endloop
  endfacet
  facet normal -0.911518 0.41126 0
    outer loop
      vertex 54.5995 53.2439 0
      vertex 54.5995 53.2439 6.35
      vertex 54.9641 54.052 0
    endloop
  endfacet
  facet normal 0 0 -1
    outer loop
      vertex 54.5995 53.2439 0
      vertex 54.9641 54.052 0
      vertex 68.737 34.8983 0
    endloop
  endfacet
  facet normal 0 0 -1
    outer loop
      vertex 54.5995 53.2439 0
      vertex 68.737 34.8983 0
      vertex 67.855 34.8099 0
    endloop
  endfacet
  facet normal -0.911518 0.41126 0
    outer loop
      vertex 54.5995 53.2439 6.35
      vertex 54.9641 54.052 6.35
      vertex 54.9641 54.052 0
    endloop
  endfacet
  facet normal 0 0 1
    outer loop
      vertex 54.5995 53.2439 6.35
      vertex 67.855 34.8099 6.35
      vertex 68.737 34.8983 6.35
    endloop
  endfacet
  facet normal 0 0 1
    outer loop
      vertex 54.5995 53.2439 6.35
      vertex 68.737 34.8983 6.35
      vertex 54.9641 54.052 6.35
    endloop
  endfacet
  facet normal -0.915548 -0.402209 0
    outer loop
      vertex 54.6542 64.3784 0
      vertex 55.0107 63.5669 0
      vertex 55.0107 63.5669 6.35
    endloop
  endfacet
  facet normal -0.915548 -0.402209 0
    outer loop
      vertex 54.6542 64.3784 0
      vertex 55.0107 63.5669 6.35
      vertex 54.6542 64.3784 6.35
    endloop
  endfacet
  facet normal 0 0 -1
    outer loop
      vertex 54.6542 64.3784 0
      vertex 76.8634 84.5961 0
      vertex 81.1629 80.4803 0
    endloop
  endfacet
  facet normal 0 0 -1
    outer loop
      vertex 54.6542 64.3784 0
      vertex 81.1629 80.4803 0
      vertex 55.0107 63.5669 0
    endloop
  endfacet
  facet normal 0 0 1
    outer loop
      vertex 54.6542 64.3784 6.35
      vertex 55.0107 63.5669 6.35
      vertex 81.1629 80.4803 6.35
    endloop
  endfacet
  facet normal 0 0 1
    outer loop
      vertex 54.6542 64.3784 6.35
      vertex 81.1629 80.4803 6.35
      vertex 76.8634 84.5961 6.35
    endloop
  endfacet
  facet normal -0.938029 0.346557 0
    outer loop
      vertex 54.9641 54.052 0
      vertex 54.9641 54.052 6.35
      vertex 55.2713 54.8835 0
    endloop
  endfacet
  facet normal 0 0 -1
    outer loop
      vertex 54.9641 54.052 0
      vertex 55.2713 54.8835 0
      vertex 68.737 34.8983 0
    endloop
  endfacet
  facet normal -0.938029 0.346557 0
    outer loop
      vertex 54.9641 54.052 6.35
      vertex 55.2713 54.8835 6.35
      vertex 55.2713 54.8835 0
    endloop
  endfacet
  facet normal 0 0 1
    outer loop
      vertex 54.9641 54.052 6.35
      vertex 68.737 34.8983 6.35
      vertex 55.2713 54.8835 6.35
    endloop
  endfacet
  facet normal -0.941361 -0.337401 0
    outer loop
      vertex 55.0107 63.5669 0
      vertex 55.3098 62.7324 0
      vertex 55.3098 62.7324 6.35
    endloop
  endfacet
  facet normal -0.941361 -0.337401 0
    outer loop
      vertex 55.0107 63.5669 0
      vertex 55.3098 62.7324 6.35
      vertex 55.0107 63.5669 6.35
    endloop
  endfacet
  facet normal 0 0 -1
    outer loop
      vertex 55.0107 63.5669 0
      vertex 81.1629 80.4803 0
      vertex 55.3098 62.7324 0
    endloop
  endfacet
  facet normal 0 0 1
    outer loop
      vertex 55.0107 63.5669 6.35
      vertex 55.3098 62.7324 6.35
      vertex 81.1629 80.4803 6.35
    endloop
  endfacet
  facet normal -0.959903 0.280334 0
    outer loop
      vertex 55.2713 54.8835 0
      vertex 55.2713 54.8835 6.35
      vertex 55.5198 55.7344 0
    endloop
  endfacet
  facet normal 0 0 -1
    outer loop
      vertex 55.2713 54.8835 0
      vertex 55.5198 55.7344 0
      vertex 70.5088 34.8896 0
    endloop
  endfacet
  facet normal 0 0 -1
    outer loop
      vertex 55.2713 54.8835 0
      vertex 69.6231 34.9248 0
      vertex 68.737 34.8983 0
    endloop
  endfacet
  facet normal 0 0 -1
    outer loop
      vertex 55.2713 54.8835 0
      vertex 70.5088 34.8896 0
      vertex 69.6231 34.9248 0
    endloop
  endfacet
  facet normal -0.959903 0.280334 0
    outer loop
      vertex 55.2713 54.8835 6.35
      vertex 55.5198 55.7344 6.35
      vertex 55.5198 55.7344 0
    endloop
  endfacet
  facet normal 0 0 1
    outer loop
      vertex 55.2713 54.8835 6.35
      vertex 68.737 34.8983 6.35
      vertex 69.6231 34.9248 6.35
    endloop
  endfacet
  facet normal 0 0 1
    outer loop
      vertex 55.2713 54.8835 6.35
      vertex 69.6231 34.9248 6.35
      vertex 70.5088 34.8896 6.35
    endloop
  endfacet
  facet normal 0 0 1
    outer loop
      vertex 55.2713 54.8835 6.35
      vertex 70.5088 34.8896 6.35
      vertex 55.5198 55.7344 6.35
    endloop
  endfacet
  facet normal -0.962589 -0.270964 0
    outer loop
      vertex 55.3098 62.7324 0
      vertex 55.55 61.8791 0
      vertex 55.55 61.8791 6.35
    endloop
  endfacet
  facet normal -0.962589 -0.270964 0
    outer loop
      vertex 55.3098 62.7324 0
      vertex 55.55 61.8791 6.35
      vertex 55.3098 62.7324 6.35
    endloop
  endfacet
  facet normal 0 0 -1
    outer loop
      vertex 55.3098 62.7324 0
      vertex 81.1629 80.4803 0
      vertex 85.2422 76.1463 0
    endloop
  endfacet
  facet normal 0 0 -1
    outer loop
      vertex 55.3098 62.7324 0
      vertex 85.2422 76.1463 0
      vertex 55.55 61.8791 0
    endloop
  endfacet
  facet normal 0 0 1
    outer loop
      vertex 55.3098 62.7324 6.35
      vertex 55.55 61.8791 6.35
      vertex 85.2422 76.1463 6.35
    endloop
  endfacet
  facet normal 0 0 1
    outer loop
      vertex 55.3098 62.7324 6.35
      vertex 85.2422 76.1463 6.35
      vertex 81.1629 80.4803 6.35
    endloop
  endfacet
  facet normal -0.977102 0.212772 0
    outer loop
      vertex 55.5198 55.7344 0
      vertex 55.5198 55.7344 6.35
      vertex 55.7084 56.6005 0
    endloop
  endfacet
  facet normal 0 0 -1
    outer loop
      vertex 55.5198 55.7344 0
      vertex 55.7084 56.6005 0
      vertex 70.5088 34.8896 0
    endloop
  endfacet
  facet normal -0.977102 0.212772 0
    outer loop
      vertex 55.5198 55.7344 6.35
      vertex 55.7084 56.6005 6.35
      vertex 55.7084 56.6005 0
    endloop
  endfacet
  facet normal 0 0 1
    outer loop
      vertex 55.5198 55.7344 6.35
      vertex 70.5088 34.8896 6.35
      vertex 55.7084 56.6005 6.35
    endloop
  endfacet
  facet normal -0.979168 -0.203053 0
    outer loop
      vertex 55.55 61.8791 0
      vertex 55.73 61.0111 0
      vertex 55.73 61.0111 6.35
    endloop
  endfacet
  facet normal -0.979168 -0.203053 0
    outer loop
      vertex 55.55 61.8791 0
      vertex 55.73 61.0111 6.35
      vertex 55.55 61.8791 6.35
    endloop
  endfacet
  facet normal 0 0 -1
    outer loop
      vertex 55.55 61.8791 0
      vertex 85.2422 76.1463 0
      vertex 55.73 61.0111 0
    endloop
  endfacet
  facet normal 0 0 1
    outer loop
      vertex 55.55 61.8791 6.35
      vertex 55.73 61.0111 6.35
      vertex 85.2422 76.1463 6.35
    endloop
  endfacet
  facet normal -0.989569 0.144058 0
    outer loop
      vertex 55.7084 56.6005 0
      vertex 55.7084 56.6005 6.35
      vertex 55.8361 57.4777 0
    endloop
  endfacet
  facet normal 0 0 -1
    outer loop
      vertex 55.7084 56.6005 0
      vertex 55.8361 57.4777 0
      vertex 71.3899 34.7926 0
    endloop
  endfacet
  facet normal 0 0 -1
    outer loop
      vertex 55.7084 56.6005 0
      vertex 71.3899 34.7926 0
      vertex 70.5088 34.8896 0
    endloop
  endfacet
  facet normal -0.989569 0.144058 0
    outer loop
      vertex 55.7084 56.6005 6.35
      vertex 55.8361 57.4777 6.35
      vertex 55.8361 57.4777 0
    endloop
  endfacet
  facet normal 0 0 1
    outer loop
      vertex 55.7084 56.6005 6.35
      vertex 70.5088 34.8896 6.35
      vertex 71.3899 34.7926 6.35
    endloop
  endfacet
  facet normal 0 0 1
    outer loop
      vertex 55.7084 56.6005 6.35
      vertex 71.3899 34.7926 6.35
      vertex 55.8361 57.4777 6.35
    endloop
  endfacet
  facet normal -0.990933 -0.134358 0
    outer loop
      vertex 55.73 61.0111 0
      vertex 55.8491 60.1327 0
      vertex 55.8491 60.1327 6.35
    endloop
  endfacet
  facet normal -0.990933 -0.134358 0
    outer loop
      vertex 55.73 61.0111 0
      vertex 55.8491 60.1327 6.35
      vertex 55.73 61.0111 6.35
    endloop
  endfacet
  facet normal 0 0 -1
    outer loop
      vertex 55.73 61.0111 0
      vertex 85.2422 76.1463 0
      vertex 55.8491 60.1327 0
    endloop
  endfacet
  facet normal 0 0 1
    outer loop
      vertex 55.73 61.0111 6.35
      vertex 55.8491 60.1327 6.35
      vertex 85.2422 76.1463 6.35
    endloop
  endfacet
  facet normal -0.997216 0.0745656 0
    outer loop
      vertex 55.8361 57.4777 0
      vertex 55.8361 57.4777 6.35
      vertex 55.9022 58.3617 0
    endloop
  endfacet
  facet normal 0 0 -1
    outer loop
      vertex 55.8361 57.4777 0
      vertex 55.9022 58.3617 0
      vertex 92.6971 66.8711 0
    endloop
  endfacet
  facet normal 0 0 -1
    outer loop
      vertex 55.8361 57.4777 0
      vertex 72.2621 34.6344 0
      vertex 71.3899 34.7926 0
    endloop
  endfacet
  facet normal 0 0 -1
    outer loop
      vertex 55.8361 57.4777 0
      vertex 92.6971 66.8711 0
      vertex 72.2621 34.6344 0
    endloop
  endfacet
  facet normal -0.997216 0.0745656 0
    outer loop
      vertex 55.8361 57.4777 6.35
      vertex 55.9022 58.3617 6.35
      vertex 55.9022 58.3617 0
    endloop
  endfacet
  facet normal 0 0 1
    outer loop
      vertex 55.8361 57.4777 6.35
      vertex 71.3899 34.7926 6.35
      vertex 72.2621 34.6344 6.35
    endloop
  endfacet
  facet normal 0 0 1
    outer loop
      vertex 55.8361 57.4777 6.35
      vertex 72.2621 34.6344 6.35
      vertex 92.6971 66.8711 6.35
    endloop
  endfacet
  facet normal 0 0 1
    outer loop
      vertex 55.8361 57.4777 6.35
      vertex 92.6971 66.8711 6.35
      vertex 55.9022 58.3617 6.35
    endloop
  endfacet
  facet normal -0.997894 -0.0648642 0
    outer loop
      vertex 55.8491 60.1327 0
      vertex 55.9066 59.2481 0
      vertex 55.9066 59.2481 6.35
    endloop
  endfacet
  facet normal -0.997894 -0.0648642 0
    outer loop
      vertex 55.8491 60.1327 0
      vertex 55.9066 59.2481 6.35
      vertex 55.8491 60.1327 6.35
    endloop
  endfacet
  facet normal 0 0 -1
    outer loop
      vertex 55.8491 60.1327 0
      vertex 85.2422 76.1463 0
      vertex 89.0904 71.6058 0
    endloop
  endfacet
  facet normal 0 0 -1
    outer loop
      vertex 55.8491 60.1327 0
      vertex 89.0904 71.6058 0
      vertex 55.9066 59.2481 0
    endloop
  endfacet
  facet normal 0 0 1
    outer loop
      vertex 55.8491 60.1327 6.35
      vertex 55.9066 59.2481 6.35
      vertex 89.0904 71.6058 6.35
    endloop
  endfacet
  facet normal 0 0 1
    outer loop
      vertex 55.8491 60.1327 6.35
      vertex 89.0904 71.6058 6.35
      vertex 85.2422 76.1463 6.35
    endloop
  endfacet
  facet normal -0.999988 0.00496384 0
    outer loop
      vertex 55.9022 58.3617 0
      vertex 55.9022 58.3617 6.35
      vertex 55.9066 59.2481 0
    endloop
  endfacet
  facet normal 0 0 -1
    outer loop
      vertex 55.9022 58.3617 0
      vertex 55.9066 59.2481 0
      vertex 89.0904 71.6058 0
    endloop
  endfacet
  facet normal 0 0 -1
    outer loop
      vertex 55.9022 58.3617 0
      vertex 89.0904 71.6058 0
      vertex 92.6971 66.8711 0
    endloop
  endfacet
  facet normal -0.999988 0.00496384 0
    outer loop
      vertex 55.9022 58.3617 6.35
      vertex 55.9066 59.2481 6.35
      vertex 55.9066 59.2481 0
    endloop
  endfacet
  facet normal 0 0 1
    outer loop
      vertex 55.9022 58.3617 6.35
      vertex 89.0904 71.6058 6.35
      vertex 55.9066 59.2481 6.35
    endloop
  endfacet
  facet normal 0 0 1
    outer loop
      vertex 55.9022 58.3617 6.35
      vertex 92.6971 66.8711 6.35
      vertex 89.0904 71.6058 6.35
    endloop
  endfacet
  facet normal 0.997894 0.0648715 0
    outer loop
      vertex 56.8665 21.844 0
      vertex 56.8665 21.844 6.35
      vertex 56.924 20.9595 0
    endloop
  endfacet
  facet normal 0.999988 -0.00485048 0
    outer loop
      vertex 56.8665 21.844 0
      vertex 56.8708 22.7305 0
      vertex 56.8708 22.7305 6.35
    endloop
  endfacet
  facet normal 0.999988 -0.00485048 0
    outer loop
      vertex 56.8665 21.844 0
      vertex 56.8708 22.7305 6.35
      vertex 56.8665 21.844 6.35
    endloop
  endfacet
  facet normal 0.997894 0.0648715 0
    outer loop
      vertex 56.8665 21.844 6.35
      vertex 56.924 20.9595 6.35
      vertex 56.924 20.9595 0
    endloop
  endfacet
  facet normal 0.997207 -0.0746862 0
    outer loop
      vertex 56.8708 22.7305 0
      vertex 56.937 23.6144 0
      vertex 56.937 23.6144 6.35
    endloop
  endfacet
  facet normal 0.997207 -0.0746862 0
    outer loop
      vertex 56.8708 22.7305 0
      vertex 56.937 23.6144 6.35
      vertex 56.8708 22.7305 6.35
    endloop
  endfacet
  facet normal 0.99095 0.134232 0
    outer loop
      vertex 56.924 20.9595 0
      vertex 56.924 20.9595 6.35
      vertex 57.043 20.081 0
    endloop
  endfacet
  facet normal 0.99095 0.134232 0
    outer loop
      vertex 56.924 20.9595 6.35
      vertex 57.043 20.081 6.35
      vertex 57.043 20.081 0
    endloop
  endfacet
  facet normal 0.989572 -0.144042 0
    outer loop
      vertex 56.937 23.6144 0
      vertex 57.0647 24.4917 0
      vertex 57.0647 24.4917 6.35
    endloop
  endfacet
  facet normal 0.989572 -0.144042 0
    outer loop
      vertex 56.937 23.6144 0
      vertex 57.0647 24.4917 6.35
      vertex 56.937 23.6144 6.35
    endloop
  endfacet
  facet normal 0.979141 0.203184 0
    outer loop
      vertex 57.043 20.081 0
      vertex 57.043 20.081 6.35
      vertex 57.2231 19.2131 0
    endloop
  endfacet
  facet normal 0.979141 0.203184 0
    outer loop
      vertex 57.043 20.081 6.35
      vertex 57.2231 19.2131 6.35
      vertex 57.2231 19.2131 0
    endloop
  endfacet
  facet normal 0.977125 -0.212664 0
    outer loop
      vertex 57.0647 24.4917 0
      vertex 57.2532 25.3578 0
      vertex 57.2532 25.3578 6.35
    endloop
  endfacet
  facet normal 0.977125 -0.212664 0
    outer loop
      vertex 57.0647 24.4917 0
      vertex 57.2532 25.3578 6.35
      vertex 57.0647 24.4917 6.35
    endloop
  endfacet
  facet normal 0.962619 0.27086 0
    outer loop
      vertex 57.2231 19.2131 0
      vertex 57.2231 19.2131 6.35
      vertex 57.4632 18.3598 0
    endloop
  endfacet
  facet normal 0.962619 0.27086 0
    outer loop
      vertex 57.2231 19.2131 6.35
      vertex 57.4632 18.3598 6.35
      vertex 57.4632 18.3598 0
    endloop
  endfacet
  facet normal 0.959903 -0.280334 0
    outer loop
      vertex 57.2532 25.3578 0
      vertex 57.5017 26.2087 0
      vertex 57.5017 26.2087 6.35
    endloop
  endfacet
  facet normal 0.959903 -0.280334 0
    outer loop
      vertex 57.2532 25.3578 0
      vertex 57.5017 26.2087 6.35
      vertex 57.2532 25.3578 6.35
    endloop
  endfacet
  facet normal 0.941361 0.337401 0
    outer loop
      vertex 57.4632 18.3598 0
      vertex 57.4632 18.3598 6.35
      vertex 57.7623 17.5253 0
    endloop
  endfacet
  facet normal 0.941361 0.337401 0
    outer loop
      vertex 57.4632 18.3598 6.35
      vertex 57.7623 17.5253 6.35
      vertex 57.7623 17.5253 0
    endloop
  endfacet
  facet normal 0.937992 -0.346657 0
    outer loop
      vertex 57.5017 26.2087 0
      vertex 57.809 27.0402 0
      vertex 57.809 27.0402 6.35
    endloop
  endfacet
  facet normal 0.937992 -0.346657 0
    outer loop
      vertex 57.5017 26.2087 0
      vertex 57.809 27.0402 6.35
      vertex 57.5017 26.2087 6.35
    endloop
  endfacet
  facet normal 0.527173 0.849758 0
    outer loop
      vertex 57.7064 98.6634 0
      vertex 57.7064 98.6634 6.35
      vertex 62.7641 95.5257 6.35
    endloop
  endfacet
  facet normal 0.527173 0.849758 0
    outer loop
      vertex 57.7064 98.6634 0
      vertex 62.7641 95.5257 6.35
      vertex 62.7641 95.5257 0
    endloop
  endfacet
  facet normal 0.915524 0.402262 0
    outer loop
      vertex 57.7623 17.5253 0
      vertex 57.7623 17.5253 6.35
      vertex 58.1189 16.7137 0
    endloop
  endfacet
  facet normal 0.915524 0.402262 0
    outer loop
      vertex 57.7623 17.5253 6.35
      vertex 58.1189 16.7137 6.35
      vertex 58.1189 16.7137 0
    endloop
  endfacet
  facet normal 0.911541 -0.411209 0
    outer loop
      vertex 57.809 27.0402 0
      vertex 58.1735 27.8482 0
      vertex 58.1735 27.8482 6.35
    endloop
  endfacet
  facet normal 0.911541 -0.411209 0
    outer loop
      vertex 57.809 27.0402 0
      vertex 58.1735 27.8482 6.35
      vertex 57.809 27.0402 6.35
    endloop
  endfacet
  facet normal 0 0 -1
    outer loop
      vertex 58.0571 -76.2 0
      vertex 114.3 0 0
      vertex 143.053 -55.4581 0
    endloop
  endfacet
  facet normal 0 0 -1
    outer loop
      vertex 58.0571 -76.2 0
      vertex 142.875 -57.15 0
      vertex 142.895 -57.7176 0
    endloop
  endfacet
  facet normal 0 0 -1
    outer loop
      vertex 58.0571 -76.2 0
      vertex 142.895 -56.5824 0
      vertex 142.875 -57.15 0
    endloop
  endfacet
  facet normal 0 0 -1
    outer loop
      vertex 58.0571 -76.2 0
      vertex 142.895 -57.7176 0
      vertex 142.954 -58.2825 0
    endloop
  endfacet
  facet normal 0 0 -1
    outer loop
      vertex 58.0571 -76.2 0
      vertex 142.954 -56.0175 0
      vertex 142.895 -56.5824 0
    endloop
  endfacet
  facet normal 0 0 -1
    outer loop
      vertex 58.0571 -76.2 0
      vertex 142.954 -58.2825 0
      vertex 143.053 -58.8419 0
    endloop
  endfacet
  facet normal 0 0 -1
    outer loop
      vertex 58.0571 -76.2 0
      vertex 143.053 -55.4581 0
      vertex 142.954 -56.0175 0
    endloop
  endfacet
  facet normal 0 0 -1
    outer loop
      vertex 58.0571 -76.2 0
      vertex 143.053 -58.8419 0
      vertex 143.19 -59.393 0
    endloop
  endfacet
  facet normal 0 0 -1
    outer loop
      vertex 58.0571 -76.2 0
      vertex 143.19 -59.393 0
      vertex 143.366 -59.9332 0
    endloop
  endfacet
  facet normal 0 0 -1
    outer loop
      vertex 58.0571 -76.2 0
      vertex 143.366 -59.9332 0
      vertex 143.579 -60.4598 0
    endloop
  endfacet
  facet normal 0 0 -1
    outer loop
      vertex 58.0571 -76.2 0
      vertex 143.579 -60.4598 0
      vertex 143.827 -60.9703 0
    endloop
  endfacet
  facet normal 0 0 -1
    outer loop
      vertex 58.0571 -76.2 0
      vertex 143.827 -60.9703 0
      vertex 144.111 -61.4622 0
    endloop
  endfacet
  facet normal 0 0 -1
    outer loop
      vertex 58.0571 -76.2 0
      vertex 144.111 -61.4622 0
      vertex 144.429 -61.9331 0
    endloop
  endfacet
  facet normal 0 0 -1
    outer loop
      vertex 58.0571 -76.2 0
      vertex 144.429 -61.9331 0
      vertex 144.779 -62.3807 0
    endloop
  endfacet
  facet normal 0 0 -1
    outer loop
      vertex 58.0571 -76.2 0
      vertex 144.779 -62.3807 0
      vertex 145.159 -62.8028 0
    endloop
  endfacet
  facet normal 0 0 -1
    outer loop
      vertex 58.0571 -76.2 0
      vertex 145.159 -62.8028 0
      vertex 145.567 -63.1973 0
    endloop
  endfacet
  facet normal 0 0 -1
    outer loop
      vertex 58.0571 -76.2 0
      vertex 145.567 -63.1973 0
      vertex 146.003 -63.5624 0
    endloop
  endfacet
  facet normal 0 0 -1
    outer loop
      vertex 58.0571 -76.2 0
      vertex 146.003 -63.5624 0
      vertex 146.462 -63.8963 0
    endloop
  endfacet
  facet normal 0 0 -1
    outer loop
      vertex 58.0571 -76.2 0
      vertex 146.462 -63.8963 0
      vertex 146.944 -64.1973 0
    endloop
  endfacet
  facet normal 0 0 -1
    outer loop
      vertex 58.0571 -76.2 0
      vertex 146.944 -64.1973 0
      vertex 147.445 -64.4639 0
    endloop
  endfacet
  facet normal 0 0 -1
    outer loop
      vertex 58.0571 -76.2 0
      vertex 147.445 -64.4639 0
      vertex 147.964 -64.6949 0
    endloop
  endfacet
  facet normal 0 0 -1
    outer loop
      vertex 58.0571 -76.2 0
      vertex 147.964 -64.6949 0
      vertex 168.675 -76.2 0
    endloop
  endfacet
  facet normal 0 -1 0
    outer loop
      vertex 58.0571 -76.2 0
      vertex 168.675 -76.2 0
      vertex 58.0571 -76.2 6.35
    endloop
  endfacet
  facet normal -1 0 0
    outer loop
      vertex 58.0571 -76.2 0
      vertex 58.0571 -76.2 6.35
      vertex 58.0571 0 6.35
    endloop
  endfacet
  facet normal 0 0 -1
    outer loop
      vertex 58.0571 -76.2 0
      vertex 58.0571 0 0
      vertex 114.3 0 0
    endloop
  endfacet
  facet normal -1 0 0
    outer loop
      vertex 58.0571 -76.2 0
      vertex 58.0571 0 6.35
      vertex 58.0571 0 0
    endloop
  endfacet
  facet normal 0 0 1
    outer loop
      vertex 58.0571 -76.2 6.35
      vertex 114.3 0 6.35
      vertex 58.0571 0 6.35
    endloop
  endfacet
  facet normal 0 0 1
    outer loop
      vertex 58.0571 -76.2 6.35
      vertex 142.875 -57.15 6.35
      vertex 142.895 -56.5824 6.35
    endloop
  endfacet
  facet normal 0 0 1
    outer loop
      vertex 58.0571 -76.2 6.35
      vertex 142.895 -56.5824 6.35
      vertex 142.954 -56.0175 6.35
    endloop
  endfacet
  facet normal 0 0 1
    outer loop
      vertex 58.0571 -76.2 6.35
      vertex 142.895 -57.7176 6.35
      vertex 142.875 -57.15 6.35
    endloop
  endfacet
  facet normal 0 0 1
    outer loop
      vertex 58.0571 -76.2 6.35
      vertex 142.954 -56.0175 6.35
      vertex 143.053 -55.4581 6.35
    endloop
  endfacet
  facet normal 0 0 1
    outer loop
      vertex 58.0571 -76.2 6.35
      vertex 142.954 -58.2825 6.35
      vertex 142.895 -57.7176 6.35
    endloop
  endfacet
  facet normal 0 0 1
    outer loop
      vertex 58.0571 -76.2 6.35
      vertex 143.053 -55.4581 6.35
      vertex 114.3 0 6.35
    endloop
  endfacet
  facet normal 0 0 1
    outer loop
      vertex 58.0571 -76.2 6.35
      vertex 143.053 -58.8419 6.35
      vertex 142.954 -58.2825 6.35
    endloop
  endfacet
  facet normal 0 0 1
    outer loop
      vertex 58.0571 -76.2 6.35
      vertex 143.19 -59.393 6.35
      vertex 143.053 -58.8419 6.35
    endloop
  endfacet
  facet normal 0 0 1
    outer loop
      vertex 58.0571 -76.2 6.35
      vertex 143.366 -59.9332 6.35
      vertex 143.19 -59.393 6.35
    endloop
  endfacet
  facet normal 0 0 1
    outer loop
      vertex 58.0571 -76.2 6.35
      vertex 143.579 -60.4598 6.35
      vertex 143.366 -59.9332 6.35
    endloop
  endfacet
  facet normal 0 0 1
    outer loop
      vertex 58.0571 -76.2 6.35
      vertex 143.827 -60.9703 6.35
      vertex 143.579 -60.4598 6.35
    endloop
  endfacet
  facet normal 0 0 1
    outer loop
      vertex 58.0571 -76.2 6.35
      vertex 144.111 -61.4622 6.35
      vertex 143.827 -60.9703 6.35
    endloop
  endfacet
  facet normal 0 0 1
    outer loop
      vertex 58.0571 -76.2 6.35
      vertex 144.429 -61.9331 6.35
      vertex 144.111 -61.4622 6.35
    endloop
  endfacet
  facet normal 0 0 1
    outer loop
      vertex 58.0571 -76.2 6.35
      vertex 144.779 -62.3807 6.35
      vertex 144.429 -61.9331 6.35
    endloop
  endfacet
  facet normal 0 0 1
    outer loop
      vertex 58.0571 -76.2 6.35
      vertex 145.159 -62.8028 6.35
      vertex 144.779 -62.3807 6.35
    endloop
  endfacet
  facet normal 0 0 1
    outer loop
      vertex 58.0571 -76.2 6.35
      vertex 145.567 -63.1973 6.35
      vertex 145.159 -62.8028 6.35
    endloop
  endfacet
  facet normal 0 0 1
    outer loop
      vertex 58.0571 -76.2 6.35
      vertex 146.003 -63.5624 6.35
      vertex 145.567 -63.1973 6.35
    endloop
  endfacet
  facet normal 0 0 1
    outer loop
      vertex 58.0571 -76.2 6.35
      vertex 146.462 -63.8963 6.35
      vertex 146.003 -63.5624 6.35
    endloop
  endfacet
  facet normal 0 0 1
    outer loop
      vertex 58.0571 -76.2 6.35
      vertex 146.944 -64.1973 6.35
      vertex 146.462 -63.8963 6.35
    endloop
  endfacet
  facet normal 0 0 1
    outer loop
      vertex 58.0571 -76.2 6.35
      vertex 147.445 -64.4639 6.35
      vertex 146.944 -64.1973 6.35
    endloop
  endfacet
  facet normal 0 0 1
    outer loop
      vertex 58.0571 -76.2 6.35
      vertex 147.964 -64.6949 6.35
      vertex 147.445 -64.4639 6.35
    endloop
  endfacet
  facet normal 0 -1 0
    outer loop
      vertex 58.0571 -76.2 6.35
      vertex 168.675 -76.2 0
      vertex 168.675 -76.2 6.35
    endloop
  endfacet
  facet normal 0 0 1
    outer loop
      vertex 58.0571 -76.2 6.35
      vertex 168.675 -76.2 6.35
      vertex 147.964 -64.6949 6.35
    endloop
  endfacet
  facet normal 0 0 -1
    outer loop
      vertex 58.0571 0 0
      vertex 60.0812 13.7734 0
      vertex 60.6939 13.1328 0
    endloop
  endfacet
  facet normal 0 0 -1
    outer loop
      vertex 58.0571 0 0
      vertex 60.6939 13.1328 0
      vertex 61.3497 12.5364 0
    endloop
  endfacet
  facet normal 0 0 -1
    outer loop
      vertex 58.0571 0 0
      vertex 61.3497 12.5364 0
      vertex 62.0456 11.9872 0
    endloop
  endfacet
  facet normal 0 0 -1
    outer loop
      vertex 58.0571 0 0
      vertex 62.0456 11.9872 0
      vertex 62.778 11.4879 0
    endloop
  endfacet
  facet normal 0 0 -1
    outer loop
      vertex 58.0571 0 0
      vertex 62.778 11.4879 0
      vertex 63.5435 11.0409 0
    endloop
  endfacet
  facet normal 0 0 -1
    outer loop
      vertex 58.0571 0 0
      vertex 63.5435 11.0409 0
      vertex 64.3383 10.6484 0
    endloop
  endfacet
  facet normal 0 0 -1
    outer loop
      vertex 58.0571 0 0
      vertex 64.3383 10.6484 0
      vertex 65.1586 10.3123 0
    endloop
  endfacet
  facet normal 0 0 -1
    outer loop
      vertex 58.0571 0 0
      vertex 65.1586 10.3123 0
      vertex 66.0003 10.0343 0
    endloop
  endfacet
  facet normal 0 0 -1
    outer loop
      vertex 58.0571 0 0
      vertex 66.0003 10.0343 0
      vertex 66.8594 9.81561 0
    endloop
  endfacet
  facet normal 0 0 -1
    outer loop
      vertex 58.0571 0 0
      vertex 66.8594 9.81561 0
      vertex 67.7316 9.65741 0
    endloop
  endfacet
  facet normal 0 0 -1
    outer loop
      vertex 58.0571 0 0
      vertex 67.7316 9.65741 0
      vertex 68.6127 9.56042 0
    endloop
  endfacet
  facet normal 0 0 -1
    outer loop
      vertex 58.0571 0 0
      vertex 68.6127 9.56042 0
      vertex 69.4985 9.52515 0
    endloop
  endfacet
  facet normal 0 0 -1
    outer loop
      vertex 58.0571 0 0
      vertex 69.4985 9.52515 0
      vertex 70.3845 9.55174 0
    endloop
  endfacet
  facet normal 0 0 -1
    outer loop
      vertex 58.0571 0 0
      vertex 70.3845 9.55174 0
      vertex 71.2665 9.64008 0
    endloop
  endfacet
  facet normal 0 0 -1
    outer loop
      vertex 58.0571 0 0
      vertex 71.2665 9.64008 0
      vertex 72.1403 9.78972 0
    endloop
  endfacet
  facet normal 0 0 -1
    outer loop
      vertex 58.0571 0 0
      vertex 72.1403 9.78972 0
      vertex 73.0014 9.99994 0
    endloop
  endfacet
  facet normal 0 0 -1
    outer loop
      vertex 58.0571 0 0
      vertex 73.0014 9.99994 0
      vertex 73.8458 10.2697 0
    endloop
  endfacet
  facet normal 0 0 -1
    outer loop
      vertex 58.0571 0 0
      vertex 73.8458 10.2697 0
      vertex 114.3 0 0
    endloop
  endfacet
  facet normal 0 0 1
    outer loop
      vertex 58.0571 0 6.35
      vertex 114.3 0 6.35
      vertex 73.8458 10.2697 6.35
    endloop
  endfacet
  facet normal 0 0 1
    outer loop
      vertex 58.0571 0 6.35
      vertex 60.6939 13.1328 6.35
      vertex 60.0812 13.7734 6.35
    endloop
  endfacet
  facet normal 0 0 1
    outer loop
      vertex 58.0571 0 6.35
      vertex 61.3497 12.5364 6.35
      vertex 60.6939 13.1328 6.35
    endloop
  endfacet
  facet normal 0 0 1
    outer loop
      vertex 58.0571 0 6.35
      vertex 62.0456 11.9872 6.35
      vertex 61.3497 12.5364 6.35
    endloop
  endfacet
  facet normal 0 0 1
    outer loop
      vertex 58.0571 0 6.35
      vertex 62.778 11.4879 6.35
      vertex 62.0456 11.9872 6.35
    endloop
  endfacet
  facet normal 0 0 1
    outer loop
      vertex 58.0571 0 6.35
      vertex 63.5435 11.0409 6.35
      vertex 62.778 11.4879 6.35
    endloop
  endfacet
  facet normal 0 0 1
    outer loop
      vertex 58.0571 0 6.35
      vertex 64.3383 10.6484 6.35
      vertex 63.5435 11.0409 6.35
    endloop
  endfacet
  facet normal 0 0 1
    outer loop
      vertex 58.0571 0 6.35
      vertex 65.1586 10.3123 6.35
      vertex 64.3383 10.6484 6.35
    endloop
  endfacet
  facet normal 0 0 1
    outer loop
      vertex 58.0571 0 6.35
      vertex 66.0003 10.0343 6.35
      vertex 65.1586 10.3123 6.35
    endloop
  endfacet
  facet normal 0 0 1
    outer loop
      vertex 58.0571 0 6.35
      vertex 66.8594 9.81561 6.35
      vertex 66.0003 10.0343 6.35
    endloop
  endfacet
  facet normal 0 0 1
    outer loop
      vertex 58.0571 0 6.35
      vertex 67.7316 9.65741 6.35
      vertex 66.8594 9.81561 6.35
    endloop
  endfacet
  facet normal 0 0 1
    outer loop
      vertex 58.0571 0 6.35
      vertex 68.6127 9.56042 6.35
      vertex 67.7316 9.65741 6.35
    endloop
  endfacet
  facet normal 0 0 1
    outer loop
      vertex 58.0571 0 6.35
      vertex 69.4985 9.52515 6.35
      vertex 68.6127 9.56042 6.35
    endloop
  endfacet
  facet normal 0 0 1
    outer loop
      vertex 58.0571 0 6.35
      vertex 70.3845 9.55174 6.35
      vertex 69.4985 9.52515 6.35
    endloop
  endfacet
  facet normal 0 0 1
    outer loop
      vertex 58.0571 0 6.35
      vertex 71.2665 9.64008 6.35
      vertex 70.3845 9.55174 6.35
    endloop
  endfacet
  facet normal 0 0 1
    outer loop
      vertex 58.0571 0 6.35
      vertex 72.1403 9.78972 6.35
      vertex 71.2665 9.64008 6.35
    endloop
  endfacet
  facet normal 0 0 1
    outer loop
      vertex 58.0571 0 6.35
      vertex 73.0014 9.99994 6.35
      vertex 72.1403 9.78972 6.35
    endloop
  endfacet
  facet normal 0 0 1
    outer loop
      vertex 58.0571 0 6.35
      vertex 73.8458 10.2697 6.35
      vertex 73.0014 9.99994 6.35
    endloop
  endfacet
  facet normal 0.885243 0.465128 0
    outer loop
      vertex 58.1189 16.7137 0
      vertex 58.1189 16.7137 6.35
      vertex 58.5312 15.929 0
    endloop
  endfacet
  facet normal 0.885243 0.465128 0
    outer loop
      vertex 58.1189 16.7137 6.35
      vertex 58.5312 15.929 6.35
      vertex 58.5312 15.929 0
    endloop
  endfacet
  facet normal 0.880649 -0.47377 0
    outer loop
      vertex 58.1735 27.8482 0
      vertex 58.5935 28.6289 0
      vertex 58.5935 28.6289 6.35
    endloop
  endfacet
  facet normal 0.880649 -0.47377 0
    outer loop
      vertex 58.1735 27.8482 0
      vertex 58.5935 28.6289 6.35
      vertex 58.1735 27.8482 6.35
    endloop
  endfacet
  facet normal 0.850599 0.525815 0
    outer loop
      vertex 58.5312 15.929 0
      vertex 58.5312 15.929 6.35
      vertex 58.9973 15.175 0
    endloop
  endfacet
  facet normal 0.850599 0.525815 0
    outer loop
      vertex 58.5312 15.929 6.35
      vertex 58.9973 15.175 6.35
      vertex 58.9973 15.175 0
    endloop
  endfacet
  facet normal 0.845441 -0.534069 0
    outer loop
      vertex 58.5935 28.6289 0
      vertex 59.0669 29.3783 0
      vertex 59.0669 29.3783 6.35
    endloop
  endfacet
  facet normal 0.845441 -0.534069 0
    outer loop
      vertex 58.5935 28.6289 0
      vertex 59.0669 29.3783 6.35
      vertex 58.5935 28.6289 6.35
    endloop
  endfacet
  facet normal 0.8119 0.583796 0
    outer loop
      vertex 58.9973 15.175 0
      vertex 58.9973 15.175 6.35
      vertex 59.5148 14.4553 0
    endloop
  endfacet
  facet normal 0.8119 0.583796 0
    outer loop
      vertex 58.9973 15.175 6.35
      vertex 59.5148 14.4553 6.35
      vertex 59.5148 14.4553 0
    endloop
  endfacet
  facet normal 0.806104 -0.591774 0
    outer loop
      vertex 59.0669 29.3783 0
      vertex 59.5915 30.0929 0
      vertex 59.5915 30.0929 6.35
    endloop
  endfacet
  facet normal 0.806104 -0.591774 0
    outer loop
      vertex 59.0669 29.3783 0
      vertex 59.5915 30.0929 6.35
      vertex 59.0669 29.3783 6.35
    endloop
  endfacet
  facet normal 0.769247 0.638952 0
    outer loop
      vertex 59.5148 14.4553 0
      vertex 59.5148 14.4553 6.35
      vertex 60.0812 13.7734 0
    endloop
  endfacet
  facet normal 0.769247 0.638952 0
    outer loop
      vertex 59.5148 14.4553 6.35
      vertex 60.0812 13.7734 6.35
      vertex 60.0812 13.7734 0
    endloop
  endfacet
  facet normal 0.762868 -0.646554 0
    outer loop
      vertex 59.5915 30.0929 0
      vertex 60.1646 30.7691 0
      vertex 60.1646 30.7691 6.35
    endloop
  endfacet
  facet normal 0.762868 -0.646554 0
    outer loop
      vertex 59.5915 30.0929 0
      vertex 60.1646 30.7691 6.35
      vertex 59.5915 30.0929 6.35
    endloop
  endfacet
  facet normal 0.587773 0.809026 0
    outer loop
      vertex 6.00877 36.1811 0
      vertex 6.00877 36.1811 6.35
      vertex 6.30594 35.9652 0
    endloop
  endfacet
  facet normal 0.587773 0.809026 0
    outer loop
      vertex 6.00877 36.1811 6.35
      vertex 6.30594 35.9652 6.35
      vertex 6.30594 35.9652 0
    endloop
  endfacet
  facet normal 0.587773 -0.809026 0
    outer loop
      vertex 6.00877 44.475 0
      vertex 6.30594 44.6909 0
      vertex 6.30594 44.6909 6.35
    endloop
  endfacet
  facet normal 0.587773 -0.809026 0
    outer loop
      vertex 6.00877 44.475 0
      vertex 6.30594 44.6909 6.35
      vertex 6.00877 44.475 6.35
    endloop
  endfacet
  facet normal -0.495702 0.868493 0
    outer loop
      vertex 6.26543 61.7816 0
      vertex 6.26543 61.7816 6.35
      vertex 7.03528 62.221 0
    endloop
  endfacet
  facet normal 0 0 -1
    outer loop
      vertex 6.26543 61.7816 0
      vertex 7.03528 62.221 0
      vertex 9.79878 45.5617 0
    endloop
  endfacet
  facet normal 0 0 -1
    outer loop
      vertex 6.26543 61.7816 0
      vertex 9.79878 45.5617 0
      vertex 9.43236 45.5873 0
    endloop
  endfacet
  facet normal -0.495702 0.868493 0
    outer loop
      vertex 6.26543 61.7816 6.35
      vertex 7.03528 62.221 6.35
      vertex 7.03528 62.221 0
    endloop
  endfacet
  facet normal 0 0 1
    outer loop
      vertex 6.26543 61.7816 6.35
      vertex 9.43236 45.5873 6.35
      vertex 9.79878 45.5617 6.35
    endloop
  endfacet
  facet normal 0 0 1
    outer loop
      vertex 6.26543 61.7816 6.35
      vertex 9.79878 45.5617 6.35
      vertex 7.03528 62.221 6.35
    endloop
  endfacet
  facet normal 0.529815 0.848113 0
    outer loop
      vertex 6.30594 35.9652 0
      vertex 6.30594 35.9652 6.35
      vertex 6.61745 35.7706 0
    endloop
  endfacet
  facet normal 0.529815 0.848113 0
    outer loop
      vertex 6.30594 35.9652 6.35
      vertex 6.61745 35.7706 6.35
      vertex 6.61745 35.7706 0
    endloop
  endfacet
  facet normal 0.529815 -0.848113 0
    outer loop
      vertex 6.30594 44.6909 0
      vertex 6.61745 44.8855 0
      vertex 6.61745 44.8855 6.35
    endloop
  endfacet
  facet normal 0.529815 -0.848113 0
    outer loop
      vertex 6.30594 44.6909 0
      vertex 6.61745 44.8855 6.35
      vertex 6.30594 44.6909 6.35
    endloop
  endfacet
  facet normal 0 0 -1
    outer loop
      vertex 6.37544 84.2082 0
      vertex 12.8432 113.576 0
      vertex 18.738 112.754 0
    endloop
  endfacet
  facet normal 0 0 -1
    outer loop
      vertex 6.37544 84.2082 0
      vertex 18.738 112.754 0
      vertex 7.14095 83.7612 0
    endloop
  endfacet
  facet normal -0.504252 -0.863557 0
    outer loop
      vertex 6.37544 84.2082 0
      vertex 7.14095 83.7612 0
      vertex 7.14095 83.7612 6.35
    endloop
  endfacet
  facet normal -0.504252 -0.863557 0
    outer loop
      vertex 6.37544 84.2082 0
      vertex 7.14095 83.7612 6.35
      vertex 6.37544 84.2082 6.35
    endloop
  endfacet
  facet normal 0 0 1
    outer loop
      vertex 6.37544 84.2082 6.35
      vertex 18.738 112.754 6.35
      vertex 12.8432 113.576 6.35
    endloop
  endfacet
  facet normal 0 0 1
    outer loop
      vertex 6.37544 84.2082 6.35
      vertex 7.14095 83.7612 6.35
      vertex 18.738 112.754 6.35
    endloop
  endfacet
  facet normal 0 0 -1
    outer loop
      vertex 6.45 -11.1717 0
      vertex 11.2125 -19.4206 0
      vertex 9.83046 -20.1554 0
    endloop
  endfacet
  facet normal 0 0 -1
    outer loop
      vertex 6.45 -11.1717 0
      vertex 12.5399 -18.5912 0
      vertex 11.2125 -19.4206 0
    endloop
  endfacet
  facet normal -0.529889 0.848067 0
    outer loop
      vertex 6.45 -11.1717 0
      vertex 6.45 -11.1717 6.35
      vertex 7.21358 -10.6946 0
    endloop
  endfacet
  facet normal 0 0 -1
    outer loop
      vertex 6.45 -11.1717 0
      vertex 7.21358 -10.6946 0
      vertex 12.5399 -18.5912 0
    endloop
  endfacet
  facet normal 0 0 1
    outer loop
      vertex 6.45 -11.1717 6.35
      vertex 11.2125 -19.4206 6.35
      vertex 12.5399 -18.5912 6.35
    endloop
  endfacet
  facet normal 0 0 1
    outer loop
      vertex 6.45 -11.1717 6.35
      vertex 12.5399 -18.5912 6.35
      vertex 7.21358 -10.6946 6.35
    endloop
  endfacet
  facet normal -0.529889 0.848067 0
    outer loop
      vertex 6.45 -11.1717 6.35
      vertex 7.21358 -10.6946 6.35
      vertex 7.21358 -10.6946 0
    endloop
  endfacet
  facet normal 0 0 1
    outer loop
      vertex 6.45 -11.1717 6.35
      vertex 9.83046 -20.1554 6.35
      vertex 11.2125 -19.4206 6.35
    endloop
  endfacet
  facet normal 0 0 -1
    outer loop
      vertex 6.45 11.1717 0
      vertex 10.1625 35.1455 0
      vertex 23.8038 27.7473 0
    endloop
  endfacet
  facet normal 0 0 -1
    outer loop
      vertex 6.45 11.1717 0
      vertex 23.8038 27.7473 0
      vertex 23.9648 27.4172 0
    endloop
  endfacet
  facet normal 0 0 -1
    outer loop
      vertex 6.45 11.1717 0
      vertex 23.9648 27.4172 0
      vertex 7.21358 10.6946 0
    endloop
  endfacet
  facet normal -0.529889 -0.848067 0
    outer loop
      vertex 6.45 11.1717 0
      vertex 7.21358 10.6946 0
      vertex 7.21358 10.6946 6.35
    endloop
  endfacet
  facet normal -0.529889 -0.848067 0
    outer loop
      vertex 6.45 11.1717 0
      vertex 7.21358 10.6946 6.35
      vertex 6.45 11.1717 6.35
    endloop
  endfacet
  facet normal 0 0 1
    outer loop
      vertex 6.45 11.1717 6.35
      vertex 23.8038 27.7473 6.35
      vertex 10.1625 35.1455 6.35
    endloop
  endfacet
  facet normal 0 0 1
    outer loop
      vertex 6.45 11.1717 6.35
      vertex 23.9648 27.4172 6.35
      vertex 23.8038 27.7473 6.35
    endloop
  endfacet
  facet normal 0 0 1
    outer loop
      vertex 6.45 11.1717 6.35
      vertex 7.21358 10.6946 6.35
      vertex 23.9648 27.4172 6.35
    endloop
  endfacet
  facet normal 0.46959 0.882884 0
    outer loop
      vertex 6.61745 35.7706 0
      vertex 6.61745 35.7706 6.35
      vertex 6.94177 35.5981 0
    endloop
  endfacet
  facet normal 0.46959 0.882884 0
    outer loop
      vertex 6.61745 35.7706 6.35
      vertex 6.94177 35.5981 6.35
      vertex 6.94177 35.5981 0
    endloop
  endfacet
  facet normal 0.46959 -0.882884 0
    outer loop
      vertex 6.61745 44.8855 0
      vertex 6.94177 45.058 0
      vertex 6.94177 45.058 6.35
    endloop
  endfacet
  facet normal 0.46959 -0.882884 0
    outer loop
      vertex 6.61745 44.8855 0
      vertex 6.94177 45.058 6.35
      vertex 6.61745 44.8855 6.35
    endloop
  endfacet
  facet normal 0.0865267 0.99625 0
    outer loop
      vertex 6.9136 114.091 0
      vertex 12.8432 113.576 6.35
      vertex 12.8432 113.576 0
    endloop
  endfacet
  facet normal 0.0865267 0.99625 0
    outer loop
      vertex 6.9136 114.091 0
      vertex 6.9136 114.091 6.35
      vertex 12.8432 113.576 6.35
    endloop
  endfacet
  facet normal 0.341996 -0.939701 0
    outer loop
      vertex 6.9297 -21.3274 0
      vertex 8.40054 -20.7921 0
      vertex 6.9297 -21.3274 6.35
    endloop
  endfacet
  facet normal 0.341996 -0.939701 0
    outer loop
      vertex 6.9297 -21.3274 6.35
      vertex 8.40054 -20.7921 0
      vertex 8.40054 -20.7921 6.35
    endloop
  endfacet
  facet normal 0.406735 0.913546 0
    outer loop
      vertex 6.94177 35.5981 0
      vertex 6.94177 35.5981 6.35
      vertex 7.27733 35.4487 0
    endloop
  endfacet
  facet normal 0.406735 0.913546 0
    outer loop
      vertex 6.94177 35.5981 6.35
      vertex 7.27733 35.4487 6.35
      vertex 7.27733 35.4487 0
    endloop
  endfacet
  facet normal 0.406735 -0.913546 0
    outer loop
      vertex 6.94177 45.058 0
      vertex 7.27733 45.2074 0
      vertex 7.27733 45.2074 6.35
    endloop
  endfacet
  facet normal 0.406735 -0.913546 0
    outer loop
      vertex 6.94177 45.058 0
      vertex 7.27733 45.2074 6.35
      vertex 6.94177 45.058 6.35
    endloop
  endfacet
  facet normal 0.722669 0.691194 0
    outer loop
      vertex 60.0812 13.7734 0
      vertex 60.0812 13.7734 6.35
      vertex 60.6939 13.1328 0
    endloop
  endfacet
  facet normal 0.722669 0.691194 0
    outer loop
      vertex 60.0812 13.7734 6.35
      vertex 60.6939 13.1328 6.35
      vertex 60.6939 13.1328 0
    endloop
  endfacet
  facet normal 0.715962 -0.698139 0
    outer loop
      vertex 60.1646 30.7691 0
      vertex 60.7835 31.4038 0
      vertex 60.7835 31.4038 6.35
    endloop
  endfacet
  facet normal 0.715962 -0.698139 0
    outer loop
      vertex 60.1646 30.7691 0
      vertex 60.7835 31.4038 6.35
      vertex 60.1646 30.7691 6.35
    endloop
  endfacet
  facet normal 0.672808 0.739818 0
    outer loop
      vertex 60.6939 13.1328 0
      vertex 60.6939 13.1328 6.35
      vertex 61.3497 12.5364 0
    endloop
  endfacet
  facet normal 0.672808 0.739818 0
    outer loop
      vertex 60.6939 13.1328 6.35
      vertex 61.3497 12.5364 6.35
      vertex 61.3497 12.5364 0
    endloop
  endfacet
  facet normal 0.665448 -0.746444 0
    outer loop
      vertex 60.7835 31.4038 0
      vertex 61.4452 31.9937 0
      vertex 61.4452 31.9937 6.35
    endloop
  endfacet
  facet normal 0.665448 -0.746444 0
    outer loop
      vertex 60.7835 31.4038 0
      vertex 61.4452 31.9937 6.35
      vertex 60.7835 31.4038 6.35
    endloop
  endfacet
  facet normal 0.619509 0.78499 0
    outer loop
      vertex 61.3497 12.5364 0
      vertex 61.3497 12.5364 6.35
      vertex 62.0456 11.9872 0
    endloop
  endfacet
  facet normal 0.619509 0.78499 0
    outer loop
      vertex 61.3497 12.5364 6.35
      vertex 62.0456 11.9872 6.35
      vertex 62.0456 11.9872 0
    endloop
  endfacet
  facet normal 0.611775 -0.791032 0
    outer loop
      vertex 61.4452 31.9937 0
      vertex 62.1464 32.536 0
      vertex 62.1464 32.536 6.35
    endloop
  endfacet
  facet normal 0.611775 -0.791032 0
    outer loop
      vertex 61.4452 31.9937 0
      vertex 62.1464 32.536 6.35
      vertex 61.4452 31.9937 6.35
    endloop
  endfacet
  facet normal 0.563288 0.826261 0
    outer loop
      vertex 62.0456 11.9872 0
      vertex 62.0456 11.9872 6.35
      vertex 62.778 11.4879 0
    endloop
  endfacet
  facet normal 0.563288 0.826261 0
    outer loop
      vertex 62.0456 11.9872 6.35
      vertex 62.778 11.4879 6.35
      vertex 62.778 11.4879 0
    endloop
  endfacet
  facet normal 0.555143 -0.831755 0
    outer loop
      vertex 62.1464 32.536 0
      vertex 62.8837 33.0281 0
      vertex 62.8837 33.0281 6.35
    endloop
  endfacet
  facet normal 0.555143 -0.831755 0
    outer loop
      vertex 62.1464 32.536 0
      vertex 62.8837 33.0281 6.35
      vertex 62.1464 32.536 6.35
    endloop
  endfacet
  facet normal 0.570699 0.82116 0
    outer loop
      vertex 62.7641 95.5257 0
      vertex 62.7641 95.5257 6.35
      vertex 67.6515 92.129 6.35
    endloop
  endfacet
  facet normal 0.570699 0.82116 0
    outer loop
      vertex 62.7641 95.5257 0
      vertex 67.6515 92.129 6.35
      vertex 67.6515 92.129 0
    endloop
  endfacet
  facet normal 0.504257 0.863554 0
    outer loop
      vertex 62.778 11.4879 0
      vertex 62.778 11.4879 6.35
      vertex 63.5435 11.0409 0
    endloop
  endfacet
  facet normal 0.504257 0.863554 0
    outer loop
      vertex 62.778 11.4879 6.35
      vertex 63.5435 11.0409 6.35
      vertex 63.5435 11.0409 0
    endloop
  endfacet
  facet normal 0.495726 -0.868479 0
    outer loop
      vertex 62.8837 33.0281 0
      vertex 63.6535 33.4675 0
      vertex 63.6535 33.4675 6.35
    endloop
  endfacet
  facet normal 0.495726 -0.868479 0
    outer loop
      vertex 62.8837 33.0281 0
      vertex 63.6535 33.4675 6.35
      vertex 62.8837 33.0281 6.35
    endloop
  endfacet
  facet normal 0.442786 0.896627 0
    outer loop
      vertex 63.5435 11.0409 0
      vertex 63.5435 11.0409 6.35
      vertex 64.3383 10.6484 0
    endloop
  endfacet
  facet normal 0.442786 0.896627 0
    outer loop
      vertex 63.5435 11.0409 6.35
      vertex 64.3383 10.6484 6.35
      vertex 64.3383 10.6484 0
    endloop
  endfacet
  facet normal 0.433944 -0.90094 0
    outer loop
      vertex 63.6535 33.4675 0
      vertex 64.4522 33.8522 0
      vertex 64.4522 33.8522 6.35
    endloop
  endfacet
  facet normal 0.433944 -0.90094 0
    outer loop
      vertex 63.6535 33.4675 0
      vertex 64.4522 33.8522 6.35
      vertex 63.6535 33.4675 6.35
    endloop
  endfacet
  facet normal 0.379138 0.92534 0
    outer loop
      vertex 64.3383 10.6484 0
      vertex 64.3383 10.6484 6.35
      vertex 65.1586 10.3123 0
    endloop
  endfacet
  facet normal 0.379138 0.92534 0
    outer loop
      vertex 64.3383 10.6484 6.35
      vertex 65.1586 10.3123 6.35
      vertex 65.1586 10.3123 0
    endloop
  endfacet
  facet normal 0.370126 -0.928982 0
    outer loop
      vertex 64.4522 33.8522 0
      vertex 65.2757 34.1803 0
      vertex 65.2757 34.1803 6.35
    endloop
  endfacet
  facet normal 0.370126 -0.928982 0
    outer loop
      vertex 64.4522 33.8522 0
      vertex 65.2757 34.1803 6.35
      vertex 64.4522 33.8522 6.35
    endloop
  endfacet
  facet normal 0.313621 0.949548 0
    outer loop
      vertex 65.1586 10.3123 0
      vertex 65.1586 10.3123 6.35
      vertex 66.0003 10.0343 0
    endloop
  endfacet
  facet normal 0.313621 0.949548 0
    outer loop
      vertex 65.1586 10.3123 6.35
      vertex 66.0003 10.0343 6.35
      vertex 66.0003 10.0343 0
    endloop
  endfacet
  facet normal 0.304256 -0.95259 0
    outer loop
      vertex 65.2757 34.1803 0
      vertex 66.1201 34.45 0
      vertex 66.1201 34.45 6.35
    endloop
  endfacet
  facet normal 0.304256 -0.95259 0
    outer loop
      vertex 65.2757 34.1803 0
      vertex 66.1201 34.45 6.35
      vertex 65.2757 34.1803 6.35
    endloop
  endfacet
  facet normal 0.24669 0.969094 0
    outer loop
      vertex 66.0003 10.0343 0
      vertex 66.0003 10.0343 6.35
      vertex 66.8594 9.81561 0
    endloop
  endfacet
  facet normal 0.24669 0.969094 0
    outer loop
      vertex 66.0003 10.0343 6.35
      vertex 66.8594 9.81561 6.35
      vertex 66.8594 9.81561 0
    endloop
  endfacet
  facet normal 0.23725 -0.971449 0
    outer loop
      vertex 66.1201 34.45 0
      vertex 66.9812 34.6603 0
      vertex 66.9812 34.6603 6.35
    endloop
  endfacet
  facet normal 0.23725 -0.971449 0
    outer loop
      vertex 66.1201 34.45 0
      vertex 66.9812 34.6603 6.35
      vertex 66.1201 34.45 6.35
    endloop
  endfacet
  facet normal 0.178468 0.983946 0
    outer loop
      vertex 66.8594 9.81561 0
      vertex 66.8594 9.81561 6.35
      vertex 67.7316 9.65741 0
    endloop
  endfacet
  facet normal 0.178468 0.983946 0
    outer loop
      vertex 66.8594 9.81561 6.35
      vertex 67.7316 9.65741 6.35
      vertex 67.7316 9.65741 0
    endloop
  endfacet
  facet normal 0.168751 -0.985659 0
    outer loop
      vertex 66.9812 34.6603 0
      vertex 67.855 34.8099 0
      vertex 67.855 34.8099 6.35
    endloop
  endfacet
  facet normal 0.168751 -0.985659 0
    outer loop
      vertex 66.9812 34.6603 0
      vertex 67.855 34.8099 6.35
      vertex 66.9812 34.6603 6.35
    endloop
  endfacet
  facet normal 0.612658 0.790348 0
    outer loop
      vertex 67.6515 92.129 0
      vertex 67.6515 92.129 6.35
      vertex 72.3556 88.4825 6.35
    endloop
  endfacet
  facet normal 0.612658 0.790348 0
    outer loop
      vertex 67.6515 92.129 0
      vertex 72.3556 88.4825 6.35
      vertex 72.3556 88.4825 0
    endloop
  endfacet
  facet normal 0.109417 0.993996 0
    outer loop
      vertex 67.7316 9.65741 0
      vertex 67.7316 9.65741 6.35
      vertex 68.6127 9.56042 0
    endloop
  endfacet
  facet normal 0.109417 0.993996 0
    outer loop
      vertex 67.7316 9.65741 6.35
      vertex 68.6127 9.56042 6.35
      vertex 68.6127 9.56042 0
    endloop
  endfacet
  facet normal 0.0997271 -0.995015 0
    outer loop
      vertex 67.855 34.8099 0
      vertex 68.737 34.8983 0
      vertex 68.737 34.8983 6.35
    endloop
  endfacet
  facet normal 0.0997271 -0.995015 0
    outer loop
      vertex 67.855 34.8099 0
      vertex 68.737 34.8983 6.35
      vertex 67.855 34.8099 6.35
    endloop
  endfacet
  facet normal 0.0397856 0.999208 0
    outer loop
      vertex 68.6127 9.56042 0
      vertex 68.6127 9.56042 6.35
      vertex 69.4985 9.52515 0
    endloop
  endfacet
  facet normal 0.0397856 0.999208 0
    outer loop
      vertex 68.6127 9.56042 6.35
      vertex 69.4985 9.52515 6.35
      vertex 69.4985 9.52515 0
    endloop
  endfacet
  facet normal 0.029893 -0.999553 0
    outer loop
      vertex 68.737 34.8983 0
      vertex 69.6231 34.9248 0
      vertex 69.6231 34.9248 6.35
    endloop
  endfacet
  facet normal 0.029893 -0.999553 0
    outer loop
      vertex 68.737 34.8983 0
      vertex 69.6231 34.9248 6.35
      vertex 68.737 34.8983 6.35
    endloop
  endfacet
  facet normal -0.0299978 0.99955 0
    outer loop
      vertex 69.4985 9.52515 0
      vertex 69.4985 9.52515 6.35
      vertex 70.3845 9.55174 0
    endloop
  endfacet
  facet normal -0.0299978 0.99955 0
    outer loop
      vertex 69.4985 9.52515 6.35
      vertex 70.3845 9.55174 6.35
      vertex 70.3845 9.55174 0
    endloop
  endfacet
  facet normal -0.0397112 -0.999211 0
    outer loop
      vertex 69.6231 34.9248 0
      vertex 70.5088 34.8896 0
      vertex 70.5088 34.8896 6.35
    endloop
  endfacet
  facet normal -0.0397112 -0.999211 0
    outer loop
      vertex 69.6231 34.9248 0
      vertex 70.5088 34.8896 6.35
      vertex 69.6231 34.9248 6.35
    endloop
  endfacet
  facet normal 0 0 -1
    outer loop
      vertex 7.03528 62.221 0
      vertex 10.1625 45.5106 0
      vertex 9.79878 45.5617 0
    endloop
  endfacet
  facet normal 0 0 -1
    outer loop
      vertex 7.03528 62.221 0
      vertex 10.5218 45.4342 0
      vertex 10.1625 45.5106 0
    endloop
  endfacet
  facet normal -0.555132 0.831762 0
    outer loop
      vertex 7.03528 62.221 0
      vertex 7.03528 62.221 6.35
      vertex 7.7726 62.7131 0
    endloop
  endfacet
  facet normal 0 0 -1
    outer loop
      vertex 7.03528 62.221 0
      vertex 7.7726 62.7131 0
      vertex 10.5218 45.4342 0
    endloop
  endfacet
  facet normal 0 0 1
    outer loop
      vertex 7.03528 62.221 6.35
      vertex 10.1625 45.5106 6.35
      vertex 10.5218 45.4342 6.35
    endloop
  endfacet
  facet normal 0 0 1
    outer loop
      vertex 7.03528 62.221 6.35
      vertex 10.5218 45.4342 6.35
      vertex 7.7726 62.7131 6.35
    endloop
  endfacet
  facet normal -0.555132 0.831762 0
    outer loop
      vertex 7.03528 62.221 6.35
      vertex 7.7726 62.7131 6.35
      vertex 7.7726 62.7131 0
    endloop
  endfacet
  facet normal 0 0 1
    outer loop
      vertex 7.03528 62.221 6.35
      vertex 9.79878 45.5617 6.35
      vertex 10.1625 45.5106 6.35
    endloop
  endfacet
  facet normal 0 0 -1
    outer loop
      vertex 7.14095 83.7612 0
      vertex 18.738 112.754 0
      vertex 7.8734 83.2619 0
    endloop
  endfacet
  facet normal -0.563262 -0.826279 0
    outer loop
      vertex 7.14095 83.7612 0
      vertex 7.8734 83.2619 0
      vertex 7.8734 83.2619 6.35
    endloop
  endfacet
  facet normal -0.563262 -0.826279 0
    outer loop
      vertex 7.14095 83.7612 0
      vertex 7.8734 83.2619 6.35
      vertex 7.14095 83.7612 6.35
    endloop
  endfacet
  facet normal 0 0 1
    outer loop
      vertex 7.14095 83.7612 6.35
      vertex 7.8734 83.2619 6.35
      vertex 18.738 112.754 6.35
    endloop
  endfacet
  facet normal -0.587822 0.808991 0
    outer loop
      vertex 7.21358 -10.6946 0
      vertex 7.21358 -10.6946 6.35
      vertex 7.94203 -10.1653 0
    endloop
  endfacet
  facet normal 0 0 -1
    outer loop
      vertex 7.21358 -10.6946 0
      vertex 7.94203 -10.1653 0
      vertex 12.5399 -18.5912 0
    endloop
  endfacet
  facet normal 0 0 1
    outer loop
      vertex 7.21358 -10.6946 6.35
      vertex 12.5399 -18.5912 6.35
      vertex 7.94203 -10.1653 6.35
    endloop
  endfacet
  facet normal -0.587822 0.808991 0
    outer loop
      vertex 7.21358 -10.6946 6.35
      vertex 7.94203 -10.1653 6.35
      vertex 7.94203 -10.1653 0
    endloop
  endfacet
  facet normal 0 0 -1
    outer loop
      vertex 7.21358 10.6946 0
      vertex 23.9648 27.4172 0
      vertex 24.1485 27.0991 0
    endloop
  endfacet
  facet normal 0 0 -1
    outer loop
      vertex 7.21358 10.6946 0
      vertex 24.1485 27.0991 0
      vertex 24.3539 26.7946 0
    endloop
  endfacet
  facet normal 0 0 -1
    outer loop
      vertex 7.21358 10.6946 0
      vertex 24.3539 26.7946 0
      vertex 7.94203 10.1653 0
    endloop
  endfacet
  facet normal -0.587822 -0.808991 0
    outer loop
      vertex 7.21358 10.6946 0
      vertex 7.94203 10.1653 0
      vertex 7.94203 10.1653 6.35
    endloop
  endfacet
  facet normal -0.587822 -0.808991 0
    outer loop
      vertex 7.21358 10.6946 0
      vertex 7.94203 10.1653 6.35
      vertex 7.21358 10.6946 6.35
    endloop
  endfacet
  facet normal 0 0 1
    outer loop
      vertex 7.21358 10.6946 6.35
      vertex 24.1485 27.0991 6.35
      vertex 23.9648 27.4172 6.35
    endloop
  endfacet
  facet normal 0 0 1
    outer loop
      vertex 7.21358 10.6946 6.35
      vertex 24.3539 26.7946 6.35
      vertex 24.1485 27.0991 6.35
    endloop
  endfacet
  facet normal 0 0 1
    outer loop
      vertex 7.21358 10.6946 6.35
      vertex 7.94203 10.1653 6.35
      vertex 24.3539 26.7946 6.35
    endloop
  endfacet
  facet normal 0.341944 0.93972 0
    outer loop
      vertex 7.27733 35.4487 0
      vertex 7.27733 35.4487 6.35
      vertex 7.6225 35.3231 0
    endloop
  endfacet
  facet normal 0.341944 0.93972 0
    outer loop
      vertex 7.27733 35.4487 6.35
      vertex 7.6225 35.3231 6.35
      vertex 7.6225 35.3231 0
    endloop
  endfacet
  facet normal 0.341944 -0.93972 0
    outer loop
      vertex 7.27733 45.2074 0
      vertex 7.6225 45.333 0
      vertex 7.6225 45.333 6.35
    endloop
  endfacet
  facet normal 0.341944 -0.93972 0
    outer loop
      vertex 7.27733 45.2074 0
      vertex 7.6225 45.333 6.35
      vertex 7.27733 45.2074 6.35
    endloop
  endfacet
  facet normal 0.275519 0.961296 0
    outer loop
      vertex 7.6225 35.3231 0
      vertex 7.6225 35.3231 6.35
      vertex 7.97559 35.2219 0
    endloop
  endfacet
  facet normal 0.275519 0.961296 0
    outer loop
      vertex 7.6225 35.3231 6.35
      vertex 7.97559 35.2219 6.35
      vertex 7.97559 35.2219 0
    endloop
  endfacet
  facet normal 0.275519 -0.961296 0
    outer loop
      vertex 7.6225 45.333 0
      vertex 7.97559 45.4342 0
      vertex 7.97559 45.4342 6.35
    endloop
  endfacet
  facet normal 0.275519 -0.961296 0
    outer loop
      vertex 7.6225 45.333 0
      vertex 7.97559 45.4342 6.35
      vertex 7.6225 45.333 6.35
    endloop
  endfacet
  facet normal 0 0 -1
    outer loop
      vertex 7.7726 62.7131 0
      vertex 10.8749 45.333 0
      vertex 10.5218 45.4342 0
    endloop
  endfacet
  facet normal -0.611775 0.791032 0
    outer loop
      vertex 7.7726 62.7131 0
      vertex 7.7726 62.7131 6.35
      vertex 8.4738 63.2554 0
    endloop
  endfacet
  facet normal 0 0 -1
    outer loop
      vertex 7.7726 62.7131 0
      vertex 8.4738 63.2554 0
      vertex 10.8749 45.333 0
    endloop
  endfacet
  facet normal 0 0 1
    outer loop
      vertex 7.7726 62.7131 6.35
      vertex 10.5218 45.4342 6.35
      vertex 10.8749 45.333 6.35
    endloop
  endfacet
  facet normal 0 0 1
    outer loop
      vertex 7.7726 62.7131 6.35
      vertex 10.8749 45.333 6.35
      vertex 8.4738 63.2554 6.35
    endloop
  endfacet
  facet normal -0.611775 0.791032 0
    outer loop
      vertex 7.7726 62.7131 6.35
      vertex 8.4738 63.2554 6.35
      vertex 8.4738 63.2554 0
    endloop
  endfacet
  facet normal 0 0 -1
    outer loop
      vertex 7.8734 83.2619 0
      vertex 18.738 112.754 0
      vertex 24.582 111.625 0
    endloop
  endfacet
  facet normal 0 0 -1
    outer loop
      vertex 7.8734 83.2619 0
      vertex 24.582 111.625 0
      vertex 8.56924 82.7127 0
    endloop
  endfacet
  facet normal -0.619542 -0.784964 0
    outer loop
      vertex 7.8734 83.2619 0
      vertex 8.56924 82.7127 0
      vertex 8.56924 82.7127 6.35
    endloop
  endfacet
  facet normal -0.619542 -0.784964 0
    outer loop
      vertex 7.8734 83.2619 0
      vertex 8.56924 82.7127 6.35
      vertex 7.8734 83.2619 6.35
    endloop
  endfacet
  facet normal 0 0 1
    outer loop
      vertex 7.8734 83.2619 6.35
      vertex 24.582 111.625 6.35
      vertex 18.738 112.754 6.35
    endloop
  endfacet
  facet normal 0 0 1
    outer loop
      vertex 7.8734 83.2619 6.35
      vertex 8.56924 82.7127 6.35
      vertex 24.582 111.625 6.35
    endloop
  endfacet
  facet normal 0 0 -1
    outer loop
      vertex 7.94203 -10.1653 0
      vertex 13.8062 -17.6711 0
      vertex 12.5399 -18.5912 0
    endloop
  endfacet
  facet normal -0.642774 0.766056 0
    outer loop
      vertex 7.94203 -10.1653 0
      vertex 7.94203 -10.1653 6.35
      vertex 8.63177 -9.58656 0
    endloop
  endfacet
  facet normal 0 0 -1
    outer loop
      vertex 7.94203 -10.1653 0
      vertex 8.63177 -9.58656 0
      vertex 13.8062 -17.6711 0
    endloop
  endfacet
  facet normal 0 0 1
    outer loop
      vertex 7.94203 -10.1653 6.35
      vertex 12.5399 -18.5912 6.35
      vertex 13.8062 -17.6711 6.35
    endloop
  endfacet
  facet normal 0 0 1
    outer loop
      vertex 7.94203 -10.1653 6.35
      vertex 13.8062 -17.6711 6.35
      vertex 8.63177 -9.58656 6.35
    endloop
  endfacet
  facet normal -0.642774 0.766056 0
    outer loop
      vertex 7.94203 -10.1653 6.35
      vertex 8.63177 -9.58656 6.35
      vertex 8.63177 -9.58656 0
    endloop
  endfacet
  facet normal 0 0 -1
    outer loop
      vertex 7.94203 10.1653 0
      vertex 24.3539 26.7946 0
      vertex 24.58 26.5051 0
    endloop
  endfacet
  facet normal 0 0 -1
    outer loop
      vertex 7.94203 10.1653 0
      vertex 24.58 26.5051 0
      vertex 8.63177 9.58656 0
    endloop
  endfacet
  facet normal -0.642774 -0.766056 0
    outer loop
      vertex 7.94203 10.1653 0
      vertex 8.63177 9.58656 0
      vertex 8.63177 9.58656 6.35
    endloop
  endfacet
  facet normal -0.642774 -0.766056 0
    outer loop
      vertex 7.94203 10.1653 0
      vertex 8.63177 9.58656 6.35
      vertex 7.94203 10.1653 6.35
    endloop
  endfacet
  facet normal 0 0 1
    outer loop
      vertex 7.94203 10.1653 6.35
      vertex 24.58 26.5051 6.35
      vertex 24.3539 26.7946 6.35
    endloop
  endfacet
  facet normal 0 0 1
    outer loop
      vertex 7.94203 10.1653 6.35
      vertex 8.63177 9.58656 6.35
      vertex 24.58 26.5051 6.35
    endloop
  endfacet
  facet normal 0.207997 0.97813 0
    outer loop
      vertex 7.97559 35.2219 0
      vertex 7.97559 35.2219 6.35
      vertex 8.33487 35.1455 0
    endloop
  endfacet
  facet normal 0.207997 0.97813 0
    outer loop
      vertex 7.97559 35.2219 6.35
      vertex 8.33487 35.1455 6.35
      vertex 8.33487 35.1455 0
    endloop
  endfacet
  facet normal 0.207997 -0.97813 0
    outer loop
      vertex 7.97559 45.4342 0
      vertex 8.33487 45.5106 0
      vertex 8.33487 45.5106 6.35
    endloop
  endfacet
  facet normal 0.207997 -0.97813 0
    outer loop
      vertex 7.97559 45.4342 0
      vertex 8.33487 45.5106 6.35
      vertex 7.97559 45.4342 6.35
    endloop
  endfacet
  facet normal -0.0996601 0.995022 0
    outer loop
      vertex 70.3845 9.55174 0
      vertex 70.3845 9.55174 6.35
      vertex 71.2665 9.64008 0
    endloop
  endfacet
  facet normal -0.0996601 0.995022 0
    outer loop
      vertex 70.3845 9.55174 6.35
      vertex 71.2665 9.64008 6.35
      vertex 71.2665 9.64008 0
    endloop
  endfacet
  facet normal -0.109429 -0.993995 0
    outer loop
      vertex 70.5088 34.8896 0
      vertex 71.3899 34.7926 0
      vertex 71.3899 34.7926 6.35
    endloop
  endfacet
  facet normal -0.109429 -0.993995 0
    outer loop
      vertex 70.5088 34.8896 0
      vertex 71.3899 34.7926 6.35
      vertex 70.5088 34.8896 6.35
    endloop
  endfacet
  facet normal -0.168795 0.985651 0
    outer loop
      vertex 71.2665 9.64008 0
      vertex 71.2665 9.64008 6.35
      vertex 72.1403 9.78972 0
    endloop
  endfacet
  facet normal -0.168795 0.985651 0
    outer loop
      vertex 71.2665 9.64008 6.35
      vertex 72.1403 9.78972 6.35
      vertex 72.1403 9.78972 0
    endloop
  endfacet
  facet normal -0.178468 -0.983946 0
    outer loop
      vertex 71.3899 34.7926 0
      vertex 72.2621 34.6344 0
      vertex 72.2621 34.6344 6.35
    endloop
  endfacet
  facet normal -0.178468 -0.983946 0
    outer loop
      vertex 71.3899 34.7926 0
      vertex 72.2621 34.6344 6.35
      vertex 71.3899 34.7926 6.35
    endloop
  endfacet
  facet normal -0.237164 0.97147 0
    outer loop
      vertex 72.1403 9.78972 0
      vertex 72.1403 9.78972 6.35
      vertex 73.0014 9.99994 0
    endloop
  endfacet
  facet normal -0.237164 0.97147 0
    outer loop
      vertex 72.1403 9.78972 6.35
      vertex 73.0014 9.99994 6.35
      vertex 73.0014 9.99994 0
    endloop
  endfacet
  facet normal -0.2467 -0.969092 0
    outer loop
      vertex 72.2621 34.6344 0
      vertex 73.1212 34.4157 0
      vertex 73.1212 34.4157 6.35
    endloop
  endfacet
  facet normal -0.2467 -0.969092 0
    outer loop
      vertex 72.2621 34.6344 0
      vertex 73.1212 34.4157 6.35
      vertex 72.2621 34.6344 6.35
    endloop
  endfacet
  facet normal 0 0 -1
    outer loop
      vertex 72.2621 34.6344 0
      vertex 92.6971 66.8711 0
      vertex 73.1212 34.4157 0
    endloop
  endfacet
  facet normal 0 0 1
    outer loop
      vertex 72.2621 34.6344 6.35
      vertex 73.1212 34.4157 6.35
      vertex 92.6971 66.8711 6.35
    endloop
  endfacet
  facet normal 0.652975 0.75738 0
    outer loop
      vertex 72.3556 88.4825 0
      vertex 72.3556 88.4825 6.35
      vertex 76.8634 84.5961 6.35
    endloop
  endfacet
  facet normal 0.652975 0.75738 0
    outer loop
      vertex 72.3556 88.4825 0
      vertex 76.8634 84.5961 6.35
      vertex 76.8634 84.5961 0
    endloop
  endfacet
  facet normal -0.304317 0.952571 0
    outer loop
      vertex 73.0014 9.99994 0
      vertex 73.0014 9.99994 6.35
      vertex 73.8458 10.2697 0
    endloop
  endfacet
  facet normal -0.304317 0.952571 0
    outer loop
      vertex 73.0014 9.99994 6.35
      vertex 73.8458 10.2697 6.35
      vertex 73.8458 10.2697 0
    endloop
  endfacet
  facet normal -0.313722 -0.949515 0
    outer loop
      vertex 73.1212 34.4157 0
      vertex 73.9629 34.1376 0
      vertex 73.9629 34.1376 6.35
    endloop
  endfacet
  facet normal -0.313722 -0.949515 0
    outer loop
      vertex 73.1212 34.4157 0
      vertex 73.9629 34.1376 6.35
      vertex 73.1212 34.4157 6.35
    endloop
  endfacet
  facet normal 0 0 -1
    outer loop
      vertex 73.1212 34.4157 0
      vertex 92.6971 66.8711 0
      vertex 96.0524 61.9551 0
    endloop
  endfacet
  facet normal 0 0 -1
    outer loop
      vertex 73.1212 34.4157 0
      vertex 96.0524 61.9551 0
      vertex 73.9629 34.1376 0
    endloop
  endfacet
  facet normal 0 0 1
    outer loop
      vertex 73.1212 34.4157 6.35
      vertex 73.9629 34.1376 6.35
      vertex 96.0524 61.9551 6.35
    endloop
  endfacet
  facet normal 0 0 1
    outer loop
      vertex 73.1212 34.4157 6.35
      vertex 96.0524 61.9551 6.35
      vertex 92.6971 66.8711 6.35
    endloop
  endfacet
  facet normal -0.370126 0.928982 0
    outer loop
      vertex 73.8458 10.2697 0
      vertex 73.8458 10.2697 6.35
      vertex 74.6693 10.5978 0
    endloop
  endfacet
  facet normal 0 0 -1
    outer loop
      vertex 73.8458 10.2697 0
      vertex 74.6693 10.5978 0
      vertex 114.3 0 0
    endloop
  endfacet
  facet normal 0 0 1
    outer loop
      vertex 73.8458 10.2697 6.35
      vertex 114.3 0 6.35
      vertex 74.6693 10.5978 6.35
    endloop
  endfacet
  facet normal -0.370126 0.928982 0
    outer loop
      vertex 73.8458 10.2697 6.35
      vertex 74.6693 10.5978 6.35
      vertex 74.6693 10.5978 0
    endloop
  endfacet
  facet normal -0.379138 -0.92534 0
    outer loop
      vertex 73.9629 34.1376 0
      vertex 74.7832 33.8015 0
      vertex 74.7832 33.8015 6.35
    endloop
  endfacet
  facet normal -0.379138 -0.92534 0
    outer loop
      vertex 73.9629 34.1376 0
      vertex 74.7832 33.8015 6.35
      vertex 73.9629 34.1376 6.35
    endloop
  endfacet
  facet normal 0 0 -1
    outer loop
      vertex 73.9629 34.1376 0
      vertex 96.0524 61.9551 0
      vertex 74.7832 33.8015 0
    endloop
  endfacet
  facet normal 0 0 1
    outer loop
      vertex 73.9629 34.1376 6.35
      vertex 74.7832 33.8015 6.35
      vertex 96.0524 61.9551 6.35
    endloop
  endfacet
  facet normal -0.433853 0.900984 0
    outer loop
      vertex 74.6693 10.5978 0
      vertex 74.6693 10.5978 6.35
      vertex 75.468 10.9824 0
    endloop
  endfacet
  facet normal 0 0 -1
    outer loop
      vertex 74.6693 10.5978 0
      vertex 75.468 10.9824 0
      vertex 114.3 0 0
    endloop
  endfacet
  facet normal 0 0 1
    outer loop
      vertex 74.6693 10.5978 6.35
      vertex 114.3 0 6.35
      vertex 75.468 10.9824 6.35
    endloop
  endfacet
  facet normal -0.433853 0.900984 0
    outer loop
      vertex 74.6693 10.5978 6.35
      vertex 75.468 10.9824 6.35
      vertex 75.468 10.9824 0
    endloop
  endfacet
  facet normal -0.442786 -0.896627 0
    outer loop
      vertex 74.7832 33.8015 0
      vertex 75.578 33.409 0
      vertex 75.578 33.409 6.35
    endloop
  endfacet
  facet normal -0.442786 -0.896627 0
    outer loop
      vertex 74.7832 33.8015 0
      vertex 75.578 33.409 6.35
      vertex 74.7832 33.8015 6.35
    endloop
  endfacet
  facet normal 0 0 -1
    outer loop
      vertex 74.7832 33.8015 0
      vertex 96.0524 61.9551 0
      vertex 99.1472 56.8711 0
    endloop
  endfacet
  facet normal 0 0 -1
    outer loop
      vertex 74.7832 33.8015 0
      vertex 99.1472 56.8711 0
      vertex 75.578 33.409 0
    endloop
  endfacet
  facet normal 0 0 1
    outer loop
      vertex 74.7832 33.8015 6.35
      vertex 75.578 33.409 6.35
      vertex 99.1472 56.8711 6.35
    endloop
  endfacet
  facet normal 0 0 1
    outer loop
      vertex 74.7832 33.8015 6.35
      vertex 99.1472 56.8711 6.35
      vertex 96.0524 61.9551 6.35
    endloop
  endfacet
  facet normal -0.495811 0.868431 0
    outer loop
      vertex 75.468 10.9824 0
      vertex 75.468 10.9824 6.35
      vertex 76.2378 11.4219 0
    endloop
  endfacet
  facet normal 0 0 -1
    outer loop
      vertex 75.468 10.9824 0
      vertex 76.2378 11.4219 0
      vertex 114.3 0 0
    endloop
  endfacet
  facet normal 0 0 1
    outer loop
      vertex 75.468 10.9824 6.35
      vertex 114.3 0 6.35
      vertex 76.2378 11.4219 6.35
    endloop
  endfacet
  facet normal -0.495811 0.868431 0
    outer loop
      vertex 75.468 10.9824 6.35
      vertex 76.2378 11.4219 6.35
      vertex 76.2378 11.4219 0
    endloop
  endfacet
  facet normal -0.504173 -0.863603 0
    outer loop
      vertex 75.578 33.409 0
      vertex 76.3435 32.9621 0
      vertex 76.3435 32.9621 6.35
    endloop
  endfacet
  facet normal -0.504173 -0.863603 0
    outer loop
      vertex 75.578 33.409 0
      vertex 76.3435 32.9621 6.35
      vertex 75.578 33.409 6.35
    endloop
  endfacet
  facet normal 0 0 -1
    outer loop
      vertex 75.578 33.409 0
      vertex 99.1472 56.8711 0
      vertex 76.3435 32.9621 0
    endloop
  endfacet
  facet normal 0 0 1
    outer loop
      vertex 75.578 33.409 6.35
      vertex 76.3435 32.9621 6.35
      vertex 99.1472 56.8711 6.35
    endloop
  endfacet
  facet normal -0.555143 0.831755 0
    outer loop
      vertex 76.2378 11.4219 0
      vertex 76.2378 11.4219 6.35
      vertex 76.9751 11.914 0
    endloop
  endfacet
  facet normal 0 0 -1
    outer loop
      vertex 76.2378 11.4219 0
      vertex 76.9751 11.914 0
      vertex 114.3 0 0
    endloop
  endfacet
  facet normal 0 0 1
    outer loop
      vertex 76.2378 11.4219 6.35
      vertex 114.3 0 6.35
      vertex 76.9751 11.914 6.35
    endloop
  endfacet
  facet normal -0.555143 0.831755 0
    outer loop
      vertex 76.2378 11.4219 6.35
      vertex 76.9751 11.914 6.35
      vertex 76.9751 11.914 0
    endloop
  endfacet
  facet normal -0.563288 -0.826261 0
    outer loop
      vertex 76.3435 32.9621 0
      vertex 77.0759 32.4628 0
      vertex 77.0759 32.4628 6.35
    endloop
  endfacet
  facet normal -0.563288 -0.826261 0
    outer loop
      vertex 76.3435 32.9621 0
      vertex 77.0759 32.4628 6.35
      vertex 76.3435 32.9621 6.35
    endloop
  endfacet
  facet normal 0 0 -1
    outer loop
      vertex 76.3435 32.9621 0
      vertex 99.1472 56.8711 0
      vertex 77.0759 32.4628 0
    endloop
  endfacet
  facet normal 0 0 1
    outer loop
      vertex 76.3435 32.9621 6.35
      vertex 77.0759 32.4628 6.35
      vertex 99.1472 56.8711 6.35
    endloop
  endfacet
  facet normal 0.691506 0.72237 0
    outer loop
      vertex 76.8634 84.5961 0
      vertex 76.8634 84.5961 6.35
      vertex 81.1629 80.4803 6.35
    endloop
  endfacet
  facet normal 0.691506 0.72237 0
    outer loop
      vertex 76.8634 84.5961 0
      vertex 81.1629 80.4803 6.35
      vertex 81.1629 80.4803 0
    endloop
  endfacet
  facet normal -0.611775 0.791032 0
    outer loop
      vertex 76.9751 11.914 0
      vertex 76.9751 11.914 6.35
      vertex 77.6763 12.4563 0
    endloop
  endfacet
  facet normal 0 0 -1
    outer loop
      vertex 76.9751 11.914 0
      vertex 77.6763 12.4563 0
      vertex 114.3 0 0
    endloop
  endfacet
  facet normal 0 0 1
    outer loop
      vertex 76.9751 11.914 6.35
      vertex 114.3 0 6.35
      vertex 77.6763 12.4563 6.35
    endloop
  endfacet
  facet normal -0.611775 0.791032 0
    outer loop
      vertex 76.9751 11.914 6.35
      vertex 77.6763 12.4563 6.35
      vertex 77.6763 12.4563 0
    endloop
  endfacet
  facet normal 0 0 -1
    outer loop
      vertex 77.0759 32.4628 0
      vertex 101.973 51.6329 0
      vertex 77.7718 31.9136 0
    endloop
  endfacet
  facet normal -0.619509 -0.78499 0
    outer loop
      vertex 77.0759 32.4628 0
      vertex 77.7718 31.9136 0
      vertex 77.7718 31.9136 6.35
    endloop
  endfacet
  facet normal -0.619509 -0.78499 0
    outer loop
      vertex 77.0759 32.4628 0
      vertex 77.7718 31.9136 6.35
      vertex 77.0759 32.4628 6.35
    endloop
  endfacet
  facet normal 0 0 -1
    outer loop
      vertex 77.0759 32.4628 0
      vertex 99.1472 56.8711 0
      vertex 101.973 51.6329 0
    endloop
  endfacet
  facet normal 0 0 1
    outer loop
      vertex 77.0759 32.4628 6.35
      vertex 101.973 51.6329 6.35
      vertex 99.1472 56.8711 6.35
    endloop
  endfacet
  facet normal 0 0 1
    outer loop
      vertex 77.0759 32.4628 6.35
      vertex 77.7718 31.9136 6.35
      vertex 101.973 51.6329 6.35
    endloop
  endfacet
  facet normal -0.665448 0.746444 0
    outer loop
      vertex 77.6763 12.4563 0
      vertex 77.6763 12.4563 6.35
      vertex 78.338 13.0462 0
    endloop
  endfacet
  facet normal 0 0 -1
    outer loop
      vertex 77.6763 12.4563 0
      vertex 78.338 13.0462 0
      vertex 114.3 0 0
    endloop
  endfacet
  facet normal 0 0 1
    outer loop
      vertex 77.6763 12.4563 6.35
      vertex 114.3 0 6.35
      vertex 78.338 13.0462 6.35
    endloop
  endfacet
  facet normal -0.665448 0.746444 0
    outer loop
      vertex 77.6763 12.4563 6.35
      vertex 78.338 13.0462 6.35
      vertex 78.338 13.0462 0
    endloop
  endfacet
  facet normal 0 0 -1
    outer loop
      vertex 77.7718 31.9136 0
      vertex 101.973 51.6329 0
      vertex 78.4276 31.3172 0
    endloop
  endfacet
  facet normal -0.672808 -0.739818 0
    outer loop
      vertex 77.7718 31.9136 0
      vertex 78.4276 31.3172 0
      vertex 78.4276 31.3172 6.35
    endloop
  endfacet
  facet normal -0.672808 -0.739818 0
    outer loop
      vertex 77.7718 31.9136 0
      vertex 78.4276 31.3172 6.35
      vertex 77.7718 31.9136 6.35
    endloop
  endfacet
  facet normal 0 0 1
    outer loop
      vertex 77.7718 31.9136 6.35
      vertex 78.4276 31.3172 6.35
      vertex 101.973 51.6329 6.35
    endloop
  endfacet
  facet normal -0.715907 0.698196 0
    outer loop
      vertex 78.338 13.0462 0
      vertex 78.338 13.0462 6.35
      vertex 78.9569 13.6808 0
    endloop
  endfacet
  facet normal 0 0 -1
    outer loop
      vertex 78.338 13.0462 0
      vertex 78.9569 13.6808 0
      vertex 114.3 0 0
    endloop
  endfacet
  facet normal 0 0 1
    outer loop
      vertex 78.338 13.0462 6.35
      vertex 114.3 0 6.35
      vertex 78.9569 13.6808 6.35
    endloop
  endfacet
  facet normal -0.715907 0.698196 0
    outer loop
      vertex 78.338 13.0462 6.35
      vertex 78.9569 13.6808 6.35
      vertex 78.9569 13.6808 0
    endloop
  endfacet
  facet normal 0 0 -1
    outer loop
      vertex 78.4276 31.3172 0
      vertex 101.973 51.6329 0
      vertex 104.523 46.2547 0
    endloop
  endfacet
  facet normal 0 0 -1
    outer loop
      vertex 78.4276 31.3172 0
      vertex 104.523 46.2547 0
      vertex 79.0403 30.6765 0
    endloop
  endfacet
  facet normal -0.722723 -0.691138 0
    outer loop
      vertex 78.4276 31.3172 0
      vertex 79.0403 30.6765 0
      vertex 79.0403 30.6765 6.35
    endloop
  endfacet
  facet normal -0.722723 -0.691138 0
    outer loop
      vertex 78.4276 31.3172 0
      vertex 79.0403 30.6765 6.35
      vertex 78.4276 31.3172 6.35
    endloop
  endfacet
  facet normal 0 0 1
    outer loop
      vertex 78.4276 31.3172 6.35
      vertex 104.523 46.2547 6.35
      vertex 101.973 51.6329 6.35
    endloop
  endfacet
  facet normal 0 0 1
    outer loop
      vertex 78.4276 31.3172 6.35
      vertex 79.0403 30.6765 6.35
      vertex 104.523 46.2547 6.35
    endloop
  endfacet
  facet normal -0.762915 0.646498 0
    outer loop
      vertex 78.9569 13.6808 0
      vertex 78.9569 13.6808 6.35
      vertex 79.53 14.3571 0
    endloop
  endfacet
  facet normal 0 0 -1
    outer loop
      vertex 78.9569 13.6808 0
      vertex 79.53 14.3571 0
      vertex 114.3 0 0
    endloop
  endfacet
  facet normal 0 0 1
    outer loop
      vertex 78.9569 13.6808 6.35
      vertex 114.3 0 6.35
      vertex 79.53 14.3571 6.35
    endloop
  endfacet
  facet normal -0.762915 0.646498 0
    outer loop
      vertex 78.9569 13.6808 6.35
      vertex 79.53 14.3571 6.35
      vertex 79.53 14.3571 0
    endloop
  endfacet
  facet normal 0 0 -1
    outer loop
      vertex 79.0403 30.6765 0
      vertex 104.523 46.2547 0
      vertex 79.6067 29.9947 0
    endloop
  endfacet
  facet normal -0.769201 -0.639007 0
    outer loop
      vertex 79.0403 30.6765 0
      vertex 79.6067 29.9947 0
      vertex 79.6067 29.9947 6.35
    endloop
  endfacet
  facet normal -0.769201 -0.639007 0
    outer loop
      vertex 79.0403 30.6765 0
      vertex 79.6067 29.9947 6.35
      vertex 79.0403 30.6765 6.35
    endloop
  endfacet
  facet normal 0 0 1
    outer loop
      vertex 79.0403 30.6765 6.35
      vertex 79.6067 29.9947 6.35
      vertex 104.523 46.2547 6.35
    endloop
  endfacet
  facet normal 0 0 -1
    outer loop
      vertex 79.53 14.3571 0
      vertex 114.145 5.94986 0
      vertex 114.3 0 0
    endloop
  endfacet
  facet normal -0.806104 0.591774 0
    outer loop
      vertex 79.53 14.3571 0
      vertex 79.53 14.3571 6.35
      vertex 80.0546 15.0717 0
    endloop
  endfacet
  facet normal 0 0 -1
    outer loop
      vertex 79.53 14.3571 0
      vertex 80.0546 15.0717 0
      vertex 114.145 5.94986 0
    endloop
  endfacet
  facet normal 0 0 1
    outer loop
      vertex 79.53 14.3571 6.35
      vertex 114.145 5.94986 6.35
      vertex 80.0546 15.0717 6.35
    endloop
  endfacet
  facet normal 0 0 1
    outer loop
      vertex 79.53 14.3571 6.35
      vertex 114.3 0 6.35
      vertex 114.145 5.94986 6.35
    endloop
  endfacet
  facet normal -0.806104 0.591774 0
    outer loop
      vertex 79.53 14.3571 6.35
      vertex 80.0546 15.0717 6.35
      vertex 80.0546 15.0717 0
    endloop
  endfacet
  facet normal 0 0 -1
    outer loop
      vertex 79.6067 29.9947 0
      vertex 104.523 46.2547 0
      vertex 80.1243 29.275 0
    endloop
  endfacet
  facet normal -0.811847 -0.583871 0
    outer loop
      vertex 79.6067 29.9947 0
      vertex 80.1243 29.275 0
      vertex 80.1243 29.275 6.35
    endloop
  endfacet
  facet normal -0.811847 -0.583871 0
    outer loop
      vertex 79.6067 29.9947 0
      vertex 80.1243 29.275 6.35
      vertex 79.6067 29.9947 6.35
    endloop
  endfacet
  facet normal 0 0 1
    outer loop
      vertex 79.6067 29.9947 6.35
      vertex 80.1243 29.275 6.35
      vertex 104.523 46.2547 6.35
    endloop
  endfacet
  facet normal 0.139115 0.990276 0
    outer loop
      vertex 8.33487 35.1455 0
      vertex 8.33487 35.1455 6.35
      vertex 8.69862 35.0944 0
    endloop
  endfacet
  facet normal 0.139115 0.990276 0
    outer loop
      vertex 8.33487 35.1455 6.35
      vertex 8.69862 35.0944 6.35
      vertex 8.69862 35.0944 0
    endloop
  endfacet
  facet normal 0.139115 -0.990276 0
    outer loop
      vertex 8.33487 45.5106 0
      vertex 8.69862 45.5617 0
      vertex 8.69862 45.5617 6.35
    endloop
  endfacet
  facet normal 0.139115 -0.990276 0
    outer loop
      vertex 8.33487 45.5106 0
      vertex 8.69862 45.5617 6.35
      vertex 8.33487 45.5106 6.35
    endloop
  endfacet
  facet normal 0.406768 -0.913532 0
    outer loop
      vertex 8.40054 -20.7921 0
      vertex 9.83046 -20.1554 0
      vertex 8.40054 -20.7921 6.35
    endloop
  endfacet
  facet normal 0.406768 -0.913532 0
    outer loop
      vertex 8.40054 -20.7921 6.35
      vertex 9.83046 -20.1554 0
      vertex 9.83046 -20.1554 6.35
    endloop
  endfacet
  facet normal 0 0 -1
    outer loop
      vertex 8.4738 63.2554 0
      vertex 11.2201 45.2074 0
      vertex 10.8749 45.333 0
    endloop
  endfacet
  facet normal 0 0 -1
    outer loop
      vertex 8.4738 63.2554 0
      vertex 11.5556 45.058 0
      vertex 11.2201 45.2074 0
    endloop
  endfacet
  facet normal -0.665476 0.746419 0
    outer loop
      vertex 8.4738 63.2554 0
      vertex 8.4738 63.2554 6.35
      vertex 9.13545 63.8453 0
    endloop
  endfacet
  facet normal 0 0 -1
    outer loop
      vertex 8.4738 63.2554 0
      vertex 9.13545 63.8453 0
      vertex 11.5556 45.058 0
    endloop
  endfacet
  facet normal 0 0 1
    outer loop
      vertex 8.4738 63.2554 6.35
      vertex 10.8749 45.333 6.35
      vertex 11.2201 45.2074 6.35
    endloop
  endfacet
  facet normal 0 0 1
    outer loop
      vertex 8.4738 63.2554 6.35
      vertex 11.2201 45.2074 6.35
      vertex 11.5556 45.058 6.35
    endloop
  endfacet
  facet normal 0 0 1
    outer loop
      vertex 8.4738 63.2554 6.35
      vertex 11.5556 45.058 6.35
      vertex 9.13545 63.8453 6.35
    endloop
  endfacet
  facet normal -0.665476 0.746419 0
    outer loop
      vertex 8.4738 63.2554 6.35
      vertex 9.13545 63.8453 6.35
      vertex 9.13545 63.8453 0
    endloop
  endfacet
  facet normal 0 0 -1
    outer loop
      vertex 8.56924 82.7127 0
      vertex 24.582 111.625 0
      vertex 9.2251 82.1163 0
    endloop
  endfacet
  facet normal -0.672774 -0.739848 0
    outer loop
      vertex 8.56924 82.7127 0
      vertex 9.2251 82.1163 0
      vertex 9.2251 82.1163 6.35
    endloop
  endfacet
  facet normal -0.672774 -0.739848 0
    outer loop
      vertex 8.56924 82.7127 0
      vertex 9.2251 82.1163 6.35
      vertex 8.56924 82.7127 6.35
    endloop
  endfacet
  facet normal 0 0 1
    outer loop
      vertex 8.56924 82.7127 6.35
      vertex 9.2251 82.1163 6.35
      vertex 24.582 111.625 6.35
    endloop
  endfacet
  facet normal 0 0 -1
    outer loop
      vertex 8.63177 -9.58656 0
      vertex 15.0052 -16.665 0
      vertex 13.8062 -17.6711 0
    endloop
  endfacet
  facet normal -0.694649 0.719349 0
    outer loop
      vertex 8.63177 -9.58656 0
      vertex 8.63177 -9.58656 6.35
      vertex 9.27948 -8.96109 0
    endloop
  endfacet
  facet normal 0 0 -1
    outer loop
      vertex 8.63177 -9.58656 0
      vertex 9.27948 -8.96109 0
      vertex 15.0052 -16.665 0
    endloop
  endfacet
  facet normal 0 0 1
    outer loop
      vertex 8.63177 -9.58656 6.35
      vertex 13.8062 -17.6711 6.35
      vertex 15.0052 -16.665 6.35
    endloop
  endfacet
  facet normal 0 0 1
    outer loop
      vertex 8.63177 -9.58656 6.35
      vertex 15.0052 -16.665 6.35
      vertex 9.27948 -8.96109 6.35
    endloop
  endfacet
  facet normal -0.694649 0.719349 0
    outer loop
      vertex 8.63177 -9.58656 6.35
      vertex 9.27948 -8.96109 6.35
      vertex 9.27948 -8.96109 0
    endloop
  endfacet
  facet normal 0 0 -1
    outer loop
      vertex 8.63177 9.58656 0
      vertex 24.58 26.5051 0
      vertex 24.8258 26.2322 0
    endloop
  endfacet
  facet normal 0 0 -1
    outer loop
      vertex 8.63177 9.58656 0
      vertex 24.8258 26.2322 0
      vertex 25.09 25.977 0
    endloop
  endfacet
  facet normal 0 0 -1
    outer loop
      vertex 8.63177 9.58656 0
      vertex 25.09 25.977 0
      vertex 9.27948 8.96109 0
    endloop
  endfacet
  facet normal -0.694649 -0.719349 0
    outer loop
      vertex 8.63177 9.58656 0
      vertex 9.27948 8.96109 0
      vertex 9.27948 8.96109 6.35
    endloop
  endfacet
  facet normal -0.694649 -0.719349 0
    outer loop
      vertex 8.63177 9.58656 0
      vertex 9.27948 8.96109 6.35
      vertex 8.63177 9.58656 6.35
    endloop
  endfacet
  facet normal 0 0 1
    outer loop
      vertex 8.63177 9.58656 6.35
      vertex 24.8258 26.2322 6.35
      vertex 24.58 26.5051 6.35
    endloop
  endfacet
  facet normal 0 0 1
    outer loop
      vertex 8.63177 9.58656 6.35
      vertex 25.09 25.977 6.35
      vertex 24.8258 26.2322 6.35
    endloop
  endfacet
  facet normal 0 0 1
    outer loop
      vertex 8.63177 9.58656 6.35
      vertex 9.27948 8.96109 6.35
      vertex 25.09 25.977 6.35
    endloop
  endfacet
  facet normal 0.0696972 0.997568 0
    outer loop
      vertex 8.69862 35.0944 0
      vertex 8.69862 35.0944 6.35
      vertex 9.06503 35.0688 0
    endloop
  endfacet
  facet normal 0.0696972 0.997568 0
    outer loop
      vertex 8.69862 35.0944 6.35
      vertex 9.06503 35.0688 6.35
      vertex 9.06503 35.0688 0
    endloop
  endfacet
  facet normal 0.0696972 -0.997568 0
    outer loop
      vertex 8.69862 45.5617 0
      vertex 9.06503 45.5873 0
      vertex 9.06503 45.5873 6.35
    endloop
  endfacet
  facet normal 0.0696972 -0.997568 0
    outer loop
      vertex 8.69862 45.5617 0
      vertex 9.06503 45.5873 6.35
      vertex 8.69862 45.5617 6.35
    endloop
  endfacet
  facet normal -0.845441 0.534069 0
    outer loop
      vertex 80.0546 15.0717 0
      vertex 80.0546 15.0717 6.35
      vertex 80.528 15.8211 0
    endloop
  endfacet
  facet normal 0 0 -1
    outer loop
      vertex 80.0546 15.0717 0
      vertex 80.528 15.8211 0
      vertex 114.145 5.94986 0
    endloop
  endfacet
  facet normal 0 0 1
    outer loop
      vertex 80.0546 15.0717 6.35
      vertex 114.145 5.94986 6.35
      vertex 80.528 15.8211 6.35
    endloop
  endfacet
  facet normal -0.845441 0.534069 0
    outer loop
      vertex 80.0546 15.0717 6.35
      vertex 80.528 15.8211 6.35
      vertex 80.528 15.8211 0
    endloop
  endfacet
  facet normal 0 0 -1
    outer loop
      vertex 80.1243 29.275 0
      vertex 104.523 46.2547 0
      vertex 106.789 40.7511 0
    endloop
  endfacet
  facet normal 0 0 -1
    outer loop
      vertex 80.1243 29.275 0
      vertex 106.789 40.7511 0
      vertex 80.5903 28.521 0
    endloop
  endfacet
  facet normal -0.85065 -0.525733 0
    outer loop
      vertex 80.1243 29.275 0
      vertex 80.5903 28.521 0
      vertex 80.5903 28.521 6.35
    endloop
  endfacet
  facet normal -0.85065 -0.525733 0
    outer loop
      vertex 80.1243 29.275 0
      vertex 80.5903 28.521 6.35
      vertex 80.1243 29.275 6.35
    endloop
  endfacet
  facet normal 0 0 1
    outer loop
      vertex 80.1243 29.275 6.35
      vertex 106.789 40.7511 6.35
      vertex 104.523 46.2547 6.35
    endloop
  endfacet
  facet normal 0 0 1
    outer loop
      vertex 80.1243 29.275 6.35
      vertex 80.5903 28.521 6.35
      vertex 106.789 40.7511 6.35
    endloop
  endfacet
  facet normal 0 0 -1
    outer loop
      vertex 80.528 15.8211 0
      vertex 113.681 11.8836 0
      vertex 114.145 5.94986 0
    endloop
  endfacet
  facet normal -0.880623 0.473817 0
    outer loop
      vertex 80.528 15.8211 0
      vertex 80.528 15.8211 6.35
      vertex 80.948 16.6017 0
    endloop
  endfacet
  facet normal 0 0 -1
    outer loop
      vertex 80.528 15.8211 0
      vertex 80.948 16.6017 0
      vertex 113.681 11.8836 0
    endloop
  endfacet
  facet normal 0 0 1
    outer loop
      vertex 80.528 15.8211 6.35
      vertex 113.681 11.8836 6.35
      vertex 80.948 16.6017 6.35
    endloop
  endfacet
  facet normal 0 0 1
    outer loop
      vertex 80.528 15.8211 6.35
      vertex 114.145 5.94986 6.35
      vertex 113.681 11.8836 6.35
    endloop
  endfacet
  facet normal -0.880623 0.473817 0
    outer loop
      vertex 80.528 15.8211 6.35
      vertex 80.948 16.6017 6.35
      vertex 80.948 16.6017 0
    endloop
  endfacet
  facet normal 0 0 -1
    outer loop
      vertex 80.5903 28.521 0
      vertex 106.789 40.7511 0
      vertex 81.0026 27.7362 0
    endloop
  endfacet
  facet normal -0.885268 -0.465081 0
    outer loop
      vertex 80.5903 28.521 0
      vertex 81.0026 27.7362 0
      vertex 81.0026 27.7362 6.35
    endloop
  endfacet
  facet normal -0.885268 -0.465081 0
    outer loop
      vertex 80.5903 28.521 0
      vertex 81.0026 27.7362 6.35
      vertex 80.5903 28.521 6.35
    endloop
  endfacet
  facet normal 0 0 1
    outer loop
      vertex 80.5903 28.521 6.35
      vertex 81.0026 27.7362 6.35
      vertex 106.789 40.7511 6.35
    endloop
  endfacet
  facet normal -0.91156 0.411167 0
    outer loop
      vertex 80.948 16.6017 0
      vertex 80.948 16.6017 6.35
      vertex 81.3125 17.4098 0
    endloop
  endfacet
  facet normal 0 0 -1
    outer loop
      vertex 80.948 16.6017 0
      vertex 81.3125 17.4098 0
      vertex 113.681 11.8836 0
    endloop
  endfacet
  facet normal 0 0 1
    outer loop
      vertex 80.948 16.6017 6.35
      vertex 113.681 11.8836 6.35
      vertex 81.3125 17.4098 6.35
    endloop
  endfacet
  facet normal -0.91156 0.411167 0
    outer loop
      vertex 80.948 16.6017 6.35
      vertex 81.3125 17.4098 6.35
      vertex 81.3125 17.4098 0
    endloop
  endfacet
  facet normal 0 0 -1
    outer loop
      vertex 81.0026 27.7362 0
      vertex 106.789 40.7511 0
      vertex 108.765 35.137 0
    endloop
  endfacet
  facet normal 0 0 -1
    outer loop
      vertex 81.0026 27.7362 0
      vertex 108.765 35.137 0
      vertex 81.3592 26.9247 0
    endloop
  endfacet
  facet normal -0.915506 -0.402304 0
    outer loop
      vertex 81.0026 27.7362 0
      vertex 81.3592 26.9247 0
      vertex 81.3592 26.9247 6.35
    endloop
  endfacet
  facet normal -0.915506 -0.402304 0
    outer loop
      vertex 81.0026 27.7362 0
      vertex 81.3592 26.9247 6.35
      vertex 81.0026 27.7362 6.35
    endloop
  endfacet
  facet normal 0 0 1
    outer loop
      vertex 81.0026 27.7362 6.35
      vertex 108.765 35.137 6.35
      vertex 106.789 40.7511 6.35
    endloop
  endfacet
  facet normal 0 0 1
    outer loop
      vertex 81.0026 27.7362 6.35
      vertex 81.3592 26.9247 6.35
      vertex 108.765 35.137 6.35
    endloop
  endfacet
  facet normal 0.72818 0.685386 0
    outer loop
      vertex 81.1629 80.4803 0
      vertex 81.1629 80.4803 6.35
      vertex 85.2422 76.1463 6.35
    endloop
  endfacet
  facet normal 0.72818 0.685386 0
    outer loop
      vertex 81.1629 80.4803 0
      vertex 85.2422 76.1463 6.35
      vertex 85.2422 76.1463 0
    endloop
  endfacet
  facet normal -0.937992 0.346657 0
    outer loop
      vertex 81.3125 17.4098 0
      vertex 81.3125 17.4098 6.35
      vertex 81.6198 18.2413 0
    endloop
  endfacet
  facet normal 0 0 -1
    outer loop
      vertex 81.3125 17.4098 0
      vertex 81.6198 18.2413 0
      vertex 113.681 11.8836 0
    endloop
  endfacet
  facet normal 0 0 1
    outer loop
      vertex 81.3125 17.4098 6.35
      vertex 113.681 11.8836 6.35
      vertex 81.6198 18.2413 6.35
    endloop
  endfacet
  facet normal -0.937992 0.346657 0
    outer loop
      vertex 81.3125 17.4098 6.35
      vertex 81.6198 18.2413 6.35
      vertex 81.6198 18.2413 0
    endloop
  endfacet
  facet normal 0 0 -1
    outer loop
      vertex 81.3592 26.9247 0
      vertex 108.765 35.137 0
      vertex 81.6583 26.0902 0
    endloop
  endfacet
  facet normal -0.941361 -0.337401 0
    outer loop
      vertex 81.3592 26.9247 0
      vertex 81.6583 26.0902 0
      vertex 81.6583 26.0902 6.35
    endloop
  endfacet
  facet normal -0.941361 -0.337401 0
    outer loop
      vertex 81.3592 26.9247 0
      vertex 81.6583 26.0902 6.35
      vertex 81.3592 26.9247 6.35
    endloop
  endfacet
  facet normal 0 0 1
    outer loop
      vertex 81.3592 26.9247 6.35
      vertex 81.6583 26.0902 6.35
      vertex 108.765 35.137 6.35
    endloop
  endfacet
  facet normal 0 0 -1
    outer loop
      vertex 81.6198 18.2413 0
      vertex 112.908 17.7851 0
      vertex 113.681 11.8836 0
    endloop
  endfacet
  facet normal -0.959903 0.280334 0
    outer loop
      vertex 81.6198 18.2413 0
      vertex 81.6198 18.2413 6.35
      vertex 81.8683 19.0922 0
    endloop
  endfacet
  facet normal 0 0 -1
    outer loop
      vertex 81.6198 18.2413 0
      vertex 81.8683 19.0922 0
      vertex 112.908 17.7851 0
    endloop
  endfacet
  facet normal 0 0 1
    outer loop
      vertex 81.6198 18.2413 6.35
      vertex 112.908 17.7851 6.35
      vertex 81.8683 19.0922 6.35
    endloop
  endfacet
  facet normal 0 0 1
    outer loop
      vertex 81.6198 18.2413 6.35
      vertex 113.681 11.8836 6.35
      vertex 112.908 17.7851 6.35
    endloop
  endfacet
  facet normal -0.959903 0.280334 0
    outer loop
      vertex 81.6198 18.2413 6.35
      vertex 81.8683 19.0922 6.35
      vertex 81.8683 19.0922 0
    endloop
  endfacet
  facet normal 0 0 -1
    outer loop
      vertex 81.6583 26.0902 0
      vertex 108.765 35.137 0
      vertex 81.8984 25.2369 0
    endloop
  endfacet
  facet normal -0.962619 -0.27086 0
    outer loop
      vertex 81.6583 26.0902 0
      vertex 81.8984 25.2369 0
      vertex 81.8984 25.2369 6.35
    endloop
  endfacet
  facet normal -0.962619 -0.27086 0
    outer loop
      vertex 81.6583 26.0902 0
      vertex 81.8984 25.2369 6.35
      vertex 81.6583 26.0902 6.35
    endloop
  endfacet
  facet normal 0 0 1
    outer loop
      vertex 81.6583 26.0902 6.35
      vertex 81.8984 25.2369 6.35
      vertex 108.765 35.137 6.35
    endloop
  endfacet
  facet normal -0.977102 0.212772 0
    outer loop
      vertex 81.8683 19.0922 0
      vertex 81.8683 19.0922 6.35
      vertex 82.0569 19.9583 0
    endloop
  endfacet
  facet normal 0 0 -1
    outer loop
      vertex 81.8683 19.0922 0
      vertex 82.0569 19.9583 0
      vertex 112.908 17.7851 0
    endloop
  endfacet
  facet normal 0 0 1
    outer loop
      vertex 81.8683 19.0922 6.35
      vertex 112.908 17.7851 6.35
      vertex 82.0569 19.9583 6.35
    endloop
  endfacet
  facet normal -0.977102 0.212772 0
    outer loop
      vertex 81.8683 19.0922 6.35
      vertex 82.0569 19.9583 6.35
      vertex 82.0569 19.9583 0
    endloop
  endfacet
  facet normal 0 0 -1
    outer loop
      vertex 81.8984 25.2369 0
      vertex 108.765 35.137 0
      vertex 110.447 29.4276 0
    endloop
  endfacet
  facet normal 0 0 -1
    outer loop
      vertex 81.8984 25.2369 0
      vertex 110.447 29.4276 0
      vertex 82.0785 24.3689 0
    endloop
  endfacet
  facet normal -0.979145 -0.203161 0
    outer loop
      vertex 81.8984 25.2369 0
      vertex 82.0785 24.3689 0
      vertex 82.0785 24.3689 6.35
    endloop
  endfacet
  facet normal -0.979145 -0.203161 0
    outer loop
      vertex 81.8984 25.2369 0
      vertex 82.0785 24.3689 6.35
      vertex 81.8984 25.2369 6.35
    endloop
  endfacet
  facet normal 0 0 1
    outer loop
      vertex 81.8984 25.2369 6.35
      vertex 110.447 29.4276 6.35
      vertex 108.765 35.137 6.35
    endloop
  endfacet
  facet normal 0 0 1
    outer loop
      vertex 81.8984 25.2369 6.35
      vertex 82.0785 24.3689 6.35
      vertex 110.447 29.4276 6.35
    endloop
  endfacet
  facet normal 0 0 -1
    outer loop
      vertex 82.0569 19.9583 0
      vertex 111.829 23.6384 0
      vertex 112.908 17.7851 0
    endloop
  endfacet
  facet normal -0.989585 0.143948 0
    outer loop
      vertex 82.0569 19.9583 0
      vertex 82.0569 19.9583 6.35
      vertex 82.1845 20.8355 0
    endloop
  endfacet
  facet normal 0 0 -1
    outer loop
      vertex 82.0569 19.9583 0
      vertex 82.1845 20.8355 0
      vertex 111.829 23.6384 0
    endloop
  endfacet
  facet normal 0 0 1
    outer loop
      vertex 82.0569 19.9583 6.35
      vertex 111.829 23.6384 6.35
      vertex 82.1845 20.8355 6.35
    endloop
  endfacet
  facet normal 0 0 1
    outer loop
      vertex 82.0569 19.9583 6.35
      vertex 112.908 17.7851 6.35
      vertex 111.829 23.6384 6.35
    endloop
  endfacet
  facet normal -0.989585 0.143948 0
    outer loop
      vertex 82.0569 19.9583 6.35
      vertex 82.1845 20.8355 6.35
      vertex 82.1845 20.8355 0
    endloop
  endfacet
  facet normal 0 0 -1
    outer loop
      vertex 82.0785 24.3689 0
      vertex 110.447 29.4276 0
      vertex 82.1975 23.4905 0
    endloop
  endfacet
  facet normal -0.990948 -0.134247 0
    outer loop
      vertex 82.0785 24.3689 0
      vertex 82.1975 23.4905 0
      vertex 82.1975 23.4905 6.35
    endloop
  endfacet
  facet normal -0.990948 -0.134247 0
    outer loop
      vertex 82.0785 24.3689 0
      vertex 82.1975 23.4905 6.35
      vertex 82.0785 24.3689 6.35
    endloop
  endfacet
  facet normal 0 0 1
    outer loop
      vertex 82.0785 24.3689 6.35
      vertex 82.1975 23.4905 6.35
      vertex 110.447 29.4276 6.35
    endloop
  endfacet
  facet normal -0.997208 0.0746778 0
    outer loop
      vertex 82.1845 20.8355 0
      vertex 82.1845 20.8355 6.35
      vertex 82.2507 21.7195 0
    endloop
  endfacet
  facet normal 0 0 -1
    outer loop
      vertex 82.1845 20.8355 0
      vertex 82.2507 21.7195 0
      vertex 111.829 23.6384 0
    endloop
  endfacet
  facet normal 0 0 1
    outer loop
      vertex 82.1845 20.8355 6.35
      vertex 111.829 23.6384 6.35
      vertex 82.2507 21.7195 6.35
    endloop
  endfacet
  facet normal -0.997208 0.0746778 0
    outer loop
      vertex 82.1845 20.8355 6.35
      vertex 82.2507 21.7195 6.35
      vertex 82.2507 21.7195 0
    endloop
  endfacet
  facet normal 0 0 -1
    outer loop
      vertex 82.1975 23.4905 0
      vertex 110.447 29.4276 0
      vertex 82.255 22.6059 0
    endloop
  endfacet
  facet normal -0.997894 -0.0648642 0
    outer loop
      vertex 82.1975 23.4905 0
      vertex 82.255 22.6059 0
      vertex 82.255 22.6059 6.35
    endloop
  endfacet
  facet normal -0.997894 -0.0648642 0
    outer loop
      vertex 82.1975 23.4905 0
      vertex 82.255 22.6059 6.35
      vertex 82.1975 23.4905 6.35
    endloop
  endfacet
  facet normal 0 0 1
    outer loop
      vertex 82.1975 23.4905 6.35
      vertex 82.255 22.6059 6.35
      vertex 110.447 29.4276 6.35
    endloop
  endfacet
  facet normal -0.999988 0.00485103 0
    outer loop
      vertex 82.2507 21.7195 0
      vertex 82.2507 21.7195 6.35
      vertex 82.255 22.6059 0
    endloop
  endfacet
  facet normal 0 0 -1
    outer loop
      vertex 82.2507 21.7195 0
      vertex 82.255 22.6059 0
      vertex 111.829 23.6384 0
    endloop
  endfacet
  facet normal 0 0 1
    outer loop
      vertex 82.2507 21.7195 6.35
      vertex 111.829 23.6384 6.35
      vertex 82.255 22.6059 6.35
    endloop
  endfacet
  facet normal -0.999988 0.00485103 0
    outer loop
      vertex 82.2507 21.7195 6.35
      vertex 82.255 22.6059 6.35
      vertex 82.255 22.6059 0
    endloop
  endfacet
  facet normal 0 0 -1
    outer loop
      vertex 82.255 22.6059 0
      vertex 110.447 29.4276 0
      vertex 111.829 23.6384 0
    endloop
  endfacet
  facet normal 0 0 1
    outer loop
      vertex 82.255 22.6059 6.35
      vertex 111.829 23.6384 6.35
      vertex 110.447 29.4276 6.35
    endloop
  endfacet
  facet normal 0.762869 0.646553 0
    outer loop
      vertex 85.2422 76.1463 0
      vertex 85.2422 76.1463 6.35
      vertex 89.0904 71.6058 6.35
    endloop
  endfacet
  facet normal 0.762869 0.646553 0
    outer loop
      vertex 85.2422 76.1463 0
      vertex 89.0904 71.6058 6.35
      vertex 89.0904 71.6058 0
    endloop
  endfacet
  facet normal 0.795488 0.60597 0
    outer loop
      vertex 89.0904 71.6058 0
      vertex 89.0904 71.6058 6.35
      vertex 92.6971 66.8711 6.35
    endloop
  endfacet
  facet normal 0.795488 0.60597 0
    outer loop
      vertex 89.0904 71.6058 0
      vertex 92.6971 66.8711 6.35
      vertex 92.6971 66.8711 0
    endloop
  endfacet
  facet normal 0 1 0
    outer loop
      vertex 9.06503 35.0688 0
      vertex 9.06503 35.0688 6.35
      vertex 9.43236 35.0688 0
    endloop
  endfacet
  facet normal 0 1 0
    outer loop
      vertex 9.06503 35.0688 6.35
      vertex 9.43236 35.0688 6.35
      vertex 9.43236 35.0688 0
    endloop
  endfacet
  facet normal 0 -1 0
    outer loop
      vertex 9.06503 45.5873 0
      vertex 9.43236 45.5873 0
      vertex 9.43236 45.5873 6.35
    endloop
  endfacet
  facet normal 0 -1 0
    outer loop
      vertex 9.06503 45.5873 0
      vertex 9.43236 45.5873 6.35
      vertex 9.06503 45.5873 6.35
    endloop
  endfacet
  facet normal 0 0 -1
    outer loop
      vertex 9.13545 63.8453 0
      vertex 11.8799 44.8855 0
      vertex 11.5556 45.058 0
    endloop
  endfacet
  facet normal -0.715956 0.698145 0
    outer loop
      vertex 9.13545 63.8453 0
      vertex 9.13545 63.8453 6.35
      vertex 9.75436 64.48 0
    endloop
  endfacet
  facet normal 0 0 -1
    outer loop
      vertex 9.13545 63.8453 0
      vertex 9.75436 64.48 0
      vertex 11.8799 44.8855 0
    endloop
  endfacet
  facet normal 0 0 1
    outer loop
      vertex 9.13545 63.8453 6.35
      vertex 11.5556 45.058 6.35
      vertex 11.8799 44.8855 6.35
    endloop
  endfacet
  facet normal 0 0 1
    outer loop
      vertex 9.13545 63.8453 6.35
      vertex 11.8799 44.8855 6.35
      vertex 9.75436 64.48 6.35
    endloop
  endfacet
  facet normal -0.715956 0.698145 0
    outer loop
      vertex 9.13545 63.8453 6.35
      vertex 9.75436 64.48 6.35
      vertex 9.75436 64.48 0
    endloop
  endfacet
  facet normal 0 0 -1
    outer loop
      vertex 9.2251 82.1163 0
      vertex 24.582 111.625 0
      vertex 9.83774 81.4757 0
    endloop
  endfacet
  facet normal -0.722703 -0.691159 0
    outer loop
      vertex 9.2251 82.1163 0
      vertex 9.83774 81.4757 0
      vertex 9.83774 81.4757 6.35
    endloop
  endfacet
  facet normal -0.722703 -0.691159 0
    outer loop
      vertex 9.2251 82.1163 0
      vertex 9.83774 81.4757 6.35
      vertex 9.2251 82.1163 6.35
    endloop
  endfacet
  facet normal 0 0 1
    outer loop
      vertex 9.2251 82.1163 6.35
      vertex 9.83774 81.4757 6.35
      vertex 24.582 111.625 6.35
    endloop
  endfacet
  facet normal 0 0 -1
    outer loop
      vertex 9.27948 -8.96109 0
      vertex 16.1312 -15.5777 0
      vertex 15.0052 -16.665 0
    endloop
  endfacet
  facet normal 0 0 -1
    outer loop
      vertex 9.27948 -8.96109 0
      vertex 17.1785 -14.4145 0
      vertex 16.1312 -15.5777 0
    endloop
  endfacet
  facet normal -0.743148 0.669127 0
    outer loop
      vertex 9.27948 -8.96109 0
      vertex 9.27948 -8.96109 6.35
      vertex 9.88197 -8.29195 0
    endloop
  endfacet
  facet normal 0 0 -1
    outer loop
      vertex 9.27948 -8.96109 0
      vertex 9.88197 -8.29195 0
      vertex 17.1785 -14.4145 0
    endloop
  endfacet
  facet normal 0 0 1
    outer loop
      vertex 9.27948 -8.96109 6.35
      vertex 15.0052 -16.665 6.35
      vertex 16.1312 -15.5777 6.35
    endloop
  endfacet
  facet normal 0 0 1
    outer loop
      vertex 9.27948 -8.96109 6.35
      vertex 16.1312 -15.5777 6.35
      vertex 17.1785 -14.4145 6.35
    endloop
  endfacet
  facet normal 0 0 1
    outer loop
      vertex 9.27948 -8.96109 6.35
      vertex 17.1785 -14.4145 6.35
      vertex 9.88197 -8.29195 6.35
    endloop
  endfacet
  facet normal -0.743148 0.669127 0
    outer loop
      vertex 9.27948 -8.96109 6.35
      vertex 9.88197 -8.29195 6.35
      vertex 9.88197 -8.29195 0
    endloop
  endfacet
  facet normal 0 0 -1
    outer loop
      vertex 9.27948 8.96109 0
      vertex 25.09 25.977 0
      vertex 25.3714 25.7409 0
    endloop
  endfacet
  facet normal 0 0 -1
    outer loop
      vertex 9.27948 8.96109 0
      vertex 25.3714 25.7409 0
      vertex 9.88197 8.29195 0
    endloop
  endfacet
  facet normal -0.743148 -0.669127 0
    outer loop
      vertex 9.27948 8.96109 0
      vertex 9.88197 8.29195 0
      vertex 9.88197 8.29195 6.35
    endloop
  endfacet
  facet normal -0.743148 -0.669127 0
    outer loop
      vertex 9.27948 8.96109 0
      vertex 9.88197 8.29195 6.35
      vertex 9.27948 8.96109 6.35
    endloop
  endfacet
  facet normal 0 0 1
    outer loop
      vertex 9.27948 8.96109 6.35
      vertex 25.3714 25.7409 6.35
      vertex 25.09 25.977 6.35
    endloop
  endfacet
  facet normal 0 0 1
    outer loop
      vertex 9.27948 8.96109 6.35
      vertex 9.88197 8.29195 6.35
      vertex 25.3714 25.7409 6.35
    endloop
  endfacet
  facet normal -0.0696953 0.997568 0
    outer loop
      vertex 9.43236 35.0688 0
      vertex 9.43236 35.0688 6.35
      vertex 9.79878 35.0944 0
    endloop
  endfacet
  facet normal -0.0696953 0.997568 0
    outer loop
      vertex 9.43236 35.0688 6.35
      vertex 9.79878 35.0944 6.35
      vertex 9.79878 35.0944 0
    endloop
  endfacet
  facet normal -0.0696953 -0.997568 0
    outer loop
      vertex 9.43236 45.5873 0
      vertex 9.79878 45.5617 0
      vertex 9.79878 45.5617 6.35
    endloop
  endfacet
  facet normal -0.0696953 -0.997568 0
    outer loop
      vertex 9.43236 45.5873 0
      vertex 9.79878 45.5617 6.35
      vertex 9.43236 45.5873 6.35
    endloop
  endfacet
  facet normal 0 0 -1
    outer loop
      vertex 9.75436 64.48 0
      vertex 10.3275 65.1562 0
      vertex 30.5755 57.6017 0
    endloop
  endfacet
  facet normal 0 0 -1
    outer loop
      vertex 9.75436 64.48 0
      vertex 30.5755 57.6017 0
      vertex 11.8799 44.8855 0
    endloop
  endfacet
  facet normal -0.762846 0.64658 0
    outer loop
      vertex 9.75436 64.48 0
      vertex 9.75436 64.48 6.35
      vertex 10.3275 65.1562 0
    endloop
  endfacet
  facet normal -0.762846 0.64658 0
    outer loop
      vertex 9.75436 64.48 6.35
      vertex 10.3275 65.1562 6.35
      vertex 10.3275 65.1562 0
    endloop
  endfacet
  facet normal 0 0 1
    outer loop
      vertex 9.75436 64.48 6.35
      vertex 11.8799 44.8855 6.35
      vertex 30.5755 57.6017 6.35
    endloop
  endfacet
  facet normal 0 0 1
    outer loop
      vertex 9.75436 64.48 6.35
      vertex 30.5755 57.6017 6.35
      vertex 10.3275 65.1562 6.35
    endloop
  endfacet
  facet normal -0.139126 0.990275 0
    outer loop
      vertex 9.79878 35.0944 0
      vertex 9.79878 35.0944 6.35
      vertex 10.1625 35.1455 0
    endloop
  endfacet
  facet normal -0.139126 0.990275 0
    outer loop
      vertex 9.79878 35.0944 6.35
      vertex 10.1625 35.1455 6.35
      vertex 10.1625 35.1455 0
    endloop
  endfacet
  facet normal -0.139126 -0.990275 0
    outer loop
      vertex 9.79878 45.5617 0
      vertex 10.1625 45.5106 0
      vertex 10.1625 45.5106 6.35
    endloop
  endfacet
  facet normal -0.139126 -0.990275 0
    outer loop
      vertex 9.79878 45.5617 0
      vertex 10.1625 45.5106 6.35
      vertex 9.79878 45.5617 6.35
    endloop
  endfacet
  facet normal 0.46945 -0.882959 0
    outer loop
      vertex 9.83046 -20.1554 0
      vertex 11.2125 -19.4206 0
      vertex 9.83046 -20.1554 6.35
    endloop
  endfacet
  facet normal 0.46945 -0.882959 0
    outer loop
      vertex 9.83046 -20.1554 6.35
      vertex 11.2125 -19.4206 0
      vertex 11.2125 -19.4206 6.35
    endloop
  endfacet
  facet normal -0.769213 -0.638992 0
    outer loop
      vertex 9.83774 81.4757 0
      vertex 10.4042 80.7938 0
      vertex 10.4042 80.7938 6.35
    endloop
  endfacet
  facet normal -0.769213 -0.638992 0
    outer loop
      vertex 9.83774 81.4757 0
      vertex 10.4042 80.7938 6.35
      vertex 9.83774 81.4757 6.35
    endloop
  endfacet
  facet normal 0 0 -1
    outer loop
      vertex 9.83774 81.4757 0
      vertex 24.582 111.625 0
      vertex 30.3593 110.194 0
    endloop
  endfacet
  facet normal 0 0 -1
    outer loop
      vertex 9.83774 81.4757 0
      vertex 30.3593 110.194 0
      vertex 10.4042 80.7938 0
    endloop
  endfacet
  facet normal 0 0 1
    outer loop
      vertex 9.83774 81.4757 6.35
      vertex 10.4042 80.7938 6.35
      vertex 30.3593 110.194 6.35
    endloop
  endfacet
  facet normal 0 0 1
    outer loop
      vertex 9.83774 81.4757 6.35
      vertex 30.3593 110.194 6.35
      vertex 24.582 111.625 6.35
    endloop
  endfacet
  facet normal 0 0 -1
    outer loop
      vertex 9.88197 -8.29195 0
      vertex 10.4363 -7.58243 0
      vertex 18.1422 -13.1811 0
    endloop
  endfacet
  facet normal 0 0 -1
    outer loop
      vertex 9.88197 -8.29195 0
      vertex 18.1422 -13.1811 0
      vertex 17.1785 -14.4145 0
    endloop
  endfacet
  facet normal -0.788015 0.615656 0
    outer loop
      vertex 9.88197 -8.29195 0
      vertex 9.88197 -8.29195 6.35
      vertex 10.4363 -7.58243 0
    endloop
  endfacet
  facet normal -0.788015 0.615656 0
    outer loop
      vertex 9.88197 -8.29195 6.35
      vertex 10.4363 -7.58243 6.35
      vertex 10.4363 -7.58243 0
    endloop
  endfacet
  facet normal 0 0 1
    outer loop
      vertex 9.88197 -8.29195 6.35
      vertex 17.1785 -14.4145 6.35
      vertex 18.1422 -13.1811 6.35
    endloop
  endfacet
  facet normal 0 0 1
    outer loop
      vertex 9.88197 -8.29195 6.35
      vertex 18.1422 -13.1811 6.35
      vertex 10.4363 -7.58243 6.35
    endloop
  endfacet
  facet normal -0.788015 -0.615656 0
    outer loop
      vertex 9.88197 8.29195 0
      vertex 10.4363 7.58243 0
      vertex 10.4363 7.58243 6.35
    endloop
  endfacet
  facet normal -0.788015 -0.615656 0
    outer loop
      vertex 9.88197 8.29195 0
      vertex 10.4363 7.58243 6.35
      vertex 9.88197 8.29195 6.35
    endloop
  endfacet
  facet normal 0 0 -1
    outer loop
      vertex 9.88197 8.29195 0
      vertex 25.3714 25.7409 0
      vertex 25.6686 25.525 0
    endloop
  endfacet
  facet normal 0 0 -1
    outer loop
      vertex 9.88197 8.29195 0
      vertex 25.6686 25.525 0
      vertex 25.9801 25.3303 0
    endloop
  endfacet
  facet normal 0 0 -1
    outer loop
      vertex 9.88197 8.29195 0
      vertex 25.9801 25.3303 0
      vertex 10.4363 7.58243 0
    endloop
  endfacet
  facet normal 0 0 1
    outer loop
      vertex 9.88197 8.29195 6.35
      vertex 10.4363 7.58243 6.35
      vertex 25.9801 25.3303 6.35
    endloop
  endfacet
  facet normal 0 0 1
    outer loop
      vertex 9.88197 8.29195 6.35
      vertex 25.6686 25.525 6.35
      vertex 25.3714 25.7409 6.35
    endloop
  endfacet
  facet normal 0 0 1
    outer loop
      vertex 9.88197 8.29195 6.35
      vertex 25.9801 25.3303 6.35
      vertex 25.6686 25.525 6.35
    endloop
  endfacet
  facet normal 0.825955 0.563736 0
    outer loop
      vertex 92.6971 66.8711 0
      vertex 92.6971 66.8711 6.35
      vertex 96.0524 61.9551 6.35
    endloop
  endfacet
  facet normal 0.825955 0.563736 0
    outer loop
      vertex 92.6971 66.8711 0
      vertex 96.0524 61.9551 6.35
      vertex 96.0524 61.9551 0
    endloop
  endfacet
  facet normal 0.854184 0.51997 0
    outer loop
      vertex 96.0524 61.9551 0
      vertex 96.0524 61.9551 6.35
      vertex 99.1472 56.8711 6.35
    endloop
  endfacet
  facet normal 0.854184 0.51997 0
    outer loop
      vertex 96.0524 61.9551 0
      vertex 99.1472 56.8711 6.35
      vertex 99.1472 56.8711 0
    endloop
  endfacet
  facet normal 0.880104 0.474781 0
    outer loop
      vertex 99.1472 56.8711 0
      vertex 101.973 51.6329 6.35
      vertex 101.973 51.6329 0
    endloop
  endfacet
  facet normal 0.880104 0.474781 0
    outer loop
      vertex 99.1472 56.8711 0
      vertex 99.1472 56.8711 6.35
      vertex 101.973 51.6329 6.35
    endloop
  endfacet
endsolid OpenSCAD_Model
