solid OpenSCAD_Model
  facet normal 0 1 0
    outer loop
      vertex -0.5056 -14.4787 0
      vertex -0.5056 -14.4787 6.35
      vertex 0.5056 -14.4787 0
    endloop
  endfacet
  facet normal 0 1 0
    outer loop
      vertex -0.5056 -14.4787 6.35
      vertex 0.5056 -14.4787 6.35
      vertex 0.5056 -14.4787 0
    endloop
  endfacet
  facet normal 0 -1 0
    outer loop
      vertex -0.5056 14.4787 0
      vertex 0.5056 14.4787 0
      vertex 0.5056 14.4787 6.35
    endloop
  endfacet
  facet normal 0 -1 0
    outer loop
      vertex -0.5056 14.4787 0
      vertex 0.5056 14.4787 6.35
      vertex -0.5056 14.4787 6.35
    endloop
  endfacet
  facet normal 0.0698175 0.99756 0
    outer loop
      vertex -1.51434 -14.4081 0
      vertex -1.51434 -14.4081 6.35
      vertex -0.5056 -14.4787 0
    endloop
  endfacet
  facet normal 0.0698175 0.99756 0
    outer loop
      vertex -1.51434 -14.4081 6.35
      vertex -0.5056 -14.4787 6.35
      vertex -0.5056 -14.4787 0
    endloop
  endfacet
  facet normal 0.0698175 -0.99756 0
    outer loop
      vertex -1.51434 14.4081 0
      vertex -0.5056 14.4787 0
      vertex -0.5056 14.4787 6.35
    endloop
  endfacet
  facet normal 0.0698175 -0.99756 0
    outer loop
      vertex -1.51434 14.4081 0
      vertex -0.5056 14.4787 6.35
      vertex -1.51434 14.4081 6.35
    endloop
  endfacet
  facet normal 0 0 -1
    outer loop
      vertex -1.51682 -43.436 0
      vertex -0.5056 -14.4787 0
      vertex 0.5056 -14.4787 0
    endloop
  endfacet
  facet normal 0 0 -1
    outer loop
      vertex -1.51682 -43.436 0
      vertex 0.5056 -14.4787 0
      vertex 1.51434 -14.4081 0
    endloop
  endfacet
  facet normal 0 0 -1
    outer loop
      vertex -1.51682 -43.436 0
      vertex 1.51434 -14.4081 0
      vertex 2.51572 -14.2674 0
    endloop
  endfacet
  facet normal 0 0 -1
    outer loop
      vertex -1.51682 -43.436 0
      vertex 10.4214 -10.0639 0
      vertex 64.527 -9.43793 0
    endloop
  endfacet
  facet normal 0 -1 0
    outer loop
      vertex -1.51682 -43.436 0
      vertex 152.631 -43.436 0
      vertex -1.51682 -43.436 6.35
    endloop
  endfacet
  facet normal 0 0 -1
    outer loop
      vertex -1.51682 -43.436 0
      vertex 2.51572 -14.2674 0
      vertex 3.50484 -14.0571 0
    endloop
  endfacet
  facet normal 0 0 -1
    outer loop
      vertex -1.51682 -43.436 0
      vertex 3.50484 -14.0571 0
      vertex 4.47688 -13.7784 0
    endloop
  endfacet
  facet normal 0 0 -1
    outer loop
      vertex -1.51682 -43.436 0
      vertex 4.47688 -13.7784 0
      vertex 5.42711 -13.4326 0
    endloop
  endfacet
  facet normal 0 0 -1
    outer loop
      vertex -1.51682 -43.436 0
      vertex 5.42711 -13.4326 0
      vertex 6.35089 -13.0213 0
    endloop
  endfacet
  facet normal 0 0 -1
    outer loop
      vertex -1.51682 -43.436 0
      vertex 6.35089 -13.0213 0
      vertex 7.24374 -12.5465 0
    endloop
  endfacet
  facet normal 0 0 -1
    outer loop
      vertex -1.51682 -43.436 0
      vertex 64.527 -9.43793 0
      vertex 65.2061 -10.0077 0
    endloop
  endfacet
  facet normal 0 0 -1
    outer loop
      vertex -1.51682 -43.436 0
      vertex 65.2061 -10.0077 0
      vertex 65.9232 -10.5288 0
    endloop
  endfacet
  facet normal 0 0 -1
    outer loop
      vertex -1.51682 -43.436 0
      vertex 65.9232 -10.5288 0
      vertex 66.675 -10.9985 0
    endloop
  endfacet
  facet normal 0 0 -1
    outer loop
      vertex -1.51682 -43.436 0
      vertex 66.675 -10.9985 0
      vertex 67.4577 -11.4147 0
    endloop
  endfacet
  facet normal 0 0 -1
    outer loop
      vertex -1.51682 -43.436 0
      vertex 67.4577 -11.4147 0
      vertex 68.2675 -11.7752 0
    endloop
  endfacet
  facet normal 0 0 -1
    outer loop
      vertex -1.51682 -43.436 0
      vertex 68.2675 -11.7752 0
      vertex 69.1005 -12.0784 0
    endloop
  endfacet
  facet normal 0 0 -1
    outer loop
      vertex -1.51682 -43.436 0
      vertex 69.1005 -12.0784 0
      vertex 69.9526 -12.3228 0
    endloop
  endfacet
  facet normal 0 0 -1
    outer loop
      vertex -1.51682 -43.436 0
      vertex 69.9526 -12.3228 0
      vertex 70.8197 -12.507 0
    endloop
  endfacet
  facet normal 0 0 -1
    outer loop
      vertex -1.51682 -43.436 0
      vertex 7.24374 -12.5465 0
      vertex 8.1013 -12.0107 0
    endloop
  endfacet
  facet normal 0 0 -1
    outer loop
      vertex -1.51682 -43.436 0
      vertex 70.8197 -12.507 0
      vertex 71.6975 -12.6304 0
    endloop
  endfacet
  facet normal 0 0 -1
    outer loop
      vertex -1.51682 -43.436 0
      vertex 71.6975 -12.6304 0
      vertex 72.5818 -12.6923 0
    endloop
  endfacet
  facet normal 0 0 -1
    outer loop
      vertex -1.51682 -43.436 0
      vertex 72.5818 -12.6923 0
      vertex 73.4682 -12.6923 0
    endloop
  endfacet
  facet normal 0 0 -1
    outer loop
      vertex -1.51682 -43.436 0
      vertex 73.4682 -12.6923 0
      vertex 152.631 -43.436 0
    endloop
  endfacet
  facet normal 0 0 -1
    outer loop
      vertex -1.51682 -43.436 0
      vertex 8.1013 -12.0107 0
      vertex 8.91939 -11.4163 0
    endloop
  endfacet
  facet normal 0 0 -1
    outer loop
      vertex -1.51682 -43.436 0
      vertex 8.91939 -11.4163 0
      vertex 9.69402 -10.7663 0
    endloop
  endfacet
  facet normal 0 0 -1
    outer loop
      vertex -1.51682 -43.436 0
      vertex 9.69402 -10.7663 0
      vertex 10.4214 -10.0639 0
    endloop
  endfacet
  facet normal 0 0 1
    outer loop
      vertex -1.51682 -43.436 6.35
      vertex 0.5056 -14.4787 6.35
      vertex -0.5056 -14.4787 6.35
    endloop
  endfacet
  facet normal 0 0 1
    outer loop
      vertex -1.51682 -43.436 6.35
      vertex 1.51434 -14.4081 6.35
      vertex 0.5056 -14.4787 6.35
    endloop
  endfacet
  facet normal 0 0 1
    outer loop
      vertex -1.51682 -43.436 6.35
      vertex 10.4214 -10.0639 6.35
      vertex 9.69402 -10.7663 6.35
    endloop
  endfacet
  facet normal 0 -1 0
    outer loop
      vertex -1.51682 -43.436 6.35
      vertex 152.631 -43.436 0
      vertex 152.631 -43.436 6.35
    endloop
  endfacet
  facet normal 0 0 1
    outer loop
      vertex -1.51682 -43.436 6.35
      vertex 152.631 -43.436 6.35
      vertex 73.4682 -12.6923 6.35
    endloop
  endfacet
  facet normal 0 0 1
    outer loop
      vertex -1.51682 -43.436 6.35
      vertex 2.51572 -14.2674 6.35
      vertex 1.51434 -14.4081 6.35
    endloop
  endfacet
  facet normal 0 0 1
    outer loop
      vertex -1.51682 -43.436 6.35
      vertex 3.50484 -14.0571 6.35
      vertex 2.51572 -14.2674 6.35
    endloop
  endfacet
  facet normal 0 0 1
    outer loop
      vertex -1.51682 -43.436 6.35
      vertex 4.47688 -13.7784 6.35
      vertex 3.50484 -14.0571 6.35
    endloop
  endfacet
  facet normal 0 0 1
    outer loop
      vertex -1.51682 -43.436 6.35
      vertex 5.42711 -13.4326 6.35
      vertex 4.47688 -13.7784 6.35
    endloop
  endfacet
  facet normal 0 0 1
    outer loop
      vertex -1.51682 -43.436 6.35
      vertex 6.35089 -13.0213 6.35
      vertex 5.42711 -13.4326 6.35
    endloop
  endfacet
  facet normal 0 0 1
    outer loop
      vertex -1.51682 -43.436 6.35
      vertex 64.527 -9.43793 6.35
      vertex 10.4214 -10.0639 6.35
    endloop
  endfacet
  facet normal 0 0 1
    outer loop
      vertex -1.51682 -43.436 6.35
      vertex 65.2061 -10.0077 6.35
      vertex 64.527 -9.43793 6.35
    endloop
  endfacet
  facet normal 0 0 1
    outer loop
      vertex -1.51682 -43.436 6.35
      vertex 65.9232 -10.5288 6.35
      vertex 65.2061 -10.0077 6.35
    endloop
  endfacet
  facet normal 0 0 1
    outer loop
      vertex -1.51682 -43.436 6.35
      vertex 66.675 -10.9985 6.35
      vertex 65.9232 -10.5288 6.35
    endloop
  endfacet
  facet normal 0 0 1
    outer loop
      vertex -1.51682 -43.436 6.35
      vertex 67.4577 -11.4147 6.35
      vertex 66.675 -10.9985 6.35
    endloop
  endfacet
  facet normal 0 0 1
    outer loop
      vertex -1.51682 -43.436 6.35
      vertex 68.2675 -11.7752 6.35
      vertex 67.4577 -11.4147 6.35
    endloop
  endfacet
  facet normal 0 0 1
    outer loop
      vertex -1.51682 -43.436 6.35
      vertex 69.1005 -12.0784 6.35
      vertex 68.2675 -11.7752 6.35
    endloop
  endfacet
  facet normal 0 0 1
    outer loop
      vertex -1.51682 -43.436 6.35
      vertex 69.9526 -12.3228 6.35
      vertex 69.1005 -12.0784 6.35
    endloop
  endfacet
  facet normal 0 0 1
    outer loop
      vertex -1.51682 -43.436 6.35
      vertex 7.24374 -12.5465 6.35
      vertex 6.35089 -13.0213 6.35
    endloop
  endfacet
  facet normal 0 0 1
    outer loop
      vertex -1.51682 -43.436 6.35
      vertex 70.8197 -12.507 6.35
      vertex 69.9526 -12.3228 6.35
    endloop
  endfacet
  facet normal 0 0 1
    outer loop
      vertex -1.51682 -43.436 6.35
      vertex 71.6975 -12.6304 6.35
      vertex 70.8197 -12.507 6.35
    endloop
  endfacet
  facet normal 0 0 1
    outer loop
      vertex -1.51682 -43.436 6.35
      vertex 72.5818 -12.6923 6.35
      vertex 71.6975 -12.6304 6.35
    endloop
  endfacet
  facet normal 0 0 1
    outer loop
      vertex -1.51682 -43.436 6.35
      vertex 73.4682 -12.6923 6.35
      vertex 72.5818 -12.6923 6.35
    endloop
  endfacet
  facet normal 0 0 1
    outer loop
      vertex -1.51682 -43.436 6.35
      vertex 8.1013 -12.0107 6.35
      vertex 7.24374 -12.5465 6.35
    endloop
  endfacet
  facet normal 0 0 1
    outer loop
      vertex -1.51682 -43.436 6.35
      vertex 8.91939 -11.4163 6.35
      vertex 8.1013 -12.0107 6.35
    endloop
  endfacet
  facet normal 0 0 1
    outer loop
      vertex -1.51682 -43.436 6.35
      vertex 9.69402 -10.7663 6.35
      vertex 8.91939 -11.4163 6.35
    endloop
  endfacet
  facet normal 0 1 0
    outer loop
      vertex -1.51682 43.436 0
      vertex -1.51682 43.436 6.35
      vertex 152.631 43.436 6.35
    endloop
  endfacet
  facet normal 0 0 -1
    outer loop
      vertex -1.51682 43.436 0
      vertex 0.5056 14.4787 0
      vertex -0.5056 14.4787 0
    endloop
  endfacet
  facet normal 0 0 -1
    outer loop
      vertex -1.51682 43.436 0
      vertex 1.51434 14.4081 0
      vertex 0.5056 14.4787 0
    endloop
  endfacet
  facet normal 0 0 -1
    outer loop
      vertex -1.51682 43.436 0
      vertex 10.4214 10.0639 0
      vertex 9.69402 10.7663 0
    endloop
  endfacet
  facet normal 0 0 -1
    outer loop
      vertex -1.51682 43.436 0
      vertex 152.631 43.436 0
      vertex 73.4682 12.6923 0
    endloop
  endfacet
  facet normal 0 1 0
    outer loop
      vertex -1.51682 43.436 0
      vertex 152.631 43.436 6.35
      vertex 152.631 43.436 0
    endloop
  endfacet
  facet normal 0 0 -1
    outer loop
      vertex -1.51682 43.436 0
      vertex 2.51572 14.2674 0
      vertex 1.51434 14.4081 0
    endloop
  endfacet
  facet normal 0 0 -1
    outer loop
      vertex -1.51682 43.436 0
      vertex 3.50484 14.0571 0
      vertex 2.51572 14.2674 0
    endloop
  endfacet
  facet normal 0 0 -1
    outer loop
      vertex -1.51682 43.436 0
      vertex 4.47688 13.7784 0
      vertex 3.50484 14.0571 0
    endloop
  endfacet
  facet normal 0 0 -1
    outer loop
      vertex -1.51682 43.436 0
      vertex 5.42711 13.4326 0
      vertex 4.47688 13.7784 0
    endloop
  endfacet
  facet normal 0 0 -1
    outer loop
      vertex -1.51682 43.436 0
      vertex 6.35089 13.0213 0
      vertex 5.42711 13.4326 0
    endloop
  endfacet
  facet normal 0 0 -1
    outer loop
      vertex -1.51682 43.436 0
      vertex 64.527 9.43793 0
      vertex 10.4214 10.0639 0
    endloop
  endfacet
  facet normal 0 0 -1
    outer loop
      vertex -1.51682 43.436 0
      vertex 65.2061 10.0077 0
      vertex 64.527 9.43793 0
    endloop
  endfacet
  facet normal 0 0 -1
    outer loop
      vertex -1.51682 43.436 0
      vertex 65.9232 10.5288 0
      vertex 65.2061 10.0077 0
    endloop
  endfacet
  facet normal 0 0 -1
    outer loop
      vertex -1.51682 43.436 0
      vertex 66.675 10.9985 0
      vertex 65.9232 10.5288 0
    endloop
  endfacet
  facet normal 0 0 -1
    outer loop
      vertex -1.51682 43.436 0
      vertex 67.4577 11.4147 0
      vertex 66.675 10.9985 0
    endloop
  endfacet
  facet normal 0 0 -1
    outer loop
      vertex -1.51682 43.436 0
      vertex 68.2675 11.7752 0
      vertex 67.4577 11.4147 0
    endloop
  endfacet
  facet normal 0 0 -1
    outer loop
      vertex -1.51682 43.436 0
      vertex 69.1005 12.0784 0
      vertex 68.2675 11.7752 0
    endloop
  endfacet
  facet normal 0 0 -1
    outer loop
      vertex -1.51682 43.436 0
      vertex 69.9526 12.3228 0
      vertex 69.1005 12.0784 0
    endloop
  endfacet
  facet normal 0 0 -1
    outer loop
      vertex -1.51682 43.436 0
      vertex 7.24374 12.5465 0
      vertex 6.35089 13.0213 0
    endloop
  endfacet
  facet normal 0 0 -1
    outer loop
      vertex -1.51682 43.436 0
      vertex 70.8197 12.507 0
      vertex 69.9526 12.3228 0
    endloop
  endfacet
  facet normal 0 0 -1
    outer loop
      vertex -1.51682 43.436 0
      vertex 71.6975 12.6304 0
      vertex 70.8197 12.507 0
    endloop
  endfacet
  facet normal 0 0 -1
    outer loop
      vertex -1.51682 43.436 0
      vertex 72.5818 12.6923 0
      vertex 71.6975 12.6304 0
    endloop
  endfacet
  facet normal 0 0 -1
    outer loop
      vertex -1.51682 43.436 0
      vertex 73.4682 12.6923 0
      vertex 72.5818 12.6923 0
    endloop
  endfacet
  facet normal 0 0 -1
    outer loop
      vertex -1.51682 43.436 0
      vertex 8.1013 12.0107 0
      vertex 7.24374 12.5465 0
    endloop
  endfacet
  facet normal 0 0 -1
    outer loop
      vertex -1.51682 43.436 0
      vertex 8.91939 11.4163 0
      vertex 8.1013 12.0107 0
    endloop
  endfacet
  facet normal 0 0 -1
    outer loop
      vertex -1.51682 43.436 0
      vertex 9.69402 10.7663 0
      vertex 8.91939 11.4163 0
    endloop
  endfacet
  facet normal 0 0 1
    outer loop
      vertex -1.51682 43.436 6.35
      vertex -0.5056 14.4787 6.35
      vertex 0.5056 14.4787 6.35
    endloop
  endfacet
  facet normal 0 0 1
    outer loop
      vertex -1.51682 43.436 6.35
      vertex 0.5056 14.4787 6.35
      vertex 1.51434 14.4081 6.35
    endloop
  endfacet
  facet normal 0 0 1
    outer loop
      vertex -1.51682 43.436 6.35
      vertex 1.51434 14.4081 6.35
      vertex 2.51572 14.2674 6.35
    endloop
  endfacet
  facet normal 0 0 1
    outer loop
      vertex -1.51682 43.436 6.35
      vertex 10.4214 10.0639 6.35
      vertex 64.527 9.43793 6.35
    endloop
  endfacet
  facet normal 0 0 1
    outer loop
      vertex -1.51682 43.436 6.35
      vertex 2.51572 14.2674 6.35
      vertex 3.50484 14.0571 6.35
    endloop
  endfacet
  facet normal 0 0 1
    outer loop
      vertex -1.51682 43.436 6.35
      vertex 3.50484 14.0571 6.35
      vertex 4.47688 13.7784 6.35
    endloop
  endfacet
  facet normal 0 0 1
    outer loop
      vertex -1.51682 43.436 6.35
      vertex 4.47688 13.7784 6.35
      vertex 5.42711 13.4326 6.35
    endloop
  endfacet
  facet normal 0 0 1
    outer loop
      vertex -1.51682 43.436 6.35
      vertex 5.42711 13.4326 6.35
      vertex 6.35089 13.0213 6.35
    endloop
  endfacet
  facet normal 0 0 1
    outer loop
      vertex -1.51682 43.436 6.35
      vertex 6.35089 13.0213 6.35
      vertex 7.24374 12.5465 6.35
    endloop
  endfacet
  facet normal 0 0 1
    outer loop
      vertex -1.51682 43.436 6.35
      vertex 64.527 9.43793 6.35
      vertex 65.2061 10.0077 6.35
    endloop
  endfacet
  facet normal 0 0 1
    outer loop
      vertex -1.51682 43.436 6.35
      vertex 65.2061 10.0077 6.35
      vertex 65.9232 10.5288 6.35
    endloop
  endfacet
  facet normal 0 0 1
    outer loop
      vertex -1.51682 43.436 6.35
      vertex 65.9232 10.5288 6.35
      vertex 66.675 10.9985 6.35
    endloop
  endfacet
  facet normal 0 0 1
    outer loop
      vertex -1.51682 43.436 6.35
      vertex 66.675 10.9985 6.35
      vertex 67.4577 11.4147 6.35
    endloop
  endfacet
  facet normal 0 0 1
    outer loop
      vertex -1.51682 43.436 6.35
      vertex 67.4577 11.4147 6.35
      vertex 68.2675 11.7752 6.35
    endloop
  endfacet
  facet normal 0 0 1
    outer loop
      vertex -1.51682 43.436 6.35
      vertex 68.2675 11.7752 6.35
      vertex 69.1005 12.0784 6.35
    endloop
  endfacet
  facet normal 0 0 1
    outer loop
      vertex -1.51682 43.436 6.35
      vertex 69.1005 12.0784 6.35
      vertex 69.9526 12.3228 6.35
    endloop
  endfacet
  facet normal 0 0 1
    outer loop
      vertex -1.51682 43.436 6.35
      vertex 69.9526 12.3228 6.35
      vertex 70.8197 12.507 6.35
    endloop
  endfacet
  facet normal 0 0 1
    outer loop
      vertex -1.51682 43.436 6.35
      vertex 7.24374 12.5465 6.35
      vertex 8.1013 12.0107 6.35
    endloop
  endfacet
  facet normal 0 0 1
    outer loop
      vertex -1.51682 43.436 6.35
      vertex 70.8197 12.507 6.35
      vertex 71.6975 12.6304 6.35
    endloop
  endfacet
  facet normal 0 0 1
    outer loop
      vertex -1.51682 43.436 6.35
      vertex 71.6975 12.6304 6.35
      vertex 72.5818 12.6923 6.35
    endloop
  endfacet
  facet normal 0 0 1
    outer loop
      vertex -1.51682 43.436 6.35
      vertex 72.5818 12.6923 6.35
      vertex 73.4682 12.6923 6.35
    endloop
  endfacet
  facet normal 0 0 1
    outer loop
      vertex -1.51682 43.436 6.35
      vertex 73.4682 12.6923 6.35
      vertex 152.631 43.436 6.35
    endloop
  endfacet
  facet normal 0 0 1
    outer loop
      vertex -1.51682 43.436 6.35
      vertex 8.1013 12.0107 6.35
      vertex 8.91939 11.4163 6.35
    endloop
  endfacet
  facet normal 0 0 1
    outer loop
      vertex -1.51682 43.436 6.35
      vertex 8.91939 11.4163 6.35
      vertex 9.69402 10.7663 6.35
    endloop
  endfacet
  facet normal 0 0 1
    outer loop
      vertex -1.51682 43.436 6.35
      vertex 9.69402 10.7663 6.35
      vertex 10.4214 10.0639 6.35
    endloop
  endfacet
  facet normal 0.694647 0.719351 0
    outer loop
      vertex -10.4214 -10.0639 0
      vertex -10.4214 -10.0639 6.35
      vertex -9.69402 -10.7663 0
    endloop
  endfacet
  facet normal 0.694647 0.719351 0
    outer loop
      vertex -10.4214 -10.0639 6.35
      vertex -9.69402 -10.7663 6.35
      vertex -9.69402 -10.7663 0
    endloop
  endfacet
  facet normal 0.694647 -0.719351 0
    outer loop
      vertex -10.4214 10.0639 0
      vertex -9.69402 10.7663 0
      vertex -9.69402 10.7663 6.35
    endloop
  endfacet
  facet normal 0.694647 -0.719351 0
    outer loop
      vertex -10.4214 10.0639 0
      vertex -9.69402 10.7663 6.35
      vertex -10.4214 10.0639 6.35
    endloop
  endfacet
  facet normal 0 0 -1
    outer loop
      vertex -10.5145 -42.1715 0
      vertex -2.51572 -14.2674 0
      vertex -7.54718 -42.8022 0
    endloop
  endfacet
  facet normal 0 0 -1
    outer loop
      vertex -10.5145 -42.1715 0
      vertex -3.50484 -14.0571 0
      vertex -2.51572 -14.2674 0
    endloop
  endfacet
  facet normal 0 0 -1
    outer loop
      vertex -10.5145 -42.1715 0
      vertex -4.47688 -13.7784 0
      vertex -3.50484 -14.0571 0
    endloop
  endfacet
  facet normal -0.207904 -0.978149 0
    outer loop
      vertex -10.5145 -42.1715 0
      vertex -7.54718 -42.8022 0
      vertex -10.5145 -42.1715 6.35
    endloop
  endfacet
  facet normal 0 0 1
    outer loop
      vertex -10.5145 -42.1715 6.35
      vertex -2.51572 -14.2674 6.35
      vertex -3.50484 -14.0571 6.35
    endloop
  endfacet
  facet normal 0 0 1
    outer loop
      vertex -10.5145 -42.1715 6.35
      vertex -3.50484 -14.0571 6.35
      vertex -4.47688 -13.7784 6.35
    endloop
  endfacet
  facet normal -0.207904 -0.978149 0
    outer loop
      vertex -10.5145 -42.1715 6.35
      vertex -7.54718 -42.8022 0
      vertex -7.54718 -42.8022 6.35
    endloop
  endfacet
  facet normal 0 0 1
    outer loop
      vertex -10.5145 -42.1715 6.35
      vertex -7.54718 -42.8022 6.35
      vertex -2.51572 -14.2674 6.35
    endloop
  endfacet
  facet normal -0.207904 0.978149 0
    outer loop
      vertex -10.5145 42.1715 0
      vertex -10.5145 42.1715 6.35
      vertex -7.54718 42.8022 6.35
    endloop
  endfacet
  facet normal 0 0 -1
    outer loop
      vertex -10.5145 42.1715 0
      vertex -2.51572 14.2674 0
      vertex -3.50484 14.0571 0
    endloop
  endfacet
  facet normal 0 0 -1
    outer loop
      vertex -10.5145 42.1715 0
      vertex -3.50484 14.0571 0
      vertex -4.47688 13.7784 0
    endloop
  endfacet
  facet normal 0 0 -1
    outer loop
      vertex -10.5145 42.1715 0
      vertex -7.54718 42.8022 0
      vertex -2.51572 14.2674 0
    endloop
  endfacet
  facet normal -0.207904 0.978149 0
    outer loop
      vertex -10.5145 42.1715 0
      vertex -7.54718 42.8022 6.35
      vertex -7.54718 42.8022 0
    endloop
  endfacet
  facet normal 0 0 1
    outer loop
      vertex -10.5145 42.1715 6.35
      vertex -2.51572 14.2674 6.35
      vertex -7.54718 42.8022 6.35
    endloop
  endfacet
  facet normal 0 0 1
    outer loop
      vertex -10.5145 42.1715 6.35
      vertex -3.50484 14.0571 6.35
      vertex -2.51572 14.2674 6.35
    endloop
  endfacet
  facet normal 0 0 1
    outer loop
      vertex -10.5145 42.1715 6.35
      vertex -4.47688 13.7784 6.35
      vertex -3.50484 14.0571 6.35
    endloop
  endfacet
  facet normal 0.743131 0.669146 0
    outer loop
      vertex -11.0981 -9.31238 0
      vertex -11.0981 -9.31238 6.35
      vertex -10.4214 -10.0639 0
    endloop
  endfacet
  facet normal 0.743131 0.669146 0
    outer loop
      vertex -11.0981 -9.31238 6.35
      vertex -10.4214 -10.0639 6.35
      vertex -10.4214 -10.0639 0
    endloop
  endfacet
  facet normal 0.743131 -0.669146 0
    outer loop
      vertex -11.0981 9.31238 0
      vertex -10.4214 10.0639 0
      vertex -10.4214 10.0639 6.35
    endloop
  endfacet
  facet normal 0.743131 -0.669146 0
    outer loop
      vertex -11.0981 9.31238 0
      vertex -10.4214 10.0639 6.35
      vertex -11.0981 9.31238 6.35
    endloop
  endfacet
  facet normal 0.788043 0.61562 0
    outer loop
      vertex -11.7206 -8.51553 0
      vertex -11.7206 -8.51553 6.35
      vertex -11.0981 -9.31238 0
    endloop
  endfacet
  facet normal 0.788043 0.61562 0
    outer loop
      vertex -11.7206 -8.51553 6.35
      vertex -11.0981 -9.31238 6.35
      vertex -11.0981 -9.31238 0
    endloop
  endfacet
  facet normal 0.788043 -0.61562 0
    outer loop
      vertex -11.7206 8.51553 0
      vertex -11.0981 9.31238 0
      vertex -11.0981 9.31238 6.35
    endloop
  endfacet
  facet normal 0.788043 -0.61562 0
    outer loop
      vertex -11.7206 8.51553 0
      vertex -11.0981 9.31238 6.35
      vertex -11.7206 8.51553 6.35
    endloop
  endfacet
  facet normal 0.82902 0.55922 0
    outer loop
      vertex -12.2861 -7.6772 0
      vertex -12.2861 -7.6772 6.35
      vertex -11.7206 -8.51553 0
    endloop
  endfacet
  facet normal 0.82902 0.55922 0
    outer loop
      vertex -12.2861 -7.6772 6.35
      vertex -11.7206 -8.51553 6.35
      vertex -11.7206 -8.51553 0
    endloop
  endfacet
  facet normal 0.82902 -0.55922 0
    outer loop
      vertex -12.2861 7.6772 0
      vertex -11.7206 8.51553 0
      vertex -11.7206 8.51553 6.35
    endloop
  endfacet
  facet normal 0.82902 -0.55922 0
    outer loop
      vertex -12.2861 7.6772 0
      vertex -11.7206 8.51553 6.35
      vertex -12.2861 7.6772 6.35
    endloop
  endfacet
  facet normal 0.866027 0.499998 0
    outer loop
      vertex -12.7917 -6.80147 0
      vertex -12.7917 -6.80147 6.35
      vertex -12.2861 -7.6772 0
    endloop
  endfacet
  facet normal 0.866027 0.499998 0
    outer loop
      vertex -12.7917 -6.80147 6.35
      vertex -12.2861 -7.6772 6.35
      vertex -12.2861 -7.6772 0
    endloop
  endfacet
  facet normal 0.866027 -0.499998 0
    outer loop
      vertex -12.7917 6.80147 0
      vertex -12.2861 7.6772 0
      vertex -12.2861 7.6772 6.35
    endloop
  endfacet
  facet normal 0.866027 -0.499998 0
    outer loop
      vertex -12.7917 6.80147 0
      vertex -12.2861 7.6772 6.35
      vertex -12.7917 6.80147 6.35
    endloop
  endfacet
  facet normal 0.89879 0.438379 0
    outer loop
      vertex -13.235 -5.89259 0
      vertex -13.235 -5.89259 6.35
      vertex -12.7917 -6.80147 0
    endloop
  endfacet
  facet normal 0.89879 0.438379 0
    outer loop
      vertex -13.235 -5.89259 6.35
      vertex -12.7917 -6.80147 6.35
      vertex -12.7917 -6.80147 0
    endloop
  endfacet
  facet normal 0.89879 -0.438379 0
    outer loop
      vertex -13.235 5.89259 0
      vertex -12.7917 6.80147 0
      vertex -12.7917 6.80147 6.35
    endloop
  endfacet
  facet normal 0.89879 -0.438379 0
    outer loop
      vertex -13.235 5.89259 0
      vertex -12.7917 6.80147 6.35
      vertex -13.235 5.89259 6.35
    endloop
  endfacet
  facet normal -0.275644 -0.96126 0
    outer loop
      vertex -13.4306 -41.3353 0
      vertex -10.5145 -42.1715 0
      vertex -13.4306 -41.3353 6.35
    endloop
  endfacet
  facet normal 0 0 -1
    outer loop
      vertex -13.4306 -41.3353 0
      vertex -4.47688 -13.7784 0
      vertex -10.5145 -42.1715 0
    endloop
  endfacet
  facet normal -0.275644 -0.96126 0
    outer loop
      vertex -13.4306 -41.3353 6.35
      vertex -10.5145 -42.1715 0
      vertex -10.5145 -42.1715 6.35
    endloop
  endfacet
  facet normal 0 0 1
    outer loop
      vertex -13.4306 -41.3353 6.35
      vertex -10.5145 -42.1715 6.35
      vertex -4.47688 -13.7784 6.35
    endloop
  endfacet
  facet normal 0 0 -1
    outer loop
      vertex -13.4306 41.3353 0
      vertex -10.5145 42.1715 0
      vertex -4.47688 13.7784 0
    endloop
  endfacet
  facet normal -0.275644 0.96126 0
    outer loop
      vertex -13.4306 41.3353 0
      vertex -10.5145 42.1715 6.35
      vertex -10.5145 42.1715 0
    endloop
  endfacet
  facet normal -0.275644 0.96126 0
    outer loop
      vertex -13.4306 41.3353 0
      vertex -13.4306 41.3353 6.35
      vertex -10.5145 42.1715 6.35
    endloop
  endfacet
  facet normal 0 0 1
    outer loop
      vertex -13.4306 41.3353 6.35
      vertex -4.47688 13.7784 6.35
      vertex -10.5145 42.1715 6.35
    endloop
  endfacet
  facet normal 0.927188 0.374597 0
    outer loop
      vertex -13.6138 -4.955 0
      vertex -13.6138 -4.955 6.35
      vertex -13.235 -5.89259 0
    endloop
  endfacet
  facet normal 0.927188 0.374597 0
    outer loop
      vertex -13.6138 -4.955 6.35
      vertex -13.235 -5.89259 6.35
      vertex -13.235 -5.89259 0
    endloop
  endfacet
  facet normal 0.927188 -0.374597 0
    outer loop
      vertex -13.6138 4.955 0
      vertex -13.235 5.89259 0
      vertex -13.235 5.89259 6.35
    endloop
  endfacet
  facet normal 0.927188 -0.374597 0
    outer loop
      vertex -13.6138 4.955 0
      vertex -13.235 5.89259 6.35
      vertex -13.6138 4.955 6.35
    endloop
  endfacet
  facet normal 0.95105 0.309036 0
    outer loop
      vertex -13.9263 -3.99329 0
      vertex -13.9263 -3.99329 6.35
      vertex -13.6138 -4.955 0
    endloop
  endfacet
  facet normal 0.95105 0.309036 0
    outer loop
      vertex -13.9263 -3.99329 6.35
      vertex -13.6138 -4.955 6.35
      vertex -13.6138 -4.955 0
    endloop
  endfacet
  facet normal 0.95105 -0.309036 0
    outer loop
      vertex -13.9263 3.99329 0
      vertex -13.6138 4.955 0
      vertex -13.6138 4.955 6.35
    endloop
  endfacet
  facet normal 0.95105 -0.309036 0
    outer loop
      vertex -13.9263 3.99329 0
      vertex -13.6138 4.955 6.35
      vertex -13.9263 3.99329 6.35
    endloop
  endfacet
  facet normal 0.970303 0.241891 0
    outer loop
      vertex -14.1709 -3.01212 0
      vertex -14.1709 -3.01212 6.35
      vertex -13.9263 -3.99329 0
    endloop
  endfacet
  facet normal 0.970303 0.241891 0
    outer loop
      vertex -14.1709 -3.01212 6.35
      vertex -13.9263 -3.99329 6.35
      vertex -13.9263 -3.99329 0
    endloop
  endfacet
  facet normal 0.970303 -0.241891 0
    outer loop
      vertex -14.1709 3.01212 0
      vertex -13.9263 3.99329 0
      vertex -13.9263 3.99329 6.35
    endloop
  endfacet
  facet normal 0.970303 -0.241891 0
    outer loop
      vertex -14.1709 3.01212 0
      vertex -13.9263 3.99329 6.35
      vertex -14.1709 3.01212 6.35
    endloop
  endfacet
  facet normal 0.984807 0.173653 0
    outer loop
      vertex -14.3465 -2.01627 0
      vertex -14.3465 -2.01627 6.35
      vertex -14.1709 -3.01212 0
    endloop
  endfacet
  facet normal 0.984807 0.173653 0
    outer loop
      vertex -14.3465 -2.01627 6.35
      vertex -14.1709 -3.01212 6.35
      vertex -14.1709 -3.01212 0
    endloop
  endfacet
  facet normal 0.984807 -0.173653 0
    outer loop
      vertex -14.3465 2.01627 0
      vertex -14.1709 3.01212 0
      vertex -14.1709 3.01212 6.35
    endloop
  endfacet
  facet normal 0.984807 -0.173653 0
    outer loop
      vertex -14.3465 2.01627 0
      vertex -14.1709 3.01212 6.35
      vertex -14.3465 2.01627 6.35
    endloop
  endfacet
  facet normal 0.994522 0.104527 0
    outer loop
      vertex -14.4522 -1.01059 0
      vertex -14.4522 -1.01059 6.35
      vertex -14.3465 -2.01627 0
    endloop
  endfacet
  facet normal 0.994522 0.104527 0
    outer loop
      vertex -14.4522 -1.01059 6.35
      vertex -14.3465 -2.01627 6.35
      vertex -14.3465 -2.01627 0
    endloop
  endfacet
  facet normal 0.994522 -0.104527 0
    outer loop
      vertex -14.4522 1.01059 0
      vertex -14.3465 2.01627 0
      vertex -14.3465 2.01627 6.35
    endloop
  endfacet
  facet normal 0.994522 -0.104527 0
    outer loop
      vertex -14.4522 1.01059 0
      vertex -14.3465 2.01627 6.35
      vertex -14.4522 1.01059 6.35
    endloop
  endfacet
  facet normal 0.999391 -0.0349088 0
    outer loop
      vertex -14.4875 0 0
      vertex -14.4522 1.01059 0
      vertex -14.4522 1.01059 6.35
    endloop
  endfacet
  facet normal 0.999391 -0.0349088 0
    outer loop
      vertex -14.4875 0 0
      vertex -14.4522 1.01059 6.35
      vertex -14.4875 0 6.35
    endloop
  endfacet
  facet normal 0.999391 0.0349088 0
    outer loop
      vertex -14.4875 0 0
      vertex -14.4875 0 6.35
      vertex -14.4522 -1.01059 0
    endloop
  endfacet
  facet normal 0.999391 0.0349088 0
    outer loop
      vertex -14.4875 0 6.35
      vertex -14.4522 -1.01059 6.35
      vertex -14.4522 -1.01059 0
    endloop
  endfacet
  facet normal -0.342029 -0.939689 0
    outer loop
      vertex -16.2813 -40.2977 0
      vertex -13.4306 -41.3353 0
      vertex -16.2813 -40.2977 6.35
    endloop
  endfacet
  facet normal 0 0 -1
    outer loop
      vertex -16.2813 -40.2977 0
      vertex -4.47688 -13.7784 0
      vertex -13.4306 -41.3353 0
    endloop
  endfacet
  facet normal 0 0 -1
    outer loop
      vertex -16.2813 -40.2977 0
      vertex -5.42711 -13.4326 0
      vertex -4.47688 -13.7784 0
    endloop
  endfacet
  facet normal -0.342029 -0.939689 0
    outer loop
      vertex -16.2813 -40.2977 6.35
      vertex -13.4306 -41.3353 0
      vertex -13.4306 -41.3353 6.35
    endloop
  endfacet
  facet normal 0 0 1
    outer loop
      vertex -16.2813 -40.2977 6.35
      vertex -13.4306 -41.3353 6.35
      vertex -4.47688 -13.7784 6.35
    endloop
  endfacet
  facet normal 0 0 1
    outer loop
      vertex -16.2813 -40.2977 6.35
      vertex -4.47688 -13.7784 6.35
      vertex -5.42711 -13.4326 6.35
    endloop
  endfacet
  facet normal 0 0 -1
    outer loop
      vertex -16.2813 40.2977 0
      vertex -13.4306 41.3353 0
      vertex -4.47688 13.7784 0
    endloop
  endfacet
  facet normal -0.342029 0.939689 0
    outer loop
      vertex -16.2813 40.2977 0
      vertex -13.4306 41.3353 6.35
      vertex -13.4306 41.3353 0
    endloop
  endfacet
  facet normal -0.342029 0.939689 0
    outer loop
      vertex -16.2813 40.2977 0
      vertex -16.2813 40.2977 6.35
      vertex -13.4306 41.3353 6.35
    endloop
  endfacet
  facet normal 0 0 -1
    outer loop
      vertex -16.2813 40.2977 0
      vertex -4.47688 13.7784 0
      vertex -5.42711 13.4326 0
    endloop
  endfacet
  facet normal 0 0 1
    outer loop
      vertex -16.2813 40.2977 6.35
      vertex -4.47688 13.7784 6.35
      vertex -13.4306 41.3353 6.35
    endloop
  endfacet
  facet normal 0 0 1
    outer loop
      vertex -16.2813 40.2977 6.35
      vertex -5.42711 13.4326 6.35
      vertex -4.47688 13.7784 6.35
    endloop
  endfacet
  facet normal -0.406735 -0.913546 0
    outer loop
      vertex -19.0527 -39.0638 0
      vertex -16.2813 -40.2977 0
      vertex -19.0527 -39.0638 6.35
    endloop
  endfacet
  facet normal 0 0 -1
    outer loop
      vertex -19.0527 -39.0638 0
      vertex -5.42711 -13.4326 0
      vertex -16.2813 -40.2977 0
    endloop
  endfacet
  facet normal 0 0 -1
    outer loop
      vertex -19.0527 -39.0638 0
      vertex -6.35089 -13.0213 0
      vertex -5.42711 -13.4326 0
    endloop
  endfacet
  facet normal 0 0 -1
    outer loop
      vertex -19.0527 -39.0638 0
      vertex -7.24374 -12.5465 0
      vertex -6.35089 -13.0213 0
    endloop
  endfacet
  facet normal -0.406735 -0.913546 0
    outer loop
      vertex -19.0527 -39.0638 6.35
      vertex -16.2813 -40.2977 0
      vertex -16.2813 -40.2977 6.35
    endloop
  endfacet
  facet normal 0 0 1
    outer loop
      vertex -19.0527 -39.0638 6.35
      vertex -16.2813 -40.2977 6.35
      vertex -5.42711 -13.4326 6.35
    endloop
  endfacet
  facet normal 0 0 1
    outer loop
      vertex -19.0527 -39.0638 6.35
      vertex -5.42711 -13.4326 6.35
      vertex -6.35089 -13.0213 6.35
    endloop
  endfacet
  facet normal 0 0 1
    outer loop
      vertex -19.0527 -39.0638 6.35
      vertex -6.35089 -13.0213 6.35
      vertex -7.24374 -12.5465 6.35
    endloop
  endfacet
  facet normal 0 0 -1
    outer loop
      vertex -19.0527 39.0638 0
      vertex -16.2813 40.2977 0
      vertex -5.42711 13.4326 0
    endloop
  endfacet
  facet normal -0.406735 0.913546 0
    outer loop
      vertex -19.0527 39.0638 0
      vertex -16.2813 40.2977 6.35
      vertex -16.2813 40.2977 0
    endloop
  endfacet
  facet normal -0.406735 0.913546 0
    outer loop
      vertex -19.0527 39.0638 0
      vertex -19.0527 39.0638 6.35
      vertex -16.2813 40.2977 6.35
    endloop
  endfacet
  facet normal 0 0 -1
    outer loop
      vertex -19.0527 39.0638 0
      vertex -5.42711 13.4326 0
      vertex -6.35089 13.0213 0
    endloop
  endfacet
  facet normal 0 0 -1
    outer loop
      vertex -19.0527 39.0638 0
      vertex -6.35089 13.0213 0
      vertex -7.24374 12.5465 0
    endloop
  endfacet
  facet normal 0 0 1
    outer loop
      vertex -19.0527 39.0638 6.35
      vertex -5.42711 13.4326 6.35
      vertex -16.2813 40.2977 6.35
    endloop
  endfacet
  facet normal 0 0 1
    outer loop
      vertex -19.0527 39.0638 6.35
      vertex -6.35089 13.0213 6.35
      vertex -5.42711 13.4326 6.35
    endloop
  endfacet
  facet normal 0 0 1
    outer loop
      vertex -19.0527 39.0638 6.35
      vertex -7.24374 12.5465 6.35
      vertex -6.35089 13.0213 6.35
    endloop
  endfacet
  facet normal 0.139139 0.990273 0
    outer loop
      vertex -2.51572 -14.2674 0
      vertex -2.51572 -14.2674 6.35
      vertex -1.51434 -14.4081 0
    endloop
  endfacet
  facet normal 0.139139 0.990273 0
    outer loop
      vertex -2.51572 -14.2674 6.35
      vertex -1.51434 -14.4081 6.35
      vertex -1.51434 -14.4081 0
    endloop
  endfacet
  facet normal 0.139139 -0.990273 0
    outer loop
      vertex -2.51572 14.2674 0
      vertex -1.51434 14.4081 0
      vertex -1.51434 14.4081 6.35
    endloop
  endfacet
  facet normal 0.139139 -0.990273 0
    outer loop
      vertex -2.51572 14.2674 0
      vertex -1.51434 14.4081 6.35
      vertex -2.51572 14.2674 6.35
    endloop
  endfacet
  facet normal -0.469476 -0.882945 0
    outer loop
      vertex -21.7312 -37.6396 0
      vertex -19.0527 -39.0638 0
      vertex -21.7312 -37.6396 6.35
    endloop
  endfacet
  facet normal 0 0 -1
    outer loop
      vertex -21.7312 -37.6396 0
      vertex -7.24374 -12.5465 0
      vertex -19.0527 -39.0638 0
    endloop
  endfacet
  facet normal 0 0 -1
    outer loop
      vertex -21.7312 -37.6396 0
      vertex -8.1013 -12.0107 0
      vertex -7.24374 -12.5465 0
    endloop
  endfacet
  facet normal -0.469476 -0.882945 0
    outer loop
      vertex -21.7312 -37.6396 6.35
      vertex -19.0527 -39.0638 0
      vertex -19.0527 -39.0638 6.35
    endloop
  endfacet
  facet normal 0 0 1
    outer loop
      vertex -21.7312 -37.6396 6.35
      vertex -19.0527 -39.0638 6.35
      vertex -7.24374 -12.5465 6.35
    endloop
  endfacet
  facet normal 0 0 1
    outer loop
      vertex -21.7312 -37.6396 6.35
      vertex -7.24374 -12.5465 6.35
      vertex -8.1013 -12.0107 6.35
    endloop
  endfacet
  facet normal 0 0 -1
    outer loop
      vertex -21.7312 37.6396 0
      vertex -19.0527 39.0638 0
      vertex -7.24374 12.5465 0
    endloop
  endfacet
  facet normal -0.469476 0.882945 0
    outer loop
      vertex -21.7312 37.6396 0
      vertex -19.0527 39.0638 6.35
      vertex -19.0527 39.0638 0
    endloop
  endfacet
  facet normal -0.469476 0.882945 0
    outer loop
      vertex -21.7312 37.6396 0
      vertex -21.7312 37.6396 6.35
      vertex -19.0527 39.0638 6.35
    endloop
  endfacet
  facet normal 0 0 -1
    outer loop
      vertex -21.7312 37.6396 0
      vertex -7.24374 12.5465 0
      vertex -8.1013 12.0107 0
    endloop
  endfacet
  facet normal 0 0 1
    outer loop
      vertex -21.7312 37.6396 6.35
      vertex -7.24374 12.5465 6.35
      vertex -19.0527 39.0638 6.35
    endloop
  endfacet
  facet normal 0 0 1
    outer loop
      vertex -21.7312 37.6396 6.35
      vertex -8.1013 12.0107 6.35
      vertex -7.24374 12.5465 6.35
    endloop
  endfacet
  facet normal -0.529919 -0.848048 0
    outer loop
      vertex -24.3039 -36.032 0
      vertex -21.7312 -37.6396 0
      vertex -24.3039 -36.032 6.35
    endloop
  endfacet
  facet normal 0 0 -1
    outer loop
      vertex -24.3039 -36.032 0
      vertex -8.1013 -12.0107 0
      vertex -21.7312 -37.6396 0
    endloop
  endfacet
  facet normal -0.529919 -0.848048 0
    outer loop
      vertex -24.3039 -36.032 6.35
      vertex -21.7312 -37.6396 0
      vertex -21.7312 -37.6396 6.35
    endloop
  endfacet
  facet normal 0 0 1
    outer loop
      vertex -24.3039 -36.032 6.35
      vertex -21.7312 -37.6396 6.35
      vertex -8.1013 -12.0107 6.35
    endloop
  endfacet
  facet normal 0 0 -1
    outer loop
      vertex -24.3039 36.032 0
      vertex -21.7312 37.6396 0
      vertex -8.1013 12.0107 0
    endloop
  endfacet
  facet normal -0.529919 0.848048 0
    outer loop
      vertex -24.3039 36.032 0
      vertex -21.7312 37.6396 6.35
      vertex -21.7312 37.6396 0
    endloop
  endfacet
  facet normal -0.529919 0.848048 0
    outer loop
      vertex -24.3039 36.032 0
      vertex -24.3039 36.032 6.35
      vertex -21.7312 37.6396 6.35
    endloop
  endfacet
  facet normal 0 0 1
    outer loop
      vertex -24.3039 36.032 6.35
      vertex -8.1013 12.0107 6.35
      vertex -21.7312 37.6396 6.35
    endloop
  endfacet
  facet normal -0.587774 -0.809025 0
    outer loop
      vertex -26.7582 -34.2489 0
      vertex -24.3039 -36.032 0
      vertex -26.7582 -34.2489 6.35
    endloop
  endfacet
  facet normal 0 0 -1
    outer loop
      vertex -26.7582 -34.2489 0
      vertex -8.1013 -12.0107 0
      vertex -24.3039 -36.032 0
    endloop
  endfacet
  facet normal 0 0 -1
    outer loop
      vertex -26.7582 -34.2489 0
      vertex -8.91939 -11.4163 0
      vertex -8.1013 -12.0107 0
    endloop
  endfacet
  facet normal -0.587774 -0.809025 0
    outer loop
      vertex -26.7582 -34.2489 6.35
      vertex -24.3039 -36.032 0
      vertex -24.3039 -36.032 6.35
    endloop
  endfacet
  facet normal 0 0 1
    outer loop
      vertex -26.7582 -34.2489 6.35
      vertex -24.3039 -36.032 6.35
      vertex -8.1013 -12.0107 6.35
    endloop
  endfacet
  facet normal 0 0 1
    outer loop
      vertex -26.7582 -34.2489 6.35
      vertex -8.1013 -12.0107 6.35
      vertex -8.91939 -11.4163 6.35
    endloop
  endfacet
  facet normal 0 0 -1
    outer loop
      vertex -26.7582 34.2489 0
      vertex -24.3039 36.032 0
      vertex -8.1013 12.0107 0
    endloop
  endfacet
  facet normal -0.587774 0.809025 0
    outer loop
      vertex -26.7582 34.2489 0
      vertex -24.3039 36.032 6.35
      vertex -24.3039 36.032 0
    endloop
  endfacet
  facet normal -0.587774 0.809025 0
    outer loop
      vertex -26.7582 34.2489 0
      vertex -26.7582 34.2489 6.35
      vertex -24.3039 36.032 6.35
    endloop
  endfacet
  facet normal 0 0 -1
    outer loop
      vertex -26.7582 34.2489 0
      vertex -8.1013 12.0107 0
      vertex -8.91939 11.4163 0
    endloop
  endfacet
  facet normal 0 0 1
    outer loop
      vertex -26.7582 34.2489 6.35
      vertex -8.1013 12.0107 6.35
      vertex -24.3039 36.032 6.35
    endloop
  endfacet
  facet normal 0 0 1
    outer loop
      vertex -26.7582 34.2489 6.35
      vertex -8.91939 11.4163 6.35
      vertex -8.1013 12.0107 6.35
    endloop
  endfacet
  facet normal 0 0 -1
    outer loop
      vertex -29.0821 -32.2989 0
      vertex -10.4214 -10.0639 0
      vertex -9.69402 -10.7663 0
    endloop
  endfacet
  facet normal -0.642791 -0.766042 0
    outer loop
      vertex -29.0821 -32.2989 0
      vertex -26.7582 -34.2489 0
      vertex -29.0821 -32.2989 6.35
    endloop
  endfacet
  facet normal 0 0 -1
    outer loop
      vertex -29.0821 -32.2989 0
      vertex -8.91939 -11.4163 0
      vertex -26.7582 -34.2489 0
    endloop
  endfacet
  facet normal 0 0 -1
    outer loop
      vertex -29.0821 -32.2989 0
      vertex -9.69402 -10.7663 0
      vertex -8.91939 -11.4163 0
    endloop
  endfacet
  facet normal -0.642791 -0.766042 0
    outer loop
      vertex -29.0821 -32.2989 6.35
      vertex -26.7582 -34.2489 0
      vertex -26.7582 -34.2489 6.35
    endloop
  endfacet
  facet normal 0 0 1
    outer loop
      vertex -29.0821 -32.2989 6.35
      vertex -26.7582 -34.2489 6.35
      vertex -8.91939 -11.4163 6.35
    endloop
  endfacet
  facet normal 0 0 1
    outer loop
      vertex -29.0821 -32.2989 6.35
      vertex -8.91939 -11.4163 6.35
      vertex -9.69402 -10.7663 6.35
    endloop
  endfacet
  facet normal 0 0 1
    outer loop
      vertex -29.0821 -32.2989 6.35
      vertex -9.69402 -10.7663 6.35
      vertex -10.4214 -10.0639 6.35
    endloop
  endfacet
  facet normal 0 0 -1
    outer loop
      vertex -29.0821 32.2989 0
      vertex -26.7582 34.2489 0
      vertex -8.91939 11.4163 0
    endloop
  endfacet
  facet normal -0.642791 0.766042 0
    outer loop
      vertex -29.0821 32.2989 0
      vertex -26.7582 34.2489 6.35
      vertex -26.7582 34.2489 0
    endloop
  endfacet
  facet normal -0.642791 0.766042 0
    outer loop
      vertex -29.0821 32.2989 0
      vertex -29.0821 32.2989 6.35
      vertex -26.7582 34.2489 6.35
    endloop
  endfacet
  facet normal 0 0 -1
    outer loop
      vertex -29.0821 32.2989 0
      vertex -8.91939 11.4163 0
      vertex -9.69402 10.7663 0
    endloop
  endfacet
  facet normal 0 0 -1
    outer loop
      vertex -29.0821 32.2989 0
      vertex -9.69402 10.7663 0
      vertex -10.4214 10.0639 0
    endloop
  endfacet
  facet normal 0 0 1
    outer loop
      vertex -29.0821 32.2989 6.35
      vertex -10.4214 10.0639 6.35
      vertex -9.69402 10.7663 6.35
    endloop
  endfacet
  facet normal 0 0 1
    outer loop
      vertex -29.0821 32.2989 6.35
      vertex -8.91939 11.4163 6.35
      vertex -26.7582 34.2489 6.35
    endloop
  endfacet
  facet normal 0 0 1
    outer loop
      vertex -29.0821 32.2989 6.35
      vertex -9.69402 10.7663 6.35
      vertex -8.91939 11.4163 6.35
    endloop
  endfacet
  facet normal 0.207965 0.978136 0
    outer loop
      vertex -3.50484 -14.0571 0
      vertex -3.50484 -14.0571 6.35
      vertex -2.51572 -14.2674 0
    endloop
  endfacet
  facet normal 0.207965 0.978136 0
    outer loop
      vertex -3.50484 -14.0571 6.35
      vertex -2.51572 -14.2674 6.35
      vertex -2.51572 -14.2674 0
    endloop
  endfacet
  facet normal 0.207965 -0.978136 0
    outer loop
      vertex -3.50484 14.0571 0
      vertex -2.51572 14.2674 0
      vertex -2.51572 14.2674 6.35
    endloop
  endfacet
  facet normal 0.207965 -0.978136 0
    outer loop
      vertex -3.50484 14.0571 0
      vertex -2.51572 14.2674 6.35
      vertex -3.50484 14.0571 6.35
    endloop
  endfacet
  facet normal 0 0 -1
    outer loop
      vertex -31.2643 -30.1916 0
      vertex -10.4214 -10.0639 0
      vertex -29.0821 -32.2989 0
    endloop
  endfacet
  facet normal -0.694654 -0.719344 0
    outer loop
      vertex -31.2643 -30.1916 0
      vertex -29.0821 -32.2989 0
      vertex -31.2643 -30.1916 6.35
    endloop
  endfacet
  facet normal -0.694654 -0.719344 0
    outer loop
      vertex -31.2643 -30.1916 6.35
      vertex -29.0821 -32.2989 0
      vertex -29.0821 -32.2989 6.35
    endloop
  endfacet
  facet normal 0 0 1
    outer loop
      vertex -31.2643 -30.1916 6.35
      vertex -29.0821 -32.2989 6.35
      vertex -10.4214 -10.0639 6.35
    endloop
  endfacet
  facet normal 0 0 -1
    outer loop
      vertex -31.2643 30.1916 0
      vertex -29.0821 32.2989 0
      vertex -10.4214 10.0639 0
    endloop
  endfacet
  facet normal -0.694654 0.719344 0
    outer loop
      vertex -31.2643 30.1916 0
      vertex -29.0821 32.2989 6.35
      vertex -29.0821 32.2989 0
    endloop
  endfacet
  facet normal -0.694654 0.719344 0
    outer loop
      vertex -31.2643 30.1916 0
      vertex -31.2643 30.1916 6.35
      vertex -29.0821 32.2989 6.35
    endloop
  endfacet
  facet normal 0 0 1
    outer loop
      vertex -31.2643 30.1916 6.35
      vertex -10.4214 10.0639 6.35
      vertex -29.0821 32.2989 6.35
    endloop
  endfacet
  facet normal 0 0 -1
    outer loop
      vertex -33.2942 -27.9371 0
      vertex -10.4214 -10.0639 0
      vertex -31.2643 -30.1916 0
    endloop
  endfacet
  facet normal 0 0 -1
    outer loop
      vertex -33.2942 -27.9371 0
      vertex -11.0981 -9.31238 0
      vertex -10.4214 -10.0639 0
    endloop
  endfacet
  facet normal -0.743155 -0.66912 0
    outer loop
      vertex -33.2942 -27.9371 0
      vertex -31.2643 -30.1916 0
      vertex -33.2942 -27.9371 6.35
    endloop
  endfacet
  facet normal 0 0 1
    outer loop
      vertex -33.2942 -27.9371 6.35
      vertex -10.4214 -10.0639 6.35
      vertex -11.0981 -9.31238 6.35
    endloop
  endfacet
  facet normal -0.743155 -0.66912 0
    outer loop
      vertex -33.2942 -27.9371 6.35
      vertex -31.2643 -30.1916 0
      vertex -31.2643 -30.1916 6.35
    endloop
  endfacet
  facet normal 0 0 1
    outer loop
      vertex -33.2942 -27.9371 6.35
      vertex -31.2643 -30.1916 6.35
      vertex -10.4214 -10.0639 6.35
    endloop
  endfacet
  facet normal 0 0 -1
    outer loop
      vertex -33.2942 27.9371 0
      vertex -10.4214 10.0639 0
      vertex -11.0981 9.31238 0
    endloop
  endfacet
  facet normal 0 0 -1
    outer loop
      vertex -33.2942 27.9371 0
      vertex -31.2643 30.1916 0
      vertex -10.4214 10.0639 0
    endloop
  endfacet
  facet normal -0.743155 0.66912 0
    outer loop
      vertex -33.2942 27.9371 0
      vertex -31.2643 30.1916 6.35
      vertex -31.2643 30.1916 0
    endloop
  endfacet
  facet normal -0.743155 0.66912 0
    outer loop
      vertex -33.2942 27.9371 0
      vertex -33.2942 27.9371 6.35
      vertex -31.2643 30.1916 6.35
    endloop
  endfacet
  facet normal 0 0 1
    outer loop
      vertex -33.2942 27.9371 6.35
      vertex -10.4214 10.0639 6.35
      vertex -31.2643 30.1916 6.35
    endloop
  endfacet
  facet normal 0 0 1
    outer loop
      vertex -33.2942 27.9371 6.35
      vertex -11.0981 9.31238 6.35
      vertex -10.4214 10.0639 6.35
    endloop
  endfacet
  facet normal 0 0 -1
    outer loop
      vertex -35.1619 -25.5466 0
      vertex -11.0981 -9.31238 0
      vertex -33.2942 -27.9371 0
    endloop
  endfacet
  facet normal 0 0 -1
    outer loop
      vertex -35.1619 -25.5466 0
      vertex -11.7206 -8.51553 0
      vertex -11.0981 -9.31238 0
    endloop
  endfacet
  facet normal -0.788005 -0.615669 0
    outer loop
      vertex -35.1619 -25.5466 0
      vertex -33.2942 -27.9371 0
      vertex -35.1619 -25.5466 6.35
    endloop
  endfacet
  facet normal 0 0 1
    outer loop
      vertex -35.1619 -25.5466 6.35
      vertex -11.0981 -9.31238 6.35
      vertex -11.7206 -8.51553 6.35
    endloop
  endfacet
  facet normal -0.788005 -0.615669 0
    outer loop
      vertex -35.1619 -25.5466 6.35
      vertex -33.2942 -27.9371 0
      vertex -33.2942 -27.9371 6.35
    endloop
  endfacet
  facet normal 0 0 1
    outer loop
      vertex -35.1619 -25.5466 6.35
      vertex -33.2942 -27.9371 6.35
      vertex -11.0981 -9.31238 6.35
    endloop
  endfacet
  facet normal 0 0 -1
    outer loop
      vertex -35.1619 25.5466 0
      vertex -11.0981 9.31238 0
      vertex -11.7206 8.51553 0
    endloop
  endfacet
  facet normal 0 0 -1
    outer loop
      vertex -35.1619 25.5466 0
      vertex -33.2942 27.9371 0
      vertex -11.0981 9.31238 0
    endloop
  endfacet
  facet normal -0.788005 0.615669 0
    outer loop
      vertex -35.1619 25.5466 0
      vertex -33.2942 27.9371 6.35
      vertex -33.2942 27.9371 0
    endloop
  endfacet
  facet normal -0.788005 0.615669 0
    outer loop
      vertex -35.1619 25.5466 0
      vertex -35.1619 25.5466 6.35
      vertex -33.2942 27.9371 6.35
    endloop
  endfacet
  facet normal 0 0 1
    outer loop
      vertex -35.1619 25.5466 6.35
      vertex -11.0981 9.31238 6.35
      vertex -33.2942 27.9371 6.35
    endloop
  endfacet
  facet normal 0 0 1
    outer loop
      vertex -35.1619 25.5466 6.35
      vertex -11.7206 8.51553 6.35
      vertex -11.0981 9.31238 6.35
    endloop
  endfacet
  facet normal 0 0 -1
    outer loop
      vertex -36.8583 -23.0316 0
      vertex -11.7206 -8.51553 0
      vertex -35.1619 -25.5466 0
    endloop
  endfacet
  facet normal 0 0 -1
    outer loop
      vertex -36.8583 -23.0316 0
      vertex -12.2861 -7.6772 0
      vertex -11.7206 -8.51553 0
    endloop
  endfacet
  facet normal 0 0 -1
    outer loop
      vertex -36.8583 -23.0316 0
      vertex -12.7917 -6.80147 0
      vertex -12.2861 -7.6772 0
    endloop
  endfacet
  facet normal -0.829036 -0.559195 0
    outer loop
      vertex -36.8583 -23.0316 0
      vertex -35.1619 -25.5466 0
      vertex -36.8583 -23.0316 6.35
    endloop
  endfacet
  facet normal 0 0 1
    outer loop
      vertex -36.8583 -23.0316 6.35
      vertex -11.7206 -8.51553 6.35
      vertex -12.2861 -7.6772 6.35
    endloop
  endfacet
  facet normal 0 0 1
    outer loop
      vertex -36.8583 -23.0316 6.35
      vertex -12.2861 -7.6772 6.35
      vertex -12.7917 -6.80147 6.35
    endloop
  endfacet
  facet normal -0.829036 -0.559195 0
    outer loop
      vertex -36.8583 -23.0316 6.35
      vertex -35.1619 -25.5466 0
      vertex -35.1619 -25.5466 6.35
    endloop
  endfacet
  facet normal 0 0 1
    outer loop
      vertex -36.8583 -23.0316 6.35
      vertex -35.1619 -25.5466 6.35
      vertex -11.7206 -8.51553 6.35
    endloop
  endfacet
  facet normal 0 0 -1
    outer loop
      vertex -36.8583 23.0316 0
      vertex -11.7206 8.51553 0
      vertex -12.2861 7.6772 0
    endloop
  endfacet
  facet normal 0 0 -1
    outer loop
      vertex -36.8583 23.0316 0
      vertex -12.2861 7.6772 0
      vertex -12.7917 6.80147 0
    endloop
  endfacet
  facet normal 0 0 -1
    outer loop
      vertex -36.8583 23.0316 0
      vertex -35.1619 25.5466 0
      vertex -11.7206 8.51553 0
    endloop
  endfacet
  facet normal -0.829036 0.559195 0
    outer loop
      vertex -36.8583 23.0316 0
      vertex -35.1619 25.5466 6.35
      vertex -35.1619 25.5466 0
    endloop
  endfacet
  facet normal -0.829036 0.559195 0
    outer loop
      vertex -36.8583 23.0316 0
      vertex -36.8583 23.0316 6.35
      vertex -35.1619 25.5466 6.35
    endloop
  endfacet
  facet normal 0 0 1
    outer loop
      vertex -36.8583 23.0316 6.35
      vertex -11.7206 8.51553 6.35
      vertex -35.1619 25.5466 6.35
    endloop
  endfacet
  facet normal 0 0 1
    outer loop
      vertex -36.8583 23.0316 6.35
      vertex -12.2861 7.6772 6.35
      vertex -11.7206 8.51553 6.35
    endloop
  endfacet
  facet normal 0 0 1
    outer loop
      vertex -36.8583 23.0316 6.35
      vertex -12.7917 6.80147 6.35
      vertex -12.2861 7.6772 6.35
    endloop
  endfacet
  facet normal 0 0 -1
    outer loop
      vertex -38.3751 -20.4044 0
      vertex -12.7917 -6.80147 0
      vertex -36.8583 -23.0316 0
    endloop
  endfacet
  facet normal -0.866027 -0.499996 0
    outer loop
      vertex -38.3751 -20.4044 0
      vertex -36.8583 -23.0316 0
      vertex -38.3751 -20.4044 6.35
    endloop
  endfacet
  facet normal -0.866027 -0.499996 0
    outer loop
      vertex -38.3751 -20.4044 6.35
      vertex -36.8583 -23.0316 0
      vertex -36.8583 -23.0316 6.35
    endloop
  endfacet
  facet normal 0 0 1
    outer loop
      vertex -38.3751 -20.4044 6.35
      vertex -36.8583 -23.0316 6.35
      vertex -12.7917 -6.80147 6.35
    endloop
  endfacet
  facet normal 0 0 -1
    outer loop
      vertex -38.3751 20.4044 0
      vertex -36.8583 23.0316 0
      vertex -12.7917 6.80147 0
    endloop
  endfacet
  facet normal -0.866027 0.499996 0
    outer loop
      vertex -38.3751 20.4044 0
      vertex -36.8583 23.0316 6.35
      vertex -36.8583 23.0316 0
    endloop
  endfacet
  facet normal -0.866027 0.499996 0
    outer loop
      vertex -38.3751 20.4044 0
      vertex -38.3751 20.4044 6.35
      vertex -36.8583 23.0316 6.35
    endloop
  endfacet
  facet normal 0 0 1
    outer loop
      vertex -38.3751 20.4044 6.35
      vertex -12.7917 6.80147 6.35
      vertex -36.8583 23.0316 6.35
    endloop
  endfacet
  facet normal 0 0 -1
    outer loop
      vertex -39.705 -17.6778 0
      vertex -12.7917 -6.80147 0
      vertex -38.3751 -20.4044 0
    endloop
  endfacet
  facet normal 0 0 -1
    outer loop
      vertex -39.705 -17.6778 0
      vertex -13.235 -5.89259 0
      vertex -12.7917 -6.80147 0
    endloop
  endfacet
  facet normal -0.898788 -0.438384 0
    outer loop
      vertex -39.705 -17.6778 0
      vertex -38.3751 -20.4044 0
      vertex -39.705 -17.6778 6.35
    endloop
  endfacet
  facet normal 0 0 1
    outer loop
      vertex -39.705 -17.6778 6.35
      vertex -12.7917 -6.80147 6.35
      vertex -13.235 -5.89259 6.35
    endloop
  endfacet
  facet normal -0.898788 -0.438384 0
    outer loop
      vertex -39.705 -17.6778 6.35
      vertex -38.3751 -20.4044 0
      vertex -38.3751 -20.4044 6.35
    endloop
  endfacet
  facet normal 0 0 1
    outer loop
      vertex -39.705 -17.6778 6.35
      vertex -38.3751 -20.4044 6.35
      vertex -12.7917 -6.80147 6.35
    endloop
  endfacet
  facet normal 0 0 -1
    outer loop
      vertex -39.705 17.6778 0
      vertex -12.7917 6.80147 0
      vertex -13.235 5.89259 0
    endloop
  endfacet
  facet normal 0 0 -1
    outer loop
      vertex -39.705 17.6778 0
      vertex -38.3751 20.4044 0
      vertex -12.7917 6.80147 0
    endloop
  endfacet
  facet normal -0.898788 0.438384 0
    outer loop
      vertex -39.705 17.6778 0
      vertex -38.3751 20.4044 6.35
      vertex -38.3751 20.4044 0
    endloop
  endfacet
  facet normal -0.898788 0.438384 0
    outer loop
      vertex -39.705 17.6778 0
      vertex -39.705 17.6778 6.35
      vertex -38.3751 20.4044 6.35
    endloop
  endfacet
  facet normal 0 0 1
    outer loop
      vertex -39.705 17.6778 6.35
      vertex -12.7917 6.80147 6.35
      vertex -38.3751 20.4044 6.35
    endloop
  endfacet
  facet normal 0 0 1
    outer loop
      vertex -39.705 17.6778 6.35
      vertex -13.235 5.89259 6.35
      vertex -12.7917 6.80147 6.35
    endloop
  endfacet
  facet normal 0.275612 0.961269 0
    outer loop
      vertex -4.47688 -13.7784 0
      vertex -4.47688 -13.7784 6.35
      vertex -3.50484 -14.0571 0
    endloop
  endfacet
  facet normal 0.275612 0.961269 0
    outer loop
      vertex -4.47688 -13.7784 6.35
      vertex -3.50484 -14.0571 6.35
      vertex -3.50484 -14.0571 0
    endloop
  endfacet
  facet normal 0.275612 -0.961269 0
    outer loop
      vertex -4.47688 13.7784 0
      vertex -3.50484 14.0571 0
      vertex -3.50484 14.0571 6.35
    endloop
  endfacet
  facet normal 0.275612 -0.961269 0
    outer loop
      vertex -4.47688 13.7784 0
      vertex -3.50484 14.0571 6.35
      vertex -4.47688 13.7784 6.35
    endloop
  endfacet
  facet normal 0 0 -1
    outer loop
      vertex -4.54306 -43.2244 0
      vertex -0.5056 -14.4787 0
      vertex -1.51682 -43.436 0
    endloop
  endfacet
  facet normal 0 0 -1
    outer loop
      vertex -4.54306 -43.2244 0
      vertex -1.51434 -14.4081 0
      vertex -0.5056 -14.4787 0
    endloop
  endfacet
  facet normal -0.0697514 -0.997564 0
    outer loop
      vertex -4.54306 -43.2244 0
      vertex -1.51682 -43.436 0
      vertex -4.54306 -43.2244 6.35
    endloop
  endfacet
  facet normal 0 0 -1
    outer loop
      vertex -4.54306 -43.2244 0
      vertex -2.51572 -14.2674 0
      vertex -1.51434 -14.4081 0
    endloop
  endfacet
  facet normal 0 0 1
    outer loop
      vertex -4.54306 -43.2244 6.35
      vertex -0.5056 -14.4787 6.35
      vertex -1.51434 -14.4081 6.35
    endloop
  endfacet
  facet normal 0 0 1
    outer loop
      vertex -4.54306 -43.2244 6.35
      vertex -1.51434 -14.4081 6.35
      vertex -2.51572 -14.2674 6.35
    endloop
  endfacet
  facet normal -0.0697514 -0.997564 0
    outer loop
      vertex -4.54306 -43.2244 6.35
      vertex -1.51682 -43.436 0
      vertex -1.51682 -43.436 6.35
    endloop
  endfacet
  facet normal 0 0 1
    outer loop
      vertex -4.54306 -43.2244 6.35
      vertex -1.51682 -43.436 6.35
      vertex -0.5056 -14.4787 6.35
    endloop
  endfacet
  facet normal 0 0 -1
    outer loop
      vertex -4.54306 43.2244 0
      vertex -0.5056 14.4787 0
      vertex -1.51434 14.4081 0
    endloop
  endfacet
  facet normal 0 0 -1
    outer loop
      vertex -4.54306 43.2244 0
      vertex -1.51434 14.4081 0
      vertex -2.51572 14.2674 0
    endloop
  endfacet
  facet normal 0 0 -1
    outer loop
      vertex -4.54306 43.2244 0
      vertex -1.51682 43.436 0
      vertex -0.5056 14.4787 0
    endloop
  endfacet
  facet normal -0.0697514 0.997564 0
    outer loop
      vertex -4.54306 43.2244 0
      vertex -1.51682 43.436 6.35
      vertex -1.51682 43.436 0
    endloop
  endfacet
  facet normal -0.0697514 0.997564 0
    outer loop
      vertex -4.54306 43.2244 0
      vertex -4.54306 43.2244 6.35
      vertex -1.51682 43.436 6.35
    endloop
  endfacet
  facet normal 0 0 1
    outer loop
      vertex -4.54306 43.2244 6.35
      vertex -0.5056 14.4787 6.35
      vertex -1.51682 43.436 6.35
    endloop
  endfacet
  facet normal 0 0 1
    outer loop
      vertex -4.54306 43.2244 6.35
      vertex -1.51434 14.4081 6.35
      vertex -0.5056 14.4787 6.35
    endloop
  endfacet
  facet normal 0 0 1
    outer loop
      vertex -4.54306 43.2244 6.35
      vertex -2.51572 14.2674 6.35
      vertex -1.51434 14.4081 6.35
    endloop
  endfacet
  facet normal 0 0 -1
    outer loop
      vertex -40.8414 -14.865 0
      vertex -13.235 -5.89259 0
      vertex -39.705 -17.6778 0
    endloop
  endfacet
  facet normal 0 0 -1
    outer loop
      vertex -40.8414 -14.865 0
      vertex -13.6138 -4.955 0
      vertex -13.235 -5.89259 0
    endloop
  endfacet
  facet normal 0 0 -1
    outer loop
      vertex -40.8414 -14.865 0
      vertex -13.9263 -3.99329 0
      vertex -13.6138 -4.955 0
    endloop
  endfacet
  facet normal -0.927189 -0.374594 0
    outer loop
      vertex -40.8414 -14.865 0
      vertex -39.705 -17.6778 0
      vertex -40.8414 -14.865 6.35
    endloop
  endfacet
  facet normal 0 0 1
    outer loop
      vertex -40.8414 -14.865 6.35
      vertex -13.235 -5.89259 6.35
      vertex -13.6138 -4.955 6.35
    endloop
  endfacet
  facet normal 0 0 1
    outer loop
      vertex -40.8414 -14.865 6.35
      vertex -13.6138 -4.955 6.35
      vertex -13.9263 -3.99329 6.35
    endloop
  endfacet
  facet normal -0.927189 -0.374594 0
    outer loop
      vertex -40.8414 -14.865 6.35
      vertex -39.705 -17.6778 0
      vertex -39.705 -17.6778 6.35
    endloop
  endfacet
  facet normal 0 0 1
    outer loop
      vertex -40.8414 -14.865 6.35
      vertex -39.705 -17.6778 6.35
      vertex -13.235 -5.89259 6.35
    endloop
  endfacet
  facet normal 0 0 -1
    outer loop
      vertex -40.8414 14.865 0
      vertex -13.235 5.89259 0
      vertex -13.6138 4.955 0
    endloop
  endfacet
  facet normal 0 0 -1
    outer loop
      vertex -40.8414 14.865 0
      vertex -13.6138 4.955 0
      vertex -13.9263 3.99329 0
    endloop
  endfacet
  facet normal 0 0 -1
    outer loop
      vertex -40.8414 14.865 0
      vertex -39.705 17.6778 0
      vertex -13.235 5.89259 0
    endloop
  endfacet
  facet normal -0.927189 0.374594 0
    outer loop
      vertex -40.8414 14.865 0
      vertex -39.705 17.6778 6.35
      vertex -39.705 17.6778 0
    endloop
  endfacet
  facet normal -0.927189 0.374594 0
    outer loop
      vertex -40.8414 14.865 0
      vertex -40.8414 14.865 6.35
      vertex -39.705 17.6778 6.35
    endloop
  endfacet
  facet normal 0 0 1
    outer loop
      vertex -40.8414 14.865 6.35
      vertex -13.235 5.89259 6.35
      vertex -39.705 17.6778 6.35
    endloop
  endfacet
  facet normal 0 0 1
    outer loop
      vertex -40.8414 14.865 6.35
      vertex -13.6138 4.955 6.35
      vertex -13.235 5.89259 6.35
    endloop
  endfacet
  facet normal 0 0 1
    outer loop
      vertex -40.8414 14.865 6.35
      vertex -13.9263 3.99329 6.35
      vertex -13.6138 4.955 6.35
    endloop
  endfacet
  facet normal 0 0 -1
    outer loop
      vertex -41.7788 -11.9799 0
      vertex -13.9263 -3.99329 0
      vertex -40.8414 -14.865 0
    endloop
  endfacet
  facet normal -0.951059 -0.309009 0
    outer loop
      vertex -41.7788 -11.9799 0
      vertex -40.8414 -14.865 0
      vertex -41.7788 -11.9799 6.35
    endloop
  endfacet
  facet normal -0.951059 -0.309009 0
    outer loop
      vertex -41.7788 -11.9799 6.35
      vertex -40.8414 -14.865 0
      vertex -40.8414 -14.865 6.35
    endloop
  endfacet
  facet normal 0 0 1
    outer loop
      vertex -41.7788 -11.9799 6.35
      vertex -40.8414 -14.865 6.35
      vertex -13.9263 -3.99329 6.35
    endloop
  endfacet
  facet normal 0 0 -1
    outer loop
      vertex -41.7788 11.9799 0
      vertex -40.8414 14.865 0
      vertex -13.9263 3.99329 0
    endloop
  endfacet
  facet normal -0.951059 0.309009 0
    outer loop
      vertex -41.7788 11.9799 0
      vertex -40.8414 14.865 6.35
      vertex -40.8414 14.865 0
    endloop
  endfacet
  facet normal -0.951059 0.309009 0
    outer loop
      vertex -41.7788 11.9799 0
      vertex -41.7788 11.9799 6.35
      vertex -40.8414 14.865 6.35
    endloop
  endfacet
  facet normal 0 0 1
    outer loop
      vertex -41.7788 11.9799 6.35
      vertex -13.9263 3.99329 6.35
      vertex -40.8414 14.865 6.35
    endloop
  endfacet
  facet normal 0 0 -1
    outer loop
      vertex -42.5127 -9.03636 0
      vertex -13.9263 -3.99329 0
      vertex -41.7788 -11.9799 0
    endloop
  endfacet
  facet normal 0 0 -1
    outer loop
      vertex -42.5127 -9.03636 0
      vertex -14.1709 -3.01212 0
      vertex -13.9263 -3.99329 0
    endloop
  endfacet
  facet normal 0 0 -1
    outer loop
      vertex -42.5127 -9.03636 0
      vertex -14.3465 -2.01627 0
      vertex -14.1709 -3.01212 0
    endloop
  endfacet
  facet normal -0.970296 -0.24192 0
    outer loop
      vertex -42.5127 -9.03636 0
      vertex -41.7788 -11.9799 0
      vertex -42.5127 -9.03636 6.35
    endloop
  endfacet
  facet normal 0 0 1
    outer loop
      vertex -42.5127 -9.03636 6.35
      vertex -13.9263 -3.99329 6.35
      vertex -14.1709 -3.01212 6.35
    endloop
  endfacet
  facet normal 0 0 1
    outer loop
      vertex -42.5127 -9.03636 6.35
      vertex -14.1709 -3.01212 6.35
      vertex -14.3465 -2.01627 6.35
    endloop
  endfacet
  facet normal -0.970296 -0.24192 0
    outer loop
      vertex -42.5127 -9.03636 6.35
      vertex -41.7788 -11.9799 0
      vertex -41.7788 -11.9799 6.35
    endloop
  endfacet
  facet normal 0 0 1
    outer loop
      vertex -42.5127 -9.03636 6.35
      vertex -41.7788 -11.9799 6.35
      vertex -13.9263 -3.99329 6.35
    endloop
  endfacet
  facet normal 0 0 -1
    outer loop
      vertex -42.5127 9.03636 0
      vertex -13.9263 3.99329 0
      vertex -14.1709 3.01212 0
    endloop
  endfacet
  facet normal 0 0 -1
    outer loop
      vertex -42.5127 9.03636 0
      vertex -14.1709 3.01212 0
      vertex -14.3465 2.01627 0
    endloop
  endfacet
  facet normal 0 0 -1
    outer loop
      vertex -42.5127 9.03636 0
      vertex -41.7788 11.9799 0
      vertex -13.9263 3.99329 0
    endloop
  endfacet
  facet normal -0.970296 0.24192 0
    outer loop
      vertex -42.5127 9.03636 0
      vertex -41.7788 11.9799 6.35
      vertex -41.7788 11.9799 0
    endloop
  endfacet
  facet normal -0.970296 0.24192 0
    outer loop
      vertex -42.5127 9.03636 0
      vertex -42.5127 9.03636 6.35
      vertex -41.7788 11.9799 6.35
    endloop
  endfacet
  facet normal 0 0 1
    outer loop
      vertex -42.5127 9.03636 6.35
      vertex -13.9263 3.99329 6.35
      vertex -41.7788 11.9799 6.35
    endloop
  endfacet
  facet normal 0 0 1
    outer loop
      vertex -42.5127 9.03636 6.35
      vertex -14.1709 3.01212 6.35
      vertex -13.9263 3.99329 6.35
    endloop
  endfacet
  facet normal 0 0 1
    outer loop
      vertex -42.5127 9.03636 6.35
      vertex -14.3465 2.01627 6.35
      vertex -14.1709 3.01212 6.35
    endloop
  endfacet
  facet normal 0 0 -1
    outer loop
      vertex -43.0395 -6.0488 0
      vertex -14.3465 -2.01627 0
      vertex -42.5127 -9.03636 0
    endloop
  endfacet
  facet normal -0.984807 -0.173652 0
    outer loop
      vertex -43.0395 -6.0488 0
      vertex -42.5127 -9.03636 0
      vertex -43.0395 -6.0488 6.35
    endloop
  endfacet
  facet normal -0.984807 -0.173652 0
    outer loop
      vertex -43.0395 -6.0488 6.35
      vertex -42.5127 -9.03636 0
      vertex -42.5127 -9.03636 6.35
    endloop
  endfacet
  facet normal 0 0 1
    outer loop
      vertex -43.0395 -6.0488 6.35
      vertex -42.5127 -9.03636 6.35
      vertex -14.3465 -2.01627 6.35
    endloop
  endfacet
  facet normal 0 0 -1
    outer loop
      vertex -43.0395 6.0488 0
      vertex -42.5127 9.03636 0
      vertex -14.3465 2.01627 0
    endloop
  endfacet
  facet normal -0.984807 0.173652 0
    outer loop
      vertex -43.0395 6.0488 0
      vertex -42.5127 9.03636 6.35
      vertex -42.5127 9.03636 0
    endloop
  endfacet
  facet normal -0.984807 0.173652 0
    outer loop
      vertex -43.0395 6.0488 0
      vertex -43.0395 6.0488 6.35
      vertex -42.5127 9.03636 6.35
    endloop
  endfacet
  facet normal 0 0 1
    outer loop
      vertex -43.0395 6.0488 6.35
      vertex -14.3465 2.01627 6.35
      vertex -42.5127 9.03636 6.35
    endloop
  endfacet
  facet normal 0 0 -1
    outer loop
      vertex -43.3566 -3.03178 0
      vertex -14.3465 -2.01627 0
      vertex -43.0395 -6.0488 0
    endloop
  endfacet
  facet normal 0 0 -1
    outer loop
      vertex -43.3566 -3.03178 0
      vertex -14.4522 -1.01059 0
      vertex -14.3465 -2.01627 0
    endloop
  endfacet
  facet normal 0 0 -1
    outer loop
      vertex -43.3566 -3.03178 0
      vertex -14.4875 0 0
      vertex -14.4522 -1.01059 0
    endloop
  endfacet
  facet normal -0.994522 -0.104528 0
    outer loop
      vertex -43.3566 -3.03178 0
      vertex -43.0395 -6.0488 0
      vertex -43.3566 -3.03178 6.35
    endloop
  endfacet
  facet normal 0 0 1
    outer loop
      vertex -43.3566 -3.03178 6.35
      vertex -14.3465 -2.01627 6.35
      vertex -14.4522 -1.01059 6.35
    endloop
  endfacet
  facet normal 0 0 1
    outer loop
      vertex -43.3566 -3.03178 6.35
      vertex -14.4522 -1.01059 6.35
      vertex -14.4875 0 6.35
    endloop
  endfacet
  facet normal -0.994522 -0.104528 0
    outer loop
      vertex -43.3566 -3.03178 6.35
      vertex -43.0395 -6.0488 0
      vertex -43.0395 -6.0488 6.35
    endloop
  endfacet
  facet normal 0 0 1
    outer loop
      vertex -43.3566 -3.03178 6.35
      vertex -43.0395 -6.0488 6.35
      vertex -14.3465 -2.01627 6.35
    endloop
  endfacet
  facet normal 0 0 -1
    outer loop
      vertex -43.3566 3.03178 0
      vertex -14.3465 2.01627 0
      vertex -14.4522 1.01059 0
    endloop
  endfacet
  facet normal 0 0 -1
    outer loop
      vertex -43.3566 3.03178 0
      vertex -14.4522 1.01059 0
      vertex -14.4875 0 0
    endloop
  endfacet
  facet normal 0 0 -1
    outer loop
      vertex -43.3566 3.03178 0
      vertex -43.0395 6.0488 0
      vertex -14.3465 2.01627 0
    endloop
  endfacet
  facet normal -0.994522 0.104528 0
    outer loop
      vertex -43.3566 3.03178 0
      vertex -43.0395 6.0488 6.35
      vertex -43.0395 6.0488 0
    endloop
  endfacet
  facet normal -0.994522 0.104528 0
    outer loop
      vertex -43.3566 3.03178 0
      vertex -43.3566 3.03178 6.35
      vertex -43.0395 6.0488 6.35
    endloop
  endfacet
  facet normal 0 0 1
    outer loop
      vertex -43.3566 3.03178 6.35
      vertex -14.3465 2.01627 6.35
      vertex -43.0395 6.0488 6.35
    endloop
  endfacet
  facet normal 0 0 1
    outer loop
      vertex -43.3566 3.03178 6.35
      vertex -14.4522 1.01059 6.35
      vertex -14.3465 2.01627 6.35
    endloop
  endfacet
  facet normal 0 0 1
    outer loop
      vertex -43.3566 3.03178 6.35
      vertex -14.4875 0 6.35
      vertex -14.4522 1.01059 6.35
    endloop
  endfacet
  facet normal 0 0 -1
    outer loop
      vertex -43.4625 0 0
      vertex -14.4875 0 0
      vertex -43.3566 -3.03178 0
    endloop
  endfacet
  facet normal -0.999391 -0.0349087 0
    outer loop
      vertex -43.4625 0 0
      vertex -43.3566 -3.03178 0
      vertex -43.4625 0 6.35
    endloop
  endfacet
  facet normal 0 0 -1
    outer loop
      vertex -43.4625 0 0
      vertex -43.3566 3.03178 0
      vertex -14.4875 0 0
    endloop
  endfacet
  facet normal -0.999391 0.0349087 0
    outer loop
      vertex -43.4625 0 0
      vertex -43.3566 3.03178 6.35
      vertex -43.3566 3.03178 0
    endloop
  endfacet
  facet normal -0.999391 0.0349087 0
    outer loop
      vertex -43.4625 0 0
      vertex -43.4625 0 6.35
      vertex -43.3566 3.03178 6.35
    endloop
  endfacet
  facet normal 0 0 1
    outer loop
      vertex -43.4625 0 6.35
      vertex -14.4875 0 6.35
      vertex -43.3566 3.03178 6.35
    endloop
  endfacet
  facet normal -0.999391 -0.0349087 0
    outer loop
      vertex -43.4625 0 6.35
      vertex -43.3566 -3.03178 0
      vertex -43.3566 -3.03178 6.35
    endloop
  endfacet
  facet normal 0 0 1
    outer loop
      vertex -43.4625 0 6.35
      vertex -43.3566 -3.03178 6.35
      vertex -14.4875 0 6.35
    endloop
  endfacet
  facet normal 0.341972 0.93971 0
    outer loop
      vertex -5.42711 -13.4326 0
      vertex -5.42711 -13.4326 6.35
      vertex -4.47688 -13.7784 0
    endloop
  endfacet
  facet normal 0.341972 0.93971 0
    outer loop
      vertex -5.42711 -13.4326 6.35
      vertex -4.47688 -13.7784 6.35
      vertex -4.47688 -13.7784 0
    endloop
  endfacet
  facet normal 0.341972 -0.93971 0
    outer loop
      vertex -5.42711 13.4326 0
      vertex -4.47688 13.7784 0
      vertex -4.47688 13.7784 6.35
    endloop
  endfacet
  facet normal 0.341972 -0.93971 0
    outer loop
      vertex -5.42711 13.4326 0
      vertex -4.47688 13.7784 6.35
      vertex -5.42711 13.4326 6.35
    endloop
  endfacet
  facet normal 0.406742 0.913543 0
    outer loop
      vertex -6.35089 -13.0213 0
      vertex -6.35089 -13.0213 6.35
      vertex -5.42711 -13.4326 0
    endloop
  endfacet
  facet normal 0.406742 0.913543 0
    outer loop
      vertex -6.35089 -13.0213 6.35
      vertex -5.42711 -13.4326 6.35
      vertex -5.42711 -13.4326 0
    endloop
  endfacet
  facet normal 0.406742 -0.913543 0
    outer loop
      vertex -6.35089 13.0213 0
      vertex -5.42711 13.4326 0
      vertex -5.42711 13.4326 6.35
    endloop
  endfacet
  facet normal 0.406742 -0.913543 0
    outer loop
      vertex -6.35089 13.0213 0
      vertex -5.42711 13.4326 6.35
      vertex -6.35089 13.0213 6.35
    endloop
  endfacet
  facet normal 0.46952 0.882922 0
    outer loop
      vertex -7.24374 -12.5465 0
      vertex -7.24374 -12.5465 6.35
      vertex -6.35089 -13.0213 0
    endloop
  endfacet
  facet normal 0.46952 0.882922 0
    outer loop
      vertex -7.24374 -12.5465 6.35
      vertex -6.35089 -13.0213 6.35
      vertex -6.35089 -13.0213 0
    endloop
  endfacet
  facet normal 0.46952 -0.882922 0
    outer loop
      vertex -7.24374 12.5465 0
      vertex -6.35089 13.0213 0
      vertex -6.35089 13.0213 6.35
    endloop
  endfacet
  facet normal 0.46952 -0.882922 0
    outer loop
      vertex -7.24374 12.5465 0
      vertex -6.35089 13.0213 6.35
      vertex -7.24374 12.5465 6.35
    endloop
  endfacet
  facet normal 0 0 -1
    outer loop
      vertex -7.54718 -42.8022 0
      vertex -2.51572 -14.2674 0
      vertex -4.54306 -43.2244 0
    endloop
  endfacet
  facet normal -0.139173 -0.990268 0
    outer loop
      vertex -7.54718 -42.8022 0
      vertex -4.54306 -43.2244 0
      vertex -7.54718 -42.8022 6.35
    endloop
  endfacet
  facet normal -0.139173 -0.990268 0
    outer loop
      vertex -7.54718 -42.8022 6.35
      vertex -4.54306 -43.2244 0
      vertex -4.54306 -43.2244 6.35
    endloop
  endfacet
  facet normal 0 0 1
    outer loop
      vertex -7.54718 -42.8022 6.35
      vertex -4.54306 -43.2244 6.35
      vertex -2.51572 -14.2674 6.35
    endloop
  endfacet
  facet normal 0 0 -1
    outer loop
      vertex -7.54718 42.8022 0
      vertex -4.54306 43.2244 0
      vertex -2.51572 14.2674 0
    endloop
  endfacet
  facet normal -0.139173 0.990268 0
    outer loop
      vertex -7.54718 42.8022 0
      vertex -4.54306 43.2244 6.35
      vertex -4.54306 43.2244 0
    endloop
  endfacet
  facet normal -0.139173 0.990268 0
    outer loop
      vertex -7.54718 42.8022 0
      vertex -7.54718 42.8022 6.35
      vertex -4.54306 43.2244 6.35
    endloop
  endfacet
  facet normal 0 0 1
    outer loop
      vertex -7.54718 42.8022 6.35
      vertex -2.51572 14.2674 6.35
      vertex -4.54306 43.2244 6.35
    endloop
  endfacet
  facet normal 0.529874 0.848076 0
    outer loop
      vertex -8.1013 -12.0107 0
      vertex -8.1013 -12.0107 6.35
      vertex -7.24374 -12.5465 0
    endloop
  endfacet
  facet normal 0.529874 0.848076 0
    outer loop
      vertex -8.1013 -12.0107 6.35
      vertex -7.24374 -12.5465 6.35
      vertex -7.24374 -12.5465 0
    endloop
  endfacet
  facet normal 0.529874 -0.848076 0
    outer loop
      vertex -8.1013 12.0107 0
      vertex -7.24374 12.5465 0
      vertex -7.24374 12.5465 6.35
    endloop
  endfacet
  facet normal 0.529874 -0.848076 0
    outer loop
      vertex -8.1013 12.0107 0
      vertex -7.24374 12.5465 6.35
      vertex -8.1013 12.0107 6.35
    endloop
  endfacet
  facet normal 0.5878 0.809006 0
    outer loop
      vertex -8.91939 -11.4163 0
      vertex -8.91939 -11.4163 6.35
      vertex -8.1013 -12.0107 0
    endloop
  endfacet
  facet normal 0.5878 0.809006 0
    outer loop
      vertex -8.91939 -11.4163 6.35
      vertex -8.1013 -12.0107 6.35
      vertex -8.1013 -12.0107 0
    endloop
  endfacet
  facet normal 0.5878 -0.809006 0
    outer loop
      vertex -8.91939 11.4163 0
      vertex -8.1013 12.0107 0
      vertex -8.1013 12.0107 6.35
    endloop
  endfacet
  facet normal 0.5878 -0.809006 0
    outer loop
      vertex -8.91939 11.4163 0
      vertex -8.1013 12.0107 6.35
      vertex -8.91939 11.4163 6.35
    endloop
  endfacet
  facet normal 0.642792 0.76604 0
    outer loop
      vertex -9.69402 -10.7663 0
      vertex -9.69402 -10.7663 6.35
      vertex -8.91939 -11.4163 0
    endloop
  endfacet
  facet normal 0.642792 0.76604 0
    outer loop
      vertex -9.69402 -10.7663 6.35
      vertex -8.91939 -11.4163 6.35
      vertex -8.91939 -11.4163 0
    endloop
  endfacet
  facet normal 0.642792 -0.76604 0
    outer loop
      vertex -9.69402 10.7663 0
      vertex -8.91939 11.4163 0
      vertex -8.91939 11.4163 6.35
    endloop
  endfacet
  facet normal 0.642792 -0.76604 0
    outer loop
      vertex -9.69402 10.7663 0
      vertex -8.91939 11.4163 6.35
      vertex -9.69402 10.7663 6.35
    endloop
  endfacet
  facet normal -0.0698175 0.99756 0
    outer loop
      vertex 0.5056 -14.4787 0
      vertex 0.5056 -14.4787 6.35
      vertex 1.51434 -14.4081 0
    endloop
  endfacet
  facet normal -0.0698175 0.99756 0
    outer loop
      vertex 0.5056 -14.4787 6.35
      vertex 1.51434 -14.4081 6.35
      vertex 1.51434 -14.4081 0
    endloop
  endfacet
  facet normal -0.0698175 -0.99756 0
    outer loop
      vertex 0.5056 14.4787 0
      vertex 1.51434 14.4081 0
      vertex 1.51434 14.4081 6.35
    endloop
  endfacet
  facet normal -0.0698175 -0.99756 0
    outer loop
      vertex 0.5056 14.4787 0
      vertex 1.51434 14.4081 6.35
      vertex 0.5056 14.4787 6.35
    endloop
  endfacet
  facet normal -0.139139 0.990273 0
    outer loop
      vertex 1.51434 -14.4081 0
      vertex 1.51434 -14.4081 6.35
      vertex 2.51572 -14.2674 0
    endloop
  endfacet
  facet normal -0.139139 0.990273 0
    outer loop
      vertex 1.51434 -14.4081 6.35
      vertex 2.51572 -14.2674 6.35
      vertex 2.51572 -14.2674 0
    endloop
  endfacet
  facet normal -0.139139 -0.990273 0
    outer loop
      vertex 1.51434 14.4081 0
      vertex 2.51572 14.2674 0
      vertex 2.51572 14.2674 6.35
    endloop
  endfacet
  facet normal -0.139139 -0.990273 0
    outer loop
      vertex 1.51434 14.4081 0
      vertex 2.51572 14.2674 6.35
      vertex 1.51434 14.4081 6.35
    endloop
  endfacet
  facet normal -0.743131 0.669146 0
    outer loop
      vertex 10.4214 -10.0639 0
      vertex 10.4214 -10.0639 6.35
      vertex 11.0981 -9.31238 0
    endloop
  endfacet
  facet normal 0 0 -1
    outer loop
      vertex 10.4214 -10.0639 0
      vertex 11.0981 -9.31238 0
      vertex 63.8894 -8.82216 0
    endloop
  endfacet
  facet normal 0 0 -1
    outer loop
      vertex 10.4214 -10.0639 0
      vertex 63.8894 -8.82216 0
      vertex 64.527 -9.43793 0
    endloop
  endfacet
  facet normal -0.743131 0.669146 0
    outer loop
      vertex 10.4214 -10.0639 6.35
      vertex 11.0981 -9.31238 6.35
      vertex 11.0981 -9.31238 0
    endloop
  endfacet
  facet normal 0 0 1
    outer loop
      vertex 10.4214 -10.0639 6.35
      vertex 63.8894 -8.82216 6.35
      vertex 11.0981 -9.31238 6.35
    endloop
  endfacet
  facet normal 0 0 1
    outer loop
      vertex 10.4214 -10.0639 6.35
      vertex 64.527 -9.43793 6.35
      vertex 63.8894 -8.82216 6.35
    endloop
  endfacet
  facet normal -0.743131 -0.669146 0
    outer loop
      vertex 10.4214 10.0639 0
      vertex 11.0981 9.31238 0
      vertex 11.0981 9.31238 6.35
    endloop
  endfacet
  facet normal -0.743131 -0.669146 0
    outer loop
      vertex 10.4214 10.0639 0
      vertex 11.0981 9.31238 6.35
      vertex 10.4214 10.0639 6.35
    endloop
  endfacet
  facet normal 0 0 -1
    outer loop
      vertex 10.4214 10.0639 0
      vertex 63.8894 8.82216 0
      vertex 11.0981 9.31238 0
    endloop
  endfacet
  facet normal 0 0 -1
    outer loop
      vertex 10.4214 10.0639 0
      vertex 64.527 9.43793 0
      vertex 63.8894 8.82216 0
    endloop
  endfacet
  facet normal 0 0 1
    outer loop
      vertex 10.4214 10.0639 6.35
      vertex 11.0981 9.31238 6.35
      vertex 63.8894 8.82216 6.35
    endloop
  endfacet
  facet normal 0 0 1
    outer loop
      vertex 10.4214 10.0639 6.35
      vertex 63.8894 8.82216 6.35
      vertex 64.527 9.43793 6.35
    endloop
  endfacet
  facet normal 0 0 -1
    outer loop
      vertex 1010.79 -19.7788 0
      vertex 1010.79 19.7788 0
      vertex 1088.85 -19.0028 0
    endloop
  endfacet
  facet normal 0.00994058 -0.999951 0
    outer loop
      vertex 1010.79 -19.7788 0
      vertex 1088.85 -19.0028 0
      vertex 1010.79 -19.7788 6.35
    endloop
  endfacet
  facet normal 0.00994058 -0.999951 0
    outer loop
      vertex 1010.79 -19.7788 6.35
      vertex 1088.85 -19.0028 0
      vertex 1088.85 -19.0028 6.35
    endloop
  endfacet
  facet normal 0 0 1
    outer loop
      vertex 1010.79 -19.7788 6.35
      vertex 1088.85 -19.0028 6.35
      vertex 1010.79 19.7788 6.35
    endloop
  endfacet
  facet normal 0.00994058 0.999951 0
    outer loop
      vertex 1010.79 19.7788 0
      vertex 1010.79 19.7788 6.35
      vertex 1088.85 19.0028 6.35
    endloop
  endfacet
  facet normal 0 0 -1
    outer loop
      vertex 1010.79 19.7788 0
      vertex 1088.85 19.0028 0
      vertex 1088.85 -19.0028 0
    endloop
  endfacet
  facet normal 0.00994058 0.999951 0
    outer loop
      vertex 1010.79 19.7788 0
      vertex 1088.85 19.0028 6.35
      vertex 1088.85 19.0028 0
    endloop
  endfacet
  facet normal 0 0 1
    outer loop
      vertex 1010.79 19.7788 6.35
      vertex 1088.85 -19.0028 6.35
      vertex 1088.85 19.0028 6.35
    endloop
  endfacet
  facet normal 0 0 -1
    outer loop
      vertex 1088.85 -19.0028 0
      vertex 1088.85 19.0028 0
      vertex 1166.91 -18.1938 0
    endloop
  endfacet
  facet normal 0.0103633 -0.999946 0
    outer loop
      vertex 1088.85 -19.0028 0
      vertex 1166.91 -18.1938 0
      vertex 1088.85 -19.0028 6.35
    endloop
  endfacet
  facet normal 0.0103633 -0.999946 0
    outer loop
      vertex 1088.85 -19.0028 6.35
      vertex 1166.91 -18.1938 0
      vertex 1166.91 -18.1938 6.35
    endloop
  endfacet
  facet normal 0 0 1
    outer loop
      vertex 1088.85 -19.0028 6.35
      vertex 1166.91 -18.1938 6.35
      vertex 1088.85 19.0028 6.35
    endloop
  endfacet
  facet normal 0.0103633 0.999946 0
    outer loop
      vertex 1088.85 19.0028 0
      vertex 1088.85 19.0028 6.35
      vertex 1166.91 18.1938 6.35
    endloop
  endfacet
  facet normal 0 0 -1
    outer loop
      vertex 1088.85 19.0028 0
      vertex 1166.91 18.1938 0
      vertex 1166.91 -18.1938 0
    endloop
  endfacet
  facet normal 0.0103633 0.999946 0
    outer loop
      vertex 1088.85 19.0028 0
      vertex 1166.91 18.1938 6.35
      vertex 1166.91 18.1938 0
    endloop
  endfacet
  facet normal 0 0 1
    outer loop
      vertex 1088.85 19.0028 6.35
      vertex 1166.91 -18.1938 6.35
      vertex 1166.91 18.1938 6.35
    endloop
  endfacet
  facet normal -0.788043 0.61562 0
    outer loop
      vertex 11.0981 -9.31238 0
      vertex 11.0981 -9.31238 6.35
      vertex 11.7206 -8.51553 0
    endloop
  endfacet
  facet normal 0 0 -1
    outer loop
      vertex 11.0981 -9.31238 0
      vertex 11.7206 -8.51553 0
      vertex 63.2962 -8.16339 0
    endloop
  endfacet
  facet normal 0 0 -1
    outer loop
      vertex 11.0981 -9.31238 0
      vertex 63.2962 -8.16339 0
      vertex 63.8894 -8.82216 0
    endloop
  endfacet
  facet normal -0.788043 0.61562 0
    outer loop
      vertex 11.0981 -9.31238 6.35
      vertex 11.7206 -8.51553 6.35
      vertex 11.7206 -8.51553 0
    endloop
  endfacet
  facet normal 0 0 1
    outer loop
      vertex 11.0981 -9.31238 6.35
      vertex 63.2962 -8.16339 6.35
      vertex 11.7206 -8.51553 6.35
    endloop
  endfacet
  facet normal 0 0 1
    outer loop
      vertex 11.0981 -9.31238 6.35
      vertex 63.8894 -8.82216 6.35
      vertex 63.2962 -8.16339 6.35
    endloop
  endfacet
  facet normal -0.788043 -0.61562 0
    outer loop
      vertex 11.0981 9.31238 0
      vertex 11.7206 8.51553 0
      vertex 11.7206 8.51553 6.35
    endloop
  endfacet
  facet normal -0.788043 -0.61562 0
    outer loop
      vertex 11.0981 9.31238 0
      vertex 11.7206 8.51553 6.35
      vertex 11.0981 9.31238 6.35
    endloop
  endfacet
  facet normal 0 0 -1
    outer loop
      vertex 11.0981 9.31238 0
      vertex 63.2962 8.16339 0
      vertex 11.7206 8.51553 0
    endloop
  endfacet
  facet normal 0 0 -1
    outer loop
      vertex 11.0981 9.31238 0
      vertex 63.8894 8.82216 0
      vertex 63.2962 8.16339 0
    endloop
  endfacet
  facet normal 0 0 1
    outer loop
      vertex 11.0981 9.31238 6.35
      vertex 11.7206 8.51553 6.35
      vertex 63.2962 8.16339 6.35
    endloop
  endfacet
  facet normal 0 0 1
    outer loop
      vertex 11.0981 9.31238 6.35
      vertex 63.2962 8.16339 6.35
      vertex 63.8894 8.82216 6.35
    endloop
  endfacet
  facet normal -0.82902 0.55922 0
    outer loop
      vertex 11.7206 -8.51553 0
      vertex 11.7206 -8.51553 6.35
      vertex 12.2861 -7.6772 0
    endloop
  endfacet
  facet normal 0 0 -1
    outer loop
      vertex 11.7206 -8.51553 0
      vertex 12.2861 -7.6772 0
      vertex 62.7505 -7.46486 0
    endloop
  endfacet
  facet normal 0 0 -1
    outer loop
      vertex 11.7206 -8.51553 0
      vertex 62.7505 -7.46486 0
      vertex 63.2962 -8.16339 0
    endloop
  endfacet
  facet normal -0.82902 0.55922 0
    outer loop
      vertex 11.7206 -8.51553 6.35
      vertex 12.2861 -7.6772 6.35
      vertex 12.2861 -7.6772 0
    endloop
  endfacet
  facet normal 0 0 1
    outer loop
      vertex 11.7206 -8.51553 6.35
      vertex 62.7505 -7.46486 6.35
      vertex 12.2861 -7.6772 6.35
    endloop
  endfacet
  facet normal 0 0 1
    outer loop
      vertex 11.7206 -8.51553 6.35
      vertex 63.2962 -8.16339 6.35
      vertex 62.7505 -7.46486 6.35
    endloop
  endfacet
  facet normal -0.82902 -0.55922 0
    outer loop
      vertex 11.7206 8.51553 0
      vertex 12.2861 7.6772 0
      vertex 12.2861 7.6772 6.35
    endloop
  endfacet
  facet normal -0.82902 -0.55922 0
    outer loop
      vertex 11.7206 8.51553 0
      vertex 12.2861 7.6772 6.35
      vertex 11.7206 8.51553 6.35
    endloop
  endfacet
  facet normal 0 0 -1
    outer loop
      vertex 11.7206 8.51553 0
      vertex 62.7505 7.46486 0
      vertex 12.2861 7.6772 0
    endloop
  endfacet
  facet normal 0 0 -1
    outer loop
      vertex 11.7206 8.51553 0
      vertex 63.2962 8.16339 0
      vertex 62.7505 7.46486 0
    endloop
  endfacet
  facet normal 0 0 1
    outer loop
      vertex 11.7206 8.51553 6.35
      vertex 12.2861 7.6772 6.35
      vertex 62.7505 7.46486 6.35
    endloop
  endfacet
  facet normal 0 0 1
    outer loop
      vertex 11.7206 8.51553 6.35
      vertex 62.7505 7.46486 6.35
      vertex 63.2962 8.16339 6.35
    endloop
  endfacet
  facet normal 0 0 -1
    outer loop
      vertex 1166.91 -18.1938 0
      vertex 1166.91 18.1938 0
      vertex 1244.97 -17.3471 0
    endloop
  endfacet
  facet normal 0.0108461 -0.999941 0
    outer loop
      vertex 1166.91 -18.1938 0
      vertex 1244.97 -17.3471 0
      vertex 1166.91 -18.1938 6.35
    endloop
  endfacet
  facet normal 0.0108461 -0.999941 0
    outer loop
      vertex 1166.91 -18.1938 6.35
      vertex 1244.97 -17.3471 0
      vertex 1244.97 -17.3471 6.35
    endloop
  endfacet
  facet normal 0 0 1
    outer loop
      vertex 1166.91 -18.1938 6.35
      vertex 1244.97 -17.3471 6.35
      vertex 1166.91 18.1938 6.35
    endloop
  endfacet
  facet normal 0.0108461 0.999941 0
    outer loop
      vertex 1166.91 18.1938 0
      vertex 1166.91 18.1938 6.35
      vertex 1244.97 17.3471 6.35
    endloop
  endfacet
  facet normal 0 0 -1
    outer loop
      vertex 1166.91 18.1938 0
      vertex 1244.97 17.3471 0
      vertex 1244.97 -17.3471 0
    endloop
  endfacet
  facet normal 0.0108461 0.999941 0
    outer loop
      vertex 1166.91 18.1938 0
      vertex 1244.97 17.3471 6.35
      vertex 1244.97 17.3471 0
    endloop
  endfacet
  facet normal 0 0 1
    outer loop
      vertex 1166.91 18.1938 6.35
      vertex 1244.97 -17.3471 6.35
      vertex 1244.97 17.3471 6.35
    endloop
  endfacet
  facet normal -0.866027 0.499998 0
    outer loop
      vertex 12.2861 -7.6772 0
      vertex 12.2861 -7.6772 6.35
      vertex 12.7917 -6.80147 0
    endloop
  endfacet
  facet normal 0 0 -1
    outer loop
      vertex 12.2861 -7.6772 0
      vertex 12.7917 -6.80147 0
      vertex 62.2548 -6.72997 0
    endloop
  endfacet
  facet normal 0 0 -1
    outer loop
      vertex 12.2861 -7.6772 0
      vertex 62.2548 -6.72997 0
      vertex 62.7505 -7.46486 0
    endloop
  endfacet
  facet normal -0.866027 0.499998 0
    outer loop
      vertex 12.2861 -7.6772 6.35
      vertex 12.7917 -6.80147 6.35
      vertex 12.7917 -6.80147 0
    endloop
  endfacet
  facet normal 0 0 1
    outer loop
      vertex 12.2861 -7.6772 6.35
      vertex 62.2548 -6.72997 6.35
      vertex 12.7917 -6.80147 6.35
    endloop
  endfacet
  facet normal 0 0 1
    outer loop
      vertex 12.2861 -7.6772 6.35
      vertex 62.7505 -7.46486 6.35
      vertex 62.2548 -6.72997 6.35
    endloop
  endfacet
  facet normal -0.866027 -0.499998 0
    outer loop
      vertex 12.2861 7.6772 0
      vertex 12.7917 6.80147 0
      vertex 12.7917 6.80147 6.35
    endloop
  endfacet
  facet normal -0.866027 -0.499998 0
    outer loop
      vertex 12.2861 7.6772 0
      vertex 12.7917 6.80147 6.35
      vertex 12.2861 7.6772 6.35
    endloop
  endfacet
  facet normal 0 0 -1
    outer loop
      vertex 12.2861 7.6772 0
      vertex 62.2548 6.72997 0
      vertex 12.7917 6.80147 0
    endloop
  endfacet
  facet normal 0 0 -1
    outer loop
      vertex 12.2861 7.6772 0
      vertex 62.7505 7.46486 0
      vertex 62.2548 6.72997 0
    endloop
  endfacet
  facet normal 0 0 1
    outer loop
      vertex 12.2861 7.6772 6.35
      vertex 12.7917 6.80147 6.35
      vertex 62.2548 6.72997 6.35
    endloop
  endfacet
  facet normal 0 0 1
    outer loop
      vertex 12.2861 7.6772 6.35
      vertex 62.2548 6.72997 6.35
      vertex 62.7505 7.46486 6.35
    endloop
  endfacet
  facet normal -0.89879 0.438379 0
    outer loop
      vertex 12.7917 -6.80147 0
      vertex 12.7917 -6.80147 6.35
      vertex 13.235 -5.89259 0
    endloop
  endfacet
  facet normal 0 0 -1
    outer loop
      vertex 12.7917 -6.80147 0
      vertex 13.235 -5.89259 0
      vertex 61.8116 -5.96228 0
    endloop
  endfacet
  facet normal 0 0 -1
    outer loop
      vertex 12.7917 -6.80147 0
      vertex 61.8116 -5.96228 0
      vertex 62.2548 -6.72997 0
    endloop
  endfacet
  facet normal -0.89879 0.438379 0
    outer loop
      vertex 12.7917 -6.80147 6.35
      vertex 13.235 -5.89259 6.35
      vertex 13.235 -5.89259 0
    endloop
  endfacet
  facet normal 0 0 1
    outer loop
      vertex 12.7917 -6.80147 6.35
      vertex 61.8116 -5.96228 6.35
      vertex 13.235 -5.89259 6.35
    endloop
  endfacet
  facet normal 0 0 1
    outer loop
      vertex 12.7917 -6.80147 6.35
      vertex 62.2548 -6.72997 6.35
      vertex 61.8116 -5.96228 6.35
    endloop
  endfacet
  facet normal -0.89879 -0.438379 0
    outer loop
      vertex 12.7917 6.80147 0
      vertex 13.235 5.89259 0
      vertex 13.235 5.89259 6.35
    endloop
  endfacet
  facet normal -0.89879 -0.438379 0
    outer loop
      vertex 12.7917 6.80147 0
      vertex 13.235 5.89259 6.35
      vertex 12.7917 6.80147 6.35
    endloop
  endfacet
  facet normal 0 0 -1
    outer loop
      vertex 12.7917 6.80147 0
      vertex 61.8116 5.96228 0
      vertex 13.235 5.89259 0
    endloop
  endfacet
  facet normal 0 0 -1
    outer loop
      vertex 12.7917 6.80147 0
      vertex 62.2548 6.72997 0
      vertex 61.8116 5.96228 0
    endloop
  endfacet
  facet normal 0 0 1
    outer loop
      vertex 12.7917 6.80147 6.35
      vertex 13.235 5.89259 6.35
      vertex 61.8116 5.96228 6.35
    endloop
  endfacet
  facet normal 0 0 1
    outer loop
      vertex 12.7917 6.80147 6.35
      vertex 61.8116 5.96228 6.35
      vertex 62.2548 6.72997 6.35
    endloop
  endfacet
  facet normal 0 0 -1
    outer loop
      vertex 1244.97 -17.3471 0
      vertex 1244.97 17.3471 0
      vertex 1323.03 -16.4569 0
    endloop
  endfacet
  facet normal 0.0114033 -0.999935 0
    outer loop
      vertex 1244.97 -17.3471 0
      vertex 1323.03 -16.4569 0
      vertex 1244.97 -17.3471 6.35
    endloop
  endfacet
  facet normal 0.0114033 -0.999935 0
    outer loop
      vertex 1244.97 -17.3471 6.35
      vertex 1323.03 -16.4569 0
      vertex 1323.03 -16.4569 6.35
    endloop
  endfacet
  facet normal 0 0 1
    outer loop
      vertex 1244.97 -17.3471 6.35
      vertex 1323.03 -16.4569 6.35
      vertex 1244.97 17.3471 6.35
    endloop
  endfacet
  facet normal 0.0114033 0.999935 0
    outer loop
      vertex 1244.97 17.3471 0
      vertex 1244.97 17.3471 6.35
      vertex 1323.03 16.4569 6.35
    endloop
  endfacet
  facet normal 0 0 -1
    outer loop
      vertex 1244.97 17.3471 0
      vertex 1323.03 16.4569 0
      vertex 1323.03 -16.4569 0
    endloop
  endfacet
  facet normal 0.0114033 0.999935 0
    outer loop
      vertex 1244.97 17.3471 0
      vertex 1323.03 16.4569 6.35
      vertex 1323.03 16.4569 0
    endloop
  endfacet
  facet normal 0 0 1
    outer loop
      vertex 1244.97 17.3471 6.35
      vertex 1323.03 -16.4569 6.35
      vertex 1323.03 16.4569 6.35
    endloop
  endfacet
  facet normal -0.927188 0.374597 0
    outer loop
      vertex 13.235 -5.89259 0
      vertex 13.235 -5.89259 6.35
      vertex 13.6138 -4.955 0
    endloop
  endfacet
  facet normal 0 0 -1
    outer loop
      vertex 13.235 -5.89259 0
      vertex 13.6138 -4.955 0
      vertex 61.423 -5.16554 0
    endloop
  endfacet
  facet normal 0 0 -1
    outer loop
      vertex 13.235 -5.89259 0
      vertex 61.423 -5.16554 0
      vertex 61.8116 -5.96228 0
    endloop
  endfacet
  facet normal -0.927188 0.374597 0
    outer loop
      vertex 13.235 -5.89259 6.35
      vertex 13.6138 -4.955 6.35
      vertex 13.6138 -4.955 0
    endloop
  endfacet
  facet normal 0 0 1
    outer loop
      vertex 13.235 -5.89259 6.35
      vertex 61.423 -5.16554 6.35
      vertex 13.6138 -4.955 6.35
    endloop
  endfacet
  facet normal 0 0 1
    outer loop
      vertex 13.235 -5.89259 6.35
      vertex 61.8116 -5.96228 6.35
      vertex 61.423 -5.16554 6.35
    endloop
  endfacet
  facet normal -0.927188 -0.374597 0
    outer loop
      vertex 13.235 5.89259 0
      vertex 13.6138 4.955 0
      vertex 13.6138 4.955 6.35
    endloop
  endfacet
  facet normal -0.927188 -0.374597 0
    outer loop
      vertex 13.235 5.89259 0
      vertex 13.6138 4.955 6.35
      vertex 13.235 5.89259 6.35
    endloop
  endfacet
  facet normal 0 0 -1
    outer loop
      vertex 13.235 5.89259 0
      vertex 61.423 5.16554 0
      vertex 13.6138 4.955 0
    endloop
  endfacet
  facet normal 0 0 -1
    outer loop
      vertex 13.235 5.89259 0
      vertex 61.8116 5.96228 0
      vertex 61.423 5.16554 0
    endloop
  endfacet
  facet normal 0 0 1
    outer loop
      vertex 13.235 5.89259 6.35
      vertex 13.6138 4.955 6.35
      vertex 61.423 5.16554 6.35
    endloop
  endfacet
  facet normal 0 0 1
    outer loop
      vertex 13.235 5.89259 6.35
      vertex 61.423 5.16554 6.35
      vertex 61.8116 5.96228 6.35
    endloop
  endfacet
  facet normal -0.95105 0.309036 0
    outer loop
      vertex 13.6138 -4.955 0
      vertex 13.6138 -4.955 6.35
      vertex 13.9263 -3.99329 0
    endloop
  endfacet
  facet normal 0 0 -1
    outer loop
      vertex 13.6138 -4.955 0
      vertex 13.9263 -3.99329 0
      vertex 61.0909 -4.34364 0
    endloop
  endfacet
  facet normal 0 0 -1
    outer loop
      vertex 13.6138 -4.955 0
      vertex 61.0909 -4.34364 0
      vertex 61.423 -5.16554 0
    endloop
  endfacet
  facet normal -0.95105 0.309036 0
    outer loop
      vertex 13.6138 -4.955 6.35
      vertex 13.9263 -3.99329 6.35
      vertex 13.9263 -3.99329 0
    endloop
  endfacet
  facet normal 0 0 1
    outer loop
      vertex 13.6138 -4.955 6.35
      vertex 61.0909 -4.34364 6.35
      vertex 13.9263 -3.99329 6.35
    endloop
  endfacet
  facet normal 0 0 1
    outer loop
      vertex 13.6138 -4.955 6.35
      vertex 61.423 -5.16554 6.35
      vertex 61.0909 -4.34364 6.35
    endloop
  endfacet
  facet normal -0.95105 -0.309036 0
    outer loop
      vertex 13.6138 4.955 0
      vertex 13.9263 3.99329 0
      vertex 13.9263 3.99329 6.35
    endloop
  endfacet
  facet normal -0.95105 -0.309036 0
    outer loop
      vertex 13.6138 4.955 0
      vertex 13.9263 3.99329 6.35
      vertex 13.6138 4.955 6.35
    endloop
  endfacet
  facet normal 0 0 -1
    outer loop
      vertex 13.6138 4.955 0
      vertex 61.0909 4.34364 0
      vertex 13.9263 3.99329 0
    endloop
  endfacet
  facet normal 0 0 -1
    outer loop
      vertex 13.6138 4.955 0
      vertex 61.423 5.16554 0
      vertex 61.0909 4.34364 0
    endloop
  endfacet
  facet normal 0 0 1
    outer loop
      vertex 13.6138 4.955 6.35
      vertex 13.9263 3.99329 6.35
      vertex 61.0909 4.34364 6.35
    endloop
  endfacet
  facet normal 0 0 1
    outer loop
      vertex 13.6138 4.955 6.35
      vertex 61.0909 4.34364 6.35
      vertex 61.423 5.16554 6.35
    endloop
  endfacet
  facet normal -0.970303 0.241891 0
    outer loop
      vertex 13.9263 -3.99329 0
      vertex 13.9263 -3.99329 6.35
      vertex 14.1709 -3.01212 0
    endloop
  endfacet
  facet normal 0 0 -1
    outer loop
      vertex 13.9263 -3.99329 0
      vertex 14.1709 -3.01212 0
      vertex 60.817 -3.50058 0
    endloop
  endfacet
  facet normal 0 0 -1
    outer loop
      vertex 13.9263 -3.99329 0
      vertex 60.817 -3.50058 0
      vertex 61.0909 -4.34364 0
    endloop
  endfacet
  facet normal -0.970303 0.241891 0
    outer loop
      vertex 13.9263 -3.99329 6.35
      vertex 14.1709 -3.01212 6.35
      vertex 14.1709 -3.01212 0
    endloop
  endfacet
  facet normal 0 0 1
    outer loop
      vertex 13.9263 -3.99329 6.35
      vertex 60.817 -3.50058 6.35
      vertex 14.1709 -3.01212 6.35
    endloop
  endfacet
  facet normal 0 0 1
    outer loop
      vertex 13.9263 -3.99329 6.35
      vertex 61.0909 -4.34364 6.35
      vertex 60.817 -3.50058 6.35
    endloop
  endfacet
  facet normal -0.970303 -0.241891 0
    outer loop
      vertex 13.9263 3.99329 0
      vertex 14.1709 3.01212 0
      vertex 14.1709 3.01212 6.35
    endloop
  endfacet
  facet normal -0.970303 -0.241891 0
    outer loop
      vertex 13.9263 3.99329 0
      vertex 14.1709 3.01212 6.35
      vertex 13.9263 3.99329 6.35
    endloop
  endfacet
  facet normal 0 0 -1
    outer loop
      vertex 13.9263 3.99329 0
      vertex 60.817 3.50058 0
      vertex 14.1709 3.01212 0
    endloop
  endfacet
  facet normal 0 0 -1
    outer loop
      vertex 13.9263 3.99329 0
      vertex 61.0909 4.34364 0
      vertex 60.817 3.50058 0
    endloop
  endfacet
  facet normal 0 0 1
    outer loop
      vertex 13.9263 3.99329 6.35
      vertex 14.1709 3.01212 6.35
      vertex 60.817 3.50058 6.35
    endloop
  endfacet
  facet normal 0 0 1
    outer loop
      vertex 13.9263 3.99329 6.35
      vertex 60.817 3.50058 6.35
      vertex 61.0909 4.34364 6.35
    endloop
  endfacet
  facet normal 0 0 -1
    outer loop
      vertex 1323.03 -16.4569 0
      vertex 1323.03 16.4569 0
      vertex 1401.09 -15.5157 0
    endloop
  endfacet
  facet normal 0.0120565 -0.999927 0
    outer loop
      vertex 1323.03 -16.4569 0
      vertex 1401.09 -15.5157 0
      vertex 1323.03 -16.4569 6.35
    endloop
  endfacet
  facet normal 0.0120565 -0.999927 0
    outer loop
      vertex 1323.03 -16.4569 6.35
      vertex 1401.09 -15.5157 0
      vertex 1401.09 -15.5157 6.35
    endloop
  endfacet
  facet normal 0 0 1
    outer loop
      vertex 1323.03 -16.4569 6.35
      vertex 1401.09 -15.5157 6.35
      vertex 1323.03 16.4569 6.35
    endloop
  endfacet
  facet normal 0.0120565 0.999927 0
    outer loop
      vertex 1323.03 16.4569 0
      vertex 1323.03 16.4569 6.35
      vertex 1401.09 15.5157 6.35
    endloop
  endfacet
  facet normal 0 0 -1
    outer loop
      vertex 1323.03 16.4569 0
      vertex 1401.09 15.5157 0
      vertex 1401.09 -15.5157 0
    endloop
  endfacet
  facet normal 0.0120565 0.999927 0
    outer loop
      vertex 1323.03 16.4569 0
      vertex 1401.09 15.5157 6.35
      vertex 1401.09 15.5157 0
    endloop
  endfacet
  facet normal 0 0 1
    outer loop
      vertex 1323.03 16.4569 6.35
      vertex 1401.09 -15.5157 6.35
      vertex 1401.09 15.5157 6.35
    endloop
  endfacet
  facet normal -0.984807 0.173653 0
    outer loop
      vertex 14.1709 -3.01212 0
      vertex 14.1709 -3.01212 6.35
      vertex 14.3465 -2.01627 0
    endloop
  endfacet
  facet normal 0 0 -1
    outer loop
      vertex 14.1709 -3.01212 0
      vertex 14.3465 -2.01627 0
      vertex 60.6025 -2.64047 0
    endloop
  endfacet
  facet normal 0 0 -1
    outer loop
      vertex 14.1709 -3.01212 0
      vertex 60.6025 -2.64047 0
      vertex 60.817 -3.50058 0
    endloop
  endfacet
  facet normal -0.984807 0.173653 0
    outer loop
      vertex 14.1709 -3.01212 6.35
      vertex 14.3465 -2.01627 6.35
      vertex 14.3465 -2.01627 0
    endloop
  endfacet
  facet normal 0 0 1
    outer loop
      vertex 14.1709 -3.01212 6.35
      vertex 60.6025 -2.64047 6.35
      vertex 14.3465 -2.01627 6.35
    endloop
  endfacet
  facet normal 0 0 1
    outer loop
      vertex 14.1709 -3.01212 6.35
      vertex 60.817 -3.50058 6.35
      vertex 60.6025 -2.64047 6.35
    endloop
  endfacet
  facet normal -0.984807 -0.173653 0
    outer loop
      vertex 14.1709 3.01212 0
      vertex 14.3465 2.01627 0
      vertex 14.3465 2.01627 6.35
    endloop
  endfacet
  facet normal -0.984807 -0.173653 0
    outer loop
      vertex 14.1709 3.01212 0
      vertex 14.3465 2.01627 6.35
      vertex 14.1709 3.01212 6.35
    endloop
  endfacet
  facet normal 0 0 -1
    outer loop
      vertex 14.1709 3.01212 0
      vertex 60.6025 2.64047 0
      vertex 14.3465 2.01627 0
    endloop
  endfacet
  facet normal 0 0 -1
    outer loop
      vertex 14.1709 3.01212 0
      vertex 60.817 3.50058 0
      vertex 60.6025 2.64047 0
    endloop
  endfacet
  facet normal 0 0 1
    outer loop
      vertex 14.1709 3.01212 6.35
      vertex 14.3465 2.01627 6.35
      vertex 60.6025 2.64047 6.35
    endloop
  endfacet
  facet normal 0 0 1
    outer loop
      vertex 14.1709 3.01212 6.35
      vertex 60.6025 2.64047 6.35
      vertex 60.817 3.50058 6.35
    endloop
  endfacet
  facet normal -0.994522 0.104527 0
    outer loop
      vertex 14.3465 -2.01627 0
      vertex 14.3465 -2.01627 6.35
      vertex 14.4522 -1.01059 0
    endloop
  endfacet
  facet normal 0 0 -1
    outer loop
      vertex 14.3465 -2.01627 0
      vertex 14.4522 -1.01059 0
      vertex 60.4486 -1.76749 0
    endloop
  endfacet
  facet normal 0 0 -1
    outer loop
      vertex 14.3465 -2.01627 0
      vertex 60.4486 -1.76749 0
      vertex 60.6025 -2.64047 0
    endloop
  endfacet
  facet normal -0.994522 0.104527 0
    outer loop
      vertex 14.3465 -2.01627 6.35
      vertex 14.4522 -1.01059 6.35
      vertex 14.4522 -1.01059 0
    endloop
  endfacet
  facet normal 0 0 1
    outer loop
      vertex 14.3465 -2.01627 6.35
      vertex 60.4486 -1.76749 6.35
      vertex 14.4522 -1.01059 6.35
    endloop
  endfacet
  facet normal 0 0 1
    outer loop
      vertex 14.3465 -2.01627 6.35
      vertex 60.6025 -2.64047 6.35
      vertex 60.4486 -1.76749 6.35
    endloop
  endfacet
  facet normal -0.994522 -0.104527 0
    outer loop
      vertex 14.3465 2.01627 0
      vertex 14.4522 1.01059 0
      vertex 14.4522 1.01059 6.35
    endloop
  endfacet
  facet normal -0.994522 -0.104527 0
    outer loop
      vertex 14.3465 2.01627 0
      vertex 14.4522 1.01059 6.35
      vertex 14.3465 2.01627 6.35
    endloop
  endfacet
  facet normal 0 0 -1
    outer loop
      vertex 14.3465 2.01627 0
      vertex 60.4486 1.76749 0
      vertex 14.4522 1.01059 0
    endloop
  endfacet
  facet normal 0 0 -1
    outer loop
      vertex 14.3465 2.01627 0
      vertex 60.6025 2.64047 0
      vertex 60.4486 1.76749 0
    endloop
  endfacet
  facet normal 0 0 1
    outer loop
      vertex 14.3465 2.01627 6.35
      vertex 14.4522 1.01059 6.35
      vertex 60.4486 1.76749 6.35
    endloop
  endfacet
  facet normal 0 0 1
    outer loop
      vertex 14.3465 2.01627 6.35
      vertex 60.4486 1.76749 6.35
      vertex 60.6025 2.64047 6.35
    endloop
  endfacet
  facet normal -0.999391 0.0349088 0
    outer loop
      vertex 14.4522 -1.01059 0
      vertex 14.4522 -1.01059 6.35
      vertex 14.4875 0 0
    endloop
  endfacet
  facet normal 0 0 -1
    outer loop
      vertex 14.4522 -1.01059 0
      vertex 14.4875 0 0
      vertex 60.3559 -0.885895 0
    endloop
  endfacet
  facet normal 0 0 -1
    outer loop
      vertex 14.4522 -1.01059 0
      vertex 60.3559 -0.885895 0
      vertex 60.4486 -1.76749 0
    endloop
  endfacet
  facet normal -0.999391 0.0349088 0
    outer loop
      vertex 14.4522 -1.01059 6.35
      vertex 14.4875 0 6.35
      vertex 14.4875 0 0
    endloop
  endfacet
  facet normal 0 0 1
    outer loop
      vertex 14.4522 -1.01059 6.35
      vertex 60.3559 -0.885895 6.35
      vertex 14.4875 0 6.35
    endloop
  endfacet
  facet normal 0 0 1
    outer loop
      vertex 14.4522 -1.01059 6.35
      vertex 60.4486 -1.76749 6.35
      vertex 60.3559 -0.885895 6.35
    endloop
  endfacet
  facet normal -0.999391 -0.0349088 0
    outer loop
      vertex 14.4522 1.01059 0
      vertex 14.4875 0 0
      vertex 14.4875 0 6.35
    endloop
  endfacet
  facet normal -0.999391 -0.0349088 0
    outer loop
      vertex 14.4522 1.01059 0
      vertex 14.4875 0 6.35
      vertex 14.4522 1.01059 6.35
    endloop
  endfacet
  facet normal 0 0 -1
    outer loop
      vertex 14.4522 1.01059 0
      vertex 60.3559 0.885895 0
      vertex 14.4875 0 0
    endloop
  endfacet
  facet normal 0 0 -1
    outer loop
      vertex 14.4522 1.01059 0
      vertex 60.4486 1.76749 0
      vertex 60.3559 0.885895 0
    endloop
  endfacet
  facet normal 0 0 1
    outer loop
      vertex 14.4522 1.01059 6.35
      vertex 14.4875 0 6.35
      vertex 60.3559 0.885895 6.35
    endloop
  endfacet
  facet normal 0 0 1
    outer loop
      vertex 14.4522 1.01059 6.35
      vertex 60.3559 0.885895 6.35
      vertex 60.4486 1.76749 6.35
    endloop
  endfacet
  facet normal 0 0 -1
    outer loop
      vertex 14.4875 0 0
      vertex 60.325 0 0
      vertex 60.3559 -0.885895 0
    endloop
  endfacet
  facet normal 0 0 -1
    outer loop
      vertex 14.4875 0 0
      vertex 60.3559 0.885895 0
      vertex 60.325 0 0
    endloop
  endfacet
  facet normal 0 0 1
    outer loop
      vertex 14.4875 0 6.35
      vertex 60.325 0 6.35
      vertex 60.3559 0.885895 6.35
    endloop
  endfacet
  facet normal 0 0 1
    outer loop
      vertex 14.4875 0 6.35
      vertex 60.3559 -0.885895 6.35
      vertex 60.325 0 6.35
    endloop
  endfacet
  facet normal 0 0 -1
    outer loop
      vertex 1401.09 -15.5157 0
      vertex 1401.09 15.5157 0
      vertex 1479.14 -14.5136 0
    endloop
  endfacet
  facet normal 0.0128381 -0.999918 0
    outer loop
      vertex 1401.09 -15.5157 0
      vertex 1479.14 -14.5136 0
      vertex 1401.09 -15.5157 6.35
    endloop
  endfacet
  facet normal 0.0128381 -0.999918 0
    outer loop
      vertex 1401.09 -15.5157 6.35
      vertex 1479.14 -14.5136 0
      vertex 1479.14 -14.5136 6.35
    endloop
  endfacet
  facet normal 0 0 1
    outer loop
      vertex 1401.09 -15.5157 6.35
      vertex 1479.14 -14.5136 6.35
      vertex 1401.09 15.5157 6.35
    endloop
  endfacet
  facet normal 0.0128381 0.999918 0
    outer loop
      vertex 1401.09 15.5157 0
      vertex 1401.09 15.5157 6.35
      vertex 1479.14 14.5136 6.35
    endloop
  endfacet
  facet normal 0 0 -1
    outer loop
      vertex 1401.09 15.5157 0
      vertex 1479.14 14.5136 0
      vertex 1479.14 -14.5136 0
    endloop
  endfacet
  facet normal 0.0128381 0.999918 0
    outer loop
      vertex 1401.09 15.5157 0
      vertex 1479.14 14.5136 6.35
      vertex 1479.14 14.5136 0
    endloop
  endfacet
  facet normal 0 0 1
    outer loop
      vertex 1401.09 15.5157 6.35
      vertex 1479.14 -14.5136 6.35
      vertex 1479.14 14.5136 6.35
    endloop
  endfacet
  facet normal 0 0 -1
    outer loop
      vertex 1479.14 -14.5136 0
      vertex 1479.14 14.5136 0
      vertex 1557.19 -13.437 0
    endloop
  endfacet
  facet normal 0.0137924 -0.999905 0
    outer loop
      vertex 1479.14 -14.5136 0
      vertex 1557.19 -13.437 0
      vertex 1479.14 -14.5136 6.35
    endloop
  endfacet
  facet normal 0.0137924 -0.999905 0
    outer loop
      vertex 1479.14 -14.5136 6.35
      vertex 1557.19 -13.437 0
      vertex 1557.19 -13.437 6.35
    endloop
  endfacet
  facet normal 0 0 1
    outer loop
      vertex 1479.14 -14.5136 6.35
      vertex 1557.19 -13.437 6.35
      vertex 1479.14 14.5136 6.35
    endloop
  endfacet
  facet normal 0.0137924 0.999905 0
    outer loop
      vertex 1479.14 14.5136 0
      vertex 1479.14 14.5136 6.35
      vertex 1557.19 13.437 6.35
    endloop
  endfacet
  facet normal 0 0 -1
    outer loop
      vertex 1479.14 14.5136 0
      vertex 1557.19 13.437 0
      vertex 1557.19 -13.437 0
    endloop
  endfacet
  facet normal 0.0137924 0.999905 0
    outer loop
      vertex 1479.14 14.5136 0
      vertex 1557.19 13.437 6.35
      vertex 1557.19 13.437 0
    endloop
  endfacet
  facet normal 0 0 1
    outer loop
      vertex 1479.14 14.5136 6.35
      vertex 1557.19 -13.437 6.35
      vertex 1557.19 13.437 6.35
    endloop
  endfacet
  facet normal 0 0 -1
    outer loop
      vertex 152.631 -43.436 0
      vertex 152.631 43.436 0
      vertex 155.658 -43.2244 0
    endloop
  endfacet
  facet normal 0.069734 -0.997566 0
    outer loop
      vertex 152.631 -43.436 0
      vertex 155.658 -43.2244 0
      vertex 152.631 -43.436 6.35
    endloop
  endfacet
  facet normal 0.069734 -0.997566 0
    outer loop
      vertex 152.631 -43.436 6.35
      vertex 155.658 -43.2244 0
      vertex 155.658 -43.2244 6.35
    endloop
  endfacet
  facet normal 0 0 1
    outer loop
      vertex 152.631 -43.436 6.35
      vertex 155.658 -43.2244 6.35
      vertex 152.631 43.436 6.35
    endloop
  endfacet
  facet normal 0.069734 0.997566 0
    outer loop
      vertex 152.631 43.436 0
      vertex 152.631 43.436 6.35
      vertex 155.658 43.2244 6.35
    endloop
  endfacet
  facet normal 0 0 -1
    outer loop
      vertex 152.631 43.436 0
      vertex 155.658 43.2244 0
      vertex 155.658 -43.2244 0
    endloop
  endfacet
  facet normal 0.069734 0.997566 0
    outer loop
      vertex 152.631 43.436 0
      vertex 155.658 43.2244 6.35
      vertex 155.658 43.2244 0
    endloop
  endfacet
  facet normal 0 0 1
    outer loop
      vertex 152.631 43.436 6.35
      vertex 155.658 -43.2244 6.35
      vertex 155.658 43.2244 6.35
    endloop
  endfacet
  facet normal 0 0 -1
    outer loop
      vertex 155.658 -43.2244 0
      vertex 155.658 43.2244 0
      vertex 161.629 -42.1715 0
    endloop
  endfacet
  facet normal 0.139178 -0.990267 0
    outer loop
      vertex 155.658 -43.2244 0
      vertex 158.662 -42.8022 0
      vertex 155.658 -43.2244 6.35
    endloop
  endfacet
  facet normal 0 0 -1
    outer loop
      vertex 155.658 -43.2244 0
      vertex 161.629 -42.1715 0
      vertex 158.662 -42.8022 0
    endloop
  endfacet
  facet normal 0.139178 -0.990267 0
    outer loop
      vertex 155.658 -43.2244 6.35
      vertex 158.662 -42.8022 0
      vertex 158.662 -42.8022 6.35
    endloop
  endfacet
  facet normal 0 0 1
    outer loop
      vertex 155.658 -43.2244 6.35
      vertex 158.662 -42.8022 6.35
      vertex 161.629 -42.1715 6.35
    endloop
  endfacet
  facet normal 0 0 1
    outer loop
      vertex 155.658 -43.2244 6.35
      vertex 161.629 -42.1715 6.35
      vertex 155.658 43.2244 6.35
    endloop
  endfacet
  facet normal 0.139178 0.990267 0
    outer loop
      vertex 155.658 43.2244 0
      vertex 155.658 43.2244 6.35
      vertex 158.662 42.8022 6.35
    endloop
  endfacet
  facet normal 0 0 -1
    outer loop
      vertex 155.658 43.2244 0
      vertex 158.662 42.8022 0
      vertex 161.629 42.1715 0
    endloop
  endfacet
  facet normal 0.139178 0.990267 0
    outer loop
      vertex 155.658 43.2244 0
      vertex 158.662 42.8022 6.35
      vertex 158.662 42.8022 0
    endloop
  endfacet
  facet normal 0 0 -1
    outer loop
      vertex 155.658 43.2244 0
      vertex 161.629 42.1715 0
      vertex 161.629 -42.1715 0
    endloop
  endfacet
  facet normal 0 0 1
    outer loop
      vertex 155.658 43.2244 6.35
      vertex 161.629 -42.1715 6.35
      vertex 161.629 42.1715 6.35
    endloop
  endfacet
  facet normal 0 0 1
    outer loop
      vertex 155.658 43.2244 6.35
      vertex 161.629 42.1715 6.35
      vertex 158.662 42.8022 6.35
    endloop
  endfacet
  facet normal 0 0 -1
    outer loop
      vertex 1557.19 -13.437 0
      vertex 1557.19 13.437 0
      vertex 1635.25 -12.4986 0
    endloop
  endfacet
  facet normal 0.0120207 -0.999928 0
    outer loop
      vertex 1557.19 -13.437 0
      vertex 1635.25 -12.4986 0
      vertex 1557.19 -13.437 6.35
    endloop
  endfacet
  facet normal 0.0120207 -0.999928 0
    outer loop
      vertex 1557.19 -13.437 6.35
      vertex 1635.25 -12.4986 0
      vertex 1635.25 -12.4986 6.35
    endloop
  endfacet
  facet normal 0 0 1
    outer loop
      vertex 1557.19 -13.437 6.35
      vertex 1635.25 -12.4986 6.35
      vertex 1557.19 13.437 6.35
    endloop
  endfacet
  facet normal 0.0120207 0.999928 0
    outer loop
      vertex 1557.19 13.437 0
      vertex 1557.19 13.437 6.35
      vertex 1635.25 12.4986 6.35
    endloop
  endfacet
  facet normal 0 0 -1
    outer loop
      vertex 1557.19 13.437 0
      vertex 1635.25 12.4986 0
      vertex 1635.25 -12.4986 0
    endloop
  endfacet
  facet normal 0.0120207 0.999928 0
    outer loop
      vertex 1557.19 13.437 0
      vertex 1635.25 12.4986 6.35
      vertex 1635.25 12.4986 0
    endloop
  endfacet
  facet normal 0 0 1
    outer loop
      vertex 1557.19 13.437 6.35
      vertex 1635.25 -12.4986 6.35
      vertex 1635.25 12.4986 6.35
    endloop
  endfacet
  facet normal 0.207926 -0.978145 0
    outer loop
      vertex 158.662 -42.8022 0
      vertex 161.629 -42.1715 0
      vertex 158.662 -42.8022 6.35
    endloop
  endfacet
  facet normal 0.207926 -0.978145 0
    outer loop
      vertex 158.662 -42.8022 6.35
      vertex 161.629 -42.1715 0
      vertex 161.629 -42.1715 6.35
    endloop
  endfacet
  facet normal 0.207926 0.978145 0
    outer loop
      vertex 158.662 42.8022 0
      vertex 158.662 42.8022 6.35
      vertex 161.629 42.1715 6.35
    endloop
  endfacet
  facet normal 0.207926 0.978145 0
    outer loop
      vertex 158.662 42.8022 0
      vertex 161.629 42.1715 6.35
      vertex 161.629 42.1715 0
    endloop
  endfacet
  facet normal 0 0 -1
    outer loop
      vertex 161.629 -42.1715 0
      vertex 161.629 42.1715 0
      vertex 232.236 -26.2926 0
    endloop
  endfacet
  facet normal 0.219411 -0.975632 0
    outer loop
      vertex 161.629 -42.1715 0
      vertex 232.236 -26.2926 0
      vertex 161.629 -42.1715 6.35
    endloop
  endfacet
  facet normal 0.219411 -0.975632 0
    outer loop
      vertex 161.629 -42.1715 6.35
      vertex 232.236 -26.2926 0
      vertex 232.236 -26.2926 6.35
    endloop
  endfacet
  facet normal 0 0 1
    outer loop
      vertex 161.629 -42.1715 6.35
      vertex 232.236 -26.2926 6.35
      vertex 161.629 42.1715 6.35
    endloop
  endfacet
  facet normal 0.219411 0.975632 0
    outer loop
      vertex 161.629 42.1715 0
      vertex 161.629 42.1715 6.35
      vertex 232.236 26.2926 6.35
    endloop
  endfacet
  facet normal 0 0 -1
    outer loop
      vertex 161.629 42.1715 0
      vertex 232.236 26.2926 0
      vertex 232.236 -26.2926 0
    endloop
  endfacet
  facet normal 0.219411 0.975632 0
    outer loop
      vertex 161.629 42.1715 0
      vertex 232.236 26.2926 6.35
      vertex 232.236 26.2926 0
    endloop
  endfacet
  facet normal 0 0 1
    outer loop
      vertex 161.629 42.1715 6.35
      vertex 232.236 -26.2926 6.35
      vertex 232.236 26.2926 6.35
    endloop
  endfacet
  facet normal 0 0 -1
    outer loop
      vertex 1635.25 -12.4986 0
      vertex 1635.25 12.4986 0
      vertex 1855.51 0 0
    endloop
  endfacet
  facet normal 0 0 -1
    outer loop
      vertex 1635.25 -12.4986 0
      vertex 1855.51 0 0
      vertex 1855.52 -0.290787 0
    endloop
  endfacet
  facet normal 0 0 -1
    outer loop
      vertex 1635.25 -12.4986 0
      vertex 1855.52 -0.290787 0
      vertex 1855.55 -0.58017 0
    endloop
  endfacet
  facet normal 0 0 -1
    outer loop
      vertex 1635.25 -12.4986 0
      vertex 1855.55 -0.58017 0
      vertex 1855.6 -0.86673 0
    endloop
  endfacet
  facet normal 0 0 -1
    outer loop
      vertex 1635.25 -12.4986 0
      vertex 1855.6 -0.86673 0
      vertex 1855.67 -1.14906 0
    endloop
  endfacet
  facet normal 0 0 -1
    outer loop
      vertex 1635.25 -12.4986 0
      vertex 1855.67 -1.14906 0
      vertex 1855.76 -1.42578 0
    endloop
  endfacet
  facet normal 0 0 -1
    outer loop
      vertex 1635.25 -12.4986 0
      vertex 1855.76 -1.42578 0
      vertex 1855.87 -1.69557 0
    endloop
  endfacet
  facet normal 0 0 -1
    outer loop
      vertex 1635.25 -12.4986 0
      vertex 1855.87 -1.69557 0
      vertex 1856 -1.95711 0
    endloop
  endfacet
  facet normal 0 0 -1
    outer loop
      vertex 1635.25 -12.4986 0
      vertex 1856 -1.95711 0
      vertex 1856.14 -2.20909 0
    endloop
  endfacet
  facet normal 0 0 -1
    outer loop
      vertex 1635.25 -12.4986 0
      vertex 1856.14 -2.20909 0
      vertex 1856.31 -2.45032 0
    endloop
  endfacet
  facet normal 0 0 -1
    outer loop
      vertex 1635.25 -12.4986 0
      vertex 1856.31 -2.45032 0
      vertex 1856.48 -2.67961 0
    endloop
  endfacet
  facet normal 0 0 -1
    outer loop
      vertex 1635.25 -12.4986 0
      vertex 1856.48 -2.67961 0
      vertex 1856.68 -2.89584 0
    endloop
  endfacet
  facet normal 0 0 -1
    outer loop
      vertex 1635.25 -12.4986 0
      vertex 1856.68 -2.89584 0
      vertex 1856.89 -3.09798 0
    endloop
  endfacet
  facet normal 0 0 -1
    outer loop
      vertex 1635.25 -12.4986 0
      vertex 1856.89 -3.09798 0
      vertex 1857.11 -3.28502 0
    endloop
  endfacet
  facet normal 0 0 -1
    outer loop
      vertex 1635.25 -12.4986 0
      vertex 1857.11 -3.28502 0
      vertex 1857.35 -3.45604 0
    endloop
  endfacet
  facet normal 0 0 -1
    outer loop
      vertex 1635.25 -12.4986 0
      vertex 1857.35 -3.45604 0
      vertex 1857.59 -3.61023 0
    endloop
  endfacet
  facet normal 0 0 -1
    outer loop
      vertex 1635.25 -12.4986 0
      vertex 1857.59 -3.61023 0
      vertex 1857.85 -3.74684 0
    endloop
  endfacet
  facet normal 0 0 -1
    outer loop
      vertex 1635.25 -12.4986 0
      vertex 1857.85 -3.74684 0
      vertex 1858.12 -3.86519 0
    endloop
  endfacet
  facet normal 0 0 -1
    outer loop
      vertex 1635.25 -12.4986 0
      vertex 1858.12 -3.86519 0
      vertex 1858.39 -3.96471 0
    endloop
  endfacet
  facet normal 0 0 -1
    outer loop
      vertex 1635.25 -12.4986 0
      vertex 1858.39 -3.96471 0
      vertex 1858.67 -4.04491 0
    endloop
  endfacet
  facet normal 0 0 -1
    outer loop
      vertex 1635.25 -12.4986 0
      vertex 1858.67 -4.04491 0
      vertex 1858.95 -4.10541 0
    endloop
  endfacet
  facet normal 0 0 -1
    outer loop
      vertex 1635.25 -12.4986 0
      vertex 1858.95 -4.10541 0
      vertex 1859.24 -4.1459 0
    endloop
  endfacet
  facet normal 0 0 -1
    outer loop
      vertex 1635.25 -12.4986 0
      vertex 1859.24 -4.1459 0
      vertex 1859.53 -4.1662 0
    endloop
  endfacet
  facet normal 0 0 -1
    outer loop
      vertex 1635.25 -12.4986 0
      vertex 1859.53 -4.1662 0
      vertex 1947.61 -12.4986 0
    endloop
  endfacet
  facet normal 0 -1 0
    outer loop
      vertex 1635.25 -12.4986 0
      vertex 1947.61 -12.4986 0
      vertex 1635.25 -12.4986 6.35
    endloop
  endfacet
  facet normal 0 0 1
    outer loop
      vertex 1635.25 -12.4986 6.35
      vertex 1855.51 0 6.35
      vertex 1635.25 12.4986 6.35
    endloop
  endfacet
  facet normal 0 0 1
    outer loop
      vertex 1635.25 -12.4986 6.35
      vertex 1855.52 -0.290787 6.35
      vertex 1855.51 0 6.35
    endloop
  endfacet
  facet normal 0 0 1
    outer loop
      vertex 1635.25 -12.4986 6.35
      vertex 1855.55 -0.58017 6.35
      vertex 1855.52 -0.290787 6.35
    endloop
  endfacet
  facet normal 0 0 1
    outer loop
      vertex 1635.25 -12.4986 6.35
      vertex 1855.6 -0.86673 6.35
      vertex 1855.55 -0.58017 6.35
    endloop
  endfacet
  facet normal 0 0 1
    outer loop
      vertex 1635.25 -12.4986 6.35
      vertex 1855.67 -1.14906 6.35
      vertex 1855.6 -0.86673 6.35
    endloop
  endfacet
  facet normal 0 0 1
    outer loop
      vertex 1635.25 -12.4986 6.35
      vertex 1855.76 -1.42578 6.35
      vertex 1855.67 -1.14906 6.35
    endloop
  endfacet
  facet normal 0 0 1
    outer loop
      vertex 1635.25 -12.4986 6.35
      vertex 1855.87 -1.69557 6.35
      vertex 1855.76 -1.42578 6.35
    endloop
  endfacet
  facet normal 0 0 1
    outer loop
      vertex 1635.25 -12.4986 6.35
      vertex 1856 -1.95711 6.35
      vertex 1855.87 -1.69557 6.35
    endloop
  endfacet
  facet normal 0 0 1
    outer loop
      vertex 1635.25 -12.4986 6.35
      vertex 1856.14 -2.20909 6.35
      vertex 1856 -1.95711 6.35
    endloop
  endfacet
  facet normal 0 0 1
    outer loop
      vertex 1635.25 -12.4986 6.35
      vertex 1856.31 -2.45032 6.35
      vertex 1856.14 -2.20909 6.35
    endloop
  endfacet
  facet normal 0 0 1
    outer loop
      vertex 1635.25 -12.4986 6.35
      vertex 1856.48 -2.67961 6.35
      vertex 1856.31 -2.45032 6.35
    endloop
  endfacet
  facet normal 0 0 1
    outer loop
      vertex 1635.25 -12.4986 6.35
      vertex 1856.68 -2.89584 6.35
      vertex 1856.48 -2.67961 6.35
    endloop
  endfacet
  facet normal 0 0 1
    outer loop
      vertex 1635.25 -12.4986 6.35
      vertex 1856.89 -3.09798 6.35
      vertex 1856.68 -2.89584 6.35
    endloop
  endfacet
  facet normal 0 0 1
    outer loop
      vertex 1635.25 -12.4986 6.35
      vertex 1857.11 -3.28502 6.35
      vertex 1856.89 -3.09798 6.35
    endloop
  endfacet
  facet normal 0 0 1
    outer loop
      vertex 1635.25 -12.4986 6.35
      vertex 1857.35 -3.45604 6.35
      vertex 1857.11 -3.28502 6.35
    endloop
  endfacet
  facet normal 0 0 1
    outer loop
      vertex 1635.25 -12.4986 6.35
      vertex 1857.59 -3.61023 6.35
      vertex 1857.35 -3.45604 6.35
    endloop
  endfacet
  facet normal 0 0 1
    outer loop
      vertex 1635.25 -12.4986 6.35
      vertex 1857.85 -3.74684 6.35
      vertex 1857.59 -3.61023 6.35
    endloop
  endfacet
  facet normal 0 0 1
    outer loop
      vertex 1635.25 -12.4986 6.35
      vertex 1858.12 -3.86519 6.35
      vertex 1857.85 -3.74684 6.35
    endloop
  endfacet
  facet normal 0 0 1
    outer loop
      vertex 1635.25 -12.4986 6.35
      vertex 1858.39 -3.96471 6.35
      vertex 1858.12 -3.86519 6.35
    endloop
  endfacet
  facet normal 0 0 1
    outer loop
      vertex 1635.25 -12.4986 6.35
      vertex 1858.67 -4.04491 6.35
      vertex 1858.39 -3.96471 6.35
    endloop
  endfacet
  facet normal 0 0 1
    outer loop
      vertex 1635.25 -12.4986 6.35
      vertex 1858.95 -4.10541 6.35
      vertex 1858.67 -4.04491 6.35
    endloop
  endfacet
  facet normal 0 0 1
    outer loop
      vertex 1635.25 -12.4986 6.35
      vertex 1859.24 -4.1459 6.35
      vertex 1858.95 -4.10541 6.35
    endloop
  endfacet
  facet normal 0 0 1
    outer loop
      vertex 1635.25 -12.4986 6.35
      vertex 1859.53 -4.1662 6.35
      vertex 1859.24 -4.1459 6.35
    endloop
  endfacet
  facet normal 0 -1 0
    outer loop
      vertex 1635.25 -12.4986 6.35
      vertex 1947.61 -12.4986 0
      vertex 1947.61 -12.4986 6.35
    endloop
  endfacet
  facet normal 0 0 1
    outer loop
      vertex 1635.25 -12.4986 6.35
      vertex 1947.61 -12.4986 6.35
      vertex 1859.53 -4.1662 6.35
    endloop
  endfacet
  facet normal 0 1 0
    outer loop
      vertex 1635.25 12.4986 0
      vertex 1635.25 12.4986 6.35
      vertex 1947.61 12.4986 6.35
    endloop
  endfacet
  facet normal 0 0 -1
    outer loop
      vertex 1635.25 12.4986 0
      vertex 1855.52 0.290787 0
      vertex 1855.51 0 0
    endloop
  endfacet
  facet normal 0 0 -1
    outer loop
      vertex 1635.25 12.4986 0
      vertex 1855.55 0.58017 0
      vertex 1855.52 0.290787 0
    endloop
  endfacet
  facet normal 0 0 -1
    outer loop
      vertex 1635.25 12.4986 0
      vertex 1855.6 0.86673 0
      vertex 1855.55 0.58017 0
    endloop
  endfacet
  facet normal 0 0 -1
    outer loop
      vertex 1635.25 12.4986 0
      vertex 1855.67 1.14906 0
      vertex 1855.6 0.86673 0
    endloop
  endfacet
  facet normal 0 0 -1
    outer loop
      vertex 1635.25 12.4986 0
      vertex 1855.76 1.42578 0
      vertex 1855.67 1.14906 0
    endloop
  endfacet
  facet normal 0 0 -1
    outer loop
      vertex 1635.25 12.4986 0
      vertex 1855.87 1.69557 0
      vertex 1855.76 1.42578 0
    endloop
  endfacet
  facet normal 0 0 -1
    outer loop
      vertex 1635.25 12.4986 0
      vertex 1856 1.95711 0
      vertex 1855.87 1.69557 0
    endloop
  endfacet
  facet normal 0 0 -1
    outer loop
      vertex 1635.25 12.4986 0
      vertex 1856.14 2.20909 0
      vertex 1856 1.95711 0
    endloop
  endfacet
  facet normal 0 0 -1
    outer loop
      vertex 1635.25 12.4986 0
      vertex 1856.31 2.45032 0
      vertex 1856.14 2.20909 0
    endloop
  endfacet
  facet normal 0 0 -1
    outer loop
      vertex 1635.25 12.4986 0
      vertex 1856.48 2.67961 0
      vertex 1856.31 2.45032 0
    endloop
  endfacet
  facet normal 0 0 -1
    outer loop
      vertex 1635.25 12.4986 0
      vertex 1856.68 2.89584 0
      vertex 1856.48 2.67961 0
    endloop
  endfacet
  facet normal 0 0 -1
    outer loop
      vertex 1635.25 12.4986 0
      vertex 1856.89 3.09798 0
      vertex 1856.68 2.89584 0
    endloop
  endfacet
  facet normal 0 0 -1
    outer loop
      vertex 1635.25 12.4986 0
      vertex 1857.11 3.28502 0
      vertex 1856.89 3.09798 0
    endloop
  endfacet
  facet normal 0 0 -1
    outer loop
      vertex 1635.25 12.4986 0
      vertex 1857.35 3.45604 0
      vertex 1857.11 3.28502 0
    endloop
  endfacet
  facet normal 0 0 -1
    outer loop
      vertex 1635.25 12.4986 0
      vertex 1857.59 3.61023 0
      vertex 1857.35 3.45604 0
    endloop
  endfacet
  facet normal 0 0 -1
    outer loop
      vertex 1635.25 12.4986 0
      vertex 1857.85 3.74684 0
      vertex 1857.59 3.61023 0
    endloop
  endfacet
  facet normal 0 0 -1
    outer loop
      vertex 1635.25 12.4986 0
      vertex 1858.12 3.86519 0
      vertex 1857.85 3.74684 0
    endloop
  endfacet
  facet normal 0 0 -1
    outer loop
      vertex 1635.25 12.4986 0
      vertex 1858.39 3.96471 0
      vertex 1858.12 3.86519 0
    endloop
  endfacet
  facet normal 0 0 -1
    outer loop
      vertex 1635.25 12.4986 0
      vertex 1858.67 4.04491 0
      vertex 1858.39 3.96471 0
    endloop
  endfacet
  facet normal 0 0 -1
    outer loop
      vertex 1635.25 12.4986 0
      vertex 1858.95 4.10541 0
      vertex 1858.67 4.04491 0
    endloop
  endfacet
  facet normal 0 0 -1
    outer loop
      vertex 1635.25 12.4986 0
      vertex 1859.24 4.1459 0
      vertex 1858.95 4.10541 0
    endloop
  endfacet
  facet normal 0 0 -1
    outer loop
      vertex 1635.25 12.4986 0
      vertex 1859.53 4.1662 0
      vertex 1859.24 4.1459 0
    endloop
  endfacet
  facet normal 0 0 -1
    outer loop
      vertex 1635.25 12.4986 0
      vertex 1947.61 12.4986 0
      vertex 1859.53 4.1662 0
    endloop
  endfacet
  facet normal 0 1 0
    outer loop
      vertex 1635.25 12.4986 0
      vertex 1947.61 12.4986 6.35
      vertex 1947.61 12.4986 0
    endloop
  endfacet
  facet normal 0 0 1
    outer loop
      vertex 1635.25 12.4986 6.35
      vertex 1855.51 0 6.35
      vertex 1855.52 0.290787 6.35
    endloop
  endfacet
  facet normal 0 0 1
    outer loop
      vertex 1635.25 12.4986 6.35
      vertex 1855.52 0.290787 6.35
      vertex 1855.55 0.58017 6.35
    endloop
  endfacet
  facet normal 0 0 1
    outer loop
      vertex 1635.25 12.4986 6.35
      vertex 1855.55 0.58017 6.35
      vertex 1855.6 0.86673 6.35
    endloop
  endfacet
  facet normal 0 0 1
    outer loop
      vertex 1635.25 12.4986 6.35
      vertex 1855.6 0.86673 6.35
      vertex 1855.67 1.14906 6.35
    endloop
  endfacet
  facet normal 0 0 1
    outer loop
      vertex 1635.25 12.4986 6.35
      vertex 1855.67 1.14906 6.35
      vertex 1855.76 1.42578 6.35
    endloop
  endfacet
  facet normal 0 0 1
    outer loop
      vertex 1635.25 12.4986 6.35
      vertex 1855.76 1.42578 6.35
      vertex 1855.87 1.69557 6.35
    endloop
  endfacet
  facet normal 0 0 1
    outer loop
      vertex 1635.25 12.4986 6.35
      vertex 1855.87 1.69557 6.35
      vertex 1856 1.95711 6.35
    endloop
  endfacet
  facet normal 0 0 1
    outer loop
      vertex 1635.25 12.4986 6.35
      vertex 1856 1.95711 6.35
      vertex 1856.14 2.20909 6.35
    endloop
  endfacet
  facet normal 0 0 1
    outer loop
      vertex 1635.25 12.4986 6.35
      vertex 1856.14 2.20909 6.35
      vertex 1856.31 2.45032 6.35
    endloop
  endfacet
  facet normal 0 0 1
    outer loop
      vertex 1635.25 12.4986 6.35
      vertex 1856.31 2.45032 6.35
      vertex 1856.48 2.67961 6.35
    endloop
  endfacet
  facet normal 0 0 1
    outer loop
      vertex 1635.25 12.4986 6.35
      vertex 1856.48 2.67961 6.35
      vertex 1856.68 2.89584 6.35
    endloop
  endfacet
  facet normal 0 0 1
    outer loop
      vertex 1635.25 12.4986 6.35
      vertex 1856.68 2.89584 6.35
      vertex 1856.89 3.09798 6.35
    endloop
  endfacet
  facet normal 0 0 1
    outer loop
      vertex 1635.25 12.4986 6.35
      vertex 1856.89 3.09798 6.35
      vertex 1857.11 3.28502 6.35
    endloop
  endfacet
  facet normal 0 0 1
    outer loop
      vertex 1635.25 12.4986 6.35
      vertex 1857.11 3.28502 6.35
      vertex 1857.35 3.45604 6.35
    endloop
  endfacet
  facet normal 0 0 1
    outer loop
      vertex 1635.25 12.4986 6.35
      vertex 1857.35 3.45604 6.35
      vertex 1857.59 3.61023 6.35
    endloop
  endfacet
  facet normal 0 0 1
    outer loop
      vertex 1635.25 12.4986 6.35
      vertex 1857.59 3.61023 6.35
      vertex 1857.85 3.74684 6.35
    endloop
  endfacet
  facet normal 0 0 1
    outer loop
      vertex 1635.25 12.4986 6.35
      vertex 1857.85 3.74684 6.35
      vertex 1858.12 3.86519 6.35
    endloop
  endfacet
  facet normal 0 0 1
    outer loop
      vertex 1635.25 12.4986 6.35
      vertex 1858.12 3.86519 6.35
      vertex 1858.39 3.96471 6.35
    endloop
  endfacet
  facet normal 0 0 1
    outer loop
      vertex 1635.25 12.4986 6.35
      vertex 1858.39 3.96471 6.35
      vertex 1858.67 4.04491 6.35
    endloop
  endfacet
  facet normal 0 0 1
    outer loop
      vertex 1635.25 12.4986 6.35
      vertex 1858.67 4.04491 6.35
      vertex 1858.95 4.10541 6.35
    endloop
  endfacet
  facet normal 0 0 1
    outer loop
      vertex 1635.25 12.4986 6.35
      vertex 1858.95 4.10541 6.35
      vertex 1859.24 4.1459 6.35
    endloop
  endfacet
  facet normal 0 0 1
    outer loop
      vertex 1635.25 12.4986 6.35
      vertex 1859.24 4.1459 6.35
      vertex 1859.53 4.1662 6.35
    endloop
  endfacet
  facet normal 0 0 1
    outer loop
      vertex 1635.25 12.4986 6.35
      vertex 1859.53 4.1662 6.35
      vertex 1947.61 12.4986 6.35
    endloop
  endfacet
  facet normal 0.999409 0.0343691 0
    outer loop
      vertex 1855.51 0 0
      vertex 1855.51 0 6.35
      vertex 1855.52 -0.290787 0
    endloop
  endfacet
  facet normal 0.999409 -0.0343691 0
    outer loop
      vertex 1855.51 0 0
      vertex 1855.52 0.290787 0
      vertex 1855.52 0.290787 6.35
    endloop
  endfacet
  facet normal 0.999409 -0.0343691 0
    outer loop
      vertex 1855.51 0 0
      vertex 1855.52 0.290787 6.35
      vertex 1855.51 0 6.35
    endloop
  endfacet
  facet normal 0.999409 0.0343691 0
    outer loop
      vertex 1855.51 0 6.35
      vertex 1855.52 -0.290787 6.35
      vertex 1855.52 -0.290787 0
    endloop
  endfacet
  facet normal 0.994669 0.103116 0
    outer loop
      vertex 1855.52 -0.290787 0
      vertex 1855.52 -0.290787 6.35
      vertex 1855.55 -0.58017 0
    endloop
  endfacet
  facet normal 0.994669 0.103116 0
    outer loop
      vertex 1855.52 -0.290787 6.35
      vertex 1855.55 -0.58017 6.35
      vertex 1855.55 -0.58017 0
    endloop
  endfacet
  facet normal 0.994669 -0.103116 0
    outer loop
      vertex 1855.52 0.290787 0
      vertex 1855.55 0.58017 0
      vertex 1855.55 0.58017 6.35
    endloop
  endfacet
  facet normal 0.994669 -0.103116 0
    outer loop
      vertex 1855.52 0.290787 0
      vertex 1855.55 0.58017 6.35
      vertex 1855.52 0.290787 6.35
    endloop
  endfacet
  facet normal 0.985117 0.171887 0
    outer loop
      vertex 1855.55 -0.58017 0
      vertex 1855.55 -0.58017 6.35
      vertex 1855.6 -0.86673 0
    endloop
  endfacet
  facet normal 0.985117 0.171887 0
    outer loop
      vertex 1855.55 -0.58017 6.35
      vertex 1855.6 -0.86673 6.35
      vertex 1855.6 -0.86673 0
    endloop
  endfacet
  facet normal 0.985117 -0.171887 0
    outer loop
      vertex 1855.55 0.58017 0
      vertex 1855.6 0.86673 0
      vertex 1855.6 0.86673 6.35
    endloop
  endfacet
  facet normal 0.985117 -0.171887 0
    outer loop
      vertex 1855.55 0.58017 0
      vertex 1855.6 0.86673 6.35
      vertex 1855.55 0.58017 6.35
    endloop
  endfacet
  facet normal 0.970612 0.24065 0
    outer loop
      vertex 1855.6 -0.86673 0
      vertex 1855.6 -0.86673 6.35
      vertex 1855.67 -1.14906 0
    endloop
  endfacet
  facet normal 0.970612 0.24065 0
    outer loop
      vertex 1855.6 -0.86673 6.35
      vertex 1855.67 -1.14906 6.35
      vertex 1855.67 -1.14906 0
    endloop
  endfacet
  facet normal 0.970612 -0.24065 0
    outer loop
      vertex 1855.6 0.86673 0
      vertex 1855.67 1.14906 0
      vertex 1855.67 1.14906 6.35
    endloop
  endfacet
  facet normal 0.970612 -0.24065 0
    outer loop
      vertex 1855.6 0.86673 0
      vertex 1855.67 1.14906 6.35
      vertex 1855.6 0.86673 6.35
    endloop
  endfacet
  facet normal 0.950967 0.309291 0
    outer loop
      vertex 1855.67 -1.14906 0
      vertex 1855.67 -1.14906 6.35
      vertex 1855.76 -1.42578 0
    endloop
  endfacet
  facet normal 0.950967 0.309291 0
    outer loop
      vertex 1855.67 -1.14906 6.35
      vertex 1855.76 -1.42578 6.35
      vertex 1855.76 -1.42578 0
    endloop
  endfacet
  facet normal 0.950967 -0.309291 0
    outer loop
      vertex 1855.67 1.14906 0
      vertex 1855.76 1.42578 0
      vertex 1855.76 1.42578 6.35
    endloop
  endfacet
  facet normal 0.950967 -0.309291 0
    outer loop
      vertex 1855.67 1.14906 0
      vertex 1855.76 1.42578 6.35
      vertex 1855.67 1.14906 6.35
    endloop
  endfacet
  facet normal 0.92599 0.377549 0
    outer loop
      vertex 1855.76 -1.42578 0
      vertex 1855.76 -1.42578 6.35
      vertex 1855.87 -1.69557 0
    endloop
  endfacet
  facet normal 0.92599 0.377549 0
    outer loop
      vertex 1855.76 -1.42578 6.35
      vertex 1855.87 -1.69557 6.35
      vertex 1855.87 -1.69557 0
    endloop
  endfacet
  facet normal 0.92599 -0.377549 0
    outer loop
      vertex 1855.76 1.42578 0
      vertex 1855.87 1.69557 0
      vertex 1855.87 1.69557 6.35
    endloop
  endfacet
  facet normal 0.92599 -0.377549 0
    outer loop
      vertex 1855.76 1.42578 0
      vertex 1855.87 1.69557 6.35
      vertex 1855.76 1.42578 6.35
    endloop
  endfacet
  facet normal 0.895479 0.445103 0
    outer loop
      vertex 1855.87 -1.69557 0
      vertex 1855.87 -1.69557 6.35
      vertex 1856 -1.95711 0
    endloop
  endfacet
  facet normal 0.895479 0.445103 0
    outer loop
      vertex 1855.87 -1.69557 6.35
      vertex 1856 -1.95711 6.35
      vertex 1856 -1.95711 0
    endloop
  endfacet
  facet normal 0.895479 -0.445103 0
    outer loop
      vertex 1855.87 1.69557 0
      vertex 1856 1.95711 0
      vertex 1856 1.95711 6.35
    endloop
  endfacet
  facet normal 0.895479 -0.445103 0
    outer loop
      vertex 1855.87 1.69557 0
      vertex 1856 1.95711 6.35
      vertex 1855.87 1.69557 6.35
    endloop
  endfacet
  facet normal 0.874141 0.485672 0
    outer loop
      vertex 1856 -1.95711 0
      vertex 1856 -1.95711 6.35
      vertex 1856.14 -2.20909 0
    endloop
  endfacet
  facet normal 0.874141 0.485672 0
    outer loop
      vertex 1856 -1.95711 6.35
      vertex 1856.14 -2.20909 6.35
      vertex 1856.14 -2.20909 0
    endloop
  endfacet
  facet normal 0.874141 -0.485672 0
    outer loop
      vertex 1856 1.95711 0
      vertex 1856.14 2.20909 0
      vertex 1856.14 2.20909 6.35
    endloop
  endfacet
  facet normal 0.874141 -0.485672 0
    outer loop
      vertex 1856 1.95711 0
      vertex 1856.14 2.20909 6.35
      vertex 1856 1.95711 6.35
    endloop
  endfacet
  facet normal 0.817415 0.57605 0
    outer loop
      vertex 1856.14 -2.20909 0
      vertex 1856.14 -2.20909 6.35
      vertex 1856.31 -2.45032 0
    endloop
  endfacet
  facet normal 0.817415 0.57605 0
    outer loop
      vertex 1856.14 -2.20909 6.35
      vertex 1856.31 -2.45032 6.35
      vertex 1856.31 -2.45032 0
    endloop
  endfacet
  facet normal 0.817415 -0.57605 0
    outer loop
      vertex 1856.14 2.20909 0
      vertex 1856.31 2.45032 0
      vertex 1856.31 2.45032 6.35
    endloop
  endfacet
  facet normal 0.817415 -0.57605 0
    outer loop
      vertex 1856.14 2.20909 0
      vertex 1856.31 2.45032 6.35
      vertex 1856.14 2.20909 6.35
    endloop
  endfacet
  facet normal 0.803296 0.595579 0
    outer loop
      vertex 1856.31 -2.45032 0
      vertex 1856.31 -2.45032 6.35
      vertex 1856.48 -2.67961 0
    endloop
  endfacet
  facet normal 0.803296 0.595579 0
    outer loop
      vertex 1856.31 -2.45032 6.35
      vertex 1856.48 -2.67961 6.35
      vertex 1856.48 -2.67961 0
    endloop
  endfacet
  facet normal 0.803296 -0.595579 0
    outer loop
      vertex 1856.31 2.45032 0
      vertex 1856.48 2.67961 0
      vertex 1856.48 2.67961 6.35
    endloop
  endfacet
  facet normal 0.803296 -0.595579 0
    outer loop
      vertex 1856.31 2.45032 0
      vertex 1856.48 2.67961 6.35
      vertex 1856.31 2.45032 6.35
    endloop
  endfacet
  facet normal 0.734121 0.679019 0
    outer loop
      vertex 1856.48 -2.67961 0
      vertex 1856.48 -2.67961 6.35
      vertex 1856.68 -2.89584 0
    endloop
  endfacet
  facet normal 0.734121 0.679019 0
    outer loop
      vertex 1856.48 -2.67961 6.35
      vertex 1856.68 -2.89584 6.35
      vertex 1856.68 -2.89584 0
    endloop
  endfacet
  facet normal 0.734121 -0.679019 0
    outer loop
      vertex 1856.48 2.67961 0
      vertex 1856.68 2.89584 0
      vertex 1856.68 2.89584 6.35
    endloop
  endfacet
  facet normal 0.734121 -0.679019 0
    outer loop
      vertex 1856.48 2.67961 0
      vertex 1856.68 2.89584 6.35
      vertex 1856.48 2.67961 6.35
    endloop
  endfacet
  facet normal 0.693495 0.720461 0
    outer loop
      vertex 1856.68 -2.89584 0
      vertex 1856.68 -2.89584 6.35
      vertex 1856.89 -3.09798 0
    endloop
  endfacet
  facet normal 0.693495 0.720461 0
    outer loop
      vertex 1856.68 -2.89584 6.35
      vertex 1856.89 -3.09798 6.35
      vertex 1856.89 -3.09798 0
    endloop
  endfacet
  facet normal 0.693495 -0.720461 0
    outer loop
      vertex 1856.68 2.89584 0
      vertex 1856.89 3.09798 0
      vertex 1856.89 3.09798 6.35
    endloop
  endfacet
  facet normal 0.693495 -0.720461 0
    outer loop
      vertex 1856.68 2.89584 0
      vertex 1856.89 3.09798 6.35
      vertex 1856.68 2.89584 6.35
    endloop
  endfacet
  facet normal 0.647729 0.761871 0
    outer loop
      vertex 1856.89 -3.09798 0
      vertex 1856.89 -3.09798 6.35
      vertex 1857.11 -3.28502 0
    endloop
  endfacet
  facet normal 0.647729 0.761871 0
    outer loop
      vertex 1856.89 -3.09798 6.35
      vertex 1857.11 -3.28502 6.35
      vertex 1857.11 -3.28502 0
    endloop
  endfacet
  facet normal 0.647729 -0.761871 0
    outer loop
      vertex 1856.89 3.09798 0
      vertex 1857.11 3.28502 0
      vertex 1857.11 3.28502 6.35
    endloop
  endfacet
  facet normal 0.647729 -0.761871 0
    outer loop
      vertex 1856.89 3.09798 0
      vertex 1857.11 3.28502 6.35
      vertex 1856.89 3.09798 6.35
    endloop
  endfacet
  facet normal 0.58032 0.814389 0
    outer loop
      vertex 1857.11 -3.28502 0
      vertex 1857.11 -3.28502 6.35
      vertex 1857.35 -3.45604 0
    endloop
  endfacet
  facet normal 0.58032 0.814389 0
    outer loop
      vertex 1857.11 -3.28502 6.35
      vertex 1857.35 -3.45604 6.35
      vertex 1857.35 -3.45604 0
    endloop
  endfacet
  facet normal 0.58032 -0.814389 0
    outer loop
      vertex 1857.11 3.28502 0
      vertex 1857.35 3.45604 0
      vertex 1857.35 3.45604 6.35
    endloop
  endfacet
  facet normal 0.58032 -0.814389 0
    outer loop
      vertex 1857.11 3.28502 0
      vertex 1857.35 3.45604 6.35
      vertex 1857.11 3.28502 6.35
    endloop
  endfacet
  facet normal 0.54052 0.841331 0
    outer loop
      vertex 1857.35 -3.45604 0
      vertex 1857.35 -3.45604 6.35
      vertex 1857.59 -3.61023 0
    endloop
  endfacet
  facet normal 0.54052 0.841331 0
    outer loop
      vertex 1857.35 -3.45604 6.35
      vertex 1857.59 -3.61023 6.35
      vertex 1857.59 -3.61023 0
    endloop
  endfacet
  facet normal 0.54052 -0.841331 0
    outer loop
      vertex 1857.35 3.45604 0
      vertex 1857.59 3.61023 0
      vertex 1857.59 3.61023 6.35
    endloop
  endfacet
  facet normal 0.54052 -0.841331 0
    outer loop
      vertex 1857.35 3.45604 0
      vertex 1857.59 3.61023 6.35
      vertex 1857.35 3.45604 6.35
    endloop
  endfacet
  facet normal 0.465127 0.885244 0
    outer loop
      vertex 1857.59 -3.61023 0
      vertex 1857.59 -3.61023 6.35
      vertex 1857.85 -3.74684 0
    endloop
  endfacet
  facet normal 0.465127 0.885244 0
    outer loop
      vertex 1857.59 -3.61023 6.35
      vertex 1857.85 -3.74684 6.35
      vertex 1857.85 -3.74684 0
    endloop
  endfacet
  facet normal 0.465127 -0.885244 0
    outer loop
      vertex 1857.59 3.61023 0
      vertex 1857.85 3.74684 0
      vertex 1857.85 3.74684 6.35
    endloop
  endfacet
  facet normal 0.465127 -0.885244 0
    outer loop
      vertex 1857.59 3.61023 0
      vertex 1857.85 3.74684 6.35
      vertex 1857.59 3.61023 6.35
    endloop
  endfacet
  facet normal 0.401459 0.915877 0
    outer loop
      vertex 1857.85 -3.74684 0
      vertex 1857.85 -3.74684 6.35
      vertex 1858.12 -3.86519 0
    endloop
  endfacet
  facet normal 0.401459 0.915877 0
    outer loop
      vertex 1857.85 -3.74684 6.35
      vertex 1858.12 -3.86519 6.35
      vertex 1858.12 -3.86519 0
    endloop
  endfacet
  facet normal 0.401459 -0.915877 0
    outer loop
      vertex 1857.85 3.74684 0
      vertex 1858.12 3.86519 0
      vertex 1858.12 3.86519 6.35
    endloop
  endfacet
  facet normal 0.401459 -0.915877 0
    outer loop
      vertex 1857.85 3.74684 0
      vertex 1858.12 3.86519 6.35
      vertex 1857.85 3.74684 6.35
    endloop
  endfacet
  facet normal 0.345847 0.938291 0
    outer loop
      vertex 1858.12 -3.86519 0
      vertex 1858.12 -3.86519 6.35
      vertex 1858.39 -3.96471 0
    endloop
  endfacet
  facet normal 0.345847 0.938291 0
    outer loop
      vertex 1858.12 -3.86519 6.35
      vertex 1858.39 -3.96471 6.35
      vertex 1858.39 -3.96471 0
    endloop
  endfacet
  facet normal 0.345847 -0.938291 0
    outer loop
      vertex 1858.12 3.86519 0
      vertex 1858.39 3.96471 0
      vertex 1858.39 3.96471 6.35
    endloop
  endfacet
  facet normal 0.345847 -0.938291 0
    outer loop
      vertex 1858.12 3.86519 0
      vertex 1858.39 3.96471 6.35
      vertex 1858.12 3.86519 6.35
    endloop
  endfacet
  facet normal 0.275356 0.961342 0
    outer loop
      vertex 1858.39 -3.96471 0
      vertex 1858.39 -3.96471 6.35
      vertex 1858.67 -4.04491 0
    endloop
  endfacet
  facet normal 0.275356 0.961342 0
    outer loop
      vertex 1858.39 -3.96471 6.35
      vertex 1858.67 -4.04491 6.35
      vertex 1858.67 -4.04491 0
    endloop
  endfacet
  facet normal 0.275356 -0.961342 0
    outer loop
      vertex 1858.39 3.96471 0
      vertex 1858.67 4.04491 0
      vertex 1858.67 4.04491 6.35
    endloop
  endfacet
  facet normal 0.275356 -0.961342 0
    outer loop
      vertex 1858.39 3.96471 0
      vertex 1858.67 4.04491 6.35
      vertex 1858.39 3.96471 6.35
    endloop
  endfacet
  facet normal 0.211198 0.977443 0
    outer loop
      vertex 1858.67 -4.04491 0
      vertex 1858.67 -4.04491 6.35
      vertex 1858.95 -4.10541 0
    endloop
  endfacet
  facet normal 0.211198 0.977443 0
    outer loop
      vertex 1858.67 -4.04491 6.35
      vertex 1858.95 -4.10541 6.35
      vertex 1858.95 -4.10541 0
    endloop
  endfacet
  facet normal 0.211198 -0.977443 0
    outer loop
      vertex 1858.67 4.04491 0
      vertex 1858.95 4.10541 0
      vertex 1858.95 4.10541 6.35
    endloop
  endfacet
  facet normal 0.211198 -0.977443 0
    outer loop
      vertex 1858.67 4.04491 0
      vertex 1858.95 4.10541 6.35
      vertex 1858.67 4.04491 6.35
    endloop
  endfacet
  facet normal 0.138279 0.990393 0
    outer loop
      vertex 1858.95 -4.10541 0
      vertex 1858.95 -4.10541 6.35
      vertex 1859.24 -4.1459 0
    endloop
  endfacet
  facet normal 0.138279 0.990393 0
    outer loop
      vertex 1858.95 -4.10541 6.35
      vertex 1859.24 -4.1459 6.35
      vertex 1859.24 -4.1459 0
    endloop
  endfacet
  facet normal 0.138279 -0.990393 0
    outer loop
      vertex 1858.95 4.10541 0
      vertex 1859.24 4.1459 0
      vertex 1859.24 4.1459 6.35
    endloop
  endfacet
  facet normal 0.138279 -0.990393 0
    outer loop
      vertex 1858.95 4.10541 0
      vertex 1859.24 4.1459 6.35
      vertex 1858.95 4.10541 6.35
    endloop
  endfacet
  facet normal 0.0698291 0.997559 0
    outer loop
      vertex 1859.24 -4.1459 0
      vertex 1859.24 -4.1459 6.35
      vertex 1859.53 -4.1662 0
    endloop
  endfacet
  facet normal 0.0698291 0.997559 0
    outer loop
      vertex 1859.24 -4.1459 6.35
      vertex 1859.53 -4.1662 6.35
      vertex 1859.53 -4.1662 0
    endloop
  endfacet
  facet normal 0.0698291 -0.997559 0
    outer loop
      vertex 1859.24 4.1459 0
      vertex 1859.53 4.1662 0
      vertex 1859.53 4.1662 6.35
    endloop
  endfacet
  facet normal 0.0698291 -0.997559 0
    outer loop
      vertex 1859.24 4.1459 0
      vertex 1859.53 4.1662 6.35
      vertex 1859.24 4.1459 6.35
    endloop
  endfacet
  facet normal 0 1 0
    outer loop
      vertex 1859.53 -4.1662 0
      vertex 1859.53 -4.1662 6.35
      vertex 1859.82 -4.1662 0
    endloop
  endfacet
  facet normal 0 0 -1
    outer loop
      vertex 1859.53 -4.1662 0
      vertex 1859.82 -4.1662 0
      vertex 1947.61 -12.4986 0
    endloop
  endfacet
  facet normal 0 1 0
    outer loop
      vertex 1859.53 -4.1662 6.35
      vertex 1859.82 -4.1662 6.35
      vertex 1859.82 -4.1662 0
    endloop
  endfacet
  facet normal 0 0 1
    outer loop
      vertex 1859.53 -4.1662 6.35
      vertex 1947.61 -12.4986 6.35
      vertex 1859.82 -4.1662 6.35
    endloop
  endfacet
  facet normal 0 -1 0
    outer loop
      vertex 1859.53 4.1662 0
      vertex 1859.82 4.1662 0
      vertex 1859.82 4.1662 6.35
    endloop
  endfacet
  facet normal 0 -1 0
    outer loop
      vertex 1859.53 4.1662 0
      vertex 1859.82 4.1662 6.35
      vertex 1859.53 4.1662 6.35
    endloop
  endfacet
  facet normal 0 0 -1
    outer loop
      vertex 1859.53 4.1662 0
      vertex 1947.61 12.4986 0
      vertex 1859.82 4.1662 0
    endloop
  endfacet
  facet normal 0 0 1
    outer loop
      vertex 1859.53 4.1662 6.35
      vertex 1859.82 4.1662 6.35
      vertex 1947.61 12.4986 6.35
    endloop
  endfacet
  facet normal -0.0698291 0.997559 0
    outer loop
      vertex 1859.82 -4.1662 0
      vertex 1859.82 -4.1662 6.35
      vertex 1860.11 -4.1459 0
    endloop
  endfacet
  facet normal 0 0 -1
    outer loop
      vertex 1859.82 -4.1662 0
      vertex 1860.11 -4.1459 0
      vertex 1947.61 -12.4986 0
    endloop
  endfacet
  facet normal -0.0698291 0.997559 0
    outer loop
      vertex 1859.82 -4.1662 6.35
      vertex 1860.11 -4.1459 6.35
      vertex 1860.11 -4.1459 0
    endloop
  endfacet
  facet normal 0 0 1
    outer loop
      vertex 1859.82 -4.1662 6.35
      vertex 1947.61 -12.4986 6.35
      vertex 1860.11 -4.1459 6.35
    endloop
  endfacet
  facet normal -0.0698291 -0.997559 0
    outer loop
      vertex 1859.82 4.1662 0
      vertex 1860.11 4.1459 0
      vertex 1860.11 4.1459 6.35
    endloop
  endfacet
  facet normal -0.0698291 -0.997559 0
    outer loop
      vertex 1859.82 4.1662 0
      vertex 1860.11 4.1459 6.35
      vertex 1859.82 4.1662 6.35
    endloop
  endfacet
  facet normal 0 0 -1
    outer loop
      vertex 1859.82 4.1662 0
      vertex 1947.61 12.4986 0
      vertex 1860.11 4.1459 0
    endloop
  endfacet
  facet normal 0 0 1
    outer loop
      vertex 1859.82 4.1662 6.35
      vertex 1860.11 4.1459 6.35
      vertex 1947.61 12.4986 6.35
    endloop
  endfacet
  facet normal -0.138279 0.990393 0
    outer loop
      vertex 1860.11 -4.1459 0
      vertex 1860.11 -4.1459 6.35
      vertex 1860.4 -4.10541 0
    endloop
  endfacet
  facet normal 0 0 -1
    outer loop
      vertex 1860.11 -4.1459 0
      vertex 1860.4 -4.10541 0
      vertex 1947.61 -12.4986 0
    endloop
  endfacet
  facet normal -0.138279 0.990393 0
    outer loop
      vertex 1860.11 -4.1459 6.35
      vertex 1860.4 -4.10541 6.35
      vertex 1860.4 -4.10541 0
    endloop
  endfacet
  facet normal 0 0 1
    outer loop
      vertex 1860.11 -4.1459 6.35
      vertex 1947.61 -12.4986 6.35
      vertex 1860.4 -4.10541 6.35
    endloop
  endfacet
  facet normal -0.138279 -0.990393 0
    outer loop
      vertex 1860.11 4.1459 0
      vertex 1860.4 4.10541 0
      vertex 1860.4 4.10541 6.35
    endloop
  endfacet
  facet normal -0.138279 -0.990393 0
    outer loop
      vertex 1860.11 4.1459 0
      vertex 1860.4 4.10541 6.35
      vertex 1860.11 4.1459 6.35
    endloop
  endfacet
  facet normal 0 0 -1
    outer loop
      vertex 1860.11 4.1459 0
      vertex 1947.61 12.4986 0
      vertex 1860.4 4.10541 0
    endloop
  endfacet
  facet normal 0 0 1
    outer loop
      vertex 1860.11 4.1459 6.35
      vertex 1860.4 4.10541 6.35
      vertex 1947.61 12.4986 6.35
    endloop
  endfacet
  facet normal -0.204224 0.978924 0
    outer loop
      vertex 1860.4 -4.10541 0
      vertex 1860.4 -4.10541 6.35
      vertex 1860.69 -4.04491 0
    endloop
  endfacet
  facet normal 0 0 -1
    outer loop
      vertex 1860.4 -4.10541 0
      vertex 1860.69 -4.04491 0
      vertex 1947.61 -12.4986 0
    endloop
  endfacet
  facet normal -0.204224 0.978924 0
    outer loop
      vertex 1860.4 -4.10541 6.35
      vertex 1860.69 -4.04491 6.35
      vertex 1860.69 -4.04491 0
    endloop
  endfacet
  facet normal 0 0 1
    outer loop
      vertex 1860.4 -4.10541 6.35
      vertex 1947.61 -12.4986 6.35
      vertex 1860.69 -4.04491 6.35
    endloop
  endfacet
  facet normal -0.204224 -0.978924 0
    outer loop
      vertex 1860.4 4.10541 0
      vertex 1860.69 4.04491 0
      vertex 1860.69 4.04491 6.35
    endloop
  endfacet
  facet normal -0.204224 -0.978924 0
    outer loop
      vertex 1860.4 4.10541 0
      vertex 1860.69 4.04491 6.35
      vertex 1860.4 4.10541 6.35
    endloop
  endfacet
  facet normal 0 0 -1
    outer loop
      vertex 1860.4 4.10541 0
      vertex 1947.61 12.4986 0
      vertex 1860.69 4.04491 0
    endloop
  endfacet
  facet normal 0 0 1
    outer loop
      vertex 1860.4 4.10541 6.35
      vertex 1860.69 4.04491 6.35
      vertex 1947.61 12.4986 6.35
    endloop
  endfacet
  facet normal -0.275356 0.961342 0
    outer loop
      vertex 1860.69 -4.04491 0
      vertex 1860.69 -4.04491 6.35
      vertex 1860.97 -3.96471 0
    endloop
  endfacet
  facet normal 0 0 -1
    outer loop
      vertex 1860.69 -4.04491 0
      vertex 1860.97 -3.96471 0
      vertex 1947.61 -12.4986 0
    endloop
  endfacet
  facet normal -0.275356 0.961342 0
    outer loop
      vertex 1860.69 -4.04491 6.35
      vertex 1860.97 -3.96471 6.35
      vertex 1860.97 -3.96471 0
    endloop
  endfacet
  facet normal 0 0 1
    outer loop
      vertex 1860.69 -4.04491 6.35
      vertex 1947.61 -12.4986 6.35
      vertex 1860.97 -3.96471 6.35
    endloop
  endfacet
  facet normal -0.275356 -0.961342 0
    outer loop
      vertex 1860.69 4.04491 0
      vertex 1860.97 3.96471 0
      vertex 1860.97 3.96471 6.35
    endloop
  endfacet
  facet normal -0.275356 -0.961342 0
    outer loop
      vertex 1860.69 4.04491 0
      vertex 1860.97 3.96471 6.35
      vertex 1860.69 4.04491 6.35
    endloop
  endfacet
  facet normal 0 0 -1
    outer loop
      vertex 1860.69 4.04491 0
      vertex 1947.61 12.4986 0
      vertex 1860.97 3.96471 0
    endloop
  endfacet
  facet normal 0 0 1
    outer loop
      vertex 1860.69 4.04491 6.35
      vertex 1860.97 3.96471 6.35
      vertex 1947.61 12.4986 6.35
    endloop
  endfacet
  facet normal -0.345847 0.938291 0
    outer loop
      vertex 1860.97 -3.96471 0
      vertex 1860.97 -3.96471 6.35
      vertex 1861.24 -3.86519 0
    endloop
  endfacet
  facet normal 0 0 -1
    outer loop
      vertex 1860.97 -3.96471 0
      vertex 1861.24 -3.86519 0
      vertex 1947.61 -12.4986 0
    endloop
  endfacet
  facet normal -0.345847 0.938291 0
    outer loop
      vertex 1860.97 -3.96471 6.35
      vertex 1861.24 -3.86519 6.35
      vertex 1861.24 -3.86519 0
    endloop
  endfacet
  facet normal 0 0 1
    outer loop
      vertex 1860.97 -3.96471 6.35
      vertex 1947.61 -12.4986 6.35
      vertex 1861.24 -3.86519 6.35
    endloop
  endfacet
  facet normal -0.345847 -0.938291 0
    outer loop
      vertex 1860.97 3.96471 0
      vertex 1861.24 3.86519 0
      vertex 1861.24 3.86519 6.35
    endloop
  endfacet
  facet normal -0.345847 -0.938291 0
    outer loop
      vertex 1860.97 3.96471 0
      vertex 1861.24 3.86519 6.35
      vertex 1860.97 3.96471 6.35
    endloop
  endfacet
  facet normal 0 0 -1
    outer loop
      vertex 1860.97 3.96471 0
      vertex 1947.61 12.4986 0
      vertex 1861.24 3.86519 0
    endloop
  endfacet
  facet normal 0 0 1
    outer loop
      vertex 1860.97 3.96471 6.35
      vertex 1861.24 3.86519 6.35
      vertex 1947.61 12.4986 6.35
    endloop
  endfacet
  facet normal -0.401459 0.915877 0
    outer loop
      vertex 1861.24 -3.86519 0
      vertex 1861.24 -3.86519 6.35
      vertex 1861.51 -3.74684 0
    endloop
  endfacet
  facet normal 0 0 -1
    outer loop
      vertex 1861.24 -3.86519 0
      vertex 1861.51 -3.74684 0
      vertex 1947.61 -12.4986 0
    endloop
  endfacet
  facet normal -0.401459 0.915877 0
    outer loop
      vertex 1861.24 -3.86519 6.35
      vertex 1861.51 -3.74684 6.35
      vertex 1861.51 -3.74684 0
    endloop
  endfacet
  facet normal 0 0 1
    outer loop
      vertex 1861.24 -3.86519 6.35
      vertex 1947.61 -12.4986 6.35
      vertex 1861.51 -3.74684 6.35
    endloop
  endfacet
  facet normal -0.401459 -0.915877 0
    outer loop
      vertex 1861.24 3.86519 0
      vertex 1861.51 3.74684 0
      vertex 1861.51 3.74684 6.35
    endloop
  endfacet
  facet normal -0.401459 -0.915877 0
    outer loop
      vertex 1861.24 3.86519 0
      vertex 1861.51 3.74684 6.35
      vertex 1861.24 3.86519 6.35
    endloop
  endfacet
  facet normal 0 0 -1
    outer loop
      vertex 1861.24 3.86519 0
      vertex 1947.61 12.4986 0
      vertex 1861.51 3.74684 0
    endloop
  endfacet
  facet normal 0 0 1
    outer loop
      vertex 1861.24 3.86519 6.35
      vertex 1861.51 3.74684 6.35
      vertex 1947.61 12.4986 6.35
    endloop
  endfacet
  facet normal -0.479518 0.877532 0
    outer loop
      vertex 1861.51 -3.74684 0
      vertex 1861.51 -3.74684 6.35
      vertex 1861.76 -3.61023 0
    endloop
  endfacet
  facet normal 0 0 -1
    outer loop
      vertex 1861.51 -3.74684 0
      vertex 1861.76 -3.61023 0
      vertex 1932.58 -3.61023 0
    endloop
  endfacet
  facet normal 0 0 -1
    outer loop
      vertex 1861.51 -3.74684 0
      vertex 1932.58 -3.61023 0
      vertex 1932.84 -3.74684 0
    endloop
  endfacet
  facet normal 0 0 -1
    outer loop
      vertex 1861.51 -3.74684 0
      vertex 1932.84 -3.74684 0
      vertex 1947.61 -12.4986 0
    endloop
  endfacet
  facet normal -0.479518 0.877532 0
    outer loop
      vertex 1861.51 -3.74684 6.35
      vertex 1861.76 -3.61023 6.35
      vertex 1861.76 -3.61023 0
    endloop
  endfacet
  facet normal 0 0 1
    outer loop
      vertex 1861.51 -3.74684 6.35
      vertex 1932.58 -3.61023 6.35
      vertex 1861.76 -3.61023 6.35
    endloop
  endfacet
  facet normal 0 0 1
    outer loop
      vertex 1861.51 -3.74684 6.35
      vertex 1932.84 -3.74684 6.35
      vertex 1932.58 -3.61023 6.35
    endloop
  endfacet
  facet normal 0 0 1
    outer loop
      vertex 1861.51 -3.74684 6.35
      vertex 1947.61 -12.4986 6.35
      vertex 1932.84 -3.74684 6.35
    endloop
  endfacet
  facet normal -0.479518 -0.877532 0
    outer loop
      vertex 1861.51 3.74684 0
      vertex 1861.76 3.61023 0
      vertex 1861.76 3.61023 6.35
    endloop
  endfacet
  facet normal -0.479518 -0.877532 0
    outer loop
      vertex 1861.51 3.74684 0
      vertex 1861.76 3.61023 6.35
      vertex 1861.51 3.74684 6.35
    endloop
  endfacet
  facet normal 0 0 -1
    outer loop
      vertex 1861.51 3.74684 0
      vertex 1932.58 3.61023 0
      vertex 1861.76 3.61023 0
    endloop
  endfacet
  facet normal 0 0 -1
    outer loop
      vertex 1861.51 3.74684 0
      vertex 1932.84 3.74684 0
      vertex 1932.58 3.61023 0
    endloop
  endfacet
  facet normal 0 0 -1
    outer loop
      vertex 1861.51 3.74684 0
      vertex 1947.61 12.4986 0
      vertex 1932.84 3.74684 0
    endloop
  endfacet
  facet normal 0 0 1
    outer loop
      vertex 1861.51 3.74684 6.35
      vertex 1861.76 3.61023 6.35
      vertex 1932.58 3.61023 6.35
    endloop
  endfacet
  facet normal 0 0 1
    outer loop
      vertex 1861.51 3.74684 6.35
      vertex 1932.58 3.61023 6.35
      vertex 1932.84 3.74684 6.35
    endloop
  endfacet
  facet normal 0 0 1
    outer loop
      vertex 1861.51 3.74684 6.35
      vertex 1932.84 3.74684 6.35
      vertex 1947.61 12.4986 6.35
    endloop
  endfacet
  facet normal -0.524946 0.851135 0
    outer loop
      vertex 1861.76 -3.61023 0
      vertex 1861.76 -3.61023 6.35
      vertex 1862.01 -3.45604 0
    endloop
  endfacet
  facet normal 0 0 -1
    outer loop
      vertex 1861.76 -3.61023 0
      vertex 1862.01 -3.45604 0
      vertex 1932.33 -3.45604 0
    endloop
  endfacet
  facet normal 0 0 -1
    outer loop
      vertex 1861.76 -3.61023 0
      vertex 1932.33 -3.45604 0
      vertex 1932.58 -3.61023 0
    endloop
  endfacet
  facet normal -0.524946 0.851135 0
    outer loop
      vertex 1861.76 -3.61023 6.35
      vertex 1862.01 -3.45604 6.35
      vertex 1862.01 -3.45604 0
    endloop
  endfacet
  facet normal 0 0 1
    outer loop
      vertex 1861.76 -3.61023 6.35
      vertex 1932.33 -3.45604 6.35
      vertex 1862.01 -3.45604 6.35
    endloop
  endfacet
  facet normal 0 0 1
    outer loop
      vertex 1861.76 -3.61023 6.35
      vertex 1932.58 -3.61023 6.35
      vertex 1932.33 -3.45604 6.35
    endloop
  endfacet
  facet normal -0.524946 -0.851135 0
    outer loop
      vertex 1861.76 3.61023 0
      vertex 1862.01 3.45604 0
      vertex 1862.01 3.45604 6.35
    endloop
  endfacet
  facet normal -0.524946 -0.851135 0
    outer loop
      vertex 1861.76 3.61023 0
      vertex 1862.01 3.45604 6.35
      vertex 1861.76 3.61023 6.35
    endloop
  endfacet
  facet normal 0 0 -1
    outer loop
      vertex 1861.76 3.61023 0
      vertex 1932.33 3.45604 0
      vertex 1862.01 3.45604 0
    endloop
  endfacet
  facet normal 0 0 -1
    outer loop
      vertex 1861.76 3.61023 0
      vertex 1932.58 3.61023 0
      vertex 1932.33 3.45604 0
    endloop
  endfacet
  facet normal 0 0 1
    outer loop
      vertex 1861.76 3.61023 6.35
      vertex 1862.01 3.45604 6.35
      vertex 1932.33 3.45604 6.35
    endloop
  endfacet
  facet normal 0 0 1
    outer loop
      vertex 1861.76 3.61023 6.35
      vertex 1932.33 3.45604 6.35
      vertex 1932.58 3.61023 6.35
    endloop
  endfacet
  facet normal -0.59669 0.802472 0
    outer loop
      vertex 1862.01 -3.45604 0
      vertex 1862.01 -3.45604 6.35
      vertex 1862.24 -3.28502 0
    endloop
  endfacet
  facet normal 0 0 -1
    outer loop
      vertex 1862.01 -3.45604 0
      vertex 1862.24 -3.28502 0
      vertex 1932.1 -3.28502 0
    endloop
  endfacet
  facet normal 0 0 -1
    outer loop
      vertex 1862.01 -3.45604 0
      vertex 1932.1 -3.28502 0
      vertex 1932.33 -3.45604 0
    endloop
  endfacet
  facet normal -0.59669 0.802472 0
    outer loop
      vertex 1862.01 -3.45604 6.35
      vertex 1862.24 -3.28502 6.35
      vertex 1862.24 -3.28502 0
    endloop
  endfacet
  facet normal 0 0 1
    outer loop
      vertex 1862.01 -3.45604 6.35
      vertex 1932.1 -3.28502 6.35
      vertex 1862.24 -3.28502 6.35
    endloop
  endfacet
  facet normal 0 0 1
    outer loop
      vertex 1862.01 -3.45604 6.35
      vertex 1932.33 -3.45604 6.35
      vertex 1932.1 -3.28502 6.35
    endloop
  endfacet
  facet normal -0.59669 -0.802472 0
    outer loop
      vertex 1862.01 3.45604 0
      vertex 1862.24 3.28502 0
      vertex 1862.24 3.28502 6.35
    endloop
  endfacet
  facet normal -0.59669 -0.802472 0
    outer loop
      vertex 1862.01 3.45604 0
      vertex 1862.24 3.28502 6.35
      vertex 1862.01 3.45604 6.35
    endloop
  endfacet
  facet normal 0 0 -1
    outer loop
      vertex 1862.01 3.45604 0
      vertex 1932.1 3.28502 0
      vertex 1862.24 3.28502 0
    endloop
  endfacet
  facet normal 0 0 -1
    outer loop
      vertex 1862.01 3.45604 0
      vertex 1932.33 3.45604 0
      vertex 1932.1 3.28502 0
    endloop
  endfacet
  facet normal 0 0 1
    outer loop
      vertex 1862.01 3.45604 6.35
      vertex 1862.24 3.28502 6.35
      vertex 1932.1 3.28502 6.35
    endloop
  endfacet
  facet normal 0 0 1
    outer loop
      vertex 1862.01 3.45604 6.35
      vertex 1932.1 3.28502 6.35
      vertex 1932.33 3.45604 6.35
    endloop
  endfacet
  facet normal -0.630928 0.775842 0
    outer loop
      vertex 1862.24 -3.28502 0
      vertex 1862.24 -3.28502 6.35
      vertex 1862.47 -3.09798 0
    endloop
  endfacet
  facet normal 0 0 -1
    outer loop
      vertex 1862.24 -3.28502 0
      vertex 1862.47 -3.09798 0
      vertex 1931.88 -3.09798 0
    endloop
  endfacet
  facet normal 0 0 -1
    outer loop
      vertex 1862.24 -3.28502 0
      vertex 1931.88 -3.09798 0
      vertex 1932.1 -3.28502 0
    endloop
  endfacet
  facet normal -0.630928 0.775842 0
    outer loop
      vertex 1862.24 -3.28502 6.35
      vertex 1862.47 -3.09798 6.35
      vertex 1862.47 -3.09798 0
    endloop
  endfacet
  facet normal 0 0 1
    outer loop
      vertex 1862.24 -3.28502 6.35
      vertex 1931.88 -3.09798 6.35
      vertex 1862.47 -3.09798 6.35
    endloop
  endfacet
  facet normal 0 0 1
    outer loop
      vertex 1862.24 -3.28502 6.35
      vertex 1932.1 -3.28502 6.35
      vertex 1931.88 -3.09798 6.35
    endloop
  endfacet
  facet normal -0.630928 -0.775842 0
    outer loop
      vertex 1862.24 3.28502 0
      vertex 1862.47 3.09798 0
      vertex 1862.47 3.09798 6.35
    endloop
  endfacet
  facet normal -0.630928 -0.775842 0
    outer loop
      vertex 1862.24 3.28502 0
      vertex 1862.47 3.09798 6.35
      vertex 1862.24 3.28502 6.35
    endloop
  endfacet
  facet normal 0 0 -1
    outer loop
      vertex 1862.24 3.28502 0
      vertex 1931.88 3.09798 0
      vertex 1862.47 3.09798 0
    endloop
  endfacet
  facet normal 0 0 -1
    outer loop
      vertex 1862.24 3.28502 0
      vertex 1932.1 3.28502 0
      vertex 1931.88 3.09798 0
    endloop
  endfacet
  facet normal 0 0 1
    outer loop
      vertex 1862.24 3.28502 6.35
      vertex 1862.47 3.09798 6.35
      vertex 1931.88 3.09798 6.35
    endloop
  endfacet
  facet normal 0 0 1
    outer loop
      vertex 1862.24 3.28502 6.35
      vertex 1931.88 3.09798 6.35
      vertex 1932.1 3.28502 6.35
    endloop
  endfacet
  facet normal -0.693495 0.720461 0
    outer loop
      vertex 1862.47 -3.09798 0
      vertex 1862.47 -3.09798 6.35
      vertex 1862.68 -2.89584 0
    endloop
  endfacet
  facet normal 0 0 -1
    outer loop
      vertex 1862.47 -3.09798 0
      vertex 1862.68 -2.89584 0
      vertex 1931.67 -2.89584 0
    endloop
  endfacet
  facet normal 0 0 -1
    outer loop
      vertex 1862.47 -3.09798 0
      vertex 1931.67 -2.89584 0
      vertex 1931.88 -3.09798 0
    endloop
  endfacet
  facet normal -0.693495 0.720461 0
    outer loop
      vertex 1862.47 -3.09798 6.35
      vertex 1862.68 -2.89584 6.35
      vertex 1862.68 -2.89584 0
    endloop
  endfacet
  facet normal 0 0 1
    outer loop
      vertex 1862.47 -3.09798 6.35
      vertex 1931.67 -2.89584 6.35
      vertex 1862.68 -2.89584 6.35
    endloop
  endfacet
  facet normal 0 0 1
    outer loop
      vertex 1862.47 -3.09798 6.35
      vertex 1931.88 -3.09798 6.35
      vertex 1931.67 -2.89584 6.35
    endloop
  endfacet
  facet normal -0.693495 -0.720461 0
    outer loop
      vertex 1862.47 3.09798 0
      vertex 1862.68 2.89584 0
      vertex 1862.68 2.89584 6.35
    endloop
  endfacet
  facet normal -0.693495 -0.720461 0
    outer loop
      vertex 1862.47 3.09798 0
      vertex 1862.68 2.89584 6.35
      vertex 1862.47 3.09798 6.35
    endloop
  endfacet
  facet normal 0 0 -1
    outer loop
      vertex 1862.47 3.09798 0
      vertex 1931.67 2.89584 0
      vertex 1862.68 2.89584 0
    endloop
  endfacet
  facet normal 0 0 -1
    outer loop
      vertex 1862.47 3.09798 0
      vertex 1931.88 3.09798 0
      vertex 1931.67 2.89584 0
    endloop
  endfacet
  facet normal 0 0 1
    outer loop
      vertex 1862.47 3.09798 6.35
      vertex 1862.68 2.89584 6.35
      vertex 1931.67 2.89584 6.35
    endloop
  endfacet
  facet normal 0 0 1
    outer loop
      vertex 1862.47 3.09798 6.35
      vertex 1931.67 2.89584 6.35
      vertex 1931.88 3.09798 6.35
    endloop
  endfacet
  facet normal -0.7512 0.660075 0
    outer loop
      vertex 1862.68 -2.89584 0
      vertex 1862.68 -2.89584 6.35
      vertex 1862.87 -2.67961 0
    endloop
  endfacet
  facet normal 0 0 -1
    outer loop
      vertex 1862.68 -2.89584 0
      vertex 1862.87 -2.67961 0
      vertex 1931.47 -2.67961 0
    endloop
  endfacet
  facet normal 0 0 -1
    outer loop
      vertex 1862.68 -2.89584 0
      vertex 1931.47 -2.67961 0
      vertex 1931.67 -2.89584 0
    endloop
  endfacet
  facet normal -0.7512 0.660075 0
    outer loop
      vertex 1862.68 -2.89584 6.35
      vertex 1862.87 -2.67961 6.35
      vertex 1862.87 -2.67961 0
    endloop
  endfacet
  facet normal 0 0 1
    outer loop
      vertex 1862.68 -2.89584 6.35
      vertex 1931.47 -2.67961 6.35
      vertex 1862.87 -2.67961 6.35
    endloop
  endfacet
  facet normal 0 0 1
    outer loop
      vertex 1862.68 -2.89584 6.35
      vertex 1931.67 -2.89584 6.35
      vertex 1931.47 -2.67961 6.35
    endloop
  endfacet
  facet normal -0.7512 -0.660075 0
    outer loop
      vertex 1862.68 2.89584 0
      vertex 1862.87 2.67961 0
      vertex 1862.87 2.67961 6.35
    endloop
  endfacet
  facet normal -0.7512 -0.660075 0
    outer loop
      vertex 1862.68 2.89584 0
      vertex 1862.87 2.67961 6.35
      vertex 1862.68 2.89584 6.35
    endloop
  endfacet
  facet normal 0 0 -1
    outer loop
      vertex 1862.68 2.89584 0
      vertex 1931.47 2.67961 0
      vertex 1862.87 2.67961 0
    endloop
  endfacet
  facet normal 0 0 -1
    outer loop
      vertex 1862.68 2.89584 0
      vertex 1931.67 2.89584 0
      vertex 1931.47 2.67961 0
    endloop
  endfacet
  facet normal 0 0 1
    outer loop
      vertex 1862.68 2.89584 6.35
      vertex 1862.87 2.67961 6.35
      vertex 1931.47 2.67961 6.35
    endloop
  endfacet
  facet normal 0 0 1
    outer loop
      vertex 1862.68 2.89584 6.35
      vertex 1931.47 2.67961 6.35
      vertex 1931.67 2.89584 6.35
    endloop
  endfacet
  facet normal -0.786579 0.61749 0
    outer loop
      vertex 1862.87 -2.67961 0
      vertex 1862.87 -2.67961 6.35
      vertex 1863.05 -2.45032 0
    endloop
  endfacet
  facet normal 0 0 -1
    outer loop
      vertex 1862.87 -2.67961 0
      vertex 1863.05 -2.45032 0
      vertex 1931.29 -2.45032 0
    endloop
  endfacet
  facet normal 0 0 -1
    outer loop
      vertex 1862.87 -2.67961 0
      vertex 1931.29 -2.45032 0
      vertex 1931.47 -2.67961 0
    endloop
  endfacet
  facet normal -0.786579 0.61749 0
    outer loop
      vertex 1862.87 -2.67961 6.35
      vertex 1863.05 -2.45032 6.35
      vertex 1863.05 -2.45032 0
    endloop
  endfacet
  facet normal 0 0 1
    outer loop
      vertex 1862.87 -2.67961 6.35
      vertex 1931.29 -2.45032 6.35
      vertex 1863.05 -2.45032 6.35
    endloop
  endfacet
  facet normal 0 0 1
    outer loop
      vertex 1862.87 -2.67961 6.35
      vertex 1931.47 -2.67961 6.35
      vertex 1931.29 -2.45032 6.35
    endloop
  endfacet
  facet normal -0.786579 -0.61749 0
    outer loop
      vertex 1862.87 2.67961 0
      vertex 1863.05 2.45032 0
      vertex 1863.05 2.45032 6.35
    endloop
  endfacet
  facet normal -0.786579 -0.61749 0
    outer loop
      vertex 1862.87 2.67961 0
      vertex 1863.05 2.45032 6.35
      vertex 1862.87 2.67961 6.35
    endloop
  endfacet
  facet normal 0 0 -1
    outer loop
      vertex 1862.87 2.67961 0
      vertex 1931.29 2.45032 0
      vertex 1863.05 2.45032 0
    endloop
  endfacet
  facet normal 0 0 -1
    outer loop
      vertex 1862.87 2.67961 0
      vertex 1931.47 2.67961 0
      vertex 1931.29 2.45032 0
    endloop
  endfacet
  facet normal 0 0 1
    outer loop
      vertex 1862.87 2.67961 6.35
      vertex 1863.05 2.45032 6.35
      vertex 1931.29 2.45032 6.35
    endloop
  endfacet
  facet normal 0 0 1
    outer loop
      vertex 1862.87 2.67961 6.35
      vertex 1931.29 2.45032 6.35
      vertex 1931.47 2.67961 6.35
    endloop
  endfacet
  facet normal -0.833355 0.552738 0
    outer loop
      vertex 1863.05 -2.45032 0
      vertex 1863.05 -2.45032 6.35
      vertex 1863.21 -2.20909 0
    endloop
  endfacet
  facet normal 0 0 -1
    outer loop
      vertex 1863.05 -2.45032 0
      vertex 1863.21 -2.20909 0
      vertex 1931.29 -2.45032 0
    endloop
  endfacet
  facet normal -0.833355 0.552738 0
    outer loop
      vertex 1863.05 -2.45032 6.35
      vertex 1863.21 -2.20909 6.35
      vertex 1863.21 -2.20909 0
    endloop
  endfacet
  facet normal 0 0 1
    outer loop
      vertex 1863.05 -2.45032 6.35
      vertex 1931.29 -2.45032 6.35
      vertex 1863.21 -2.20909 6.35
    endloop
  endfacet
  facet normal -0.833355 -0.552738 0
    outer loop
      vertex 1863.05 2.45032 0
      vertex 1863.21 2.20909 0
      vertex 1863.21 2.20909 6.35
    endloop
  endfacet
  facet normal -0.833355 -0.552738 0
    outer loop
      vertex 1863.05 2.45032 0
      vertex 1863.21 2.20909 6.35
      vertex 1863.05 2.45032 6.35
    endloop
  endfacet
  facet normal 0 0 -1
    outer loop
      vertex 1863.05 2.45032 0
      vertex 1931.29 2.45032 0
      vertex 1863.21 2.20909 0
    endloop
  endfacet
  facet normal 0 0 1
    outer loop
      vertex 1863.05 2.45032 6.35
      vertex 1863.21 2.20909 6.35
      vertex 1931.29 2.45032 6.35
    endloop
  endfacet
  facet normal -0.859275 0.511514 0
    outer loop
      vertex 1863.21 -2.20909 0
      vertex 1863.21 -2.20909 6.35
      vertex 1863.36 -1.95711 0
    endloop
  endfacet
  facet normal 0 0 -1
    outer loop
      vertex 1863.21 -2.20909 0
      vertex 1863.36 -1.95711 0
      vertex 1930.99 -1.95711 0
    endloop
  endfacet
  facet normal 0 0 -1
    outer loop
      vertex 1863.21 -2.20909 0
      vertex 1930.99 -1.95711 0
      vertex 1931.13 -2.20909 0
    endloop
  endfacet
  facet normal 0 0 -1
    outer loop
      vertex 1863.21 -2.20909 0
      vertex 1931.13 -2.20909 0
      vertex 1931.29 -2.45032 0
    endloop
  endfacet
  facet normal -0.859275 0.511514 0
    outer loop
      vertex 1863.21 -2.20909 6.35
      vertex 1863.36 -1.95711 6.35
      vertex 1863.36 -1.95711 0
    endloop
  endfacet
  facet normal 0 0 1
    outer loop
      vertex 1863.21 -2.20909 6.35
      vertex 1930.99 -1.95711 6.35
      vertex 1863.36 -1.95711 6.35
    endloop
  endfacet
  facet normal 0 0 1
    outer loop
      vertex 1863.21 -2.20909 6.35
      vertex 1931.13 -2.20909 6.35
      vertex 1930.99 -1.95711 6.35
    endloop
  endfacet
  facet normal 0 0 1
    outer loop
      vertex 1863.21 -2.20909 6.35
      vertex 1931.29 -2.45032 6.35
      vertex 1931.13 -2.20909 6.35
    endloop
  endfacet
  facet normal -0.859275 -0.511514 0
    outer loop
      vertex 1863.21 2.20909 0
      vertex 1863.36 1.95711 0
      vertex 1863.36 1.95711 6.35
    endloop
  endfacet
  facet normal -0.859275 -0.511514 0
    outer loop
      vertex 1863.21 2.20909 0
      vertex 1863.36 1.95711 6.35
      vertex 1863.21 2.20909 6.35
    endloop
  endfacet
  facet normal 0 0 -1
    outer loop
      vertex 1863.21 2.20909 0
      vertex 1930.99 1.95711 0
      vertex 1863.36 1.95711 0
    endloop
  endfacet
  facet normal 0 0 -1
    outer loop
      vertex 1863.21 2.20909 0
      vertex 1931.13 2.20909 0
      vertex 1930.99 1.95711 0
    endloop
  endfacet
  facet normal 0 0 -1
    outer loop
      vertex 1863.21 2.20909 0
      vertex 1931.29 2.45032 0
      vertex 1931.13 2.20909 0
    endloop
  endfacet
  facet normal 0 0 1
    outer loop
      vertex 1863.21 2.20909 6.35
      vertex 1863.36 1.95711 6.35
      vertex 1930.99 1.95711 6.35
    endloop
  endfacet
  facet normal 0 0 1
    outer loop
      vertex 1863.21 2.20909 6.35
      vertex 1930.99 1.95711 6.35
      vertex 1931.13 2.20909 6.35
    endloop
  endfacet
  facet normal 0 0 1
    outer loop
      vertex 1863.21 2.20909 6.35
      vertex 1931.13 2.20909 6.35
      vertex 1931.29 2.45032 6.35
    endloop
  endfacet
  facet normal -0.895479 0.445103 0
    outer loop
      vertex 1863.36 -1.95711 0
      vertex 1863.36 -1.95711 6.35
      vertex 1863.49 -1.69557 0
    endloop
  endfacet
  facet normal 0 0 -1
    outer loop
      vertex 1863.36 -1.95711 0
      vertex 1863.49 -1.69557 0
      vertex 1930.86 -1.69557 0
    endloop
  endfacet
  facet normal 0 0 -1
    outer loop
      vertex 1863.36 -1.95711 0
      vertex 1930.86 -1.69557 0
      vertex 1930.99 -1.95711 0
    endloop
  endfacet
  facet normal -0.895479 0.445103 0
    outer loop
      vertex 1863.36 -1.95711 6.35
      vertex 1863.49 -1.69557 6.35
      vertex 1863.49 -1.69557 0
    endloop
  endfacet
  facet normal 0 0 1
    outer loop
      vertex 1863.36 -1.95711 6.35
      vertex 1930.86 -1.69557 6.35
      vertex 1863.49 -1.69557 6.35
    endloop
  endfacet
  facet normal 0 0 1
    outer loop
      vertex 1863.36 -1.95711 6.35
      vertex 1930.99 -1.95711 6.35
      vertex 1930.86 -1.69557 6.35
    endloop
  endfacet
  facet normal -0.895479 -0.445103 0
    outer loop
      vertex 1863.36 1.95711 0
      vertex 1863.49 1.69557 0
      vertex 1863.49 1.69557 6.35
    endloop
  endfacet
  facet normal -0.895479 -0.445103 0
    outer loop
      vertex 1863.36 1.95711 0
      vertex 1863.49 1.69557 6.35
      vertex 1863.36 1.95711 6.35
    endloop
  endfacet
  facet normal 0 0 -1
    outer loop
      vertex 1863.36 1.95711 0
      vertex 1930.86 1.69557 0
      vertex 1863.49 1.69557 0
    endloop
  endfacet
  facet normal 0 0 -1
    outer loop
      vertex 1863.36 1.95711 0
      vertex 1930.99 1.95711 0
      vertex 1930.86 1.69557 0
    endloop
  endfacet
  facet normal 0 0 1
    outer loop
      vertex 1863.36 1.95711 6.35
      vertex 1863.49 1.69557 6.35
      vertex 1930.86 1.69557 6.35
    endloop
  endfacet
  facet normal 0 0 1
    outer loop
      vertex 1863.36 1.95711 6.35
      vertex 1930.86 1.69557 6.35
      vertex 1930.99 1.95711 6.35
    endloop
  endfacet
  facet normal -0.92599 0.377549 0
    outer loop
      vertex 1863.49 -1.69557 0
      vertex 1863.49 -1.69557 6.35
      vertex 1863.6 -1.42578 0
    endloop
  endfacet
  facet normal 0 0 -1
    outer loop
      vertex 1863.49 -1.69557 0
      vertex 1863.6 -1.42578 0
      vertex 1930.75 -1.42578 0
    endloop
  endfacet
  facet normal 0 0 -1
    outer loop
      vertex 1863.49 -1.69557 0
      vertex 1930.75 -1.42578 0
      vertex 1930.86 -1.69557 0
    endloop
  endfacet
  facet normal -0.92599 0.377549 0
    outer loop
      vertex 1863.49 -1.69557 6.35
      vertex 1863.6 -1.42578 6.35
      vertex 1863.6 -1.42578 0
    endloop
  endfacet
  facet normal 0 0 1
    outer loop
      vertex 1863.49 -1.69557 6.35
      vertex 1930.75 -1.42578 6.35
      vertex 1863.6 -1.42578 6.35
    endloop
  endfacet
  facet normal 0 0 1
    outer loop
      vertex 1863.49 -1.69557 6.35
      vertex 1930.86 -1.69557 6.35
      vertex 1930.75 -1.42578 6.35
    endloop
  endfacet
  facet normal -0.92599 -0.377549 0
    outer loop
      vertex 1863.49 1.69557 0
      vertex 1863.6 1.42578 0
      vertex 1863.6 1.42578 6.35
    endloop
  endfacet
  facet normal -0.92599 -0.377549 0
    outer loop
      vertex 1863.49 1.69557 0
      vertex 1863.6 1.42578 6.35
      vertex 1863.49 1.69557 6.35
    endloop
  endfacet
  facet normal 0 0 -1
    outer loop
      vertex 1863.49 1.69557 0
      vertex 1930.75 1.42578 0
      vertex 1863.6 1.42578 0
    endloop
  endfacet
  facet normal 0 0 -1
    outer loop
      vertex 1863.49 1.69557 0
      vertex 1930.86 1.69557 0
      vertex 1930.75 1.42578 0
    endloop
  endfacet
  facet normal 0 0 1
    outer loop
      vertex 1863.49 1.69557 6.35
      vertex 1863.6 1.42578 6.35
      vertex 1930.75 1.42578 6.35
    endloop
  endfacet
  facet normal 0 0 1
    outer loop
      vertex 1863.49 1.69557 6.35
      vertex 1930.75 1.42578 6.35
      vertex 1930.86 1.69557 6.35
    endloop
  endfacet
  facet normal -0.950967 0.309291 0
    outer loop
      vertex 1863.6 -1.42578 0
      vertex 1863.6 -1.42578 6.35
      vertex 1863.69 -1.14906 0
    endloop
  endfacet
  facet normal 0 0 -1
    outer loop
      vertex 1863.6 -1.42578 0
      vertex 1863.69 -1.14906 0
      vertex 1930.66 -1.14906 0
    endloop
  endfacet
  facet normal 0 0 -1
    outer loop
      vertex 1863.6 -1.42578 0
      vertex 1930.66 -1.14906 0
      vertex 1930.75 -1.42578 0
    endloop
  endfacet
  facet normal -0.950967 0.309291 0
    outer loop
      vertex 1863.6 -1.42578 6.35
      vertex 1863.69 -1.14906 6.35
      vertex 1863.69 -1.14906 0
    endloop
  endfacet
  facet normal 0 0 1
    outer loop
      vertex 1863.6 -1.42578 6.35
      vertex 1930.66 -1.14906 6.35
      vertex 1863.69 -1.14906 6.35
    endloop
  endfacet
  facet normal 0 0 1
    outer loop
      vertex 1863.6 -1.42578 6.35
      vertex 1930.75 -1.42578 6.35
      vertex 1930.66 -1.14906 6.35
    endloop
  endfacet
  facet normal -0.950967 -0.309291 0
    outer loop
      vertex 1863.6 1.42578 0
      vertex 1863.69 1.14906 0
      vertex 1863.69 1.14906 6.35
    endloop
  endfacet
  facet normal -0.950967 -0.309291 0
    outer loop
      vertex 1863.6 1.42578 0
      vertex 1863.69 1.14906 6.35
      vertex 1863.6 1.42578 6.35
    endloop
  endfacet
  facet normal 0 0 -1
    outer loop
      vertex 1863.6 1.42578 0
      vertex 1930.66 1.14906 0
      vertex 1863.69 1.14906 0
    endloop
  endfacet
  facet normal 0 0 -1
    outer loop
      vertex 1863.6 1.42578 0
      vertex 1930.75 1.42578 0
      vertex 1930.66 1.14906 0
    endloop
  endfacet
  facet normal 0 0 1
    outer loop
      vertex 1863.6 1.42578 6.35
      vertex 1863.69 1.14906 6.35
      vertex 1930.66 1.14906 6.35
    endloop
  endfacet
  facet normal 0 0 1
    outer loop
      vertex 1863.6 1.42578 6.35
      vertex 1930.66 1.14906 6.35
      vertex 1930.75 1.42578 6.35
    endloop
  endfacet
  facet normal -0.970612 0.24065 0
    outer loop
      vertex 1863.69 -1.14906 0
      vertex 1863.69 -1.14906 6.35
      vertex 1863.76 -0.86673 0
    endloop
  endfacet
  facet normal 0 0 -1
    outer loop
      vertex 1863.69 -1.14906 0
      vertex 1863.76 -0.86673 0
      vertex 1930.66 -1.14906 0
    endloop
  endfacet
  facet normal -0.970612 0.24065 0
    outer loop
      vertex 1863.69 -1.14906 6.35
      vertex 1863.76 -0.86673 6.35
      vertex 1863.76 -0.86673 0
    endloop
  endfacet
  facet normal 0 0 1
    outer loop
      vertex 1863.69 -1.14906 6.35
      vertex 1930.66 -1.14906 6.35
      vertex 1863.76 -0.86673 6.35
    endloop
  endfacet
  facet normal -0.970612 -0.24065 0
    outer loop
      vertex 1863.69 1.14906 0
      vertex 1863.76 0.86673 0
      vertex 1863.76 0.86673 6.35
    endloop
  endfacet
  facet normal -0.970612 -0.24065 0
    outer loop
      vertex 1863.69 1.14906 0
      vertex 1863.76 0.86673 6.35
      vertex 1863.69 1.14906 6.35
    endloop
  endfacet
  facet normal 0 0 -1
    outer loop
      vertex 1863.69 1.14906 0
      vertex 1930.66 1.14906 0
      vertex 1863.76 0.86673 0
    endloop
  endfacet
  facet normal 0 0 1
    outer loop
      vertex 1863.69 1.14906 6.35
      vertex 1863.76 0.86673 6.35
      vertex 1930.66 1.14906 6.35
    endloop
  endfacet
  facet normal -0.985117 0.171887 0
    outer loop
      vertex 1863.76 -0.86673 0
      vertex 1863.76 -0.86673 6.35
      vertex 1863.81 -0.58017 0
    endloop
  endfacet
  facet normal 0 0 -1
    outer loop
      vertex 1863.76 -0.86673 0
      vertex 1863.81 -0.58017 0
      vertex 1930.54 -0.58017 0
    endloop
  endfacet
  facet normal 0 0 -1
    outer loop
      vertex 1863.76 -0.86673 0
      vertex 1930.54 -0.58017 0
      vertex 1930.59 -0.86673 0
    endloop
  endfacet
  facet normal 0 0 -1
    outer loop
      vertex 1863.76 -0.86673 0
      vertex 1930.59 -0.86673 0
      vertex 1930.66 -1.14906 0
    endloop
  endfacet
  facet normal -0.985117 0.171887 0
    outer loop
      vertex 1863.76 -0.86673 6.35
      vertex 1863.81 -0.58017 6.35
      vertex 1863.81 -0.58017 0
    endloop
  endfacet
  facet normal 0 0 1
    outer loop
      vertex 1863.76 -0.86673 6.35
      vertex 1930.54 -0.58017 6.35
      vertex 1863.81 -0.58017 6.35
    endloop
  endfacet
  facet normal 0 0 1
    outer loop
      vertex 1863.76 -0.86673 6.35
      vertex 1930.59 -0.86673 6.35
      vertex 1930.54 -0.58017 6.35
    endloop
  endfacet
  facet normal 0 0 1
    outer loop
      vertex 1863.76 -0.86673 6.35
      vertex 1930.66 -1.14906 6.35
      vertex 1930.59 -0.86673 6.35
    endloop
  endfacet
  facet normal -0.985117 -0.171887 0
    outer loop
      vertex 1863.76 0.86673 0
      vertex 1863.81 0.58017 0
      vertex 1863.81 0.58017 6.35
    endloop
  endfacet
  facet normal -0.985117 -0.171887 0
    outer loop
      vertex 1863.76 0.86673 0
      vertex 1863.81 0.58017 6.35
      vertex 1863.76 0.86673 6.35
    endloop
  endfacet
  facet normal 0 0 -1
    outer loop
      vertex 1863.76 0.86673 0
      vertex 1930.54 0.58017 0
      vertex 1863.81 0.58017 0
    endloop
  endfacet
  facet normal 0 0 -1
    outer loop
      vertex 1863.76 0.86673 0
      vertex 1930.59 0.86673 0
      vertex 1930.54 0.58017 0
    endloop
  endfacet
  facet normal 0 0 -1
    outer loop
      vertex 1863.76 0.86673 0
      vertex 1930.66 1.14906 0
      vertex 1930.59 0.86673 0
    endloop
  endfacet
  facet normal 0 0 1
    outer loop
      vertex 1863.76 0.86673 6.35
      vertex 1863.81 0.58017 6.35
      vertex 1930.54 0.58017 6.35
    endloop
  endfacet
  facet normal 0 0 1
    outer loop
      vertex 1863.76 0.86673 6.35
      vertex 1930.54 0.58017 6.35
      vertex 1930.59 0.86673 6.35
    endloop
  endfacet
  facet normal 0 0 1
    outer loop
      vertex 1863.76 0.86673 6.35
      vertex 1930.59 0.86673 6.35
      vertex 1930.66 1.14906 6.35
    endloop
  endfacet
  facet normal -0.994669 0.103116 0
    outer loop
      vertex 1863.81 -0.58017 0
      vertex 1863.81 -0.58017 6.35
      vertex 1863.84 -0.290787 0
    endloop
  endfacet
  facet normal 0 0 -1
    outer loop
      vertex 1863.81 -0.58017 0
      vertex 1863.84 -0.290787 0
      vertex 1930.51 -0.290787 0
    endloop
  endfacet
  facet normal 0 0 -1
    outer loop
      vertex 1863.81 -0.58017 0
      vertex 1930.51 -0.290787 0
      vertex 1930.54 -0.58017 0
    endloop
  endfacet
  facet normal -0.994669 0.103116 0
    outer loop
      vertex 1863.81 -0.58017 6.35
      vertex 1863.84 -0.290787 6.35
      vertex 1863.84 -0.290787 0
    endloop
  endfacet
  facet normal 0 0 1
    outer loop
      vertex 1863.81 -0.58017 6.35
      vertex 1930.51 -0.290787 6.35
      vertex 1863.84 -0.290787 6.35
    endloop
  endfacet
  facet normal 0 0 1
    outer loop
      vertex 1863.81 -0.58017 6.35
      vertex 1930.54 -0.58017 6.35
      vertex 1930.51 -0.290787 6.35
    endloop
  endfacet
  facet normal -0.994669 -0.103116 0
    outer loop
      vertex 1863.81 0.58017 0
      vertex 1863.84 0.290787 0
      vertex 1863.84 0.290787 6.35
    endloop
  endfacet
  facet normal -0.994669 -0.103116 0
    outer loop
      vertex 1863.81 0.58017 0
      vertex 1863.84 0.290787 6.35
      vertex 1863.81 0.58017 6.35
    endloop
  endfacet
  facet normal 0 0 -1
    outer loop
      vertex 1863.81 0.58017 0
      vertex 1930.51 0.290787 0
      vertex 1863.84 0.290787 0
    endloop
  endfacet
  facet normal 0 0 -1
    outer loop
      vertex 1863.81 0.58017 0
      vertex 1930.54 0.58017 0
      vertex 1930.51 0.290787 0
    endloop
  endfacet
  facet normal 0 0 1
    outer loop
      vertex 1863.81 0.58017 6.35
      vertex 1863.84 0.290787 6.35
      vertex 1930.51 0.290787 6.35
    endloop
  endfacet
  facet normal 0 0 1
    outer loop
      vertex 1863.81 0.58017 6.35
      vertex 1930.51 0.290787 6.35
      vertex 1930.54 0.58017 6.35
    endloop
  endfacet
  facet normal -0.999409 0.0343691 0
    outer loop
      vertex 1863.84 -0.290787 0
      vertex 1863.84 -0.290787 6.35
      vertex 1863.85 0 0
    endloop
  endfacet
  facet normal 0 0 -1
    outer loop
      vertex 1863.84 -0.290787 0
      vertex 1863.85 0 0
      vertex 1930.5 0 0
    endloop
  endfacet
  facet normal 0 0 -1
    outer loop
      vertex 1863.84 -0.290787 0
      vertex 1930.5 0 0
      vertex 1930.51 -0.290787 0
    endloop
  endfacet
  facet normal -0.999409 0.0343691 0
    outer loop
      vertex 1863.84 -0.290787 6.35
      vertex 1863.85 0 6.35
      vertex 1863.85 0 0
    endloop
  endfacet
  facet normal 0 0 1
    outer loop
      vertex 1863.84 -0.290787 6.35
      vertex 1930.5 0 6.35
      vertex 1863.85 0 6.35
    endloop
  endfacet
  facet normal 0 0 1
    outer loop
      vertex 1863.84 -0.290787 6.35
      vertex 1930.51 -0.290787 6.35
      vertex 1930.5 0 6.35
    endloop
  endfacet
  facet normal -0.999409 -0.0343691 0
    outer loop
      vertex 1863.84 0.290787 0
      vertex 1863.85 0 0
      vertex 1863.85 0 6.35
    endloop
  endfacet
  facet normal -0.999409 -0.0343691 0
    outer loop
      vertex 1863.84 0.290787 0
      vertex 1863.85 0 6.35
      vertex 1863.84 0.290787 6.35
    endloop
  endfacet
  facet normal 0 0 -1
    outer loop
      vertex 1863.84 0.290787 0
      vertex 1930.5 0 0
      vertex 1863.85 0 0
    endloop
  endfacet
  facet normal 0 0 -1
    outer loop
      vertex 1863.84 0.290787 0
      vertex 1930.51 0.290787 0
      vertex 1930.5 0 0
    endloop
  endfacet
  facet normal 0 0 1
    outer loop
      vertex 1863.84 0.290787 6.35
      vertex 1863.85 0 6.35
      vertex 1930.5 0 6.35
    endloop
  endfacet
  facet normal 0 0 1
    outer loop
      vertex 1863.84 0.290787 6.35
      vertex 1930.5 0 6.35
      vertex 1930.51 0.290787 6.35
    endloop
  endfacet
  facet normal 0.999409 0.0343691 0
    outer loop
      vertex 1930.5 0 0
      vertex 1930.5 0 6.35
      vertex 1930.51 -0.290787 0
    endloop
  endfacet
  facet normal 0.999409 -0.0343691 0
    outer loop
      vertex 1930.5 0 0
      vertex 1930.51 0.290787 0
      vertex 1930.51 0.290787 6.35
    endloop
  endfacet
  facet normal 0.999409 -0.0343691 0
    outer loop
      vertex 1930.5 0 0
      vertex 1930.51 0.290787 6.35
      vertex 1930.5 0 6.35
    endloop
  endfacet
  facet normal 0.999409 0.0343691 0
    outer loop
      vertex 1930.5 0 6.35
      vertex 1930.51 -0.290787 6.35
      vertex 1930.51 -0.290787 0
    endloop
  endfacet
  facet normal 0.994669 0.103116 0
    outer loop
      vertex 1930.51 -0.290787 0
      vertex 1930.51 -0.290787 6.35
      vertex 1930.54 -0.58017 0
    endloop
  endfacet
  facet normal 0.994669 0.103116 0
    outer loop
      vertex 1930.51 -0.290787 6.35
      vertex 1930.54 -0.58017 6.35
      vertex 1930.54 -0.58017 0
    endloop
  endfacet
  facet normal 0.994669 -0.103116 0
    outer loop
      vertex 1930.51 0.290787 0
      vertex 1930.54 0.58017 0
      vertex 1930.54 0.58017 6.35
    endloop
  endfacet
  facet normal 0.994669 -0.103116 0
    outer loop
      vertex 1930.51 0.290787 0
      vertex 1930.54 0.58017 6.35
      vertex 1930.51 0.290787 6.35
    endloop
  endfacet
  facet normal 0.985117 0.171887 0
    outer loop
      vertex 1930.54 -0.58017 0
      vertex 1930.54 -0.58017 6.35
      vertex 1930.59 -0.86673 0
    endloop
  endfacet
  facet normal 0.985117 0.171887 0
    outer loop
      vertex 1930.54 -0.58017 6.35
      vertex 1930.59 -0.86673 6.35
      vertex 1930.59 -0.86673 0
    endloop
  endfacet
  facet normal 0.985117 -0.171887 0
    outer loop
      vertex 1930.54 0.58017 0
      vertex 1930.59 0.86673 0
      vertex 1930.59 0.86673 6.35
    endloop
  endfacet
  facet normal 0.985117 -0.171887 0
    outer loop
      vertex 1930.54 0.58017 0
      vertex 1930.59 0.86673 6.35
      vertex 1930.54 0.58017 6.35
    endloop
  endfacet
  facet normal 0.970612 0.24065 0
    outer loop
      vertex 1930.59 -0.86673 0
      vertex 1930.59 -0.86673 6.35
      vertex 1930.66 -1.14906 0
    endloop
  endfacet
  facet normal 0.970612 0.24065 0
    outer loop
      vertex 1930.59 -0.86673 6.35
      vertex 1930.66 -1.14906 6.35
      vertex 1930.66 -1.14906 0
    endloop
  endfacet
  facet normal 0.970612 -0.24065 0
    outer loop
      vertex 1930.59 0.86673 0
      vertex 1930.66 1.14906 0
      vertex 1930.66 1.14906 6.35
    endloop
  endfacet
  facet normal 0.970612 -0.24065 0
    outer loop
      vertex 1930.59 0.86673 0
      vertex 1930.66 1.14906 6.35
      vertex 1930.59 0.86673 6.35
    endloop
  endfacet
  facet normal 0.950967 0.309291 0
    outer loop
      vertex 1930.66 -1.14906 0
      vertex 1930.66 -1.14906 6.35
      vertex 1930.75 -1.42578 0
    endloop
  endfacet
  facet normal 0.950967 0.309291 0
    outer loop
      vertex 1930.66 -1.14906 6.35
      vertex 1930.75 -1.42578 6.35
      vertex 1930.75 -1.42578 0
    endloop
  endfacet
  facet normal 0.950967 -0.309291 0
    outer loop
      vertex 1930.66 1.14906 0
      vertex 1930.75 1.42578 0
      vertex 1930.75 1.42578 6.35
    endloop
  endfacet
  facet normal 0.950967 -0.309291 0
    outer loop
      vertex 1930.66 1.14906 0
      vertex 1930.75 1.42578 6.35
      vertex 1930.66 1.14906 6.35
    endloop
  endfacet
  facet normal 0.92599 0.377549 0
    outer loop
      vertex 1930.75 -1.42578 0
      vertex 1930.75 -1.42578 6.35
      vertex 1930.86 -1.69557 0
    endloop
  endfacet
  facet normal 0.92599 0.377549 0
    outer loop
      vertex 1930.75 -1.42578 6.35
      vertex 1930.86 -1.69557 6.35
      vertex 1930.86 -1.69557 0
    endloop
  endfacet
  facet normal 0.92599 -0.377549 0
    outer loop
      vertex 1930.75 1.42578 0
      vertex 1930.86 1.69557 0
      vertex 1930.86 1.69557 6.35
    endloop
  endfacet
  facet normal 0.92599 -0.377549 0
    outer loop
      vertex 1930.75 1.42578 0
      vertex 1930.86 1.69557 6.35
      vertex 1930.75 1.42578 6.35
    endloop
  endfacet
  facet normal 0.895479 0.445103 0
    outer loop
      vertex 1930.86 -1.69557 0
      vertex 1930.86 -1.69557 6.35
      vertex 1930.99 -1.95711 0
    endloop
  endfacet
  facet normal 0.895479 0.445103 0
    outer loop
      vertex 1930.86 -1.69557 6.35
      vertex 1930.99 -1.95711 6.35
      vertex 1930.99 -1.95711 0
    endloop
  endfacet
  facet normal 0.895479 -0.445103 0
    outer loop
      vertex 1930.86 1.69557 0
      vertex 1930.99 1.95711 0
      vertex 1930.99 1.95711 6.35
    endloop
  endfacet
  facet normal 0.895479 -0.445103 0
    outer loop
      vertex 1930.86 1.69557 0
      vertex 1930.99 1.95711 6.35
      vertex 1930.86 1.69557 6.35
    endloop
  endfacet
  facet normal 0.874141 0.485672 0
    outer loop
      vertex 1930.99 -1.95711 0
      vertex 1930.99 -1.95711 6.35
      vertex 1931.13 -2.20909 0
    endloop
  endfacet
  facet normal 0.874141 0.485672 0
    outer loop
      vertex 1930.99 -1.95711 6.35
      vertex 1931.13 -2.20909 6.35
      vertex 1931.13 -2.20909 0
    endloop
  endfacet
  facet normal 0.874141 -0.485672 0
    outer loop
      vertex 1930.99 1.95711 0
      vertex 1931.13 2.20909 0
      vertex 1931.13 2.20909 6.35
    endloop
  endfacet
  facet normal 0.874141 -0.485672 0
    outer loop
      vertex 1930.99 1.95711 0
      vertex 1931.13 2.20909 6.35
      vertex 1930.99 1.95711 6.35
    endloop
  endfacet
  facet normal 0.833355 0.552738 0
    outer loop
      vertex 1931.13 -2.20909 0
      vertex 1931.13 -2.20909 6.35
      vertex 1931.29 -2.45032 0
    endloop
  endfacet
  facet normal 0.833355 0.552738 0
    outer loop
      vertex 1931.13 -2.20909 6.35
      vertex 1931.29 -2.45032 6.35
      vertex 1931.29 -2.45032 0
    endloop
  endfacet
  facet normal 0.833355 -0.552738 0
    outer loop
      vertex 1931.13 2.20909 0
      vertex 1931.29 2.45032 0
      vertex 1931.29 2.45032 6.35
    endloop
  endfacet
  facet normal 0.833355 -0.552738 0
    outer loop
      vertex 1931.13 2.20909 0
      vertex 1931.29 2.45032 6.35
      vertex 1931.13 2.20909 6.35
    endloop
  endfacet
  facet normal 0.786579 0.61749 0
    outer loop
      vertex 1931.29 -2.45032 0
      vertex 1931.29 -2.45032 6.35
      vertex 1931.47 -2.67961 0
    endloop
  endfacet
  facet normal 0.786579 0.61749 0
    outer loop
      vertex 1931.29 -2.45032 6.35
      vertex 1931.47 -2.67961 6.35
      vertex 1931.47 -2.67961 0
    endloop
  endfacet
  facet normal 0.786579 -0.61749 0
    outer loop
      vertex 1931.29 2.45032 0
      vertex 1931.47 2.67961 0
      vertex 1931.47 2.67961 6.35
    endloop
  endfacet
  facet normal 0.786579 -0.61749 0
    outer loop
      vertex 1931.29 2.45032 0
      vertex 1931.47 2.67961 6.35
      vertex 1931.29 2.45032 6.35
    endloop
  endfacet
  facet normal 0.734121 0.679019 0
    outer loop
      vertex 1931.47 -2.67961 0
      vertex 1931.47 -2.67961 6.35
      vertex 1931.67 -2.89584 0
    endloop
  endfacet
  facet normal 0.734121 0.679019 0
    outer loop
      vertex 1931.47 -2.67961 6.35
      vertex 1931.67 -2.89584 6.35
      vertex 1931.67 -2.89584 0
    endloop
  endfacet
  facet normal 0.734121 -0.679019 0
    outer loop
      vertex 1931.47 2.67961 0
      vertex 1931.67 2.89584 0
      vertex 1931.67 2.89584 6.35
    endloop
  endfacet
  facet normal 0.734121 -0.679019 0
    outer loop
      vertex 1931.47 2.67961 0
      vertex 1931.67 2.89584 6.35
      vertex 1931.47 2.67961 6.35
    endloop
  endfacet
  facet normal 0.693495 0.720461 0
    outer loop
      vertex 1931.67 -2.89584 0
      vertex 1931.67 -2.89584 6.35
      vertex 1931.88 -3.09798 0
    endloop
  endfacet
  facet normal 0.693495 0.720461 0
    outer loop
      vertex 1931.67 -2.89584 6.35
      vertex 1931.88 -3.09798 6.35
      vertex 1931.88 -3.09798 0
    endloop
  endfacet
  facet normal 0.693495 -0.720461 0
    outer loop
      vertex 1931.67 2.89584 0
      vertex 1931.88 3.09798 0
      vertex 1931.88 3.09798 6.35
    endloop
  endfacet
  facet normal 0.693495 -0.720461 0
    outer loop
      vertex 1931.67 2.89584 0
      vertex 1931.88 3.09798 6.35
      vertex 1931.67 2.89584 6.35
    endloop
  endfacet
  facet normal 0.647729 0.761871 0
    outer loop
      vertex 1931.88 -3.09798 0
      vertex 1931.88 -3.09798 6.35
      vertex 1932.1 -3.28502 0
    endloop
  endfacet
  facet normal 0.647729 0.761871 0
    outer loop
      vertex 1931.88 -3.09798 6.35
      vertex 1932.1 -3.28502 6.35
      vertex 1932.1 -3.28502 0
    endloop
  endfacet
  facet normal 0.647729 -0.761871 0
    outer loop
      vertex 1931.88 3.09798 0
      vertex 1932.1 3.28502 0
      vertex 1932.1 3.28502 6.35
    endloop
  endfacet
  facet normal 0.647729 -0.761871 0
    outer loop
      vertex 1931.88 3.09798 0
      vertex 1932.1 3.28502 6.35
      vertex 1931.88 3.09798 6.35
    endloop
  endfacet
  facet normal 0.59669 0.802472 0
    outer loop
      vertex 1932.1 -3.28502 0
      vertex 1932.1 -3.28502 6.35
      vertex 1932.33 -3.45604 0
    endloop
  endfacet
  facet normal 0.59669 0.802472 0
    outer loop
      vertex 1932.1 -3.28502 6.35
      vertex 1932.33 -3.45604 6.35
      vertex 1932.33 -3.45604 0
    endloop
  endfacet
  facet normal 0.59669 -0.802472 0
    outer loop
      vertex 1932.1 3.28502 0
      vertex 1932.33 3.45604 0
      vertex 1932.33 3.45604 6.35
    endloop
  endfacet
  facet normal 0.59669 -0.802472 0
    outer loop
      vertex 1932.1 3.28502 0
      vertex 1932.33 3.45604 6.35
      vertex 1932.1 3.28502 6.35
    endloop
  endfacet
  facet normal 0.524946 0.851135 0
    outer loop
      vertex 1932.33 -3.45604 0
      vertex 1932.33 -3.45604 6.35
      vertex 1932.58 -3.61023 0
    endloop
  endfacet
  facet normal 0.524946 0.851135 0
    outer loop
      vertex 1932.33 -3.45604 6.35
      vertex 1932.58 -3.61023 6.35
      vertex 1932.58 -3.61023 0
    endloop
  endfacet
  facet normal 0.524946 -0.851135 0
    outer loop
      vertex 1932.33 3.45604 0
      vertex 1932.58 3.61023 0
      vertex 1932.58 3.61023 6.35
    endloop
  endfacet
  facet normal 0.524946 -0.851135 0
    outer loop
      vertex 1932.33 3.45604 0
      vertex 1932.58 3.61023 6.35
      vertex 1932.33 3.45604 6.35
    endloop
  endfacet
  facet normal 0.465127 0.885244 0
    outer loop
      vertex 1932.58 -3.61023 0
      vertex 1932.58 -3.61023 6.35
      vertex 1932.84 -3.74684 0
    endloop
  endfacet
  facet normal 0.465127 0.885244 0
    outer loop
      vertex 1932.58 -3.61023 6.35
      vertex 1932.84 -3.74684 6.35
      vertex 1932.84 -3.74684 0
    endloop
  endfacet
  facet normal 0.465127 -0.885244 0
    outer loop
      vertex 1932.58 3.61023 0
      vertex 1932.84 3.74684 0
      vertex 1932.84 3.74684 6.35
    endloop
  endfacet
  facet normal 0.465127 -0.885244 0
    outer loop
      vertex 1932.58 3.61023 0
      vertex 1932.84 3.74684 6.35
      vertex 1932.58 3.61023 6.35
    endloop
  endfacet
  facet normal 0.414291 0.910145 0
    outer loop
      vertex 1932.84 -3.74684 0
      vertex 1932.84 -3.74684 6.35
      vertex 1933.1 -3.86519 0
    endloop
  endfacet
  facet normal 0 0 -1
    outer loop
      vertex 1932.84 -3.74684 0
      vertex 1933.1 -3.86519 0
      vertex 1947.61 -12.4986 0
    endloop
  endfacet
  facet normal 0.414291 0.910145 0
    outer loop
      vertex 1932.84 -3.74684 6.35
      vertex 1933.1 -3.86519 6.35
      vertex 1933.1 -3.86519 0
    endloop
  endfacet
  facet normal 0 0 1
    outer loop
      vertex 1932.84 -3.74684 6.35
      vertex 1947.61 -12.4986 6.35
      vertex 1933.1 -3.86519 6.35
    endloop
  endfacet
  facet normal 0.414291 -0.910145 0
    outer loop
      vertex 1932.84 3.74684 0
      vertex 1933.1 3.86519 0
      vertex 1933.1 3.86519 6.35
    endloop
  endfacet
  facet normal 0.414291 -0.910145 0
    outer loop
      vertex 1932.84 3.74684 0
      vertex 1933.1 3.86519 6.35
      vertex 1932.84 3.74684 6.35
    endloop
  endfacet
  facet normal 0 0 -1
    outer loop
      vertex 1932.84 3.74684 0
      vertex 1947.61 12.4986 0
      vertex 1933.1 3.86519 0
    endloop
  endfacet
  facet normal 0 0 1
    outer loop
      vertex 1932.84 3.74684 6.35
      vertex 1933.1 3.86519 6.35
      vertex 1947.61 12.4986 6.35
    endloop
  endfacet
  facet normal 0.334903 0.942252 0
    outer loop
      vertex 1933.1 -3.86519 0
      vertex 1933.1 -3.86519 6.35
      vertex 1933.38 -3.96471 0
    endloop
  endfacet
  facet normal 0 0 -1
    outer loop
      vertex 1933.1 -3.86519 0
      vertex 1933.38 -3.96471 0
      vertex 1947.61 -12.4986 0
    endloop
  endfacet
  facet normal 0.334903 0.942252 0
    outer loop
      vertex 1933.1 -3.86519 6.35
      vertex 1933.38 -3.96471 6.35
      vertex 1933.38 -3.96471 0
    endloop
  endfacet
  facet normal 0 0 1
    outer loop
      vertex 1933.1 -3.86519 6.35
      vertex 1947.61 -12.4986 6.35
      vertex 1933.38 -3.96471 6.35
    endloop
  endfacet
  facet normal 0.334903 -0.942252 0
    outer loop
      vertex 1933.1 3.86519 0
      vertex 1933.38 3.96471 0
      vertex 1933.38 3.96471 6.35
    endloop
  endfacet
  facet normal 0.334903 -0.942252 0
    outer loop
      vertex 1933.1 3.86519 0
      vertex 1933.38 3.96471 6.35
      vertex 1933.1 3.86519 6.35
    endloop
  endfacet
  facet normal 0 0 -1
    outer loop
      vertex 1933.1 3.86519 0
      vertex 1947.61 12.4986 0
      vertex 1933.38 3.96471 0
    endloop
  endfacet
  facet normal 0 0 1
    outer loop
      vertex 1933.1 3.86519 6.35
      vertex 1933.38 3.96471 6.35
      vertex 1947.61 12.4986 6.35
    endloop
  endfacet
  facet normal 0.275356 0.961342 0
    outer loop
      vertex 1933.38 -3.96471 0
      vertex 1933.38 -3.96471 6.35
      vertex 1933.66 -4.04491 0
    endloop
  endfacet
  facet normal 0 0 -1
    outer loop
      vertex 1933.38 -3.96471 0
      vertex 1933.66 -4.04491 0
      vertex 1947.61 -12.4986 0
    endloop
  endfacet
  facet normal 0.275356 0.961342 0
    outer loop
      vertex 1933.38 -3.96471 6.35
      vertex 1933.66 -4.04491 6.35
      vertex 1933.66 -4.04491 0
    endloop
  endfacet
  facet normal 0 0 1
    outer loop
      vertex 1933.38 -3.96471 6.35
      vertex 1947.61 -12.4986 6.35
      vertex 1933.66 -4.04491 6.35
    endloop
  endfacet
  facet normal 0.275356 -0.961342 0
    outer loop
      vertex 1933.38 3.96471 0
      vertex 1933.66 4.04491 0
      vertex 1933.66 4.04491 6.35
    endloop
  endfacet
  facet normal 0.275356 -0.961342 0
    outer loop
      vertex 1933.38 3.96471 0
      vertex 1933.66 4.04491 6.35
      vertex 1933.38 3.96471 6.35
    endloop
  endfacet
  facet normal 0 0 -1
    outer loop
      vertex 1933.38 3.96471 0
      vertex 1947.61 12.4986 0
      vertex 1933.66 4.04491 0
    endloop
  endfacet
  facet normal 0 0 1
    outer loop
      vertex 1933.38 3.96471 6.35
      vertex 1933.66 4.04491 6.35
      vertex 1947.61 12.4986 6.35
    endloop
  endfacet
  facet normal 0.211198 0.977443 0
    outer loop
      vertex 1933.66 -4.04491 0
      vertex 1933.66 -4.04491 6.35
      vertex 1933.94 -4.10541 0
    endloop
  endfacet
  facet normal 0 0 -1
    outer loop
      vertex 1933.66 -4.04491 0
      vertex 1933.94 -4.10541 0
      vertex 1947.61 -12.4986 0
    endloop
  endfacet
  facet normal 0.211198 0.977443 0
    outer loop
      vertex 1933.66 -4.04491 6.35
      vertex 1933.94 -4.10541 6.35
      vertex 1933.94 -4.10541 0
    endloop
  endfacet
  facet normal 0 0 1
    outer loop
      vertex 1933.66 -4.04491 6.35
      vertex 1947.61 -12.4986 6.35
      vertex 1933.94 -4.10541 6.35
    endloop
  endfacet
  facet normal 0.211198 -0.977443 0
    outer loop
      vertex 1933.66 4.04491 0
      vertex 1933.94 4.10541 0
      vertex 1933.94 4.10541 6.35
    endloop
  endfacet
  facet normal 0.211198 -0.977443 0
    outer loop
      vertex 1933.66 4.04491 0
      vertex 1933.94 4.10541 6.35
      vertex 1933.66 4.04491 6.35
    endloop
  endfacet
  facet normal 0 0 -1
    outer loop
      vertex 1933.66 4.04491 0
      vertex 1947.61 12.4986 0
      vertex 1933.94 4.10541 0
    endloop
  endfacet
  facet normal 0 0 1
    outer loop
      vertex 1933.66 4.04491 6.35
      vertex 1933.94 4.10541 6.35
      vertex 1947.61 12.4986 6.35
    endloop
  endfacet
  facet normal 0.138279 0.990393 0
    outer loop
      vertex 1933.94 -4.10541 0
      vertex 1933.94 -4.10541 6.35
      vertex 1934.23 -4.1459 0
    endloop
  endfacet
  facet normal 0 0 -1
    outer loop
      vertex 1933.94 -4.10541 0
      vertex 1934.23 -4.1459 0
      vertex 1947.61 -12.4986 0
    endloop
  endfacet
  facet normal 0.138279 0.990393 0
    outer loop
      vertex 1933.94 -4.10541 6.35
      vertex 1934.23 -4.1459 6.35
      vertex 1934.23 -4.1459 0
    endloop
  endfacet
  facet normal 0 0 1
    outer loop
      vertex 1933.94 -4.10541 6.35
      vertex 1947.61 -12.4986 6.35
      vertex 1934.23 -4.1459 6.35
    endloop
  endfacet
  facet normal 0.138279 -0.990393 0
    outer loop
      vertex 1933.94 4.10541 0
      vertex 1934.23 4.1459 0
      vertex 1934.23 4.1459 6.35
    endloop
  endfacet
  facet normal 0.138279 -0.990393 0
    outer loop
      vertex 1933.94 4.10541 0
      vertex 1934.23 4.1459 6.35
      vertex 1933.94 4.10541 6.35
    endloop
  endfacet
  facet normal 0 0 -1
    outer loop
      vertex 1933.94 4.10541 0
      vertex 1947.61 12.4986 0
      vertex 1934.23 4.1459 0
    endloop
  endfacet
  facet normal 0 0 1
    outer loop
      vertex 1933.94 4.10541 6.35
      vertex 1934.23 4.1459 6.35
      vertex 1947.61 12.4986 6.35
    endloop
  endfacet
  facet normal 0.0698291 0.997559 0
    outer loop
      vertex 1934.23 -4.1459 0
      vertex 1934.23 -4.1459 6.35
      vertex 1934.52 -4.1662 0
    endloop
  endfacet
  facet normal 0 0 -1
    outer loop
      vertex 1934.23 -4.1459 0
      vertex 1934.52 -4.1662 0
      vertex 1947.61 -12.4986 0
    endloop
  endfacet
  facet normal 0.0698291 0.997559 0
    outer loop
      vertex 1934.23 -4.1459 6.35
      vertex 1934.52 -4.1662 6.35
      vertex 1934.52 -4.1662 0
    endloop
  endfacet
  facet normal 0 0 1
    outer loop
      vertex 1934.23 -4.1459 6.35
      vertex 1947.61 -12.4986 6.35
      vertex 1934.52 -4.1662 6.35
    endloop
  endfacet
  facet normal 0.0698291 -0.997559 0
    outer loop
      vertex 1934.23 4.1459 0
      vertex 1934.52 4.1662 0
      vertex 1934.52 4.1662 6.35
    endloop
  endfacet
  facet normal 0.0698291 -0.997559 0
    outer loop
      vertex 1934.23 4.1459 0
      vertex 1934.52 4.1662 6.35
      vertex 1934.23 4.1459 6.35
    endloop
  endfacet
  facet normal 0 0 -1
    outer loop
      vertex 1934.23 4.1459 0
      vertex 1947.61 12.4986 0
      vertex 1934.52 4.1662 0
    endloop
  endfacet
  facet normal 0 0 1
    outer loop
      vertex 1934.23 4.1459 6.35
      vertex 1934.52 4.1662 6.35
      vertex 1947.61 12.4986 6.35
    endloop
  endfacet
  facet normal 0 1 0
    outer loop
      vertex 1934.52 -4.1662 0
      vertex 1934.52 -4.1662 6.35
      vertex 1934.81 -4.1662 0
    endloop
  endfacet
  facet normal 0 0 -1
    outer loop
      vertex 1934.52 -4.1662 0
      vertex 1934.81 -4.1662 0
      vertex 1947.61 -12.4986 0
    endloop
  endfacet
  facet normal 0 1 0
    outer loop
      vertex 1934.52 -4.1662 6.35
      vertex 1934.81 -4.1662 6.35
      vertex 1934.81 -4.1662 0
    endloop
  endfacet
  facet normal 0 0 1
    outer loop
      vertex 1934.52 -4.1662 6.35
      vertex 1947.61 -12.4986 6.35
      vertex 1934.81 -4.1662 6.35
    endloop
  endfacet
  facet normal 0 -1 0
    outer loop
      vertex 1934.52 4.1662 0
      vertex 1934.81 4.1662 0
      vertex 1934.81 4.1662 6.35
    endloop
  endfacet
  facet normal 0 -1 0
    outer loop
      vertex 1934.52 4.1662 0
      vertex 1934.81 4.1662 6.35
      vertex 1934.52 4.1662 6.35
    endloop
  endfacet
  facet normal 0 0 -1
    outer loop
      vertex 1934.52 4.1662 0
      vertex 1947.61 12.4986 0
      vertex 1934.81 4.1662 0
    endloop
  endfacet
  facet normal 0 0 1
    outer loop
      vertex 1934.52 4.1662 6.35
      vertex 1934.81 4.1662 6.35
      vertex 1947.61 12.4986 6.35
    endloop
  endfacet
  facet normal -0.0698291 0.997559 0
    outer loop
      vertex 1934.81 -4.1662 0
      vertex 1934.81 -4.1662 6.35
      vertex 1935.1 -4.1459 0
    endloop
  endfacet
  facet normal 0 0 -1
    outer loop
      vertex 1934.81 -4.1662 0
      vertex 1935.1 -4.1459 0
      vertex 1947.61 -12.4986 0
    endloop
  endfacet
  facet normal -0.0698291 0.997559 0
    outer loop
      vertex 1934.81 -4.1662 6.35
      vertex 1935.1 -4.1459 6.35
      vertex 1935.1 -4.1459 0
    endloop
  endfacet
  facet normal 0 0 1
    outer loop
      vertex 1934.81 -4.1662 6.35
      vertex 1947.61 -12.4986 6.35
      vertex 1935.1 -4.1459 6.35
    endloop
  endfacet
  facet normal -0.0698291 -0.997559 0
    outer loop
      vertex 1934.81 4.1662 0
      vertex 1935.1 4.1459 0
      vertex 1935.1 4.1459 6.35
    endloop
  endfacet
  facet normal -0.0698291 -0.997559 0
    outer loop
      vertex 1934.81 4.1662 0
      vertex 1935.1 4.1459 6.35
      vertex 1934.81 4.1662 6.35
    endloop
  endfacet
  facet normal 0 0 -1
    outer loop
      vertex 1934.81 4.1662 0
      vertex 1947.61 12.4986 0
      vertex 1935.1 4.1459 0
    endloop
  endfacet
  facet normal 0 0 1
    outer loop
      vertex 1934.81 4.1662 6.35
      vertex 1935.1 4.1459 6.35
      vertex 1947.61 12.4986 6.35
    endloop
  endfacet
  facet normal -0.138279 0.990393 0
    outer loop
      vertex 1935.1 -4.1459 0
      vertex 1935.1 -4.1459 6.35
      vertex 1935.39 -4.10541 0
    endloop
  endfacet
  facet normal 0 0 -1
    outer loop
      vertex 1935.1 -4.1459 0
      vertex 1935.39 -4.10541 0
      vertex 1947.61 -12.4986 0
    endloop
  endfacet
  facet normal -0.138279 0.990393 0
    outer loop
      vertex 1935.1 -4.1459 6.35
      vertex 1935.39 -4.10541 6.35
      vertex 1935.39 -4.10541 0
    endloop
  endfacet
  facet normal 0 0 1
    outer loop
      vertex 1935.1 -4.1459 6.35
      vertex 1947.61 -12.4986 6.35
      vertex 1935.39 -4.10541 6.35
    endloop
  endfacet
  facet normal -0.138279 -0.990393 0
    outer loop
      vertex 1935.1 4.1459 0
      vertex 1935.39 4.10541 0
      vertex 1935.39 4.10541 6.35
    endloop
  endfacet
  facet normal -0.138279 -0.990393 0
    outer loop
      vertex 1935.1 4.1459 0
      vertex 1935.39 4.10541 6.35
      vertex 1935.1 4.1459 6.35
    endloop
  endfacet
  facet normal 0 0 -1
    outer loop
      vertex 1935.1 4.1459 0
      vertex 1947.61 12.4986 0
      vertex 1935.39 4.10541 0
    endloop
  endfacet
  facet normal 0 0 1
    outer loop
      vertex 1935.1 4.1459 6.35
      vertex 1935.39 4.10541 6.35
      vertex 1947.61 12.4986 6.35
    endloop
  endfacet
  facet normal -0.211198 0.977443 0
    outer loop
      vertex 1935.39 -4.10541 0
      vertex 1935.39 -4.10541 6.35
      vertex 1935.67 -4.04491 0
    endloop
  endfacet
  facet normal 0 0 -1
    outer loop
      vertex 1935.39 -4.10541 0
      vertex 1935.67 -4.04491 0
      vertex 1947.61 -12.4986 0
    endloop
  endfacet
  facet normal -0.211198 0.977443 0
    outer loop
      vertex 1935.39 -4.10541 6.35
      vertex 1935.67 -4.04491 6.35
      vertex 1935.67 -4.04491 0
    endloop
  endfacet
  facet normal 0 0 1
    outer loop
      vertex 1935.39 -4.10541 6.35
      vertex 1947.61 -12.4986 6.35
      vertex 1935.67 -4.04491 6.35
    endloop
  endfacet
  facet normal -0.211198 -0.977443 0
    outer loop
      vertex 1935.39 4.10541 0
      vertex 1935.67 4.04491 0
      vertex 1935.67 4.04491 6.35
    endloop
  endfacet
  facet normal -0.211198 -0.977443 0
    outer loop
      vertex 1935.39 4.10541 0
      vertex 1935.67 4.04491 6.35
      vertex 1935.39 4.10541 6.35
    endloop
  endfacet
  facet normal 0 0 -1
    outer loop
      vertex 1935.39 4.10541 0
      vertex 1947.61 12.4986 0
      vertex 1935.67 4.04491 0
    endloop
  endfacet
  facet normal 0 0 1
    outer loop
      vertex 1935.39 4.10541 6.35
      vertex 1935.67 4.04491 6.35
      vertex 1947.61 12.4986 6.35
    endloop
  endfacet
  facet normal -0.275356 0.961342 0
    outer loop
      vertex 1935.67 -4.04491 0
      vertex 1935.67 -4.04491 6.35
      vertex 1935.95 -3.96471 0
    endloop
  endfacet
  facet normal 0 0 -1
    outer loop
      vertex 1935.67 -4.04491 0
      vertex 1935.95 -3.96471 0
      vertex 1947.61 -12.4986 0
    endloop
  endfacet
  facet normal -0.275356 0.961342 0
    outer loop
      vertex 1935.67 -4.04491 6.35
      vertex 1935.95 -3.96471 6.35
      vertex 1935.95 -3.96471 0
    endloop
  endfacet
  facet normal 0 0 1
    outer loop
      vertex 1935.67 -4.04491 6.35
      vertex 1947.61 -12.4986 6.35
      vertex 1935.95 -3.96471 6.35
    endloop
  endfacet
  facet normal -0.275356 -0.961342 0
    outer loop
      vertex 1935.67 4.04491 0
      vertex 1935.95 3.96471 0
      vertex 1935.95 3.96471 6.35
    endloop
  endfacet
  facet normal -0.275356 -0.961342 0
    outer loop
      vertex 1935.67 4.04491 0
      vertex 1935.95 3.96471 6.35
      vertex 1935.67 4.04491 6.35
    endloop
  endfacet
  facet normal 0 0 -1
    outer loop
      vertex 1935.67 4.04491 0
      vertex 1947.61 12.4986 0
      vertex 1935.95 3.96471 0
    endloop
  endfacet
  facet normal 0 0 1
    outer loop
      vertex 1935.67 4.04491 6.35
      vertex 1935.95 3.96471 6.35
      vertex 1947.61 12.4986 6.35
    endloop
  endfacet
  facet normal -0.334903 0.942252 0
    outer loop
      vertex 1935.95 -3.96471 0
      vertex 1935.95 -3.96471 6.35
      vertex 1936.23 -3.86519 0
    endloop
  endfacet
  facet normal 0 0 -1
    outer loop
      vertex 1935.95 -3.96471 0
      vertex 1936.23 -3.86519 0
      vertex 1947.61 -12.4986 0
    endloop
  endfacet
  facet normal -0.334903 0.942252 0
    outer loop
      vertex 1935.95 -3.96471 6.35
      vertex 1936.23 -3.86519 6.35
      vertex 1936.23 -3.86519 0
    endloop
  endfacet
  facet normal 0 0 1
    outer loop
      vertex 1935.95 -3.96471 6.35
      vertex 1947.61 -12.4986 6.35
      vertex 1936.23 -3.86519 6.35
    endloop
  endfacet
  facet normal -0.334903 -0.942252 0
    outer loop
      vertex 1935.95 3.96471 0
      vertex 1936.23 3.86519 0
      vertex 1936.23 3.86519 6.35
    endloop
  endfacet
  facet normal -0.334903 -0.942252 0
    outer loop
      vertex 1935.95 3.96471 0
      vertex 1936.23 3.86519 6.35
      vertex 1935.95 3.96471 6.35
    endloop
  endfacet
  facet normal 0 0 -1
    outer loop
      vertex 1935.95 3.96471 0
      vertex 1947.61 12.4986 0
      vertex 1936.23 3.86519 0
    endloop
  endfacet
  facet normal 0 0 1
    outer loop
      vertex 1935.95 3.96471 6.35
      vertex 1936.23 3.86519 6.35
      vertex 1947.61 12.4986 6.35
    endloop
  endfacet
  facet normal -0.414291 0.910145 0
    outer loop
      vertex 1936.23 -3.86519 0
      vertex 1936.23 -3.86519 6.35
      vertex 1936.49 -3.74684 0
    endloop
  endfacet
  facet normal 0 0 -1
    outer loop
      vertex 1936.23 -3.86519 0
      vertex 1936.49 -3.74684 0
      vertex 1947.61 -12.4986 0
    endloop
  endfacet
  facet normal -0.414291 0.910145 0
    outer loop
      vertex 1936.23 -3.86519 6.35
      vertex 1936.49 -3.74684 6.35
      vertex 1936.49 -3.74684 0
    endloop
  endfacet
  facet normal 0 0 1
    outer loop
      vertex 1936.23 -3.86519 6.35
      vertex 1947.61 -12.4986 6.35
      vertex 1936.49 -3.74684 6.35
    endloop
  endfacet
  facet normal -0.414291 -0.910145 0
    outer loop
      vertex 1936.23 3.86519 0
      vertex 1936.49 3.74684 0
      vertex 1936.49 3.74684 6.35
    endloop
  endfacet
  facet normal -0.414291 -0.910145 0
    outer loop
      vertex 1936.23 3.86519 0
      vertex 1936.49 3.74684 6.35
      vertex 1936.23 3.86519 6.35
    endloop
  endfacet
  facet normal 0 0 -1
    outer loop
      vertex 1936.23 3.86519 0
      vertex 1947.61 12.4986 0
      vertex 1936.49 3.74684 0
    endloop
  endfacet
  facet normal 0 0 1
    outer loop
      vertex 1936.23 3.86519 6.35
      vertex 1936.49 3.74684 6.35
      vertex 1947.61 12.4986 6.35
    endloop
  endfacet
  facet normal -0.465127 0.885244 0
    outer loop
      vertex 1936.49 -3.74684 0
      vertex 1936.49 -3.74684 6.35
      vertex 1936.75 -3.61023 0
    endloop
  endfacet
  facet normal 0 0 -1
    outer loop
      vertex 1936.49 -3.74684 0
      vertex 1936.75 -3.61023 0
      vertex 1947.61 -12.4986 0
    endloop
  endfacet
  facet normal -0.465127 0.885244 0
    outer loop
      vertex 1936.49 -3.74684 6.35
      vertex 1936.75 -3.61023 6.35
      vertex 1936.75 -3.61023 0
    endloop
  endfacet
  facet normal 0 0 1
    outer loop
      vertex 1936.49 -3.74684 6.35
      vertex 1947.61 -12.4986 6.35
      vertex 1936.75 -3.61023 6.35
    endloop
  endfacet
  facet normal -0.465127 -0.885244 0
    outer loop
      vertex 1936.49 3.74684 0
      vertex 1936.75 3.61023 0
      vertex 1936.75 3.61023 6.35
    endloop
  endfacet
  facet normal -0.465127 -0.885244 0
    outer loop
      vertex 1936.49 3.74684 0
      vertex 1936.75 3.61023 6.35
      vertex 1936.49 3.74684 6.35
    endloop
  endfacet
  facet normal 0 0 -1
    outer loop
      vertex 1936.49 3.74684 0
      vertex 1947.61 12.4986 0
      vertex 1936.75 3.61023 0
    endloop
  endfacet
  facet normal 0 0 1
    outer loop
      vertex 1936.49 3.74684 6.35
      vertex 1936.75 3.61023 6.35
      vertex 1947.61 12.4986 6.35
    endloop
  endfacet
  facet normal -0.524946 0.851135 0
    outer loop
      vertex 1936.75 -3.61023 0
      vertex 1936.75 -3.61023 6.35
      vertex 1937 -3.45604 0
    endloop
  endfacet
  facet normal 0 0 -1
    outer loop
      vertex 1936.75 -3.61023 0
      vertex 1937 -3.45604 0
      vertex 1947.61 -12.4986 0
    endloop
  endfacet
  facet normal -0.524946 0.851135 0
    outer loop
      vertex 1936.75 -3.61023 6.35
      vertex 1937 -3.45604 6.35
      vertex 1937 -3.45604 0
    endloop
  endfacet
  facet normal 0 0 1
    outer loop
      vertex 1936.75 -3.61023 6.35
      vertex 1947.61 -12.4986 6.35
      vertex 1937 -3.45604 6.35
    endloop
  endfacet
  facet normal -0.524946 -0.851135 0
    outer loop
      vertex 1936.75 3.61023 0
      vertex 1937 3.45604 0
      vertex 1937 3.45604 6.35
    endloop
  endfacet
  facet normal -0.524946 -0.851135 0
    outer loop
      vertex 1936.75 3.61023 0
      vertex 1937 3.45604 6.35
      vertex 1936.75 3.61023 6.35
    endloop
  endfacet
  facet normal 0 0 -1
    outer loop
      vertex 1936.75 3.61023 0
      vertex 1947.61 12.4986 0
      vertex 1937 3.45604 0
    endloop
  endfacet
  facet normal 0 0 1
    outer loop
      vertex 1936.75 3.61023 6.35
      vertex 1937 3.45604 6.35
      vertex 1947.61 12.4986 6.35
    endloop
  endfacet
  facet normal -0.59669 0.802472 0
    outer loop
      vertex 1937 -3.45604 0
      vertex 1937 -3.45604 6.35
      vertex 1937.23 -3.28502 0
    endloop
  endfacet
  facet normal 0 0 -1
    outer loop
      vertex 1937 -3.45604 0
      vertex 1937.23 -3.28502 0
      vertex 1947.61 -12.4986 0
    endloop
  endfacet
  facet normal -0.59669 0.802472 0
    outer loop
      vertex 1937 -3.45604 6.35
      vertex 1937.23 -3.28502 6.35
      vertex 1937.23 -3.28502 0
    endloop
  endfacet
  facet normal 0 0 1
    outer loop
      vertex 1937 -3.45604 6.35
      vertex 1947.61 -12.4986 6.35
      vertex 1937.23 -3.28502 6.35
    endloop
  endfacet
  facet normal -0.59669 -0.802472 0
    outer loop
      vertex 1937 3.45604 0
      vertex 1937.23 3.28502 0
      vertex 1937.23 3.28502 6.35
    endloop
  endfacet
  facet normal -0.59669 -0.802472 0
    outer loop
      vertex 1937 3.45604 0
      vertex 1937.23 3.28502 6.35
      vertex 1937 3.45604 6.35
    endloop
  endfacet
  facet normal 0 0 -1
    outer loop
      vertex 1937 3.45604 0
      vertex 1947.61 12.4986 0
      vertex 1937.23 3.28502 0
    endloop
  endfacet
  facet normal 0 0 1
    outer loop
      vertex 1937 3.45604 6.35
      vertex 1937.23 3.28502 6.35
      vertex 1947.61 12.4986 6.35
    endloop
  endfacet
  facet normal -0.630928 0.775842 0
    outer loop
      vertex 1937.23 -3.28502 0
      vertex 1937.23 -3.28502 6.35
      vertex 1937.46 -3.09798 0
    endloop
  endfacet
  facet normal 0 0 -1
    outer loop
      vertex 1937.23 -3.28502 0
      vertex 1937.46 -3.09798 0
      vertex 1947.61 -12.4986 0
    endloop
  endfacet
  facet normal -0.630928 0.775842 0
    outer loop
      vertex 1937.23 -3.28502 6.35
      vertex 1937.46 -3.09798 6.35
      vertex 1937.46 -3.09798 0
    endloop
  endfacet
  facet normal 0 0 1
    outer loop
      vertex 1937.23 -3.28502 6.35
      vertex 1947.61 -12.4986 6.35
      vertex 1937.46 -3.09798 6.35
    endloop
  endfacet
  facet normal -0.630928 -0.775842 0
    outer loop
      vertex 1937.23 3.28502 0
      vertex 1937.46 3.09798 0
      vertex 1937.46 3.09798 6.35
    endloop
  endfacet
  facet normal -0.630928 -0.775842 0
    outer loop
      vertex 1937.23 3.28502 0
      vertex 1937.46 3.09798 6.35
      vertex 1937.23 3.28502 6.35
    endloop
  endfacet
  facet normal 0 0 -1
    outer loop
      vertex 1937.23 3.28502 0
      vertex 1947.61 12.4986 0
      vertex 1937.46 3.09798 0
    endloop
  endfacet
  facet normal 0 0 1
    outer loop
      vertex 1937.23 3.28502 6.35
      vertex 1937.46 3.09798 6.35
      vertex 1947.61 12.4986 6.35
    endloop
  endfacet
  facet normal -0.71086 0.703334 0
    outer loop
      vertex 1937.46 -3.09798 0
      vertex 1937.46 -3.09798 6.35
      vertex 1937.66 -2.89584 0
    endloop
  endfacet
  facet normal 0 0 -1
    outer loop
      vertex 1937.46 -3.09798 0
      vertex 1937.66 -2.89584 0
      vertex 1947.61 -12.4986 0
    endloop
  endfacet
  facet normal -0.71086 0.703334 0
    outer loop
      vertex 1937.46 -3.09798 6.35
      vertex 1937.66 -2.89584 6.35
      vertex 1937.66 -2.89584 0
    endloop
  endfacet
  facet normal 0 0 1
    outer loop
      vertex 1937.46 -3.09798 6.35
      vertex 1947.61 -12.4986 6.35
      vertex 1937.66 -2.89584 6.35
    endloop
  endfacet
  facet normal -0.71086 -0.703334 0
    outer loop
      vertex 1937.46 3.09798 0
      vertex 1937.66 2.89584 0
      vertex 1937.66 2.89584 6.35
    endloop
  endfacet
  facet normal -0.71086 -0.703334 0
    outer loop
      vertex 1937.46 3.09798 0
      vertex 1937.66 2.89584 6.35
      vertex 1937.46 3.09798 6.35
    endloop
  endfacet
  facet normal 0 0 -1
    outer loop
      vertex 1937.46 3.09798 0
      vertex 1947.61 12.4986 0
      vertex 1937.66 2.89584 0
    endloop
  endfacet
  facet normal 0 0 1
    outer loop
      vertex 1937.46 3.09798 6.35
      vertex 1937.66 2.89584 6.35
      vertex 1947.61 12.4986 6.35
    endloop
  endfacet
  facet normal -0.734121 0.679019 0
    outer loop
      vertex 1937.66 -2.89584 0
      vertex 1937.66 -2.89584 6.35
      vertex 1937.86 -2.67961 0
    endloop
  endfacet
  facet normal 0 0 -1
    outer loop
      vertex 1937.66 -2.89584 0
      vertex 1937.86 -2.67961 0
      vertex 1947.61 -12.4986 0
    endloop
  endfacet
  facet normal -0.734121 0.679019 0
    outer loop
      vertex 1937.66 -2.89584 6.35
      vertex 1937.86 -2.67961 6.35
      vertex 1937.86 -2.67961 0
    endloop
  endfacet
  facet normal 0 0 1
    outer loop
      vertex 1937.66 -2.89584 6.35
      vertex 1947.61 -12.4986 6.35
      vertex 1937.86 -2.67961 6.35
    endloop
  endfacet
  facet normal -0.734121 -0.679019 0
    outer loop
      vertex 1937.66 2.89584 0
      vertex 1937.86 2.67961 0
      vertex 1937.86 2.67961 6.35
    endloop
  endfacet
  facet normal -0.734121 -0.679019 0
    outer loop
      vertex 1937.66 2.89584 0
      vertex 1937.86 2.67961 6.35
      vertex 1937.66 2.89584 6.35
    endloop
  endfacet
  facet normal 0 0 -1
    outer loop
      vertex 1937.66 2.89584 0
      vertex 1947.61 12.4986 0
      vertex 1937.86 2.67961 0
    endloop
  endfacet
  facet normal 0 0 1
    outer loop
      vertex 1937.66 2.89584 6.35
      vertex 1937.86 2.67961 6.35
      vertex 1947.61 12.4986 6.35
    endloop
  endfacet
  facet normal -0.786579 0.61749 0
    outer loop
      vertex 1937.86 -2.67961 0
      vertex 1937.86 -2.67961 6.35
      vertex 1938.04 -2.45032 0
    endloop
  endfacet
  facet normal 0 0 -1
    outer loop
      vertex 1937.86 -2.67961 0
      vertex 1938.04 -2.45032 0
      vertex 1947.61 -12.4986 0
    endloop
  endfacet
  facet normal -0.786579 0.61749 0
    outer loop
      vertex 1937.86 -2.67961 6.35
      vertex 1938.04 -2.45032 6.35
      vertex 1938.04 -2.45032 0
    endloop
  endfacet
  facet normal 0 0 1
    outer loop
      vertex 1937.86 -2.67961 6.35
      vertex 1947.61 -12.4986 6.35
      vertex 1938.04 -2.45032 6.35
    endloop
  endfacet
  facet normal -0.786579 -0.61749 0
    outer loop
      vertex 1937.86 2.67961 0
      vertex 1938.04 2.45032 0
      vertex 1938.04 2.45032 6.35
    endloop
  endfacet
  facet normal -0.786579 -0.61749 0
    outer loop
      vertex 1937.86 2.67961 0
      vertex 1938.04 2.45032 6.35
      vertex 1937.86 2.67961 6.35
    endloop
  endfacet
  facet normal 0 0 -1
    outer loop
      vertex 1937.86 2.67961 0
      vertex 1947.61 12.4986 0
      vertex 1938.04 2.45032 0
    endloop
  endfacet
  facet normal 0 0 1
    outer loop
      vertex 1937.86 2.67961 6.35
      vertex 1938.04 2.45032 6.35
      vertex 1947.61 12.4986 6.35
    endloop
  endfacet
  facet normal -0.833355 0.552738 0
    outer loop
      vertex 1938.04 -2.45032 0
      vertex 1938.04 -2.45032 6.35
      vertex 1938.2 -2.20909 0
    endloop
  endfacet
  facet normal 0 0 -1
    outer loop
      vertex 1938.04 -2.45032 0
      vertex 1938.2 -2.20909 0
      vertex 1947.61 -12.4986 0
    endloop
  endfacet
  facet normal -0.833355 0.552738 0
    outer loop
      vertex 1938.04 -2.45032 6.35
      vertex 1938.2 -2.20909 6.35
      vertex 1938.2 -2.20909 0
    endloop
  endfacet
  facet normal 0 0 1
    outer loop
      vertex 1938.04 -2.45032 6.35
      vertex 1947.61 -12.4986 6.35
      vertex 1938.2 -2.20909 6.35
    endloop
  endfacet
  facet normal -0.833355 -0.552738 0
    outer loop
      vertex 1938.04 2.45032 0
      vertex 1938.2 2.20909 0
      vertex 1938.2 2.20909 6.35
    endloop
  endfacet
  facet normal -0.833355 -0.552738 0
    outer loop
      vertex 1938.04 2.45032 0
      vertex 1938.2 2.20909 6.35
      vertex 1938.04 2.45032 6.35
    endloop
  endfacet
  facet normal 0 0 -1
    outer loop
      vertex 1938.04 2.45032 0
      vertex 1947.61 12.4986 0
      vertex 1938.2 2.20909 0
    endloop
  endfacet
  facet normal 0 0 1
    outer loop
      vertex 1938.04 2.45032 6.35
      vertex 1938.2 2.20909 6.35
      vertex 1947.61 12.4986 6.35
    endloop
  endfacet
  facet normal -0.859275 0.511514 0
    outer loop
      vertex 1938.2 -2.20909 0
      vertex 1938.2 -2.20909 6.35
      vertex 1938.35 -1.95711 0
    endloop
  endfacet
  facet normal 0 0 -1
    outer loop
      vertex 1938.2 -2.20909 0
      vertex 1938.35 -1.95711 0
      vertex 1947.61 -12.4986 0
    endloop
  endfacet
  facet normal -0.859275 0.511514 0
    outer loop
      vertex 1938.2 -2.20909 6.35
      vertex 1938.35 -1.95711 6.35
      vertex 1938.35 -1.95711 0
    endloop
  endfacet
  facet normal 0 0 1
    outer loop
      vertex 1938.2 -2.20909 6.35
      vertex 1947.61 -12.4986 6.35
      vertex 1938.35 -1.95711 6.35
    endloop
  endfacet
  facet normal -0.859275 -0.511514 0
    outer loop
      vertex 1938.2 2.20909 0
      vertex 1938.35 1.95711 0
      vertex 1938.35 1.95711 6.35
    endloop
  endfacet
  facet normal -0.859275 -0.511514 0
    outer loop
      vertex 1938.2 2.20909 0
      vertex 1938.35 1.95711 6.35
      vertex 1938.2 2.20909 6.35
    endloop
  endfacet
  facet normal 0 0 -1
    outer loop
      vertex 1938.2 2.20909 0
      vertex 1947.61 12.4986 0
      vertex 1938.35 1.95711 0
    endloop
  endfacet
  facet normal 0 0 1
    outer loop
      vertex 1938.2 2.20909 6.35
      vertex 1938.35 1.95711 6.35
      vertex 1947.61 12.4986 6.35
    endloop
  endfacet
  facet normal -0.908897 0.417021 0
    outer loop
      vertex 1938.35 -1.95711 0
      vertex 1938.35 -1.95711 6.35
      vertex 1938.47 -1.69557 0
    endloop
  endfacet
  facet normal 0 0 -1
    outer loop
      vertex 1938.35 -1.95711 0
      vertex 1938.47 -1.69557 0
      vertex 1947.61 -12.4986 0
    endloop
  endfacet
  facet normal -0.908897 0.417021 0
    outer loop
      vertex 1938.35 -1.95711 6.35
      vertex 1938.47 -1.69557 6.35
      vertex 1938.47 -1.69557 0
    endloop
  endfacet
  facet normal 0 0 1
    outer loop
      vertex 1938.35 -1.95711 6.35
      vertex 1947.61 -12.4986 6.35
      vertex 1938.47 -1.69557 6.35
    endloop
  endfacet
  facet normal -0.908897 -0.417021 0
    outer loop
      vertex 1938.35 1.95711 0
      vertex 1938.47 1.69557 0
      vertex 1938.47 1.69557 6.35
    endloop
  endfacet
  facet normal -0.908897 -0.417021 0
    outer loop
      vertex 1938.35 1.95711 0
      vertex 1938.47 1.69557 6.35
      vertex 1938.35 1.95711 6.35
    endloop
  endfacet
  facet normal 0 0 -1
    outer loop
      vertex 1938.35 1.95711 0
      vertex 1947.61 12.4986 0
      vertex 1938.47 1.69557 0
    endloop
  endfacet
  facet normal 0 0 1
    outer loop
      vertex 1938.35 1.95711 6.35
      vertex 1938.47 1.69557 6.35
      vertex 1947.61 12.4986 6.35
    endloop
  endfacet
  facet normal -0.92599 0.377549 0
    outer loop
      vertex 1938.47 -1.69557 0
      vertex 1938.47 -1.69557 6.35
      vertex 1938.58 -1.42578 0
    endloop
  endfacet
  facet normal 0 0 -1
    outer loop
      vertex 1938.47 -1.69557 0
      vertex 1938.58 -1.42578 0
      vertex 1947.61 -12.4986 0
    endloop
  endfacet
  facet normal -0.92599 0.377549 0
    outer loop
      vertex 1938.47 -1.69557 6.35
      vertex 1938.58 -1.42578 6.35
      vertex 1938.58 -1.42578 0
    endloop
  endfacet
  facet normal 0 0 1
    outer loop
      vertex 1938.47 -1.69557 6.35
      vertex 1947.61 -12.4986 6.35
      vertex 1938.58 -1.42578 6.35
    endloop
  endfacet
  facet normal -0.92599 -0.377549 0
    outer loop
      vertex 1938.47 1.69557 0
      vertex 1938.58 1.42578 0
      vertex 1938.58 1.42578 6.35
    endloop
  endfacet
  facet normal -0.92599 -0.377549 0
    outer loop
      vertex 1938.47 1.69557 0
      vertex 1938.58 1.42578 6.35
      vertex 1938.47 1.69557 6.35
    endloop
  endfacet
  facet normal 0 0 -1
    outer loop
      vertex 1938.47 1.69557 0
      vertex 1947.61 12.4986 0
      vertex 1938.58 1.42578 0
    endloop
  endfacet
  facet normal 0 0 1
    outer loop
      vertex 1938.47 1.69557 6.35
      vertex 1938.58 1.42578 6.35
      vertex 1947.61 12.4986 6.35
    endloop
  endfacet
  facet normal -0.950967 0.309291 0
    outer loop
      vertex 1938.58 -1.42578 0
      vertex 1938.58 -1.42578 6.35
      vertex 1938.67 -1.14906 0
    endloop
  endfacet
  facet normal 0 0 -1
    outer loop
      vertex 1938.58 -1.42578 0
      vertex 1938.67 -1.14906 0
      vertex 1947.61 -12.4986 0
    endloop
  endfacet
  facet normal -0.950967 0.309291 0
    outer loop
      vertex 1938.58 -1.42578 6.35
      vertex 1938.67 -1.14906 6.35
      vertex 1938.67 -1.14906 0
    endloop
  endfacet
  facet normal 0 0 1
    outer loop
      vertex 1938.58 -1.42578 6.35
      vertex 1947.61 -12.4986 6.35
      vertex 1938.67 -1.14906 6.35
    endloop
  endfacet
  facet normal -0.950967 -0.309291 0
    outer loop
      vertex 1938.58 1.42578 0
      vertex 1938.67 1.14906 0
      vertex 1938.67 1.14906 6.35
    endloop
  endfacet
  facet normal -0.950967 -0.309291 0
    outer loop
      vertex 1938.58 1.42578 0
      vertex 1938.67 1.14906 6.35
      vertex 1938.58 1.42578 6.35
    endloop
  endfacet
  facet normal 0 0 -1
    outer loop
      vertex 1938.58 1.42578 0
      vertex 1947.61 12.4986 0
      vertex 1938.67 1.14906 0
    endloop
  endfacet
  facet normal 0 0 1
    outer loop
      vertex 1938.58 1.42578 6.35
      vertex 1938.67 1.14906 6.35
      vertex 1947.61 12.4986 6.35
    endloop
  endfacet
  facet normal -0.970612 0.24065 0
    outer loop
      vertex 1938.67 -1.14906 0
      vertex 1938.67 -1.14906 6.35
      vertex 1938.74 -0.86673 0
    endloop
  endfacet
  facet normal 0 0 -1
    outer loop
      vertex 1938.67 -1.14906 0
      vertex 1938.74 -0.86673 0
      vertex 1949.34 -12.3162 0
    endloop
  endfacet
  facet normal 0 0 -1
    outer loop
      vertex 1938.67 -1.14906 0
      vertex 1948.48 -12.4377 0
      vertex 1947.61 -12.4986 0
    endloop
  endfacet
  facet normal 0 0 -1
    outer loop
      vertex 1938.67 -1.14906 0
      vertex 1949.34 -12.3162 0
      vertex 1948.48 -12.4377 0
    endloop
  endfacet
  facet normal -0.970612 0.24065 0
    outer loop
      vertex 1938.67 -1.14906 6.35
      vertex 1938.74 -0.86673 6.35
      vertex 1938.74 -0.86673 0
    endloop
  endfacet
  facet normal 0 0 1
    outer loop
      vertex 1938.67 -1.14906 6.35
      vertex 1947.61 -12.4986 6.35
      vertex 1948.48 -12.4377 6.35
    endloop
  endfacet
  facet normal 0 0 1
    outer loop
      vertex 1938.67 -1.14906 6.35
      vertex 1948.48 -12.4377 6.35
      vertex 1949.34 -12.3162 6.35
    endloop
  endfacet
  facet normal 0 0 1
    outer loop
      vertex 1938.67 -1.14906 6.35
      vertex 1949.34 -12.3162 6.35
      vertex 1938.74 -0.86673 6.35
    endloop
  endfacet
  facet normal -0.970612 -0.24065 0
    outer loop
      vertex 1938.67 1.14906 0
      vertex 1938.74 0.86673 0
      vertex 1938.74 0.86673 6.35
    endloop
  endfacet
  facet normal -0.970612 -0.24065 0
    outer loop
      vertex 1938.67 1.14906 0
      vertex 1938.74 0.86673 6.35
      vertex 1938.67 1.14906 6.35
    endloop
  endfacet
  facet normal 0 0 -1
    outer loop
      vertex 1938.67 1.14906 0
      vertex 1947.61 12.4986 0
      vertex 1948.48 12.4377 0
    endloop
  endfacet
  facet normal 0 0 -1
    outer loop
      vertex 1938.67 1.14906 0
      vertex 1948.48 12.4377 0
      vertex 1949.34 12.3162 0
    endloop
  endfacet
  facet normal 0 0 -1
    outer loop
      vertex 1938.67 1.14906 0
      vertex 1949.34 12.3162 0
      vertex 1938.74 0.86673 0
    endloop
  endfacet
  facet normal 0 0 1
    outer loop
      vertex 1938.67 1.14906 6.35
      vertex 1938.74 0.86673 6.35
      vertex 1949.34 12.3162 6.35
    endloop
  endfacet
  facet normal 0 0 1
    outer loop
      vertex 1938.67 1.14906 6.35
      vertex 1948.48 12.4377 6.35
      vertex 1947.61 12.4986 6.35
    endloop
  endfacet
  facet normal 0 0 1
    outer loop
      vertex 1938.67 1.14906 6.35
      vertex 1949.34 12.3162 6.35
      vertex 1948.48 12.4377 6.35
    endloop
  endfacet
  facet normal -0.985117 0.171887 0
    outer loop
      vertex 1938.74 -0.86673 0
      vertex 1938.74 -0.86673 6.35
      vertex 1938.79 -0.58017 0
    endloop
  endfacet
  facet normal 0 0 -1
    outer loop
      vertex 1938.74 -0.86673 0
      vertex 1938.79 -0.58017 0
      vertex 1952.65 -11.2405 0
    endloop
  endfacet
  facet normal 0 0 -1
    outer loop
      vertex 1938.74 -0.86673 0
      vertex 1950.2 -12.1348 0
      vertex 1949.34 -12.3162 0
    endloop
  endfacet
  facet normal 0 0 -1
    outer loop
      vertex 1938.74 -0.86673 0
      vertex 1951.04 -11.8941 0
      vertex 1950.2 -12.1348 0
    endloop
  endfacet
  facet normal 0 0 -1
    outer loop
      vertex 1938.74 -0.86673 0
      vertex 1951.86 -11.5956 0
      vertex 1951.04 -11.8941 0
    endloop
  endfacet
  facet normal 0 0 -1
    outer loop
      vertex 1938.74 -0.86673 0
      vertex 1952.65 -11.2405 0
      vertex 1951.86 -11.5956 0
    endloop
  endfacet
  facet normal -0.985117 0.171887 0
    outer loop
      vertex 1938.74 -0.86673 6.35
      vertex 1938.79 -0.58017 6.35
      vertex 1938.79 -0.58017 0
    endloop
  endfacet
  facet normal 0 0 1
    outer loop
      vertex 1938.74 -0.86673 6.35
      vertex 1949.34 -12.3162 6.35
      vertex 1950.2 -12.1348 6.35
    endloop
  endfacet
  facet normal 0 0 1
    outer loop
      vertex 1938.74 -0.86673 6.35
      vertex 1950.2 -12.1348 6.35
      vertex 1951.04 -11.8941 6.35
    endloop
  endfacet
  facet normal 0 0 1
    outer loop
      vertex 1938.74 -0.86673 6.35
      vertex 1951.04 -11.8941 6.35
      vertex 1951.86 -11.5956 6.35
    endloop
  endfacet
  facet normal 0 0 1
    outer loop
      vertex 1938.74 -0.86673 6.35
      vertex 1951.86 -11.5956 6.35
      vertex 1952.65 -11.2405 6.35
    endloop
  endfacet
  facet normal 0 0 1
    outer loop
      vertex 1938.74 -0.86673 6.35
      vertex 1952.65 -11.2405 6.35
      vertex 1938.79 -0.58017 6.35
    endloop
  endfacet
  facet normal -0.985117 -0.171887 0
    outer loop
      vertex 1938.74 0.86673 0
      vertex 1938.79 0.58017 0
      vertex 1938.79 0.58017 6.35
    endloop
  endfacet
  facet normal -0.985117 -0.171887 0
    outer loop
      vertex 1938.74 0.86673 0
      vertex 1938.79 0.58017 6.35
      vertex 1938.74 0.86673 6.35
    endloop
  endfacet
  facet normal 0 0 -1
    outer loop
      vertex 1938.74 0.86673 0
      vertex 1949.34 12.3162 0
      vertex 1950.2 12.1348 0
    endloop
  endfacet
  facet normal 0 0 -1
    outer loop
      vertex 1938.74 0.86673 0
      vertex 1950.2 12.1348 0
      vertex 1951.04 11.8941 0
    endloop
  endfacet
  facet normal 0 0 -1
    outer loop
      vertex 1938.74 0.86673 0
      vertex 1951.04 11.8941 0
      vertex 1951.86 11.5956 0
    endloop
  endfacet
  facet normal 0 0 -1
    outer loop
      vertex 1938.74 0.86673 0
      vertex 1951.86 11.5956 0
      vertex 1952.65 11.2405 0
    endloop
  endfacet
  facet normal 0 0 -1
    outer loop
      vertex 1938.74 0.86673 0
      vertex 1952.65 11.2405 0
      vertex 1938.79 0.58017 0
    endloop
  endfacet
  facet normal 0 0 1
    outer loop
      vertex 1938.74 0.86673 6.35
      vertex 1938.79 0.58017 6.35
      vertex 1952.65 11.2405 6.35
    endloop
  endfacet
  facet normal 0 0 1
    outer loop
      vertex 1938.74 0.86673 6.35
      vertex 1950.2 12.1348 6.35
      vertex 1949.34 12.3162 6.35
    endloop
  endfacet
  facet normal 0 0 1
    outer loop
      vertex 1938.74 0.86673 6.35
      vertex 1951.04 11.8941 6.35
      vertex 1950.2 12.1348 6.35
    endloop
  endfacet
  facet normal 0 0 1
    outer loop
      vertex 1938.74 0.86673 6.35
      vertex 1951.86 11.5956 6.35
      vertex 1951.04 11.8941 6.35
    endloop
  endfacet
  facet normal 0 0 1
    outer loop
      vertex 1938.74 0.86673 6.35
      vertex 1952.65 11.2405 6.35
      vertex 1951.86 11.5956 6.35
    endloop
  endfacet
  facet normal -0.994669 0.103116 0
    outer loop
      vertex 1938.79 -0.58017 0
      vertex 1938.79 -0.58017 6.35
      vertex 1938.82 -0.290787 0
    endloop
  endfacet
  facet normal 0 0 -1
    outer loop
      vertex 1938.79 -0.58017 0
      vertex 1938.82 -0.290787 0
      vertex 1956.75 -8.03885 0
    endloop
  endfacet
  facet normal 0 0 -1
    outer loop
      vertex 1938.79 -0.58017 0
      vertex 1953.43 -10.8307 0
      vertex 1952.65 -11.2405 0
    endloop
  endfacet
  facet normal 0 0 -1
    outer loop
      vertex 1938.79 -0.58017 0
      vertex 1954.17 -10.3681 0
      vertex 1953.43 -10.8307 0
    endloop
  endfacet
  facet normal 0 0 -1
    outer loop
      vertex 1938.79 -0.58017 0
      vertex 1954.87 -9.85506 0
      vertex 1954.17 -10.3681 0
    endloop
  endfacet
  facet normal 0 0 -1
    outer loop
      vertex 1938.79 -0.58017 0
      vertex 1955.54 -9.29395 0
      vertex 1954.87 -9.85506 0
    endloop
  endfacet
  facet normal 0 0 -1
    outer loop
      vertex 1938.79 -0.58017 0
      vertex 1956.17 -8.68756 0
      vertex 1955.54 -9.29395 0
    endloop
  endfacet
  facet normal 0 0 -1
    outer loop
      vertex 1938.79 -0.58017 0
      vertex 1956.75 -8.03885 0
      vertex 1956.17 -8.68756 0
    endloop
  endfacet
  facet normal -0.994669 0.103116 0
    outer loop
      vertex 1938.79 -0.58017 6.35
      vertex 1938.82 -0.290787 6.35
      vertex 1938.82 -0.290787 0
    endloop
  endfacet
  facet normal 0 0 1
    outer loop
      vertex 1938.79 -0.58017 6.35
      vertex 1952.65 -11.2405 6.35
      vertex 1953.43 -10.8307 6.35
    endloop
  endfacet
  facet normal 0 0 1
    outer loop
      vertex 1938.79 -0.58017 6.35
      vertex 1953.43 -10.8307 6.35
      vertex 1954.17 -10.3681 6.35
    endloop
  endfacet
  facet normal 0 0 1
    outer loop
      vertex 1938.79 -0.58017 6.35
      vertex 1954.17 -10.3681 6.35
      vertex 1954.87 -9.85506 6.35
    endloop
  endfacet
  facet normal 0 0 1
    outer loop
      vertex 1938.79 -0.58017 6.35
      vertex 1954.87 -9.85506 6.35
      vertex 1955.54 -9.29395 6.35
    endloop
  endfacet
  facet normal 0 0 1
    outer loop
      vertex 1938.79 -0.58017 6.35
      vertex 1955.54 -9.29395 6.35
      vertex 1956.17 -8.68756 6.35
    endloop
  endfacet
  facet normal 0 0 1
    outer loop
      vertex 1938.79 -0.58017 6.35
      vertex 1956.17 -8.68756 6.35
      vertex 1956.75 -8.03885 6.35
    endloop
  endfacet
  facet normal 0 0 1
    outer loop
      vertex 1938.79 -0.58017 6.35
      vertex 1956.75 -8.03885 6.35
      vertex 1938.82 -0.290787 6.35
    endloop
  endfacet
  facet normal -0.994669 -0.103116 0
    outer loop
      vertex 1938.79 0.58017 0
      vertex 1938.82 0.290787 0
      vertex 1938.82 0.290787 6.35
    endloop
  endfacet
  facet normal -0.994669 -0.103116 0
    outer loop
      vertex 1938.79 0.58017 0
      vertex 1938.82 0.290787 6.35
      vertex 1938.79 0.58017 6.35
    endloop
  endfacet
  facet normal 0 0 -1
    outer loop
      vertex 1938.79 0.58017 0
      vertex 1952.65 11.2405 0
      vertex 1953.43 10.8307 0
    endloop
  endfacet
  facet normal 0 0 -1
    outer loop
      vertex 1938.79 0.58017 0
      vertex 1953.43 10.8307 0
      vertex 1954.17 10.3681 0
    endloop
  endfacet
  facet normal 0 0 -1
    outer loop
      vertex 1938.79 0.58017 0
      vertex 1954.17 10.3681 0
      vertex 1954.87 9.85506 0
    endloop
  endfacet
  facet normal 0 0 -1
    outer loop
      vertex 1938.79 0.58017 0
      vertex 1954.87 9.85506 0
      vertex 1955.54 9.29395 0
    endloop
  endfacet
  facet normal 0 0 -1
    outer loop
      vertex 1938.79 0.58017 0
      vertex 1955.54 9.29395 0
      vertex 1956.17 8.68756 0
    endloop
  endfacet
  facet normal 0 0 -1
    outer loop
      vertex 1938.79 0.58017 0
      vertex 1956.17 8.68756 0
      vertex 1956.75 8.03885 0
    endloop
  endfacet
  facet normal 0 0 -1
    outer loop
      vertex 1938.79 0.58017 0
      vertex 1956.75 8.03885 0
      vertex 1938.82 0.290787 0
    endloop
  endfacet
  facet normal 0 0 1
    outer loop
      vertex 1938.79 0.58017 6.35
      vertex 1938.82 0.290787 6.35
      vertex 1956.75 8.03885 6.35
    endloop
  endfacet
  facet normal 0 0 1
    outer loop
      vertex 1938.79 0.58017 6.35
      vertex 1953.43 10.8307 6.35
      vertex 1952.65 11.2405 6.35
    endloop
  endfacet
  facet normal 0 0 1
    outer loop
      vertex 1938.79 0.58017 6.35
      vertex 1954.17 10.3681 6.35
      vertex 1953.43 10.8307 6.35
    endloop
  endfacet
  facet normal 0 0 1
    outer loop
      vertex 1938.79 0.58017 6.35
      vertex 1954.87 9.85506 6.35
      vertex 1954.17 10.3681 6.35
    endloop
  endfacet
  facet normal 0 0 1
    outer loop
      vertex 1938.79 0.58017 6.35
      vertex 1955.54 9.29395 6.35
      vertex 1954.87 9.85506 6.35
    endloop
  endfacet
  facet normal 0 0 1
    outer loop
      vertex 1938.79 0.58017 6.35
      vertex 1956.17 8.68756 6.35
      vertex 1955.54 9.29395 6.35
    endloop
  endfacet
  facet normal 0 0 1
    outer loop
      vertex 1938.79 0.58017 6.35
      vertex 1956.75 8.03885 6.35
      vertex 1956.17 8.68756 6.35
    endloop
  endfacet
  facet normal -0.999409 0.0343691 0
    outer loop
      vertex 1938.82 -0.290787 0
      vertex 1938.82 -0.290787 6.35
      vertex 1938.83 0 0
    endloop
  endfacet
  facet normal 0 0 -1
    outer loop
      vertex 1938.82 -0.290787 0
      vertex 1938.83 0 0
      vertex 1959.41 -2.60019 0
    endloop
  endfacet
  facet normal 0 0 -1
    outer loop
      vertex 1938.82 -0.290787 0
      vertex 1957.29 -7.35098 0
      vertex 1956.75 -8.03885 0
    endloop
  endfacet
  facet normal 0 0 -1
    outer loop
      vertex 1938.82 -0.290787 0
      vertex 1957.78 -6.62729 0
      vertex 1957.29 -7.35098 0
    endloop
  endfacet
  facet normal 0 0 -1
    outer loop
      vertex 1938.82 -0.290787 0
      vertex 1958.21 -5.87132 0
      vertex 1957.78 -6.62729 0
    endloop
  endfacet
  facet normal 0 0 -1
    outer loop
      vertex 1938.82 -0.290787 0
      vertex 1958.6 -5.08675 0
      vertex 1958.21 -5.87132 0
    endloop
  endfacet
  facet normal 0 0 -1
    outer loop
      vertex 1938.82 -0.290787 0
      vertex 1958.92 -4.27737 0
      vertex 1958.6 -5.08675 0
    endloop
  endfacet
  facet normal 0 0 -1
    outer loop
      vertex 1938.82 -0.290787 0
      vertex 1959.19 -3.44719 0
      vertex 1958.92 -4.27737 0
    endloop
  endfacet
  facet normal 0 0 -1
    outer loop
      vertex 1938.82 -0.290787 0
      vertex 1959.41 -2.60019 0
      vertex 1959.19 -3.44719 0
    endloop
  endfacet
  facet normal -0.999409 0.0343691 0
    outer loop
      vertex 1938.82 -0.290787 6.35
      vertex 1938.83 0 6.35
      vertex 1938.83 0 0
    endloop
  endfacet
  facet normal 0 0 1
    outer loop
      vertex 1938.82 -0.290787 6.35
      vertex 1956.75 -8.03885 6.35
      vertex 1957.29 -7.35098 6.35
    endloop
  endfacet
  facet normal 0 0 1
    outer loop
      vertex 1938.82 -0.290787 6.35
      vertex 1957.29 -7.35098 6.35
      vertex 1957.78 -6.62729 6.35
    endloop
  endfacet
  facet normal 0 0 1
    outer loop
      vertex 1938.82 -0.290787 6.35
      vertex 1957.78 -6.62729 6.35
      vertex 1958.21 -5.87132 6.35
    endloop
  endfacet
  facet normal 0 0 1
    outer loop
      vertex 1938.82 -0.290787 6.35
      vertex 1958.21 -5.87132 6.35
      vertex 1958.6 -5.08675 6.35
    endloop
  endfacet
  facet normal 0 0 1
    outer loop
      vertex 1938.82 -0.290787 6.35
      vertex 1958.6 -5.08675 6.35
      vertex 1958.92 -4.27737 6.35
    endloop
  endfacet
  facet normal 0 0 1
    outer loop
      vertex 1938.82 -0.290787 6.35
      vertex 1958.92 -4.27737 6.35
      vertex 1959.19 -3.44719 6.35
    endloop
  endfacet
  facet normal 0 0 1
    outer loop
      vertex 1938.82 -0.290787 6.35
      vertex 1959.19 -3.44719 6.35
      vertex 1959.41 -2.60019 6.35
    endloop
  endfacet
  facet normal 0 0 1
    outer loop
      vertex 1938.82 -0.290787 6.35
      vertex 1959.41 -2.60019 6.35
      vertex 1938.83 0 6.35
    endloop
  endfacet
  facet normal -0.999409 -0.0343691 0
    outer loop
      vertex 1938.82 0.290787 0
      vertex 1938.83 0 0
      vertex 1938.83 0 6.35
    endloop
  endfacet
  facet normal -0.999409 -0.0343691 0
    outer loop
      vertex 1938.82 0.290787 0
      vertex 1938.83 0 6.35
      vertex 1938.82 0.290787 6.35
    endloop
  endfacet
  facet normal 0 0 -1
    outer loop
      vertex 1938.82 0.290787 0
      vertex 1956.75 8.03885 0
      vertex 1957.29 7.35098 0
    endloop
  endfacet
  facet normal 0 0 -1
    outer loop
      vertex 1938.82 0.290787 0
      vertex 1957.29 7.35098 0
      vertex 1957.78 6.62729 0
    endloop
  endfacet
  facet normal 0 0 -1
    outer loop
      vertex 1938.82 0.290787 0
      vertex 1957.78 6.62729 0
      vertex 1958.21 5.87132 0
    endloop
  endfacet
  facet normal 0 0 -1
    outer loop
      vertex 1938.82 0.290787 0
      vertex 1958.21 5.87132 0
      vertex 1958.6 5.08675 0
    endloop
  endfacet
  facet normal 0 0 -1
    outer loop
      vertex 1938.82 0.290787 0
      vertex 1958.6 5.08675 0
      vertex 1958.92 4.27737 0
    endloop
  endfacet
  facet normal 0 0 -1
    outer loop
      vertex 1938.82 0.290787 0
      vertex 1958.92 4.27737 0
      vertex 1959.19 3.44719 0
    endloop
  endfacet
  facet normal 0 0 -1
    outer loop
      vertex 1938.82 0.290787 0
      vertex 1959.19 3.44719 0
      vertex 1959.41 2.60019 0
    endloop
  endfacet
  facet normal 0 0 -1
    outer loop
      vertex 1938.82 0.290787 0
      vertex 1959.41 2.60019 0
      vertex 1938.83 0 0
    endloop
  endfacet
  facet normal 0 0 1
    outer loop
      vertex 1938.82 0.290787 6.35
      vertex 1938.83 0 6.35
      vertex 1959.41 2.60019 6.35
    endloop
  endfacet
  facet normal 0 0 1
    outer loop
      vertex 1938.82 0.290787 6.35
      vertex 1957.29 7.35098 6.35
      vertex 1956.75 8.03885 6.35
    endloop
  endfacet
  facet normal 0 0 1
    outer loop
      vertex 1938.82 0.290787 6.35
      vertex 1957.78 6.62729 6.35
      vertex 1957.29 7.35098 6.35
    endloop
  endfacet
  facet normal 0 0 1
    outer loop
      vertex 1938.82 0.290787 6.35
      vertex 1958.21 5.87132 6.35
      vertex 1957.78 6.62729 6.35
    endloop
  endfacet
  facet normal 0 0 1
    outer loop
      vertex 1938.82 0.290787 6.35
      vertex 1958.6 5.08675 6.35
      vertex 1958.21 5.87132 6.35
    endloop
  endfacet
  facet normal 0 0 1
    outer loop
      vertex 1938.82 0.290787 6.35
      vertex 1958.92 4.27737 6.35
      vertex 1958.6 5.08675 6.35
    endloop
  endfacet
  facet normal 0 0 1
    outer loop
      vertex 1938.82 0.290787 6.35
      vertex 1959.19 3.44719 6.35
      vertex 1958.92 4.27737 6.35
    endloop
  endfacet
  facet normal 0 0 1
    outer loop
      vertex 1938.82 0.290787 6.35
      vertex 1959.41 2.60019 6.35
      vertex 1959.19 3.44719 6.35
    endloop
  endfacet
  facet normal 0 0 -1
    outer loop
      vertex 1938.83 0 0
      vertex 1959.41 2.60019 0
      vertex 1959.56 1.74052 0
    endloop
  endfacet
  facet normal 0 0 -1
    outer loop
      vertex 1938.83 0 0
      vertex 1959.56 -1.74052 0
      vertex 1959.41 -2.60019 0
    endloop
  endfacet
  facet normal 0 0 -1
    outer loop
      vertex 1938.83 0 0
      vertex 1959.56 1.74052 0
      vertex 1959.65 0.872391 0
    endloop
  endfacet
  facet normal 0 0 -1
    outer loop
      vertex 1938.83 0 0
      vertex 1959.65 -0.872391 0
      vertex 1959.56 -1.74052 0
    endloop
  endfacet
  facet normal 0 0 -1
    outer loop
      vertex 1938.83 0 0
      vertex 1959.65 0.872391 0
      vertex 1959.68 0 0
    endloop
  endfacet
  facet normal 0 0 -1
    outer loop
      vertex 1938.83 0 0
      vertex 1959.68 0 0
      vertex 1959.65 -0.872391 0
    endloop
  endfacet
  facet normal 0 0 1
    outer loop
      vertex 1938.83 0 6.35
      vertex 1959.41 -2.60019 6.35
      vertex 1959.56 -1.74052 6.35
    endloop
  endfacet
  facet normal 0 0 1
    outer loop
      vertex 1938.83 0 6.35
      vertex 1959.56 -1.74052 6.35
      vertex 1959.65 -0.872391 6.35
    endloop
  endfacet
  facet normal 0 0 1
    outer loop
      vertex 1938.83 0 6.35
      vertex 1959.56 1.74052 6.35
      vertex 1959.41 2.60019 6.35
    endloop
  endfacet
  facet normal 0 0 1
    outer loop
      vertex 1938.83 0 6.35
      vertex 1959.65 -0.872391 6.35
      vertex 1959.68 0 6.35
    endloop
  endfacet
  facet normal 0 0 1
    outer loop
      vertex 1938.83 0 6.35
      vertex 1959.65 0.872391 6.35
      vertex 1959.56 1.74052 6.35
    endloop
  endfacet
  facet normal 0 0 1
    outer loop
      vertex 1938.83 0 6.35
      vertex 1959.68 0 6.35
      vertex 1959.65 0.872391 6.35
    endloop
  endfacet
  facet normal 0.0698291 -0.997559 0
    outer loop
      vertex 1947.61 -12.4986 0
      vertex 1948.48 -12.4377 0
      vertex 1947.61 -12.4986 6.35
    endloop
  endfacet
  facet normal 0.0698291 -0.997559 0
    outer loop
      vertex 1947.61 -12.4986 6.35
      vertex 1948.48 -12.4377 0
      vertex 1948.48 -12.4377 6.35
    endloop
  endfacet
  facet normal 0.0698291 0.997559 0
    outer loop
      vertex 1947.61 12.4986 0
      vertex 1947.61 12.4986 6.35
      vertex 1948.48 12.4377 6.35
    endloop
  endfacet
  facet normal 0.0698291 0.997559 0
    outer loop
      vertex 1947.61 12.4986 0
      vertex 1948.48 12.4377 6.35
      vertex 1948.48 12.4377 0
    endloop
  endfacet
  facet normal 0.13989 -0.990167 0
    outer loop
      vertex 1948.48 -12.4377 0
      vertex 1949.34 -12.3162 0
      vertex 1948.48 -12.4377 6.35
    endloop
  endfacet
  facet normal 0.13989 -0.990167 0
    outer loop
      vertex 1948.48 -12.4377 6.35
      vertex 1949.34 -12.3162 0
      vertex 1949.34 -12.3162 6.35
    endloop
  endfacet
  facet normal 0.13989 0.990167 0
    outer loop
      vertex 1948.48 12.4377 0
      vertex 1948.48 12.4377 6.35
      vertex 1949.34 12.3162 6.35
    endloop
  endfacet
  facet normal 0.13989 0.990167 0
    outer loop
      vertex 1948.48 12.4377 0
      vertex 1949.34 12.3162 6.35
      vertex 1949.34 12.3162 0
    endloop
  endfacet
  facet normal 0.206389 -0.97847 0
    outer loop
      vertex 1949.34 -12.3162 0
      vertex 1950.2 -12.1348 0
      vertex 1949.34 -12.3162 6.35
    endloop
  endfacet
  facet normal 0.206389 -0.97847 0
    outer loop
      vertex 1949.34 -12.3162 6.35
      vertex 1950.2 -12.1348 0
      vertex 1950.2 -12.1348 6.35
    endloop
  endfacet
  facet normal 0.206389 0.97847 0
    outer loop
      vertex 1949.34 12.3162 0
      vertex 1949.34 12.3162 6.35
      vertex 1950.2 12.1348 6.35
    endloop
  endfacet
  facet normal 0.206389 0.97847 0
    outer loop
      vertex 1949.34 12.3162 0
      vertex 1950.2 12.1348 6.35
      vertex 1950.2 12.1348 0
    endloop
  endfacet
  facet normal 0.275462 -0.961312 0
    outer loop
      vertex 1950.2 -12.1348 0
      vertex 1951.04 -11.8941 0
      vertex 1950.2 -12.1348 6.35
    endloop
  endfacet
  facet normal 0.275462 -0.961312 0
    outer loop
      vertex 1950.2 -12.1348 6.35
      vertex 1951.04 -11.8941 0
      vertex 1951.04 -11.8941 6.35
    endloop
  endfacet
  facet normal 0.275462 0.961312 0
    outer loop
      vertex 1950.2 12.1348 0
      vertex 1950.2 12.1348 6.35
      vertex 1951.04 11.8941 6.35
    endloop
  endfacet
  facet normal 0.275462 0.961312 0
    outer loop
      vertex 1950.2 12.1348 0
      vertex 1951.04 11.8941 6.35
      vertex 1951.04 11.8941 0
    endloop
  endfacet
  facet normal 0.342065 -0.939676 0
    outer loop
      vertex 1951.04 -11.8941 0
      vertex 1951.86 -11.5956 0
      vertex 1951.04 -11.8941 6.35
    endloop
  endfacet
  facet normal 0.342065 -0.939676 0
    outer loop
      vertex 1951.04 -11.8941 6.35
      vertex 1951.86 -11.5956 0
      vertex 1951.86 -11.5956 6.35
    endloop
  endfacet
  facet normal 0.342065 0.939676 0
    outer loop
      vertex 1951.04 11.8941 0
      vertex 1951.04 11.8941 6.35
      vertex 1951.86 11.5956 6.35
    endloop
  endfacet
  facet normal 0.342065 0.939676 0
    outer loop
      vertex 1951.04 11.8941 0
      vertex 1951.86 11.5956 6.35
      vertex 1951.86 11.5956 0
    endloop
  endfacet
  facet normal 0.409981 -0.912094 0
    outer loop
      vertex 1951.86 -11.5956 0
      vertex 1952.65 -11.2405 0
      vertex 1951.86 -11.5956 6.35
    endloop
  endfacet
  facet normal 0.409981 -0.912094 0
    outer loop
      vertex 1951.86 -11.5956 6.35
      vertex 1952.65 -11.2405 0
      vertex 1952.65 -11.2405 6.35
    endloop
  endfacet
  facet normal 0.409981 0.912094 0
    outer loop
      vertex 1951.86 11.5956 0
      vertex 1951.86 11.5956 6.35
      vertex 1952.65 11.2405 6.35
    endloop
  endfacet
  facet normal 0.409981 0.912094 0
    outer loop
      vertex 1951.86 11.5956 0
      vertex 1952.65 11.2405 6.35
      vertex 1952.65 11.2405 0
    endloop
  endfacet
  facet normal 0.465101 -0.885258 0
    outer loop
      vertex 1952.65 -11.2405 0
      vertex 1953.43 -10.8307 0
      vertex 1952.65 -11.2405 6.35
    endloop
  endfacet
  facet normal 0.465101 -0.885258 0
    outer loop
      vertex 1952.65 -11.2405 6.35
      vertex 1953.43 -10.8307 0
      vertex 1953.43 -10.8307 6.35
    endloop
  endfacet
  facet normal 0.465101 0.885258 0
    outer loop
      vertex 1952.65 11.2405 0
      vertex 1952.65 11.2405 6.35
      vertex 1953.43 10.8307 6.35
    endloop
  endfacet
  facet normal 0.465101 0.885258 0
    outer loop
      vertex 1952.65 11.2405 0
      vertex 1953.43 10.8307 6.35
      vertex 1953.43 10.8307 0
    endloop
  endfacet
  facet normal 0.530081 -0.847947 0
    outer loop
      vertex 1953.43 -10.8307 0
      vertex 1954.17 -10.3681 0
      vertex 1953.43 -10.8307 6.35
    endloop
  endfacet
  facet normal 0.530081 -0.847947 0
    outer loop
      vertex 1953.43 -10.8307 6.35
      vertex 1954.17 -10.3681 0
      vertex 1954.17 -10.3681 6.35
    endloop
  endfacet
  facet normal 0.530081 0.847947 0
    outer loop
      vertex 1953.43 10.8307 0
      vertex 1953.43 10.8307 6.35
      vertex 1954.17 10.3681 6.35
    endloop
  endfacet
  facet normal 0.530081 0.847947 0
    outer loop
      vertex 1953.43 10.8307 0
      vertex 1954.17 10.3681 6.35
      vertex 1954.17 10.3681 0
    endloop
  endfacet
  facet normal 0.591144 -0.806566 0
    outer loop
      vertex 1954.17 -10.3681 0
      vertex 1954.87 -9.85506 0
      vertex 1954.17 -10.3681 6.35
    endloop
  endfacet
  facet normal 0.591144 -0.806566 0
    outer loop
      vertex 1954.17 -10.3681 6.35
      vertex 1954.87 -9.85506 0
      vertex 1954.87 -9.85506 6.35
    endloop
  endfacet
  facet normal 0.591144 0.806566 0
    outer loop
      vertex 1954.17 10.3681 0
      vertex 1954.17 10.3681 6.35
      vertex 1954.87 9.85506 6.35
    endloop
  endfacet
  facet normal 0.591144 0.806566 0
    outer loop
      vertex 1954.17 10.3681 0
      vertex 1954.87 9.85506 6.35
      vertex 1954.87 9.85506 0
    endloop
  endfacet
  facet normal 0.642058 -0.766656 0
    outer loop
      vertex 1954.87 -9.85506 0
      vertex 1955.54 -9.29395 0
      vertex 1954.87 -9.85506 6.35
    endloop
  endfacet
  facet normal 0.642058 -0.766656 0
    outer loop
      vertex 1954.87 -9.85506 6.35
      vertex 1955.54 -9.29395 0
      vertex 1955.54 -9.29395 6.35
    endloop
  endfacet
  facet normal 0.642058 0.766656 0
    outer loop
      vertex 1954.87 9.85506 0
      vertex 1954.87 9.85506 6.35
      vertex 1955.54 9.29395 6.35
    endloop
  endfacet
  facet normal 0.642058 0.766656 0
    outer loop
      vertex 1954.87 9.85506 0
      vertex 1955.54 9.29395 6.35
      vertex 1955.54 9.29395 0
    endloop
  endfacet
  facet normal 0.693478 -0.720478 0
    outer loop
      vertex 1955.54 -9.29395 0
      vertex 1956.17 -8.68756 0
      vertex 1955.54 -9.29395 6.35
    endloop
  endfacet
  facet normal 0.693478 -0.720478 0
    outer loop
      vertex 1955.54 -9.29395 6.35
      vertex 1956.17 -8.68756 0
      vertex 1956.17 -8.68756 6.35
    endloop
  endfacet
  facet normal 0.693478 0.720478 0
    outer loop
      vertex 1955.54 9.29395 0
      vertex 1955.54 9.29395 6.35
      vertex 1956.17 8.68756 6.35
    endloop
  endfacet
  facet normal 0.693478 0.720478 0
    outer loop
      vertex 1955.54 9.29395 0
      vertex 1956.17 8.68756 6.35
      vertex 1956.17 8.68756 0
    endloop
  endfacet
  facet normal 0.745484 -0.666524 0
    outer loop
      vertex 1956.17 -8.68756 0
      vertex 1956.75 -8.03885 0
      vertex 1956.17 -8.68756 6.35
    endloop
  endfacet
  facet normal 0.745484 -0.666524 0
    outer loop
      vertex 1956.17 -8.68756 6.35
      vertex 1956.75 -8.03885 0
      vertex 1956.75 -8.03885 6.35
    endloop
  endfacet
  facet normal 0.745484 0.666524 0
    outer loop
      vertex 1956.17 8.68756 0
      vertex 1956.17 8.68756 6.35
      vertex 1956.75 8.03885 6.35
    endloop
  endfacet
  facet normal 0.745484 0.666524 0
    outer loop
      vertex 1956.17 8.68756 0
      vertex 1956.75 8.03885 6.35
      vertex 1956.75 8.03885 0
    endloop
  endfacet
  facet normal 0.786579 -0.61749 0
    outer loop
      vertex 1956.75 -8.03885 0
      vertex 1957.29 -7.35098 0
      vertex 1956.75 -8.03885 6.35
    endloop
  endfacet
  facet normal 0.786579 -0.61749 0
    outer loop
      vertex 1956.75 -8.03885 6.35
      vertex 1957.29 -7.35098 0
      vertex 1957.29 -7.35098 6.35
    endloop
  endfacet
  facet normal 0.786579 0.61749 0
    outer loop
      vertex 1956.75 8.03885 0
      vertex 1956.75 8.03885 6.35
      vertex 1957.29 7.35098 6.35
    endloop
  endfacet
  facet normal 0.786579 0.61749 0
    outer loop
      vertex 1956.75 8.03885 0
      vertex 1957.29 7.35098 6.35
      vertex 1957.29 7.35098 0
    endloop
  endfacet
  facet normal 0.828047 -0.560659 0
    outer loop
      vertex 1957.29 -7.35098 0
      vertex 1957.78 -6.62729 0
      vertex 1957.29 -7.35098 6.35
    endloop
  endfacet
  facet normal 0.828047 -0.560659 0
    outer loop
      vertex 1957.29 -7.35098 6.35
      vertex 1957.78 -6.62729 0
      vertex 1957.78 -6.62729 6.35
    endloop
  endfacet
  facet normal 0.828047 0.560659 0
    outer loop
      vertex 1957.29 7.35098 0
      vertex 1957.29 7.35098 6.35
      vertex 1957.78 6.62729 6.35
    endloop
  endfacet
  facet normal 0.828047 0.560659 0
    outer loop
      vertex 1957.29 7.35098 0
      vertex 1957.78 6.62729 6.35
      vertex 1957.78 6.62729 0
    endloop
  endfacet
  facet normal 0.869224 -0.494419 0
    outer loop
      vertex 1957.78 -6.62729 0
      vertex 1958.21 -5.87132 0
      vertex 1957.78 -6.62729 6.35
    endloop
  endfacet
  facet normal 0.869224 -0.494419 0
    outer loop
      vertex 1957.78 -6.62729 6.35
      vertex 1958.21 -5.87132 0
      vertex 1958.21 -5.87132 6.35
    endloop
  endfacet
  facet normal 0.869224 0.494419 0
    outer loop
      vertex 1957.78 6.62729 0
      vertex 1957.78 6.62729 6.35
      vertex 1958.21 5.87132 6.35
    endloop
  endfacet
  facet normal 0.869224 0.494419 0
    outer loop
      vertex 1957.78 6.62729 0
      vertex 1958.21 5.87132 6.35
      vertex 1958.21 5.87132 0
    endloop
  endfacet
  facet normal 0.895468 -0.445126 0
    outer loop
      vertex 1958.21 -5.87132 0
      vertex 1958.6 -5.08675 0
      vertex 1958.21 -5.87132 6.35
    endloop
  endfacet
  facet normal 0.895468 -0.445126 0
    outer loop
      vertex 1958.21 -5.87132 6.35
      vertex 1958.6 -5.08675 0
      vertex 1958.6 -5.08675 6.35
    endloop
  endfacet
  facet normal 0.895468 0.445126 0
    outer loop
      vertex 1958.21 5.87132 0
      vertex 1958.21 5.87132 6.35
      vertex 1958.6 5.08675 6.35
    endloop
  endfacet
  facet normal 0.895468 0.445126 0
    outer loop
      vertex 1958.21 5.87132 0
      vertex 1958.6 5.08675 6.35
      vertex 1958.6 5.08675 0
    endloop
  endfacet
  facet normal 0.929956 -0.367671 0
    outer loop
      vertex 1958.6 -5.08675 0
      vertex 1958.92 -4.27737 0
      vertex 1958.6 -5.08675 6.35
    endloop
  endfacet
  facet normal 0.929956 -0.367671 0
    outer loop
      vertex 1958.6 -5.08675 6.35
      vertex 1958.92 -4.27737 0
      vertex 1958.92 -4.27737 6.35
    endloop
  endfacet
  facet normal 0.929956 0.367671 0
    outer loop
      vertex 1958.6 5.08675 0
      vertex 1958.6 5.08675 6.35
      vertex 1958.92 4.27737 6.35
    endloop
  endfacet
  facet normal 0.929956 0.367671 0
    outer loop
      vertex 1958.6 5.08675 0
      vertex 1958.92 4.27737 6.35
      vertex 1958.92 4.27737 0
    endloop
  endfacet
  facet normal 0.95097 -0.309284 0
    outer loop
      vertex 1958.92 -4.27737 0
      vertex 1959.19 -3.44719 0
      vertex 1958.92 -4.27737 6.35
    endloop
  endfacet
  facet normal 0.95097 -0.309284 0
    outer loop
      vertex 1958.92 -4.27737 6.35
      vertex 1959.19 -3.44719 0
      vertex 1959.19 -3.44719 6.35
    endloop
  endfacet
  facet normal 0.95097 0.309284 0
    outer loop
      vertex 1958.92 4.27737 0
      vertex 1958.92 4.27737 6.35
      vertex 1959.19 3.44719 6.35
    endloop
  endfacet
  facet normal 0.95097 0.309284 0
    outer loop
      vertex 1958.92 4.27737 0
      vertex 1959.19 3.44719 6.35
      vertex 1959.19 3.44719 0
    endloop
  endfacet
  facet normal 0.967884 -0.251398 0
    outer loop
      vertex 1959.19 -3.44719 0
      vertex 1959.41 -2.60019 0
      vertex 1959.19 -3.44719 6.35
    endloop
  endfacet
  facet normal 0.967884 -0.251398 0
    outer loop
      vertex 1959.19 -3.44719 6.35
      vertex 1959.41 -2.60019 0
      vertex 1959.41 -2.60019 6.35
    endloop
  endfacet
  facet normal 0.967884 0.251398 0
    outer loop
      vertex 1959.19 3.44719 0
      vertex 1959.19 3.44719 6.35
      vertex 1959.41 2.60019 6.35
    endloop
  endfacet
  facet normal 0.967884 0.251398 0
    outer loop
      vertex 1959.19 3.44719 0
      vertex 1959.41 2.60019 6.35
      vertex 1959.41 2.60019 0
    endloop
  endfacet
  facet normal 0.985116 -0.171889 0
    outer loop
      vertex 1959.41 -2.60019 0
      vertex 1959.56 -1.74052 0
      vertex 1959.41 -2.60019 6.35
    endloop
  endfacet
  facet normal 0.985116 -0.171889 0
    outer loop
      vertex 1959.41 -2.60019 6.35
      vertex 1959.56 -1.74052 0
      vertex 1959.56 -1.74052 6.35
    endloop
  endfacet
  facet normal 0.985116 0.171889 0
    outer loop
      vertex 1959.41 2.60019 0
      vertex 1959.41 2.60019 6.35
      vertex 1959.56 1.74052 6.35
    endloop
  endfacet
  facet normal 0.985116 0.171889 0
    outer loop
      vertex 1959.41 2.60019 0
      vertex 1959.56 1.74052 6.35
      vertex 1959.56 1.74052 0
    endloop
  endfacet
  facet normal 0.994669 -0.103119 0
    outer loop
      vertex 1959.56 -1.74052 0
      vertex 1959.65 -0.872391 0
      vertex 1959.56 -1.74052 6.35
    endloop
  endfacet
  facet normal 0.994669 -0.103119 0
    outer loop
      vertex 1959.56 -1.74052 6.35
      vertex 1959.65 -0.872391 0
      vertex 1959.65 -0.872391 6.35
    endloop
  endfacet
  facet normal 0.994669 0.103119 0
    outer loop
      vertex 1959.56 1.74052 0
      vertex 1959.56 1.74052 6.35
      vertex 1959.65 0.872391 6.35
    endloop
  endfacet
  facet normal 0.994669 0.103119 0
    outer loop
      vertex 1959.56 1.74052 0
      vertex 1959.65 0.872391 6.35
      vertex 1959.65 0.872391 0
    endloop
  endfacet
  facet normal 0.999409 -0.0343679 0
    outer loop
      vertex 1959.65 -0.872391 0
      vertex 1959.68 0 0
      vertex 1959.65 -0.872391 6.35
    endloop
  endfacet
  facet normal 0.999409 -0.0343679 0
    outer loop
      vertex 1959.65 -0.872391 6.35
      vertex 1959.68 0 0
      vertex 1959.68 0 6.35
    endloop
  endfacet
  facet normal 0.999409 0.0343679 0
    outer loop
      vertex 1959.65 0.872391 0
      vertex 1959.65 0.872391 6.35
      vertex 1959.68 0 6.35
    endloop
  endfacet
  facet normal 0.999409 0.0343679 0
    outer loop
      vertex 1959.65 0.872391 0
      vertex 1959.68 0 6.35
      vertex 1959.68 0 0
    endloop
  endfacet
  facet normal -0.207965 0.978136 0
    outer loop
      vertex 2.51572 -14.2674 0
      vertex 2.51572 -14.2674 6.35
      vertex 3.50484 -14.0571 0
    endloop
  endfacet
  facet normal -0.207965 0.978136 0
    outer loop
      vertex 2.51572 -14.2674 6.35
      vertex 3.50484 -14.0571 6.35
      vertex 3.50484 -14.0571 0
    endloop
  endfacet
  facet normal -0.207965 -0.978136 0
    outer loop
      vertex 2.51572 14.2674 0
      vertex 3.50484 14.0571 0
      vertex 3.50484 14.0571 6.35
    endloop
  endfacet
  facet normal -0.207965 -0.978136 0
    outer loop
      vertex 2.51572 14.2674 0
      vertex 3.50484 14.0571 6.35
      vertex 2.51572 14.2674 6.35
    endloop
  endfacet
  facet normal 0 0 -1
    outer loop
      vertex 232.236 -26.2926 0
      vertex 232.236 26.2926 0
      vertex 308.192 -25.7299 0
    endloop
  endfacet
  facet normal 0.00740803 -0.999973 0
    outer loop
      vertex 232.236 -26.2926 0
      vertex 308.192 -25.7299 0
      vertex 232.236 -26.2926 6.35
    endloop
  endfacet
  facet normal 0.00740803 -0.999973 0
    outer loop
      vertex 232.236 -26.2926 6.35
      vertex 308.192 -25.7299 0
      vertex 308.192 -25.7299 6.35
    endloop
  endfacet
  facet normal 0 0 1
    outer loop
      vertex 232.236 -26.2926 6.35
      vertex 308.192 -25.7299 6.35
      vertex 232.236 26.2926 6.35
    endloop
  endfacet
  facet normal 0.00740803 0.999973 0
    outer loop
      vertex 232.236 26.2926 0
      vertex 232.236 26.2926 6.35
      vertex 308.192 25.7299 6.35
    endloop
  endfacet
  facet normal 0 0 -1
    outer loop
      vertex 232.236 26.2926 0
      vertex 308.192 25.7299 0
      vertex 308.192 -25.7299 0
    endloop
  endfacet
  facet normal 0.00740803 0.999973 0
    outer loop
      vertex 232.236 26.2926 0
      vertex 308.192 25.7299 6.35
      vertex 308.192 25.7299 0
    endloop
  endfacet
  facet normal 0 0 1
    outer loop
      vertex 232.236 26.2926 6.35
      vertex 308.192 -25.7299 6.35
      vertex 308.192 25.7299 6.35
    endloop
  endfacet
  facet normal -0.275612 0.961269 0
    outer loop
      vertex 3.50484 -14.0571 0
      vertex 3.50484 -14.0571 6.35
      vertex 4.47688 -13.7784 0
    endloop
  endfacet
  facet normal -0.275612 0.961269 0
    outer loop
      vertex 3.50484 -14.0571 6.35
      vertex 4.47688 -13.7784 6.35
      vertex 4.47688 -13.7784 0
    endloop
  endfacet
  facet normal -0.275612 -0.961269 0
    outer loop
      vertex 3.50484 14.0571 0
      vertex 4.47688 13.7784 0
      vertex 4.47688 13.7784 6.35
    endloop
  endfacet
  facet normal -0.275612 -0.961269 0
    outer loop
      vertex 3.50484 14.0571 0
      vertex 4.47688 13.7784 6.35
      vertex 3.50484 14.0571 6.35
    endloop
  endfacet
  facet normal 0 0 -1
    outer loop
      vertex 308.192 -25.7299 0
      vertex 308.192 25.7299 0
      vertex 386.261 -25.1384 0
    endloop
  endfacet
  facet normal 0.00757641 -0.999971 0
    outer loop
      vertex 308.192 -25.7299 0
      vertex 386.261 -25.1384 0
      vertex 308.192 -25.7299 6.35
    endloop
  endfacet
  facet normal 0.00757641 -0.999971 0
    outer loop
      vertex 308.192 -25.7299 6.35
      vertex 386.261 -25.1384 0
      vertex 386.261 -25.1384 6.35
    endloop
  endfacet
  facet normal 0 0 1
    outer loop
      vertex 308.192 -25.7299 6.35
      vertex 386.261 -25.1384 6.35
      vertex 308.192 25.7299 6.35
    endloop
  endfacet
  facet normal 0.00757641 0.999971 0
    outer loop
      vertex 308.192 25.7299 0
      vertex 308.192 25.7299 6.35
      vertex 386.261 25.1384 6.35
    endloop
  endfacet
  facet normal 0 0 -1
    outer loop
      vertex 308.192 25.7299 0
      vertex 386.261 25.1384 0
      vertex 386.261 -25.1384 0
    endloop
  endfacet
  facet normal 0.00757641 0.999971 0
    outer loop
      vertex 308.192 25.7299 0
      vertex 386.261 25.1384 6.35
      vertex 386.261 25.1384 0
    endloop
  endfacet
  facet normal 0 0 1
    outer loop
      vertex 308.192 25.7299 6.35
      vertex 386.261 -25.1384 6.35
      vertex 386.261 25.1384 6.35
    endloop
  endfacet
  facet normal 0 0 -1
    outer loop
      vertex 386.261 -25.1384 0
      vertex 386.261 25.1384 0
      vertex 464.329 -24.5325 0
    endloop
  endfacet
  facet normal 0.00776095 -0.99997 0
    outer loop
      vertex 386.261 -25.1384 0
      vertex 464.329 -24.5325 0
      vertex 386.261 -25.1384 6.35
    endloop
  endfacet
  facet normal 0.00776095 -0.99997 0
    outer loop
      vertex 386.261 -25.1384 6.35
      vertex 464.329 -24.5325 0
      vertex 464.329 -24.5325 6.35
    endloop
  endfacet
  facet normal 0 0 1
    outer loop
      vertex 386.261 -25.1384 6.35
      vertex 464.329 -24.5325 6.35
      vertex 386.261 25.1384 6.35
    endloop
  endfacet
  facet normal 0.00776095 0.99997 0
    outer loop
      vertex 386.261 25.1384 0
      vertex 386.261 25.1384 6.35
      vertex 464.329 24.5325 6.35
    endloop
  endfacet
  facet normal 0 0 -1
    outer loop
      vertex 386.261 25.1384 0
      vertex 464.329 24.5325 0
      vertex 464.329 -24.5325 0
    endloop
  endfacet
  facet normal 0.00776095 0.99997 0
    outer loop
      vertex 386.261 25.1384 0
      vertex 464.329 24.5325 6.35
      vertex 464.329 24.5325 0
    endloop
  endfacet
  facet normal 0 0 1
    outer loop
      vertex 386.261 25.1384 6.35
      vertex 464.329 -24.5325 6.35
      vertex 464.329 24.5325 6.35
    endloop
  endfacet
  facet normal -0.341972 0.93971 0
    outer loop
      vertex 4.47688 -13.7784 0
      vertex 4.47688 -13.7784 6.35
      vertex 5.42711 -13.4326 0
    endloop
  endfacet
  facet normal -0.341972 0.93971 0
    outer loop
      vertex 4.47688 -13.7784 6.35
      vertex 5.42711 -13.4326 6.35
      vertex 5.42711 -13.4326 0
    endloop
  endfacet
  facet normal -0.341972 -0.93971 0
    outer loop
      vertex 4.47688 13.7784 0
      vertex 5.42711 13.4326 0
      vertex 5.42711 13.4326 6.35
    endloop
  endfacet
  facet normal -0.341972 -0.93971 0
    outer loop
      vertex 4.47688 13.7784 0
      vertex 5.42711 13.4326 6.35
      vertex 4.47688 13.7784 6.35
    endloop
  endfacet
  facet normal 0 0 -1
    outer loop
      vertex 464.329 -24.5325 0
      vertex 464.329 24.5325 0
      vertex 542.397 -23.9114 0
    endloop
  endfacet
  facet normal 0.00795563 -0.999968 0
    outer loop
      vertex 464.329 -24.5325 0
      vertex 542.397 -23.9114 0
      vertex 464.329 -24.5325 6.35
    endloop
  endfacet
  facet normal 0.00795563 -0.999968 0
    outer loop
      vertex 464.329 -24.5325 6.35
      vertex 542.397 -23.9114 0
      vertex 542.397 -23.9114 6.35
    endloop
  endfacet
  facet normal 0 0 1
    outer loop
      vertex 464.329 -24.5325 6.35
      vertex 542.397 -23.9114 6.35
      vertex 464.329 24.5325 6.35
    endloop
  endfacet
  facet normal 0.00795563 0.999968 0
    outer loop
      vertex 464.329 24.5325 0
      vertex 464.329 24.5325 6.35
      vertex 542.397 23.9114 6.35
    endloop
  endfacet
  facet normal 0 0 -1
    outer loop
      vertex 464.329 24.5325 0
      vertex 542.397 23.9114 0
      vertex 542.397 -23.9114 0
    endloop
  endfacet
  facet normal 0.00795563 0.999968 0
    outer loop
      vertex 464.329 24.5325 0
      vertex 542.397 23.9114 6.35
      vertex 542.397 23.9114 0
    endloop
  endfacet
  facet normal 0 0 1
    outer loop
      vertex 464.329 24.5325 6.35
      vertex 542.397 -23.9114 6.35
      vertex 542.397 23.9114 6.35
    endloop
  endfacet
  facet normal -0.406742 0.913543 0
    outer loop
      vertex 5.42711 -13.4326 0
      vertex 5.42711 -13.4326 6.35
      vertex 6.35089 -13.0213 0
    endloop
  endfacet
  facet normal -0.406742 0.913543 0
    outer loop
      vertex 5.42711 -13.4326 6.35
      vertex 6.35089 -13.0213 6.35
      vertex 6.35089 -13.0213 0
    endloop
  endfacet
  facet normal -0.406742 -0.913543 0
    outer loop
      vertex 5.42711 13.4326 0
      vertex 6.35089 13.0213 0
      vertex 6.35089 13.0213 6.35
    endloop
  endfacet
  facet normal -0.406742 -0.913543 0
    outer loop
      vertex 5.42711 13.4326 0
      vertex 6.35089 13.0213 6.35
      vertex 5.42711 13.4326 6.35
    endloop
  endfacet
  facet normal 0 0 -1
    outer loop
      vertex 542.397 -23.9114 0
      vertex 542.397 23.9114 0
      vertex 620.464 -23.2736 0
    endloop
  endfacet
  facet normal 0.00816963 -0.999967 0
    outer loop
      vertex 542.397 -23.9114 0
      vertex 620.464 -23.2736 0
      vertex 542.397 -23.9114 6.35
    endloop
  endfacet
  facet normal 0.00816963 -0.999967 0
    outer loop
      vertex 542.397 -23.9114 6.35
      vertex 620.464 -23.2736 0
      vertex 620.464 -23.2736 6.35
    endloop
  endfacet
  facet normal 0 0 1
    outer loop
      vertex 542.397 -23.9114 6.35
      vertex 620.464 -23.2736 6.35
      vertex 542.397 23.9114 6.35
    endloop
  endfacet
  facet normal 0.00816963 0.999967 0
    outer loop
      vertex 542.397 23.9114 0
      vertex 542.397 23.9114 6.35
      vertex 620.464 23.2736 6.35
    endloop
  endfacet
  facet normal 0 0 -1
    outer loop
      vertex 542.397 23.9114 0
      vertex 620.464 23.2736 0
      vertex 620.464 -23.2736 0
    endloop
  endfacet
  facet normal 0.00816963 0.999967 0
    outer loop
      vertex 542.397 23.9114 0
      vertex 620.464 23.2736 6.35
      vertex 620.464 23.2736 0
    endloop
  endfacet
  facet normal 0 0 1
    outer loop
      vertex 542.397 23.9114 6.35
      vertex 620.464 -23.2736 6.35
      vertex 620.464 23.2736 6.35
    endloop
  endfacet
  facet normal -0.46952 0.882922 0
    outer loop
      vertex 6.35089 -13.0213 0
      vertex 6.35089 -13.0213 6.35
      vertex 7.24374 -12.5465 0
    endloop
  endfacet
  facet normal -0.46952 0.882922 0
    outer loop
      vertex 6.35089 -13.0213 6.35
      vertex 7.24374 -12.5465 6.35
      vertex 7.24374 -12.5465 0
    endloop
  endfacet
  facet normal -0.46952 -0.882922 0
    outer loop
      vertex 6.35089 13.0213 0
      vertex 7.24374 12.5465 0
      vertex 7.24374 12.5465 6.35
    endloop
  endfacet
  facet normal -0.46952 -0.882922 0
    outer loop
      vertex 6.35089 13.0213 0
      vertex 7.24374 12.5465 6.35
      vertex 6.35089 13.0213 6.35
    endloop
  endfacet
  facet normal 0.999392 0.0348588 0
    outer loop
      vertex 60.325 0 0
      vertex 60.325 0 6.35
      vertex 60.3559 -0.885895 0
    endloop
  endfacet
  facet normal 0.999392 -0.0348588 0
    outer loop
      vertex 60.325 0 0
      vertex 60.3559 0.885895 0
      vertex 60.3559 0.885895 6.35
    endloop
  endfacet
  facet normal 0.999392 -0.0348588 0
    outer loop
      vertex 60.325 0 0
      vertex 60.3559 0.885895 6.35
      vertex 60.325 0 6.35
    endloop
  endfacet
  facet normal 0.999392 0.0348588 0
    outer loop
      vertex 60.325 0 6.35
      vertex 60.3559 -0.885895 6.35
      vertex 60.3559 -0.885895 0
    endloop
  endfacet
  facet normal 0.994517 0.104574 0
    outer loop
      vertex 60.3559 -0.885895 0
      vertex 60.3559 -0.885895 6.35
      vertex 60.4486 -1.76749 0
    endloop
  endfacet
  facet normal 0.994517 0.104574 0
    outer loop
      vertex 60.3559 -0.885895 6.35
      vertex 60.4486 -1.76749 6.35
      vertex 60.4486 -1.76749 0
    endloop
  endfacet
  facet normal 0.994517 -0.104574 0
    outer loop
      vertex 60.3559 0.885895 0
      vertex 60.4486 1.76749 0
      vertex 60.4486 1.76749 6.35
    endloop
  endfacet
  facet normal 0.994517 -0.104574 0
    outer loop
      vertex 60.3559 0.885895 0
      vertex 60.4486 1.76749 6.35
      vertex 60.3559 0.885895 6.35
    endloop
  endfacet
  facet normal 0.984814 0.173615 0
    outer loop
      vertex 60.4486 -1.76749 0
      vertex 60.4486 -1.76749 6.35
      vertex 60.6025 -2.64047 0
    endloop
  endfacet
  facet normal 0.984814 0.173615 0
    outer loop
      vertex 60.4486 -1.76749 6.35
      vertex 60.6025 -2.64047 6.35
      vertex 60.6025 -2.64047 0
    endloop
  endfacet
  facet normal 0.984814 -0.173615 0
    outer loop
      vertex 60.4486 1.76749 0
      vertex 60.6025 2.64047 0
      vertex 60.6025 2.64047 6.35
    endloop
  endfacet
  facet normal 0.984814 -0.173615 0
    outer loop
      vertex 60.4486 1.76749 0
      vertex 60.6025 2.64047 6.35
      vertex 60.4486 1.76749 6.35
    endloop
  endfacet
  facet normal 0.970282 0.241976 0
    outer loop
      vertex 60.6025 -2.64047 0
      vertex 60.6025 -2.64047 6.35
      vertex 60.817 -3.50058 0
    endloop
  endfacet
  facet normal 0.970282 0.241976 0
    outer loop
      vertex 60.6025 -2.64047 6.35
      vertex 60.817 -3.50058 6.35
      vertex 60.817 -3.50058 0
    endloop
  endfacet
  facet normal 0.970282 -0.241976 0
    outer loop
      vertex 60.6025 2.64047 0
      vertex 60.817 3.50058 0
      vertex 60.817 3.50058 6.35
    endloop
  endfacet
  facet normal 0.970282 -0.241976 0
    outer loop
      vertex 60.6025 2.64047 0
      vertex 60.817 3.50058 6.35
      vertex 60.6025 2.64047 6.35
    endloop
  endfacet
  facet normal 0.951065 0.30899 0
    outer loop
      vertex 60.817 -3.50058 0
      vertex 60.817 -3.50058 6.35
      vertex 61.0909 -4.34364 0
    endloop
  endfacet
  facet normal 0.951065 0.30899 0
    outer loop
      vertex 60.817 -3.50058 6.35
      vertex 61.0909 -4.34364 6.35
      vertex 61.0909 -4.34364 0
    endloop
  endfacet
  facet normal 0.951065 -0.30899 0
    outer loop
      vertex 60.817 3.50058 0
      vertex 61.0909 4.34364 0
      vertex 61.0909 4.34364 6.35
    endloop
  endfacet
  facet normal 0.951065 -0.30899 0
    outer loop
      vertex 60.817 3.50058 0
      vertex 61.0909 4.34364 6.35
      vertex 60.817 3.50058 6.35
    endloop
  endfacet
  facet normal 0.927172 0.374637 0
    outer loop
      vertex 61.0909 -4.34364 0
      vertex 61.0909 -4.34364 6.35
      vertex 61.423 -5.16554 0
    endloop
  endfacet
  facet normal 0.927172 0.374637 0
    outer loop
      vertex 61.0909 -4.34364 6.35
      vertex 61.423 -5.16554 6.35
      vertex 61.423 -5.16554 0
    endloop
  endfacet
  facet normal 0.927172 -0.374637 0
    outer loop
      vertex 61.0909 4.34364 0
      vertex 61.423 5.16554 0
      vertex 61.423 5.16554 6.35
    endloop
  endfacet
  facet normal 0.927172 -0.374637 0
    outer loop
      vertex 61.0909 4.34364 0
      vertex 61.423 5.16554 6.35
      vertex 61.0909 4.34364 6.35
    endloop
  endfacet
  facet normal 0.898792 0.438375 0
    outer loop
      vertex 61.423 -5.16554 0
      vertex 61.423 -5.16554 6.35
      vertex 61.8116 -5.96228 0
    endloop
  endfacet
  facet normal 0.898792 0.438375 0
    outer loop
      vertex 61.423 -5.16554 6.35
      vertex 61.8116 -5.96228 6.35
      vertex 61.8116 -5.96228 0
    endloop
  endfacet
  facet normal 0.898792 -0.438375 0
    outer loop
      vertex 61.423 5.16554 0
      vertex 61.8116 5.96228 0
      vertex 61.8116 5.96228 6.35
    endloop
  endfacet
  facet normal 0.898792 -0.438375 0
    outer loop
      vertex 61.423 5.16554 0
      vertex 61.8116 5.96228 6.35
      vertex 61.423 5.16554 6.35
    endloop
  endfacet
  facet normal 0.866038 0.499978 0
    outer loop
      vertex 61.8116 -5.96228 0
      vertex 61.8116 -5.96228 6.35
      vertex 62.2548 -6.72997 0
    endloop
  endfacet
  facet normal 0.866038 0.499978 0
    outer loop
      vertex 61.8116 -5.96228 6.35
      vertex 62.2548 -6.72997 6.35
      vertex 62.2548 -6.72997 0
    endloop
  endfacet
  facet normal 0.866038 -0.499978 0
    outer loop
      vertex 61.8116 5.96228 0
      vertex 62.2548 6.72997 0
      vertex 62.2548 6.72997 6.35
    endloop
  endfacet
  facet normal 0.866038 -0.499978 0
    outer loop
      vertex 61.8116 5.96228 0
      vertex 62.2548 6.72997 6.35
      vertex 61.8116 5.96228 6.35
    endloop
  endfacet
  facet normal 0.829032 0.559201 0
    outer loop
      vertex 62.2548 -6.72997 0
      vertex 62.2548 -6.72997 6.35
      vertex 62.7505 -7.46486 0
    endloop
  endfacet
  facet normal 0.829032 0.559201 0
    outer loop
      vertex 62.2548 -6.72997 6.35
      vertex 62.7505 -7.46486 6.35
      vertex 62.7505 -7.46486 0
    endloop
  endfacet
  facet normal 0.829032 -0.559201 0
    outer loop
      vertex 62.2548 6.72997 0
      vertex 62.7505 7.46486 0
      vertex 62.7505 7.46486 6.35
    endloop
  endfacet
  facet normal 0.829032 -0.559201 0
    outer loop
      vertex 62.2548 6.72997 0
      vertex 62.7505 7.46486 6.35
      vertex 62.2548 6.72997 6.35
    endloop
  endfacet
  facet normal 0.788039 0.615625 0
    outer loop
      vertex 62.7505 -7.46486 0
      vertex 62.7505 -7.46486 6.35
      vertex 63.2962 -8.16339 0
    endloop
  endfacet
  facet normal 0.788039 0.615625 0
    outer loop
      vertex 62.7505 -7.46486 6.35
      vertex 63.2962 -8.16339 6.35
      vertex 63.2962 -8.16339 0
    endloop
  endfacet
  facet normal 0.788039 -0.615625 0
    outer loop
      vertex 62.7505 7.46486 0
      vertex 63.2962 8.16339 0
      vertex 63.2962 8.16339 6.35
    endloop
  endfacet
  facet normal 0.788039 -0.615625 0
    outer loop
      vertex 62.7505 7.46486 0
      vertex 63.2962 8.16339 6.35
      vertex 62.7505 7.46486 6.35
    endloop
  endfacet
  facet normal 0 0 -1
    outer loop
      vertex 620.464 -23.2736 0
      vertex 620.464 23.2736 0
      vertex 698.531 -22.6179 0
    endloop
  endfacet
  facet normal 0.0083989 -0.999965 0
    outer loop
      vertex 620.464 -23.2736 0
      vertex 698.531 -22.6179 0
      vertex 620.464 -23.2736 6.35
    endloop
  endfacet
  facet normal 0.0083989 -0.999965 0
    outer loop
      vertex 620.464 -23.2736 6.35
      vertex 698.531 -22.6179 0
      vertex 698.531 -22.6179 6.35
    endloop
  endfacet
  facet normal 0 0 1
    outer loop
      vertex 620.464 -23.2736 6.35
      vertex 698.531 -22.6179 6.35
      vertex 620.464 23.2736 6.35
    endloop
  endfacet
  facet normal 0.0083989 0.999965 0
    outer loop
      vertex 620.464 23.2736 0
      vertex 620.464 23.2736 6.35
      vertex 698.531 22.6179 6.35
    endloop
  endfacet
  facet normal 0 0 -1
    outer loop
      vertex 620.464 23.2736 0
      vertex 698.531 22.6179 0
      vertex 698.531 -22.6179 0
    endloop
  endfacet
  facet normal 0.0083989 0.999965 0
    outer loop
      vertex 620.464 23.2736 0
      vertex 698.531 22.6179 6.35
      vertex 698.531 22.6179 0
    endloop
  endfacet
  facet normal 0 0 1
    outer loop
      vertex 620.464 23.2736 6.35
      vertex 698.531 -22.6179 6.35
      vertex 698.531 22.6179 6.35
    endloop
  endfacet
  facet normal 0.743122 0.669156 0
    outer loop
      vertex 63.2962 -8.16339 0
      vertex 63.2962 -8.16339 6.35
      vertex 63.8894 -8.82216 0
    endloop
  endfacet
  facet normal 0.743122 0.669156 0
    outer loop
      vertex 63.2962 -8.16339 6.35
      vertex 63.8894 -8.82216 6.35
      vertex 63.8894 -8.82216 0
    endloop
  endfacet
  facet normal 0.743122 -0.669156 0
    outer loop
      vertex 63.2962 8.16339 0
      vertex 63.8894 8.82216 0
      vertex 63.8894 8.82216 6.35
    endloop
  endfacet
  facet normal 0.743122 -0.669156 0
    outer loop
      vertex 63.2962 8.16339 0
      vertex 63.8894 8.82216 6.35
      vertex 63.2962 8.16339 6.35
    endloop
  endfacet
  facet normal 0.694686 0.719313 0
    outer loop
      vertex 63.8894 -8.82216 0
      vertex 63.8894 -8.82216 6.35
      vertex 64.527 -9.43793 0
    endloop
  endfacet
  facet normal 0.694686 0.719313 0
    outer loop
      vertex 63.8894 -8.82216 6.35
      vertex 64.527 -9.43793 6.35
      vertex 64.527 -9.43793 0
    endloop
  endfacet
  facet normal 0.694686 -0.719313 0
    outer loop
      vertex 63.8894 8.82216 0
      vertex 64.527 9.43793 0
      vertex 64.527 9.43793 6.35
    endloop
  endfacet
  facet normal 0.694686 -0.719313 0
    outer loop
      vertex 63.8894 8.82216 0
      vertex 64.527 9.43793 6.35
      vertex 63.8894 8.82216 6.35
    endloop
  endfacet
  facet normal 0.642746 0.766079 0
    outer loop
      vertex 64.527 -9.43793 0
      vertex 64.527 -9.43793 6.35
      vertex 65.2061 -10.0077 0
    endloop
  endfacet
  facet normal 0.642746 0.766079 0
    outer loop
      vertex 64.527 -9.43793 6.35
      vertex 65.2061 -10.0077 6.35
      vertex 65.2061 -10.0077 0
    endloop
  endfacet
  facet normal 0.642746 -0.766079 0
    outer loop
      vertex 64.527 9.43793 0
      vertex 65.2061 10.0077 0
      vertex 65.2061 10.0077 6.35
    endloop
  endfacet
  facet normal 0.642746 -0.766079 0
    outer loop
      vertex 64.527 9.43793 0
      vertex 65.2061 10.0077 6.35
      vertex 64.527 9.43793 6.35
    endloop
  endfacet
  facet normal 0.587856 0.808965 0
    outer loop
      vertex 65.2061 -10.0077 0
      vertex 65.2061 -10.0077 6.35
      vertex 65.9232 -10.5288 0
    endloop
  endfacet
  facet normal 0.587856 0.808965 0
    outer loop
      vertex 65.2061 -10.0077 6.35
      vertex 65.9232 -10.5288 6.35
      vertex 65.9232 -10.5288 0
    endloop
  endfacet
  facet normal 0.587856 -0.808965 0
    outer loop
      vertex 65.2061 10.0077 0
      vertex 65.9232 10.5288 0
      vertex 65.9232 10.5288 6.35
    endloop
  endfacet
  facet normal 0.587856 -0.808965 0
    outer loop
      vertex 65.2061 10.0077 0
      vertex 65.9232 10.5288 6.35
      vertex 65.2061 10.0077 6.35
    endloop
  endfacet
  facet normal 0.529857 0.848087 0
    outer loop
      vertex 65.9232 -10.5288 0
      vertex 65.9232 -10.5288 6.35
      vertex 66.675 -10.9985 0
    endloop
  endfacet
  facet normal 0.529857 0.848087 0
    outer loop
      vertex 65.9232 -10.5288 6.35
      vertex 66.675 -10.9985 6.35
      vertex 66.675 -10.9985 0
    endloop
  endfacet
  facet normal 0.529857 -0.848087 0
    outer loop
      vertex 65.9232 10.5288 0
      vertex 66.675 10.9985 0
      vertex 66.675 10.9985 6.35
    endloop
  endfacet
  facet normal 0.529857 -0.848087 0
    outer loop
      vertex 65.9232 10.5288 0
      vertex 66.675 10.9985 6.35
      vertex 65.9232 10.5288 6.35
    endloop
  endfacet
  facet normal 0.469499 0.882933 0
    outer loop
      vertex 66.675 -10.9985 0
      vertex 66.675 -10.9985 6.35
      vertex 67.4577 -11.4147 0
    endloop
  endfacet
  facet normal 0.469499 0.882933 0
    outer loop
      vertex 66.675 -10.9985 6.35
      vertex 67.4577 -11.4147 6.35
      vertex 67.4577 -11.4147 0
    endloop
  endfacet
  facet normal 0.469499 -0.882933 0
    outer loop
      vertex 66.675 10.9985 0
      vertex 67.4577 11.4147 0
      vertex 67.4577 11.4147 6.35
    endloop
  endfacet
  facet normal 0.469499 -0.882933 0
    outer loop
      vertex 66.675 10.9985 0
      vertex 67.4577 11.4147 6.35
      vertex 66.675 10.9985 6.35
    endloop
  endfacet
  facet normal 0.406693 0.913565 0
    outer loop
      vertex 67.4577 -11.4147 0
      vertex 67.4577 -11.4147 6.35
      vertex 68.2675 -11.7752 0
    endloop
  endfacet
  facet normal 0.406693 0.913565 0
    outer loop
      vertex 67.4577 -11.4147 6.35
      vertex 68.2675 -11.7752 6.35
      vertex 68.2675 -11.7752 0
    endloop
  endfacet
  facet normal 0.406693 -0.913565 0
    outer loop
      vertex 67.4577 11.4147 0
      vertex 68.2675 11.7752 0
      vertex 68.2675 11.7752 6.35
    endloop
  endfacet
  facet normal 0.406693 -0.913565 0
    outer loop
      vertex 67.4577 11.4147 0
      vertex 68.2675 11.7752 6.35
      vertex 67.4577 11.4147 6.35
    endloop
  endfacet
  facet normal 0.342033 0.939688 0
    outer loop
      vertex 68.2675 -11.7752 0
      vertex 68.2675 -11.7752 6.35
      vertex 69.1005 -12.0784 0
    endloop
  endfacet
  facet normal 0.342033 0.939688 0
    outer loop
      vertex 68.2675 -11.7752 6.35
      vertex 69.1005 -12.0784 6.35
      vertex 69.1005 -12.0784 0
    endloop
  endfacet
  facet normal 0.342033 -0.939688 0
    outer loop
      vertex 68.2675 11.7752 0
      vertex 69.1005 12.0784 0
      vertex 69.1005 12.0784 6.35
    endloop
  endfacet
  facet normal 0.342033 -0.939688 0
    outer loop
      vertex 68.2675 11.7752 0
      vertex 69.1005 12.0784 6.35
      vertex 68.2675 11.7752 6.35
    endloop
  endfacet
  facet normal 0.275704 0.961242 0
    outer loop
      vertex 69.1005 -12.0784 0
      vertex 69.1005 -12.0784 6.35
      vertex 69.9526 -12.3228 0
    endloop
  endfacet
  facet normal 0.275704 0.961242 0
    outer loop
      vertex 69.1005 -12.0784 6.35
      vertex 69.9526 -12.3228 6.35
      vertex 69.9526 -12.3228 0
    endloop
  endfacet
  facet normal 0.275704 -0.961242 0
    outer loop
      vertex 69.1005 12.0784 0
      vertex 69.9526 12.3228 0
      vertex 69.9526 12.3228 6.35
    endloop
  endfacet
  facet normal 0.275704 -0.961242 0
    outer loop
      vertex 69.1005 12.0784 0
      vertex 69.9526 12.3228 6.35
      vertex 69.1005 12.0784 6.35
    endloop
  endfacet
  facet normal 0.207795 0.978172 0
    outer loop
      vertex 69.9526 -12.3228 0
      vertex 69.9526 -12.3228 6.35
      vertex 70.8197 -12.507 0
    endloop
  endfacet
  facet normal 0.207795 0.978172 0
    outer loop
      vertex 69.9526 -12.3228 6.35
      vertex 70.8197 -12.507 6.35
      vertex 70.8197 -12.507 0
    endloop
  endfacet
  facet normal 0.207795 -0.978172 0
    outer loop
      vertex 69.9526 12.3228 0
      vertex 70.8197 12.507 0
      vertex 70.8197 12.507 6.35
    endloop
  endfacet
  facet normal 0.207795 -0.978172 0
    outer loop
      vertex 69.9526 12.3228 0
      vertex 70.8197 12.507 6.35
      vertex 69.9526 12.3228 6.35
    endloop
  endfacet
  facet normal 0 0 -1
    outer loop
      vertex 698.531 -22.6179 0
      vertex 698.531 22.6179 0
      vertex 776.596 -21.9426 0
    endloop
  endfacet
  facet normal 0.00865016 -0.999963 0
    outer loop
      vertex 698.531 -22.6179 0
      vertex 776.596 -21.9426 0
      vertex 698.531 -22.6179 6.35
    endloop
  endfacet
  facet normal 0.00865016 -0.999963 0
    outer loop
      vertex 698.531 -22.6179 6.35
      vertex 776.596 -21.9426 0
      vertex 776.596 -21.9426 6.35
    endloop
  endfacet
  facet normal 0 0 1
    outer loop
      vertex 698.531 -22.6179 6.35
      vertex 776.596 -21.9426 6.35
      vertex 698.531 22.6179 6.35
    endloop
  endfacet
  facet normal 0.00865016 0.999963 0
    outer loop
      vertex 698.531 22.6179 0
      vertex 698.531 22.6179 6.35
      vertex 776.596 21.9426 6.35
    endloop
  endfacet
  facet normal 0 0 -1
    outer loop
      vertex 698.531 22.6179 0
      vertex 776.596 21.9426 0
      vertex 776.596 -21.9426 0
    endloop
  endfacet
  facet normal 0.00865016 0.999963 0
    outer loop
      vertex 698.531 22.6179 0
      vertex 776.596 21.9426 6.35
      vertex 776.596 21.9426 0
    endloop
  endfacet
  facet normal 0 0 1
    outer loop
      vertex 698.531 22.6179 6.35
      vertex 776.596 -21.9426 6.35
      vertex 776.596 21.9426 6.35
    endloop
  endfacet
  facet normal -0.529874 0.848076 0
    outer loop
      vertex 7.24374 -12.5465 0
      vertex 7.24374 -12.5465 6.35
      vertex 8.1013 -12.0107 0
    endloop
  endfacet
  facet normal -0.529874 0.848076 0
    outer loop
      vertex 7.24374 -12.5465 6.35
      vertex 8.1013 -12.0107 6.35
      vertex 8.1013 -12.0107 0
    endloop
  endfacet
  facet normal -0.529874 -0.848076 0
    outer loop
      vertex 7.24374 12.5465 0
      vertex 8.1013 12.0107 0
      vertex 8.1013 12.0107 6.35
    endloop
  endfacet
  facet normal -0.529874 -0.848076 0
    outer loop
      vertex 7.24374 12.5465 0
      vertex 8.1013 12.0107 6.35
      vertex 7.24374 12.5465 6.35
    endloop
  endfacet
  facet normal 0.13921 0.990263 0
    outer loop
      vertex 70.8197 -12.507 0
      vertex 70.8197 -12.507 6.35
      vertex 71.6975 -12.6304 0
    endloop
  endfacet
  facet normal 0.13921 0.990263 0
    outer loop
      vertex 70.8197 -12.507 6.35
      vertex 71.6975 -12.6304 6.35
      vertex 71.6975 -12.6304 0
    endloop
  endfacet
  facet normal 0.13921 -0.990263 0
    outer loop
      vertex 70.8197 12.507 0
      vertex 71.6975 12.6304 0
      vertex 71.6975 12.6304 6.35
    endloop
  endfacet
  facet normal 0.13921 -0.990263 0
    outer loop
      vertex 70.8197 12.507 0
      vertex 71.6975 12.6304 6.35
      vertex 70.8197 12.507 6.35
    endloop
  endfacet
  facet normal 0.069828 0.997559 0
    outer loop
      vertex 71.6975 -12.6304 0
      vertex 71.6975 -12.6304 6.35
      vertex 72.5818 -12.6923 0
    endloop
  endfacet
  facet normal 0.069828 0.997559 0
    outer loop
      vertex 71.6975 -12.6304 6.35
      vertex 72.5818 -12.6923 6.35
      vertex 72.5818 -12.6923 0
    endloop
  endfacet
  facet normal 0.069828 -0.997559 0
    outer loop
      vertex 71.6975 12.6304 0
      vertex 72.5818 12.6923 0
      vertex 72.5818 12.6923 6.35
    endloop
  endfacet
  facet normal 0.069828 -0.997559 0
    outer loop
      vertex 71.6975 12.6304 0
      vertex 72.5818 12.6923 6.35
      vertex 71.6975 12.6304 6.35
    endloop
  endfacet
  facet normal 0 1 0
    outer loop
      vertex 72.5818 -12.6923 0
      vertex 72.5818 -12.6923 6.35
      vertex 73.4682 -12.6923 0
    endloop
  endfacet
  facet normal 0 1 0
    outer loop
      vertex 72.5818 -12.6923 6.35
      vertex 73.4682 -12.6923 6.35
      vertex 73.4682 -12.6923 0
    endloop
  endfacet
  facet normal 0 -1 0
    outer loop
      vertex 72.5818 12.6923 0
      vertex 73.4682 12.6923 0
      vertex 73.4682 12.6923 6.35
    endloop
  endfacet
  facet normal 0 -1 0
    outer loop
      vertex 72.5818 12.6923 0
      vertex 73.4682 12.6923 6.35
      vertex 72.5818 12.6923 6.35
    endloop
  endfacet
  facet normal -0.069828 0.997559 0
    outer loop
      vertex 73.4682 -12.6923 0
      vertex 73.4682 -12.6923 6.35
      vertex 74.3525 -12.6304 0
    endloop
  endfacet
  facet normal 0 0 -1
    outer loop
      vertex 73.4682 -12.6923 0
      vertex 74.3525 -12.6304 0
      vertex 152.631 -43.436 0
    endloop
  endfacet
  facet normal 0 0 1
    outer loop
      vertex 73.4682 -12.6923 6.35
      vertex 152.631 -43.436 6.35
      vertex 74.3525 -12.6304 6.35
    endloop
  endfacet
  facet normal -0.069828 0.997559 0
    outer loop
      vertex 73.4682 -12.6923 6.35
      vertex 74.3525 -12.6304 6.35
      vertex 74.3525 -12.6304 0
    endloop
  endfacet
  facet normal 0 0 -1
    outer loop
      vertex 73.4682 12.6923 0
      vertex 152.631 43.436 0
      vertex 74.3525 12.6304 0
    endloop
  endfacet
  facet normal -0.069828 -0.997559 0
    outer loop
      vertex 73.4682 12.6923 0
      vertex 74.3525 12.6304 0
      vertex 74.3525 12.6304 6.35
    endloop
  endfacet
  facet normal -0.069828 -0.997559 0
    outer loop
      vertex 73.4682 12.6923 0
      vertex 74.3525 12.6304 6.35
      vertex 73.4682 12.6923 6.35
    endloop
  endfacet
  facet normal 0 0 1
    outer loop
      vertex 73.4682 12.6923 6.35
      vertex 74.3525 12.6304 6.35
      vertex 152.631 43.436 6.35
    endloop
  endfacet
  facet normal -0.13921 0.990263 0
    outer loop
      vertex 74.3525 -12.6304 0
      vertex 74.3525 -12.6304 6.35
      vertex 75.2303 -12.507 0
    endloop
  endfacet
  facet normal 0 0 -1
    outer loop
      vertex 74.3525 -12.6304 0
      vertex 75.2303 -12.507 0
      vertex 152.631 -43.436 0
    endloop
  endfacet
  facet normal 0 0 1
    outer loop
      vertex 74.3525 -12.6304 6.35
      vertex 152.631 -43.436 6.35
      vertex 75.2303 -12.507 6.35
    endloop
  endfacet
  facet normal -0.13921 0.990263 0
    outer loop
      vertex 74.3525 -12.6304 6.35
      vertex 75.2303 -12.507 6.35
      vertex 75.2303 -12.507 0
    endloop
  endfacet
  facet normal 0 0 -1
    outer loop
      vertex 74.3525 12.6304 0
      vertex 152.631 43.436 0
      vertex 75.2303 12.507 0
    endloop
  endfacet
  facet normal -0.13921 -0.990263 0
    outer loop
      vertex 74.3525 12.6304 0
      vertex 75.2303 12.507 0
      vertex 75.2303 12.507 6.35
    endloop
  endfacet
  facet normal -0.13921 -0.990263 0
    outer loop
      vertex 74.3525 12.6304 0
      vertex 75.2303 12.507 6.35
      vertex 74.3525 12.6304 6.35
    endloop
  endfacet
  facet normal 0 0 1
    outer loop
      vertex 74.3525 12.6304 6.35
      vertex 75.2303 12.507 6.35
      vertex 152.631 43.436 6.35
    endloop
  endfacet
  facet normal -0.207795 0.978172 0
    outer loop
      vertex 75.2303 -12.507 0
      vertex 75.2303 -12.507 6.35
      vertex 76.0974 -12.3228 0
    endloop
  endfacet
  facet normal 0 0 -1
    outer loop
      vertex 75.2303 -12.507 0
      vertex 76.0974 -12.3228 0
      vertex 152.631 -43.436 0
    endloop
  endfacet
  facet normal 0 0 1
    outer loop
      vertex 75.2303 -12.507 6.35
      vertex 152.631 -43.436 6.35
      vertex 76.0974 -12.3228 6.35
    endloop
  endfacet
  facet normal -0.207795 0.978172 0
    outer loop
      vertex 75.2303 -12.507 6.35
      vertex 76.0974 -12.3228 6.35
      vertex 76.0974 -12.3228 0
    endloop
  endfacet
  facet normal 0 0 -1
    outer loop
      vertex 75.2303 12.507 0
      vertex 152.631 43.436 0
      vertex 76.0974 12.3228 0
    endloop
  endfacet
  facet normal -0.207795 -0.978172 0
    outer loop
      vertex 75.2303 12.507 0
      vertex 76.0974 12.3228 0
      vertex 76.0974 12.3228 6.35
    endloop
  endfacet
  facet normal -0.207795 -0.978172 0
    outer loop
      vertex 75.2303 12.507 0
      vertex 76.0974 12.3228 6.35
      vertex 75.2303 12.507 6.35
    endloop
  endfacet
  facet normal 0 0 1
    outer loop
      vertex 75.2303 12.507 6.35
      vertex 76.0974 12.3228 6.35
      vertex 152.631 43.436 6.35
    endloop
  endfacet
  facet normal -0.275704 0.961242 0
    outer loop
      vertex 76.0974 -12.3228 0
      vertex 76.0974 -12.3228 6.35
      vertex 76.9495 -12.0784 0
    endloop
  endfacet
  facet normal 0 0 -1
    outer loop
      vertex 76.0974 -12.3228 0
      vertex 76.9495 -12.0784 0
      vertex 152.631 -43.436 0
    endloop
  endfacet
  facet normal 0 0 1
    outer loop
      vertex 76.0974 -12.3228 6.35
      vertex 152.631 -43.436 6.35
      vertex 76.9495 -12.0784 6.35
    endloop
  endfacet
  facet normal -0.275704 0.961242 0
    outer loop
      vertex 76.0974 -12.3228 6.35
      vertex 76.9495 -12.0784 6.35
      vertex 76.9495 -12.0784 0
    endloop
  endfacet
  facet normal 0 0 -1
    outer loop
      vertex 76.0974 12.3228 0
      vertex 152.631 43.436 0
      vertex 76.9495 12.0784 0
    endloop
  endfacet
  facet normal -0.275704 -0.961242 0
    outer loop
      vertex 76.0974 12.3228 0
      vertex 76.9495 12.0784 0
      vertex 76.9495 12.0784 6.35
    endloop
  endfacet
  facet normal -0.275704 -0.961242 0
    outer loop
      vertex 76.0974 12.3228 0
      vertex 76.9495 12.0784 6.35
      vertex 76.0974 12.3228 6.35
    endloop
  endfacet
  facet normal 0 0 1
    outer loop
      vertex 76.0974 12.3228 6.35
      vertex 76.9495 12.0784 6.35
      vertex 152.631 43.436 6.35
    endloop
  endfacet
  facet normal -0.342033 0.939688 0
    outer loop
      vertex 76.9495 -12.0784 0
      vertex 76.9495 -12.0784 6.35
      vertex 77.7825 -11.7752 0
    endloop
  endfacet
  facet normal 0 0 -1
    outer loop
      vertex 76.9495 -12.0784 0
      vertex 77.7825 -11.7752 0
      vertex 152.631 -43.436 0
    endloop
  endfacet
  facet normal 0 0 1
    outer loop
      vertex 76.9495 -12.0784 6.35
      vertex 152.631 -43.436 6.35
      vertex 77.7825 -11.7752 6.35
    endloop
  endfacet
  facet normal -0.342033 0.939688 0
    outer loop
      vertex 76.9495 -12.0784 6.35
      vertex 77.7825 -11.7752 6.35
      vertex 77.7825 -11.7752 0
    endloop
  endfacet
  facet normal 0 0 -1
    outer loop
      vertex 76.9495 12.0784 0
      vertex 152.631 43.436 0
      vertex 77.7825 11.7752 0
    endloop
  endfacet
  facet normal -0.342033 -0.939688 0
    outer loop
      vertex 76.9495 12.0784 0
      vertex 77.7825 11.7752 0
      vertex 77.7825 11.7752 6.35
    endloop
  endfacet
  facet normal -0.342033 -0.939688 0
    outer loop
      vertex 76.9495 12.0784 0
      vertex 77.7825 11.7752 6.35
      vertex 76.9495 12.0784 6.35
    endloop
  endfacet
  facet normal 0 0 1
    outer loop
      vertex 76.9495 12.0784 6.35
      vertex 77.7825 11.7752 6.35
      vertex 152.631 43.436 6.35
    endloop
  endfacet
  facet normal -0.406693 0.913565 0
    outer loop
      vertex 77.7825 -11.7752 0
      vertex 77.7825 -11.7752 6.35
      vertex 78.5923 -11.4147 0
    endloop
  endfacet
  facet normal 0 0 -1
    outer loop
      vertex 77.7825 -11.7752 0
      vertex 78.5923 -11.4147 0
      vertex 152.631 -43.436 0
    endloop
  endfacet
  facet normal 0 0 1
    outer loop
      vertex 77.7825 -11.7752 6.35
      vertex 152.631 -43.436 6.35
      vertex 78.5923 -11.4147 6.35
    endloop
  endfacet
  facet normal -0.406693 0.913565 0
    outer loop
      vertex 77.7825 -11.7752 6.35
      vertex 78.5923 -11.4147 6.35
      vertex 78.5923 -11.4147 0
    endloop
  endfacet
  facet normal 0 0 -1
    outer loop
      vertex 77.7825 11.7752 0
      vertex 152.631 43.436 0
      vertex 78.5923 11.4147 0
    endloop
  endfacet
  facet normal -0.406693 -0.913565 0
    outer loop
      vertex 77.7825 11.7752 0
      vertex 78.5923 11.4147 0
      vertex 78.5923 11.4147 6.35
    endloop
  endfacet
  facet normal -0.406693 -0.913565 0
    outer loop
      vertex 77.7825 11.7752 0
      vertex 78.5923 11.4147 6.35
      vertex 77.7825 11.7752 6.35
    endloop
  endfacet
  facet normal 0 0 1
    outer loop
      vertex 77.7825 11.7752 6.35
      vertex 78.5923 11.4147 6.35
      vertex 152.631 43.436 6.35
    endloop
  endfacet
  facet normal 0 0 -1
    outer loop
      vertex 776.596 -21.9426 0
      vertex 776.596 21.9426 0
      vertex 854.662 -21.2458 0
    endloop
  endfacet
  facet normal 0.00892543 -0.99996 0
    outer loop
      vertex 776.596 -21.9426 0
      vertex 854.662 -21.2458 0
      vertex 776.596 -21.9426 6.35
    endloop
  endfacet
  facet normal 0.00892543 -0.99996 0
    outer loop
      vertex 776.596 -21.9426 6.35
      vertex 854.662 -21.2458 0
      vertex 854.662 -21.2458 6.35
    endloop
  endfacet
  facet normal 0 0 1
    outer loop
      vertex 776.596 -21.9426 6.35
      vertex 854.662 -21.2458 6.35
      vertex 776.596 21.9426 6.35
    endloop
  endfacet
  facet normal 0.00892543 0.99996 0
    outer loop
      vertex 776.596 21.9426 0
      vertex 776.596 21.9426 6.35
      vertex 854.662 21.2458 6.35
    endloop
  endfacet
  facet normal 0 0 -1
    outer loop
      vertex 776.596 21.9426 0
      vertex 854.662 21.2458 0
      vertex 854.662 -21.2458 0
    endloop
  endfacet
  facet normal 0.00892543 0.99996 0
    outer loop
      vertex 776.596 21.9426 0
      vertex 854.662 21.2458 6.35
      vertex 854.662 21.2458 0
    endloop
  endfacet
  facet normal 0 0 1
    outer loop
      vertex 776.596 21.9426 6.35
      vertex 854.662 -21.2458 6.35
      vertex 854.662 21.2458 6.35
    endloop
  endfacet
  facet normal -0.469499 0.882933 0
    outer loop
      vertex 78.5923 -11.4147 0
      vertex 78.5923 -11.4147 6.35
      vertex 79.375 -10.9985 0
    endloop
  endfacet
  facet normal 0 0 -1
    outer loop
      vertex 78.5923 -11.4147 0
      vertex 79.375 -10.9985 0
      vertex 152.631 -43.436 0
    endloop
  endfacet
  facet normal 0 0 1
    outer loop
      vertex 78.5923 -11.4147 6.35
      vertex 152.631 -43.436 6.35
      vertex 79.375 -10.9985 6.35
    endloop
  endfacet
  facet normal -0.469499 0.882933 0
    outer loop
      vertex 78.5923 -11.4147 6.35
      vertex 79.375 -10.9985 6.35
      vertex 79.375 -10.9985 0
    endloop
  endfacet
  facet normal 0 0 -1
    outer loop
      vertex 78.5923 11.4147 0
      vertex 152.631 43.436 0
      vertex 79.375 10.9985 0
    endloop
  endfacet
  facet normal -0.469499 -0.882933 0
    outer loop
      vertex 78.5923 11.4147 0
      vertex 79.375 10.9985 0
      vertex 79.375 10.9985 6.35
    endloop
  endfacet
  facet normal -0.469499 -0.882933 0
    outer loop
      vertex 78.5923 11.4147 0
      vertex 79.375 10.9985 6.35
      vertex 78.5923 11.4147 6.35
    endloop
  endfacet
  facet normal 0 0 1
    outer loop
      vertex 78.5923 11.4147 6.35
      vertex 79.375 10.9985 6.35
      vertex 152.631 43.436 6.35
    endloop
  endfacet
  facet normal -0.529908 0.848055 0
    outer loop
      vertex 79.375 -10.9985 0
      vertex 79.375 -10.9985 6.35
      vertex 80.1267 -10.5288 0
    endloop
  endfacet
  facet normal 0 0 -1
    outer loop
      vertex 79.375 -10.9985 0
      vertex 80.1267 -10.5288 0
      vertex 152.631 -43.436 0
    endloop
  endfacet
  facet normal 0 0 1
    outer loop
      vertex 79.375 -10.9985 6.35
      vertex 152.631 -43.436 6.35
      vertex 80.1267 -10.5288 6.35
    endloop
  endfacet
  facet normal -0.529908 0.848055 0
    outer loop
      vertex 79.375 -10.9985 6.35
      vertex 80.1267 -10.5288 6.35
      vertex 80.1267 -10.5288 0
    endloop
  endfacet
  facet normal 0 0 -1
    outer loop
      vertex 79.375 10.9985 0
      vertex 152.631 43.436 0
      vertex 80.1267 10.5288 0
    endloop
  endfacet
  facet normal -0.529908 -0.848055 0
    outer loop
      vertex 79.375 10.9985 0
      vertex 80.1267 10.5288 0
      vertex 80.1267 10.5288 6.35
    endloop
  endfacet
  facet normal -0.529908 -0.848055 0
    outer loop
      vertex 79.375 10.9985 0
      vertex 80.1267 10.5288 6.35
      vertex 79.375 10.9985 6.35
    endloop
  endfacet
  facet normal 0 0 1
    outer loop
      vertex 79.375 10.9985 6.35
      vertex 80.1267 10.5288 6.35
      vertex 152.631 43.436 6.35
    endloop
  endfacet
  facet normal -0.5878 0.809006 0
    outer loop
      vertex 8.1013 -12.0107 0
      vertex 8.1013 -12.0107 6.35
      vertex 8.91939 -11.4163 0
    endloop
  endfacet
  facet normal -0.5878 0.809006 0
    outer loop
      vertex 8.1013 -12.0107 6.35
      vertex 8.91939 -11.4163 6.35
      vertex 8.91939 -11.4163 0
    endloop
  endfacet
  facet normal -0.5878 -0.809006 0
    outer loop
      vertex 8.1013 12.0107 0
      vertex 8.91939 11.4163 0
      vertex 8.91939 11.4163 6.35
    endloop
  endfacet
  facet normal -0.5878 -0.809006 0
    outer loop
      vertex 8.1013 12.0107 0
      vertex 8.91939 11.4163 6.35
      vertex 8.1013 12.0107 6.35
    endloop
  endfacet
  facet normal -0.642792 0.76604 0
    outer loop
      vertex 8.91939 -11.4163 0
      vertex 8.91939 -11.4163 6.35
      vertex 9.69402 -10.7663 0
    endloop
  endfacet
  facet normal -0.642792 0.76604 0
    outer loop
      vertex 8.91939 -11.4163 6.35
      vertex 9.69402 -10.7663 6.35
      vertex 9.69402 -10.7663 0
    endloop
  endfacet
  facet normal -0.642792 -0.76604 0
    outer loop
      vertex 8.91939 11.4163 0
      vertex 9.69402 10.7663 0
      vertex 9.69402 10.7663 6.35
    endloop
  endfacet
  facet normal -0.642792 -0.76604 0
    outer loop
      vertex 8.91939 11.4163 0
      vertex 9.69402 10.7663 6.35
      vertex 8.91939 11.4163 6.35
    endloop
  endfacet
  facet normal -0.587803 0.809004 0
    outer loop
      vertex 80.1267 -10.5288 0
      vertex 80.1267 -10.5288 6.35
      vertex 80.8439 -10.0077 0
    endloop
  endfacet
  facet normal 0 0 -1
    outer loop
      vertex 80.1267 -10.5288 0
      vertex 80.8439 -10.0077 0
      vertex 152.631 -43.436 0
    endloop
  endfacet
  facet normal 0 0 1
    outer loop
      vertex 80.1267 -10.5288 6.35
      vertex 152.631 -43.436 6.35
      vertex 80.8439 -10.0077 6.35
    endloop
  endfacet
  facet normal -0.587803 0.809004 0
    outer loop
      vertex 80.1267 -10.5288 6.35
      vertex 80.8439 -10.0077 6.35
      vertex 80.8439 -10.0077 0
    endloop
  endfacet
  facet normal 0 0 -1
    outer loop
      vertex 80.1267 10.5288 0
      vertex 152.631 43.436 0
      vertex 80.8439 10.0077 0
    endloop
  endfacet
  facet normal -0.587803 -0.809004 0
    outer loop
      vertex 80.1267 10.5288 0
      vertex 80.8439 10.0077 0
      vertex 80.8439 10.0077 6.35
    endloop
  endfacet
  facet normal -0.587803 -0.809004 0
    outer loop
      vertex 80.1267 10.5288 0
      vertex 80.8439 10.0077 6.35
      vertex 80.1267 10.5288 6.35
    endloop
  endfacet
  facet normal 0 0 1
    outer loop
      vertex 80.1267 10.5288 6.35
      vertex 80.8439 10.0077 6.35
      vertex 152.631 43.436 6.35
    endloop
  endfacet
  facet normal -0.642802 0.766033 0
    outer loop
      vertex 80.8439 -10.0077 0
      vertex 80.8439 -10.0077 6.35
      vertex 81.5229 -9.43793 0
    endloop
  endfacet
  facet normal 0 0 -1
    outer loop
      vertex 80.8439 -10.0077 0
      vertex 81.5229 -9.43793 0
      vertex 152.631 -43.436 0
    endloop
  endfacet
  facet normal 0 0 1
    outer loop
      vertex 80.8439 -10.0077 6.35
      vertex 152.631 -43.436 6.35
      vertex 81.5229 -9.43793 6.35
    endloop
  endfacet
  facet normal -0.642802 0.766033 0
    outer loop
      vertex 80.8439 -10.0077 6.35
      vertex 81.5229 -9.43793 6.35
      vertex 81.5229 -9.43793 0
    endloop
  endfacet
  facet normal 0 0 -1
    outer loop
      vertex 80.8439 10.0077 0
      vertex 152.631 43.436 0
      vertex 81.5229 9.43793 0
    endloop
  endfacet
  facet normal -0.642802 -0.766033 0
    outer loop
      vertex 80.8439 10.0077 0
      vertex 81.5229 9.43793 0
      vertex 81.5229 9.43793 6.35
    endloop
  endfacet
  facet normal -0.642802 -0.766033 0
    outer loop
      vertex 80.8439 10.0077 0
      vertex 81.5229 9.43793 6.35
      vertex 80.8439 10.0077 6.35
    endloop
  endfacet
  facet normal 0 0 1
    outer loop
      vertex 80.8439 10.0077 6.35
      vertex 81.5229 9.43793 6.35
      vertex 152.631 43.436 6.35
    endloop
  endfacet
  facet normal -0.694629 0.719368 0
    outer loop
      vertex 81.5229 -9.43793 0
      vertex 81.5229 -9.43793 6.35
      vertex 82.1606 -8.82216 0
    endloop
  endfacet
  facet normal 0 0 -1
    outer loop
      vertex 81.5229 -9.43793 0
      vertex 82.1606 -8.82216 0
      vertex 152.631 -43.436 0
    endloop
  endfacet
  facet normal 0 0 1
    outer loop
      vertex 81.5229 -9.43793 6.35
      vertex 152.631 -43.436 6.35
      vertex 82.1606 -8.82216 6.35
    endloop
  endfacet
  facet normal -0.694629 0.719368 0
    outer loop
      vertex 81.5229 -9.43793 6.35
      vertex 82.1606 -8.82216 6.35
      vertex 82.1606 -8.82216 0
    endloop
  endfacet
  facet normal 0 0 -1
    outer loop
      vertex 81.5229 9.43793 0
      vertex 152.631 43.436 0
      vertex 82.1606 8.82216 0
    endloop
  endfacet
  facet normal -0.694629 -0.719368 0
    outer loop
      vertex 81.5229 9.43793 0
      vertex 82.1606 8.82216 0
      vertex 82.1606 8.82216 6.35
    endloop
  endfacet
  facet normal -0.694629 -0.719368 0
    outer loop
      vertex 81.5229 9.43793 0
      vertex 82.1606 8.82216 6.35
      vertex 81.5229 9.43793 6.35
    endloop
  endfacet
  facet normal 0 0 1
    outer loop
      vertex 81.5229 9.43793 6.35
      vertex 82.1606 8.82216 6.35
      vertex 152.631 43.436 6.35
    endloop
  endfacet
  facet normal -0.743122 0.669156 0
    outer loop
      vertex 82.1606 -8.82216 0
      vertex 82.1606 -8.82216 6.35
      vertex 82.7538 -8.16339 0
    endloop
  endfacet
  facet normal 0 0 -1
    outer loop
      vertex 82.1606 -8.82216 0
      vertex 82.7538 -8.16339 0
      vertex 152.631 -43.436 0
    endloop
  endfacet
  facet normal 0 0 1
    outer loop
      vertex 82.1606 -8.82216 6.35
      vertex 152.631 -43.436 6.35
      vertex 82.7538 -8.16339 6.35
    endloop
  endfacet
  facet normal -0.743122 0.669156 0
    outer loop
      vertex 82.1606 -8.82216 6.35
      vertex 82.7538 -8.16339 6.35
      vertex 82.7538 -8.16339 0
    endloop
  endfacet
  facet normal 0 0 -1
    outer loop
      vertex 82.1606 8.82216 0
      vertex 152.631 43.436 0
      vertex 82.7538 8.16339 0
    endloop
  endfacet
  facet normal -0.743122 -0.669156 0
    outer loop
      vertex 82.1606 8.82216 0
      vertex 82.7538 8.16339 0
      vertex 82.7538 8.16339 6.35
    endloop
  endfacet
  facet normal -0.743122 -0.669156 0
    outer loop
      vertex 82.1606 8.82216 0
      vertex 82.7538 8.16339 6.35
      vertex 82.1606 8.82216 6.35
    endloop
  endfacet
  facet normal 0 0 1
    outer loop
      vertex 82.1606 8.82216 6.35
      vertex 82.7538 8.16339 6.35
      vertex 152.631 43.436 6.35
    endloop
  endfacet
  facet normal -0.788039 0.615625 0
    outer loop
      vertex 82.7538 -8.16339 0
      vertex 82.7538 -8.16339 6.35
      vertex 83.2995 -7.46486 0
    endloop
  endfacet
  facet normal 0 0 -1
    outer loop
      vertex 82.7538 -8.16339 0
      vertex 83.2995 -7.46486 0
      vertex 152.631 -43.436 0
    endloop
  endfacet
  facet normal 0 0 1
    outer loop
      vertex 82.7538 -8.16339 6.35
      vertex 152.631 -43.436 6.35
      vertex 83.2995 -7.46486 6.35
    endloop
  endfacet
  facet normal -0.788039 0.615625 0
    outer loop
      vertex 82.7538 -8.16339 6.35
      vertex 83.2995 -7.46486 6.35
      vertex 83.2995 -7.46486 0
    endloop
  endfacet
  facet normal 0 0 -1
    outer loop
      vertex 82.7538 8.16339 0
      vertex 152.631 43.436 0
      vertex 83.2995 7.46486 0
    endloop
  endfacet
  facet normal -0.788039 -0.615625 0
    outer loop
      vertex 82.7538 8.16339 0
      vertex 83.2995 7.46486 0
      vertex 83.2995 7.46486 6.35
    endloop
  endfacet
  facet normal -0.788039 -0.615625 0
    outer loop
      vertex 82.7538 8.16339 0
      vertex 83.2995 7.46486 6.35
      vertex 82.7538 8.16339 6.35
    endloop
  endfacet
  facet normal 0 0 1
    outer loop
      vertex 82.7538 8.16339 6.35
      vertex 83.2995 7.46486 6.35
      vertex 152.631 43.436 6.35
    endloop
  endfacet
  facet normal -0.829032 0.559201 0
    outer loop
      vertex 83.2995 -7.46486 0
      vertex 83.2995 -7.46486 6.35
      vertex 83.7952 -6.72997 0
    endloop
  endfacet
  facet normal 0 0 -1
    outer loop
      vertex 83.2995 -7.46486 0
      vertex 83.7952 -6.72997 0
      vertex 152.631 -43.436 0
    endloop
  endfacet
  facet normal 0 0 1
    outer loop
      vertex 83.2995 -7.46486 6.35
      vertex 152.631 -43.436 6.35
      vertex 83.7952 -6.72997 6.35
    endloop
  endfacet
  facet normal -0.829032 0.559201 0
    outer loop
      vertex 83.2995 -7.46486 6.35
      vertex 83.7952 -6.72997 6.35
      vertex 83.7952 -6.72997 0
    endloop
  endfacet
  facet normal 0 0 -1
    outer loop
      vertex 83.2995 7.46486 0
      vertex 152.631 43.436 0
      vertex 83.7952 6.72997 0
    endloop
  endfacet
  facet normal -0.829032 -0.559201 0
    outer loop
      vertex 83.2995 7.46486 0
      vertex 83.7952 6.72997 0
      vertex 83.7952 6.72997 6.35
    endloop
  endfacet
  facet normal -0.829032 -0.559201 0
    outer loop
      vertex 83.2995 7.46486 0
      vertex 83.7952 6.72997 6.35
      vertex 83.2995 7.46486 6.35
    endloop
  endfacet
  facet normal 0 0 1
    outer loop
      vertex 83.2995 7.46486 6.35
      vertex 83.7952 6.72997 6.35
      vertex 152.631 43.436 6.35
    endloop
  endfacet
  facet normal -0.866038 0.499978 0
    outer loop
      vertex 83.7952 -6.72997 0
      vertex 83.7952 -6.72997 6.35
      vertex 84.2384 -5.96228 0
    endloop
  endfacet
  facet normal 0 0 -1
    outer loop
      vertex 83.7952 -6.72997 0
      vertex 84.2384 -5.96228 0
      vertex 152.631 -43.436 0
    endloop
  endfacet
  facet normal 0 0 1
    outer loop
      vertex 83.7952 -6.72997 6.35
      vertex 152.631 -43.436 6.35
      vertex 84.2384 -5.96228 6.35
    endloop
  endfacet
  facet normal -0.866038 0.499978 0
    outer loop
      vertex 83.7952 -6.72997 6.35
      vertex 84.2384 -5.96228 6.35
      vertex 84.2384 -5.96228 0
    endloop
  endfacet
  facet normal 0 0 -1
    outer loop
      vertex 83.7952 6.72997 0
      vertex 152.631 43.436 0
      vertex 84.2384 5.96228 0
    endloop
  endfacet
  facet normal -0.866038 -0.499978 0
    outer loop
      vertex 83.7952 6.72997 0
      vertex 84.2384 5.96228 0
      vertex 84.2384 5.96228 6.35
    endloop
  endfacet
  facet normal -0.866038 -0.499978 0
    outer loop
      vertex 83.7952 6.72997 0
      vertex 84.2384 5.96228 6.35
      vertex 83.7952 6.72997 6.35
    endloop
  endfacet
  facet normal 0 0 1
    outer loop
      vertex 83.7952 6.72997 6.35
      vertex 84.2384 5.96228 6.35
      vertex 152.631 43.436 6.35
    endloop
  endfacet
  facet normal -0.898792 0.438375 0
    outer loop
      vertex 84.2384 -5.96228 0
      vertex 84.2384 -5.96228 6.35
      vertex 84.627 -5.16554 0
    endloop
  endfacet
  facet normal 0 0 -1
    outer loop
      vertex 84.2384 -5.96228 0
      vertex 84.627 -5.16554 0
      vertex 152.631 -43.436 0
    endloop
  endfacet
  facet normal 0 0 1
    outer loop
      vertex 84.2384 -5.96228 6.35
      vertex 152.631 -43.436 6.35
      vertex 84.627 -5.16554 6.35
    endloop
  endfacet
  facet normal -0.898792 0.438375 0
    outer loop
      vertex 84.2384 -5.96228 6.35
      vertex 84.627 -5.16554 6.35
      vertex 84.627 -5.16554 0
    endloop
  endfacet
  facet normal 0 0 -1
    outer loop
      vertex 84.2384 5.96228 0
      vertex 152.631 43.436 0
      vertex 84.627 5.16554 0
    endloop
  endfacet
  facet normal -0.898792 -0.438375 0
    outer loop
      vertex 84.2384 5.96228 0
      vertex 84.627 5.16554 0
      vertex 84.627 5.16554 6.35
    endloop
  endfacet
  facet normal -0.898792 -0.438375 0
    outer loop
      vertex 84.2384 5.96228 0
      vertex 84.627 5.16554 6.35
      vertex 84.2384 5.96228 6.35
    endloop
  endfacet
  facet normal 0 0 1
    outer loop
      vertex 84.2384 5.96228 6.35
      vertex 84.627 5.16554 6.35
      vertex 152.631 43.436 6.35
    endloop
  endfacet
  facet normal -0.927172 0.374637 0
    outer loop
      vertex 84.627 -5.16554 0
      vertex 84.627 -5.16554 6.35
      vertex 84.9591 -4.34364 0
    endloop
  endfacet
  facet normal 0 0 -1
    outer loop
      vertex 84.627 -5.16554 0
      vertex 84.9591 -4.34364 0
      vertex 152.631 -43.436 0
    endloop
  endfacet
  facet normal 0 0 1
    outer loop
      vertex 84.627 -5.16554 6.35
      vertex 152.631 -43.436 6.35
      vertex 84.9591 -4.34364 6.35
    endloop
  endfacet
  facet normal -0.927172 0.374637 0
    outer loop
      vertex 84.627 -5.16554 6.35
      vertex 84.9591 -4.34364 6.35
      vertex 84.9591 -4.34364 0
    endloop
  endfacet
  facet normal 0 0 -1
    outer loop
      vertex 84.627 5.16554 0
      vertex 152.631 43.436 0
      vertex 84.9591 4.34364 0
    endloop
  endfacet
  facet normal -0.927172 -0.374637 0
    outer loop
      vertex 84.627 5.16554 0
      vertex 84.9591 4.34364 0
      vertex 84.9591 4.34364 6.35
    endloop
  endfacet
  facet normal -0.927172 -0.374637 0
    outer loop
      vertex 84.627 5.16554 0
      vertex 84.9591 4.34364 6.35
      vertex 84.627 5.16554 6.35
    endloop
  endfacet
  facet normal 0 0 1
    outer loop
      vertex 84.627 5.16554 6.35
      vertex 84.9591 4.34364 6.35
      vertex 152.631 43.436 6.35
    endloop
  endfacet
  facet normal -0.951065 0.30899 0
    outer loop
      vertex 84.9591 -4.34364 0
      vertex 84.9591 -4.34364 6.35
      vertex 85.233 -3.50058 0
    endloop
  endfacet
  facet normal 0 0 -1
    outer loop
      vertex 84.9591 -4.34364 0
      vertex 85.233 -3.50058 0
      vertex 152.631 -43.436 0
    endloop
  endfacet
  facet normal 0 0 1
    outer loop
      vertex 84.9591 -4.34364 6.35
      vertex 152.631 -43.436 6.35
      vertex 85.233 -3.50058 6.35
    endloop
  endfacet
  facet normal -0.951065 0.30899 0
    outer loop
      vertex 84.9591 -4.34364 6.35
      vertex 85.233 -3.50058 6.35
      vertex 85.233 -3.50058 0
    endloop
  endfacet
  facet normal 0 0 -1
    outer loop
      vertex 84.9591 4.34364 0
      vertex 152.631 43.436 0
      vertex 85.233 3.50058 0
    endloop
  endfacet
  facet normal -0.951065 -0.30899 0
    outer loop
      vertex 84.9591 4.34364 0
      vertex 85.233 3.50058 0
      vertex 85.233 3.50058 6.35
    endloop
  endfacet
  facet normal -0.951065 -0.30899 0
    outer loop
      vertex 84.9591 4.34364 0
      vertex 85.233 3.50058 6.35
      vertex 84.9591 4.34364 6.35
    endloop
  endfacet
  facet normal 0 0 1
    outer loop
      vertex 84.9591 4.34364 6.35
      vertex 85.233 3.50058 6.35
      vertex 152.631 43.436 6.35
    endloop
  endfacet
  facet normal -0.970282 0.241976 0
    outer loop
      vertex 85.233 -3.50058 0
      vertex 85.233 -3.50058 6.35
      vertex 85.4475 -2.64047 0
    endloop
  endfacet
  facet normal 0 0 -1
    outer loop
      vertex 85.233 -3.50058 0
      vertex 85.4475 -2.64047 0
      vertex 152.631 -43.436 0
    endloop
  endfacet
  facet normal 0 0 1
    outer loop
      vertex 85.233 -3.50058 6.35
      vertex 152.631 -43.436 6.35
      vertex 85.4475 -2.64047 6.35
    endloop
  endfacet
  facet normal -0.970282 0.241976 0
    outer loop
      vertex 85.233 -3.50058 6.35
      vertex 85.4475 -2.64047 6.35
      vertex 85.4475 -2.64047 0
    endloop
  endfacet
  facet normal 0 0 -1
    outer loop
      vertex 85.233 3.50058 0
      vertex 152.631 43.436 0
      vertex 85.4475 2.64047 0
    endloop
  endfacet
  facet normal -0.970282 -0.241976 0
    outer loop
      vertex 85.233 3.50058 0
      vertex 85.4475 2.64047 0
      vertex 85.4475 2.64047 6.35
    endloop
  endfacet
  facet normal -0.970282 -0.241976 0
    outer loop
      vertex 85.233 3.50058 0
      vertex 85.4475 2.64047 6.35
      vertex 85.233 3.50058 6.35
    endloop
  endfacet
  facet normal 0 0 1
    outer loop
      vertex 85.233 3.50058 6.35
      vertex 85.4475 2.64047 6.35
      vertex 152.631 43.436 6.35
    endloop
  endfacet
  facet normal -0.984814 0.173615 0
    outer loop
      vertex 85.4475 -2.64047 0
      vertex 85.4475 -2.64047 6.35
      vertex 85.6014 -1.76749 0
    endloop
  endfacet
  facet normal 0 0 -1
    outer loop
      vertex 85.4475 -2.64047 0
      vertex 85.6014 -1.76749 0
      vertex 152.631 -43.436 0
    endloop
  endfacet
  facet normal 0 0 1
    outer loop
      vertex 85.4475 -2.64047 6.35
      vertex 152.631 -43.436 6.35
      vertex 85.6014 -1.76749 6.35
    endloop
  endfacet
  facet normal -0.984814 0.173615 0
    outer loop
      vertex 85.4475 -2.64047 6.35
      vertex 85.6014 -1.76749 6.35
      vertex 85.6014 -1.76749 0
    endloop
  endfacet
  facet normal 0 0 -1
    outer loop
      vertex 85.4475 2.64047 0
      vertex 152.631 43.436 0
      vertex 85.6014 1.76749 0
    endloop
  endfacet
  facet normal -0.984814 -0.173615 0
    outer loop
      vertex 85.4475 2.64047 0
      vertex 85.6014 1.76749 0
      vertex 85.6014 1.76749 6.35
    endloop
  endfacet
  facet normal -0.984814 -0.173615 0
    outer loop
      vertex 85.4475 2.64047 0
      vertex 85.6014 1.76749 6.35
      vertex 85.4475 2.64047 6.35
    endloop
  endfacet
  facet normal 0 0 1
    outer loop
      vertex 85.4475 2.64047 6.35
      vertex 85.6014 1.76749 6.35
      vertex 152.631 43.436 6.35
    endloop
  endfacet
  facet normal -0.994517 0.104574 0
    outer loop
      vertex 85.6014 -1.76749 0
      vertex 85.6014 -1.76749 6.35
      vertex 85.6941 -0.885895 0
    endloop
  endfacet
  facet normal 0 0 -1
    outer loop
      vertex 85.6014 -1.76749 0
      vertex 85.6941 -0.885895 0
      vertex 152.631 -43.436 0
    endloop
  endfacet
  facet normal 0 0 1
    outer loop
      vertex 85.6014 -1.76749 6.35
      vertex 152.631 -43.436 6.35
      vertex 85.6941 -0.885895 6.35
    endloop
  endfacet
  facet normal -0.994517 0.104574 0
    outer loop
      vertex 85.6014 -1.76749 6.35
      vertex 85.6941 -0.885895 6.35
      vertex 85.6941 -0.885895 0
    endloop
  endfacet
  facet normal 0 0 -1
    outer loop
      vertex 85.6014 1.76749 0
      vertex 152.631 43.436 0
      vertex 85.6941 0.885895 0
    endloop
  endfacet
  facet normal -0.994517 -0.104574 0
    outer loop
      vertex 85.6014 1.76749 0
      vertex 85.6941 0.885895 0
      vertex 85.6941 0.885895 6.35
    endloop
  endfacet
  facet normal -0.994517 -0.104574 0
    outer loop
      vertex 85.6014 1.76749 0
      vertex 85.6941 0.885895 6.35
      vertex 85.6014 1.76749 6.35
    endloop
  endfacet
  facet normal 0 0 1
    outer loop
      vertex 85.6014 1.76749 6.35
      vertex 85.6941 0.885895 6.35
      vertex 152.631 43.436 6.35
    endloop
  endfacet
  facet normal -0.999392 0.0348588 0
    outer loop
      vertex 85.6941 -0.885895 0
      vertex 85.6941 -0.885895 6.35
      vertex 85.725 0 0
    endloop
  endfacet
  facet normal 0 0 -1
    outer loop
      vertex 85.6941 -0.885895 0
      vertex 85.725 0 0
      vertex 152.631 -43.436 0
    endloop
  endfacet
  facet normal 0 0 1
    outer loop
      vertex 85.6941 -0.885895 6.35
      vertex 152.631 -43.436 6.35
      vertex 85.725 0 6.35
    endloop
  endfacet
  facet normal -0.999392 0.0348588 0
    outer loop
      vertex 85.6941 -0.885895 6.35
      vertex 85.725 0 6.35
      vertex 85.725 0 0
    endloop
  endfacet
  facet normal 0 0 -1
    outer loop
      vertex 85.6941 0.885895 0
      vertex 152.631 43.436 0
      vertex 85.725 0 0
    endloop
  endfacet
  facet normal -0.999392 -0.0348588 0
    outer loop
      vertex 85.6941 0.885895 0
      vertex 85.725 0 0
      vertex 85.725 0 6.35
    endloop
  endfacet
  facet normal -0.999392 -0.0348588 0
    outer loop
      vertex 85.6941 0.885895 0
      vertex 85.725 0 6.35
      vertex 85.6941 0.885895 6.35
    endloop
  endfacet
  facet normal 0 0 1
    outer loop
      vertex 85.6941 0.885895 6.35
      vertex 85.725 0 6.35
      vertex 152.631 43.436 6.35
    endloop
  endfacet
  facet normal 0 0 -1
    outer loop
      vertex 85.725 0 0
      vertex 152.631 43.436 0
      vertex 152.631 -43.436 0
    endloop
  endfacet
  facet normal 0 0 1
    outer loop
      vertex 85.725 0 6.35
      vertex 152.631 -43.436 6.35
      vertex 152.631 43.436 6.35
    endloop
  endfacet
  facet normal 0 0 -1
    outer loop
      vertex 854.662 -21.2458 0
      vertex 854.662 21.2458 0
      vertex 932.726 -20.5254 0
    endloop
  endfacet
  facet normal 0.00922793 -0.999957 0
    outer loop
      vertex 854.662 -21.2458 0
      vertex 932.726 -20.5254 0
      vertex 854.662 -21.2458 6.35
    endloop
  endfacet
  facet normal 0.00922793 -0.999957 0
    outer loop
      vertex 854.662 -21.2458 6.35
      vertex 932.726 -20.5254 0
      vertex 932.726 -20.5254 6.35
    endloop
  endfacet
  facet normal 0 0 1
    outer loop
      vertex 854.662 -21.2458 6.35
      vertex 932.726 -20.5254 6.35
      vertex 854.662 21.2458 6.35
    endloop
  endfacet
  facet normal 0.00922793 0.999957 0
    outer loop
      vertex 854.662 21.2458 0
      vertex 854.662 21.2458 6.35
      vertex 932.726 20.5254 6.35
    endloop
  endfacet
  facet normal 0 0 -1
    outer loop
      vertex 854.662 21.2458 0
      vertex 932.726 20.5254 0
      vertex 932.726 -20.5254 0
    endloop
  endfacet
  facet normal 0.00922793 0.999957 0
    outer loop
      vertex 854.662 21.2458 0
      vertex 932.726 20.5254 6.35
      vertex 932.726 20.5254 0
    endloop
  endfacet
  facet normal 0 0 1
    outer loop
      vertex 854.662 21.2458 6.35
      vertex 932.726 -20.5254 6.35
      vertex 932.726 20.5254 6.35
    endloop
  endfacet
  facet normal -0.694647 0.719351 0
    outer loop
      vertex 9.69402 -10.7663 0
      vertex 9.69402 -10.7663 6.35
      vertex 10.4214 -10.0639 0
    endloop
  endfacet
  facet normal -0.694647 0.719351 0
    outer loop
      vertex 9.69402 -10.7663 6.35
      vertex 10.4214 -10.0639 6.35
      vertex 10.4214 -10.0639 0
    endloop
  endfacet
  facet normal -0.694647 -0.719351 0
    outer loop
      vertex 9.69402 10.7663 0
      vertex 10.4214 10.0639 0
      vertex 10.4214 10.0639 6.35
    endloop
  endfacet
  facet normal -0.694647 -0.719351 0
    outer loop
      vertex 9.69402 10.7663 0
      vertex 10.4214 10.0639 6.35
      vertex 9.69402 10.7663 6.35
    endloop
  endfacet
  facet normal 0.00956351 -0.999954 0
    outer loop
      vertex 932.726 -20.5254 0
      vertex 1010.79 -19.7788 0
      vertex 932.726 -20.5254 6.35
    endloop
  endfacet
  facet normal 0 0 -1
    outer loop
      vertex 932.726 -20.5254 0
      vertex 932.726 20.5254 0
      vertex 1010.79 -19.7788 0
    endloop
  endfacet
  facet normal 0.00956351 -0.999954 0
    outer loop
      vertex 932.726 -20.5254 6.35
      vertex 1010.79 -19.7788 0
      vertex 1010.79 -19.7788 6.35
    endloop
  endfacet
  facet normal 0 0 1
    outer loop
      vertex 932.726 -20.5254 6.35
      vertex 1010.79 -19.7788 6.35
      vertex 932.726 20.5254 6.35
    endloop
  endfacet
  facet normal 0 0 -1
    outer loop
      vertex 932.726 20.5254 0
      vertex 1010.79 19.7788 0
      vertex 1010.79 -19.7788 0
    endloop
  endfacet
  facet normal 0.00956351 0.999954 0
    outer loop
      vertex 932.726 20.5254 0
      vertex 1010.79 19.7788 6.35
      vertex 1010.79 19.7788 0
    endloop
  endfacet
  facet normal 0.00956351 0.999954 0
    outer loop
      vertex 932.726 20.5254 0
      vertex 932.726 20.5254 6.35
      vertex 1010.79 19.7788 6.35
    endloop
  endfacet
  facet normal 0 0 1
    outer loop
      vertex 932.726 20.5254 6.35
      vertex 1010.79 -19.7788 6.35
      vertex 1010.79 19.7788 6.35
    endloop
  endfacet
endsolid OpenSCAD_Model
