solid OpenSCAD_Model
  facet normal 0 1 0
    outer loop
      vertex -0.450195 -12.8921 0
      vertex -0.450195 -12.8921 6.35
      vertex 0.450195 -12.8921 0
    endloop
  endfacet
  facet normal 0 1 0
    outer loop
      vertex -0.450195 -12.8921 6.35
      vertex 0.450195 -12.8921 6.35
      vertex 0.450195 -12.8921 0
    endloop
  endfacet
  facet normal 0 -1 0
    outer loop
      vertex -0.450195 12.8921 0
      vertex 0.450195 12.8921 0
      vertex 0.450195 12.8921 6.35
    endloop
  endfacet
  facet normal 0 -1 0
    outer loop
      vertex -0.450195 12.8921 0
      vertex 0.450195 12.8921 6.35
      vertex -0.450195 12.8921 6.35
    endloop
  endfacet
  facet normal 0.069747 0.997565 0
    outer loop
      vertex -1.3484 -12.8293 0
      vertex -1.3484 -12.8293 6.35
      vertex -0.450195 -12.8921 0
    endloop
  endfacet
  facet normal 0.069747 0.997565 0
    outer loop
      vertex -1.3484 -12.8293 6.35
      vertex -0.450195 -12.8921 6.35
      vertex -0.450195 -12.8921 0
    endloop
  endfacet
  facet normal 0.069747 -0.997565 0
    outer loop
      vertex -1.3484 12.8293 0
      vertex -0.450195 12.8921 0
      vertex -0.450195 12.8921 6.35
    endloop
  endfacet
  facet normal 0.069747 -0.997565 0
    outer loop
      vertex -1.3484 12.8293 0
      vertex -0.450195 12.8921 6.35
      vertex -1.3484 12.8293 6.35
    endloop
  endfacet
  facet normal 0 0 -1
    outer loop
      vertex -1.3506 38.6764 0
      vertex -0.450195 12.8921 0
      vertex -1.3484 12.8293 0
    endloop
  endfacet
  facet normal 0 1 0
    outer loop
      vertex -1.3506 38.6764 0
      vertex -1.3506 38.6764 6.35
      vertex 1.3506 38.6764 6.35
    endloop
  endfacet
  facet normal 0 0 -1
    outer loop
      vertex -1.3506 38.6764 0
      vertex 0.450195 12.8921 0
      vertex -0.450195 12.8921 0
    endloop
  endfacet
  facet normal 0 0 -1
    outer loop
      vertex -1.3506 38.6764 0
      vertex 1.3506 38.6764 0
      vertex 0.450195 12.8921 0
    endloop
  endfacet
  facet normal 0 1 0
    outer loop
      vertex -1.3506 38.6764 0
      vertex 1.3506 38.6764 6.35
      vertex 1.3506 38.6764 0
    endloop
  endfacet
  facet normal 0 0 1
    outer loop
      vertex -1.3506 38.6764 6.35
      vertex -0.450195 12.8921 6.35
      vertex 0.450195 12.8921 6.35
    endloop
  endfacet
  facet normal 0 0 1
    outer loop
      vertex -1.3506 38.6764 6.35
      vertex -1.3484 12.8293 6.35
      vertex -0.450195 12.8921 6.35
    endloop
  endfacet
  facet normal 0 0 1
    outer loop
      vertex -1.3506 38.6764 6.35
      vertex 0.450195 12.8921 6.35
      vertex 1.3506 38.6764 6.35
    endloop
  endfacet
  facet normal 0.788015 0.615656 0
    outer loop
      vertex -10.4363 -7.58243 0
      vertex -10.4363 -7.58243 6.35
      vertex -9.88197 -8.29195 0
    endloop
  endfacet
  facet normal 0.788015 0.615656 0
    outer loop
      vertex -10.4363 -7.58243 6.35
      vertex -9.88197 -8.29195 6.35
      vertex -9.88197 -8.29195 0
    endloop
  endfacet
  facet normal 0.788015 -0.615656 0
    outer loop
      vertex -10.4363 7.58243 0
      vertex -9.88197 8.29195 0
      vertex -9.88197 8.29195 6.35
    endloop
  endfacet
  facet normal 0.788015 -0.615656 0
    outer loop
      vertex -10.4363 7.58243 0
      vertex -9.88197 8.29195 6.35
      vertex -10.4363 7.58243 6.35
    endloop
  endfacet
  facet normal 0.829041 0.559187 0
    outer loop
      vertex -10.9398 -6.83595 0
      vertex -10.9398 -6.83595 6.35
      vertex -10.4363 -7.58243 0
    endloop
  endfacet
  facet normal 0.829041 0.559187 0
    outer loop
      vertex -10.9398 -6.83595 6.35
      vertex -10.4363 -7.58243 6.35
      vertex -10.4363 -7.58243 0
    endloop
  endfacet
  facet normal 0.829041 -0.559187 0
    outer loop
      vertex -10.9398 6.83595 0
      vertex -10.4363 7.58243 0
      vertex -10.4363 7.58243 6.35
    endloop
  endfacet
  facet normal 0.829041 -0.559187 0
    outer loop
      vertex -10.9398 6.83595 0
      vertex -10.4363 7.58243 6.35
      vertex -10.9398 6.83595 6.35
    endloop
  endfacet
  facet normal 0.866026 0.5 0
    outer loop
      vertex -11.39 -6.05618 0
      vertex -11.39 -6.05618 6.35
      vertex -10.9398 -6.83595 0
    endloop
  endfacet
  facet normal 0.866026 0.5 0
    outer loop
      vertex -11.39 -6.05618 6.35
      vertex -10.9398 -6.83595 6.35
      vertex -10.9398 -6.83595 0
    endloop
  endfacet
  facet normal 0.866026 -0.5 0
    outer loop
      vertex -11.39 6.05618 0
      vertex -10.9398 6.83595 0
      vertex -10.9398 6.83595 6.35
    endloop
  endfacet
  facet normal 0.866026 -0.5 0
    outer loop
      vertex -11.39 6.05618 0
      vertex -10.9398 6.83595 6.35
      vertex -11.39 6.05618 6.35
    endloop
  endfacet
  facet normal 0.898799 0.43836 0
    outer loop
      vertex -11.7847 -5.2469 0
      vertex -11.7847 -5.2469 6.35
      vertex -11.39 -6.05618 0
    endloop
  endfacet
  facet normal 0.898799 0.43836 0
    outer loop
      vertex -11.7847 -5.2469 6.35
      vertex -11.39 -6.05618 6.35
      vertex -11.39 -6.05618 0
    endloop
  endfacet
  facet normal 0.898799 -0.43836 0
    outer loop
      vertex -11.7847 5.2469 0
      vertex -11.39 6.05618 0
      vertex -11.39 6.05618 6.35
    endloop
  endfacet
  facet normal 0.898799 -0.43836 0
    outer loop
      vertex -11.7847 5.2469 0
      vertex -11.39 6.05618 6.35
      vertex -11.7847 5.2469 6.35
    endloop
  endfacet
  facet normal -0.275613 0.961269 0
    outer loop
      vertex -11.959 36.8059 0
      vertex -11.959 36.8059 6.35
      vertex -9.36237 37.5504 6.35
    endloop
  endfacet
  facet normal 0 0 -1
    outer loop
      vertex -11.959 36.8059 0
      vertex -3.98631 12.2686 0
      vertex -4.83241 11.9607 0
    endloop
  endfacet
  facet normal 0 0 -1
    outer loop
      vertex -11.959 36.8059 0
      vertex -9.36237 37.5504 0
      vertex -3.98631 12.2686 0
    endloop
  endfacet
  facet normal -0.275613 0.961269 0
    outer loop
      vertex -11.959 36.8059 0
      vertex -9.36237 37.5504 6.35
      vertex -9.36237 37.5504 0
    endloop
  endfacet
  facet normal 0 0 1
    outer loop
      vertex -11.959 36.8059 6.35
      vertex -3.98631 12.2686 6.35
      vertex -9.36237 37.5504 6.35
    endloop
  endfacet
  facet normal 0 0 1
    outer loop
      vertex -11.959 36.8059 6.35
      vertex -4.83241 11.9607 6.35
      vertex -3.98631 12.2686 6.35
    endloop
  endfacet
  facet normal 0.927184 0.374605 0
    outer loop
      vertex -12.122 -4.41205 0
      vertex -12.122 -4.41205 6.35
      vertex -11.7847 -5.2469 0
    endloop
  endfacet
  facet normal 0.927184 0.374605 0
    outer loop
      vertex -12.122 -4.41205 6.35
      vertex -11.7847 -5.2469 6.35
      vertex -11.7847 -5.2469 0
    endloop
  endfacet
  facet normal 0.927184 -0.374605 0
    outer loop
      vertex -12.122 4.41205 0
      vertex -11.7847 5.2469 0
      vertex -11.7847 5.2469 6.35
    endloop
  endfacet
  facet normal 0.927184 -0.374605 0
    outer loop
      vertex -12.122 4.41205 0
      vertex -11.7847 5.2469 6.35
      vertex -12.122 4.41205 6.35
    endloop
  endfacet
  facet normal 0.951037 0.309076 0
    outer loop
      vertex -12.4003 -3.55571 0
      vertex -12.4003 -3.55571 6.35
      vertex -12.122 -4.41205 0
    endloop
  endfacet
  facet normal 0.951037 0.309076 0
    outer loop
      vertex -12.4003 -3.55571 6.35
      vertex -12.122 -4.41205 6.35
      vertex -12.122 -4.41205 0
    endloop
  endfacet
  facet normal 0.951037 -0.309076 0
    outer loop
      vertex -12.4003 3.55571 0
      vertex -12.122 4.41205 0
      vertex -12.122 4.41205 6.35
    endloop
  endfacet
  facet normal 0.951037 -0.309076 0
    outer loop
      vertex -12.4003 3.55571 0
      vertex -12.122 4.41205 6.35
      vertex -12.4003 3.55571 6.35
    endloop
  endfacet
  facet normal 0.970303 0.241893 0
    outer loop
      vertex -12.6181 -2.68205 0
      vertex -12.6181 -2.68205 6.35
      vertex -12.4003 -3.55571 0
    endloop
  endfacet
  facet normal 0.970303 0.241893 0
    outer loop
      vertex -12.6181 -2.68205 6.35
      vertex -12.4003 -3.55571 6.35
      vertex -12.4003 -3.55571 0
    endloop
  endfacet
  facet normal 0.970303 -0.241893 0
    outer loop
      vertex -12.6181 2.68205 0
      vertex -12.4003 3.55571 0
      vertex -12.4003 3.55571 6.35
    endloop
  endfacet
  facet normal 0.970303 -0.241893 0
    outer loop
      vertex -12.6181 2.68205 0
      vertex -12.4003 3.55571 6.35
      vertex -12.6181 2.68205 6.35
    endloop
  endfacet
  facet normal 0.984818 0.17359 0
    outer loop
      vertex -12.7744 -1.79532 0
      vertex -12.7744 -1.79532 6.35
      vertex -12.6181 -2.68205 0
    endloop
  endfacet
  facet normal 0.984818 0.17359 0
    outer loop
      vertex -12.7744 -1.79532 6.35
      vertex -12.6181 -2.68205 6.35
      vertex -12.6181 -2.68205 0
    endloop
  endfacet
  facet normal 0.984818 -0.17359 0
    outer loop
      vertex -12.7744 1.79532 0
      vertex -12.6181 2.68205 0
      vertex -12.6181 2.68205 6.35
    endloop
  endfacet
  facet normal 0.984818 -0.17359 0
    outer loop
      vertex -12.7744 1.79532 0
      vertex -12.6181 2.68205 6.35
      vertex -12.7744 1.79532 6.35
    endloop
  endfacet
  facet normal 0.994512 0.10462 0
    outer loop
      vertex -12.8686 -0.899857 0
      vertex -12.8686 -0.899857 6.35
      vertex -12.7744 -1.79532 0
    endloop
  endfacet
  facet normal 0.994512 0.10462 0
    outer loop
      vertex -12.8686 -0.899857 6.35
      vertex -12.7744 -1.79532 6.35
      vertex -12.7744 -1.79532 0
    endloop
  endfacet
  facet normal 0.994512 -0.10462 0
    outer loop
      vertex -12.8686 0.899857 0
      vertex -12.7744 1.79532 0
      vertex -12.7744 1.79532 6.35
    endloop
  endfacet
  facet normal 0.994512 -0.10462 0
    outer loop
      vertex -12.8686 0.899857 0
      vertex -12.7744 1.79532 6.35
      vertex -12.8686 0.899857 6.35
    endloop
  endfacet
  facet normal 0.999392 -0.0348732 0
    outer loop
      vertex -12.9 0 0
      vertex -12.8686 0.899857 0
      vertex -12.8686 0.899857 6.35
    endloop
  endfacet
  facet normal 0.999392 -0.0348732 0
    outer loop
      vertex -12.9 0 0
      vertex -12.8686 0.899857 6.35
      vertex -12.9 0 6.35
    endloop
  endfacet
  facet normal 0.999392 0.0348732 0
    outer loop
      vertex -12.9 0 0
      vertex -12.9 0 6.35
      vertex -12.8686 -0.899857 0
    endloop
  endfacet
  facet normal 0.999392 0.0348732 0
    outer loop
      vertex -12.9 0 6.35
      vertex -12.8686 -0.899857 6.35
      vertex -12.8686 -0.899857 0
    endloop
  endfacet
  facet normal 0 0 -1
    outer loop
      vertex -14.4973 35.882 0
      vertex -11.959 36.8059 0
      vertex -4.83241 11.9607 0
    endloop
  endfacet
  facet normal -0.342031 0.939689 0
    outer loop
      vertex -14.4973 35.882 0
      vertex -11.959 36.8059 6.35
      vertex -11.959 36.8059 0
    endloop
  endfacet
  facet normal -0.342031 0.939689 0
    outer loop
      vertex -14.4973 35.882 0
      vertex -14.4973 35.882 6.35
      vertex -11.959 36.8059 6.35
    endloop
  endfacet
  facet normal 0 0 -1
    outer loop
      vertex -14.4973 35.882 0
      vertex -4.83241 11.9607 0
      vertex -5.65498 11.5944 0
    endloop
  endfacet
  facet normal 0 0 1
    outer loop
      vertex -14.4973 35.882 6.35
      vertex -4.83241 11.9607 6.35
      vertex -11.959 36.8059 6.35
    endloop
  endfacet
  facet normal 0 0 1
    outer loop
      vertex -14.4973 35.882 6.35
      vertex -5.65498 11.5944 6.35
      vertex -4.83241 11.9607 6.35
    endloop
  endfacet
  facet normal 0 0 -1
    outer loop
      vertex -16.965 34.7833 0
      vertex -14.4973 35.882 0
      vertex -5.65498 11.5944 0
    endloop
  endfacet
  facet normal -0.406739 0.913544 0
    outer loop
      vertex -16.965 34.7833 0
      vertex -14.4973 35.882 6.35
      vertex -14.4973 35.882 0
    endloop
  endfacet
  facet normal -0.406739 0.913544 0
    outer loop
      vertex -16.965 34.7833 0
      vertex -16.965 34.7833 6.35
      vertex -14.4973 35.882 6.35
    endloop
  endfacet
  facet normal 0 0 -1
    outer loop
      vertex -16.965 34.7833 0
      vertex -5.65498 11.5944 0
      vertex -6.45 11.1717 0
    endloop
  endfacet
  facet normal 0 0 1
    outer loop
      vertex -16.965 34.7833 6.35
      vertex -5.65498 11.5944 6.35
      vertex -14.4973 35.882 6.35
    endloop
  endfacet
  facet normal 0 0 1
    outer loop
      vertex -16.965 34.7833 6.35
      vertex -6.45 11.1717 6.35
      vertex -5.65498 11.5944 6.35
    endloop
  endfacet
  facet normal 0 0 -1
    outer loop
      vertex -19.35 33.5152 0
      vertex -16.965 34.7833 0
      vertex -6.45 11.1717 0
    endloop
  endfacet
  facet normal -0.469464 0.882952 0
    outer loop
      vertex -19.35 33.5152 0
      vertex -16.965 34.7833 6.35
      vertex -16.965 34.7833 0
    endloop
  endfacet
  facet normal -0.469464 0.882952 0
    outer loop
      vertex -19.35 33.5152 0
      vertex -19.35 33.5152 6.35
      vertex -16.965 34.7833 6.35
    endloop
  endfacet
  facet normal 0 0 1
    outer loop
      vertex -19.35 33.5152 6.35
      vertex -6.45 11.1717 6.35
      vertex -16.965 34.7833 6.35
    endloop
  endfacet
  facet normal 0.139159 0.99027 0
    outer loop
      vertex -2.24005 -12.704 0
      vertex -2.24005 -12.704 6.35
      vertex -1.3484 -12.8293 0
    endloop
  endfacet
  facet normal 0.139159 0.99027 0
    outer loop
      vertex -2.24005 -12.704 6.35
      vertex -1.3484 -12.8293 6.35
      vertex -1.3484 -12.8293 0
    endloop
  endfacet
  facet normal 0.139159 -0.99027 0
    outer loop
      vertex -2.24005 12.704 0
      vertex -1.3484 12.8293 0
      vertex -1.3484 12.8293 6.35
    endloop
  endfacet
  facet normal 0.139159 -0.99027 0
    outer loop
      vertex -2.24005 12.704 0
      vertex -1.3484 12.8293 6.35
      vertex -2.24005 12.704 6.35
    endloop
  endfacet
  facet normal 0 0 -1
    outer loop
      vertex -21.6408 32.0837 0
      vertex -19.35 33.5152 0
      vertex -6.45 11.1717 0
    endloop
  endfacet
  facet normal -0.529932 0.84804 0
    outer loop
      vertex -21.6408 32.0837 0
      vertex -19.35 33.5152 6.35
      vertex -19.35 33.5152 0
    endloop
  endfacet
  facet normal -0.529932 0.84804 0
    outer loop
      vertex -21.6408 32.0837 0
      vertex -21.6408 32.0837 6.35
      vertex -19.35 33.5152 6.35
    endloop
  endfacet
  facet normal 0 0 -1
    outer loop
      vertex -21.6408 32.0837 0
      vertex -6.45 11.1717 0
      vertex -7.21358 10.6946 0
    endloop
  endfacet
  facet normal 0 0 -1
    outer loop
      vertex -21.6408 32.0837 0
      vertex -7.21358 10.6946 0
      vertex -7.94203 10.1653 0
    endloop
  endfacet
  facet normal 0 0 1
    outer loop
      vertex -21.6408 32.0837 6.35
      vertex -6.45 11.1717 6.35
      vertex -19.35 33.5152 6.35
    endloop
  endfacet
  facet normal 0 0 1
    outer loop
      vertex -21.6408 32.0837 6.35
      vertex -7.21358 10.6946 6.35
      vertex -6.45 11.1717 6.35
    endloop
  endfacet
  facet normal 0 0 1
    outer loop
      vertex -21.6408 32.0837 6.35
      vertex -7.94203 10.1653 6.35
      vertex -7.21358 10.6946 6.35
    endloop
  endfacet
  facet normal 0 0 -1
    outer loop
      vertex -23.8261 -30.496 0
      vertex -0.450195 -12.8921 0
      vertex 0.450195 -12.8921 0
    endloop
  endfacet
  facet normal 0 0 -1
    outer loop
      vertex -23.8261 -30.496 0
      vertex -1.3484 -12.8293 0
      vertex -0.450195 -12.8921 0
    endloop
  endfacet
  facet normal 0 0 -1
    outer loop
      vertex -23.8261 -30.496 0
      vertex -2.24005 -12.704 0
      vertex -1.3484 -12.8293 0
    endloop
  endfacet
  facet normal 0 0 -1
    outer loop
      vertex -23.8261 -30.496 0
      vertex -3.12079 -12.5168 0
      vertex -2.24005 -12.704 0
    endloop
  endfacet
  facet normal 0 0 -1
    outer loop
      vertex -23.8261 -30.496 0
      vertex -3.98631 -12.2686 0
      vertex -3.12079 -12.5168 0
    endloop
  endfacet
  facet normal 0 0 -1
    outer loop
      vertex -23.8261 -30.496 0
      vertex -4.83241 -11.9607 0
      vertex -3.98631 -12.2686 0
    endloop
  endfacet
  facet normal 0 0 -1
    outer loop
      vertex -23.8261 -30.496 0
      vertex -5.65498 -11.5944 0
      vertex -4.83241 -11.9607 0
    endloop
  endfacet
  facet normal 0 0 -1
    outer loop
      vertex -23.8261 -30.496 0
      vertex -6.45 -11.1717 0
      vertex -5.65498 -11.5944 0
    endloop
  endfacet
  facet normal 0 0 -1
    outer loop
      vertex -23.8261 -30.496 0
      vertex -7.21358 -10.6946 0
      vertex -6.45 -11.1717 0
    endloop
  endfacet
  facet normal 0 0 -1
    outer loop
      vertex -23.8261 -30.496 0
      vertex -7.94203 -10.1653 0
      vertex -7.21358 -10.6946 0
    endloop
  endfacet
  facet normal 0 0 -1
    outer loop
      vertex -23.8261 -30.496 0
      vertex 0.450195 -12.8921 0
      vertex 1.3484 -12.8293 0
    endloop
  endfacet
  facet normal 0 0 -1
    outer loop
      vertex -23.8261 -30.496 0
      vertex 1.3484 -12.8293 0
      vertex 2.24005 -12.704 0
    endloop
  endfacet
  facet normal -0.630094 -0.776519 0
    outer loop
      vertex -23.8261 -30.496 0
      vertex 128.774 -154.321 0
      vertex -23.8261 -30.496 6.35
    endloop
  endfacet
  facet normal 0 0 -1
    outer loop
      vertex -23.8261 -30.496 0
      vertex 2.24005 -12.704 0
      vertex 3.12079 -12.5168 0
    endloop
  endfacet
  facet normal 0 0 -1
    outer loop
      vertex -23.8261 -30.496 0
      vertex 3.12079 -12.5168 0
      vertex 3.98631 -12.2686 0
    endloop
  endfacet
  facet normal 0 0 -1
    outer loop
      vertex -23.8261 -30.496 0
      vertex 3.98631 -12.2686 0
      vertex 4.83241 -11.9607 0
    endloop
  endfacet
  facet normal 0 0 -1
    outer loop
      vertex -23.8261 -30.496 0
      vertex 4.83241 -11.9607 0
      vertex 128.774 -154.321 0
    endloop
  endfacet
  facet normal 0 0 1
    outer loop
      vertex -23.8261 -30.496 6.35
      vertex -0.450195 -12.8921 6.35
      vertex -1.3484 -12.8293 6.35
    endloop
  endfacet
  facet normal 0 0 1
    outer loop
      vertex -23.8261 -30.496 6.35
      vertex -1.3484 -12.8293 6.35
      vertex -2.24005 -12.704 6.35
    endloop
  endfacet
  facet normal 0 0 1
    outer loop
      vertex -23.8261 -30.496 6.35
      vertex -2.24005 -12.704 6.35
      vertex -3.12079 -12.5168 6.35
    endloop
  endfacet
  facet normal 0 0 1
    outer loop
      vertex -23.8261 -30.496 6.35
      vertex -3.12079 -12.5168 6.35
      vertex -3.98631 -12.2686 6.35
    endloop
  endfacet
  facet normal 0 0 1
    outer loop
      vertex -23.8261 -30.496 6.35
      vertex -3.98631 -12.2686 6.35
      vertex -4.83241 -11.9607 6.35
    endloop
  endfacet
  facet normal 0 0 1
    outer loop
      vertex -23.8261 -30.496 6.35
      vertex -4.83241 -11.9607 6.35
      vertex -5.65498 -11.5944 6.35
    endloop
  endfacet
  facet normal 0 0 1
    outer loop
      vertex -23.8261 -30.496 6.35
      vertex -5.65498 -11.5944 6.35
      vertex -6.45 -11.1717 6.35
    endloop
  endfacet
  facet normal 0 0 1
    outer loop
      vertex -23.8261 -30.496 6.35
      vertex -6.45 -11.1717 6.35
      vertex -7.21358 -10.6946 6.35
    endloop
  endfacet
  facet normal 0 0 1
    outer loop
      vertex -23.8261 -30.496 6.35
      vertex -7.21358 -10.6946 6.35
      vertex -7.94203 -10.1653 6.35
    endloop
  endfacet
  facet normal 0 0 1
    outer loop
      vertex -23.8261 -30.496 6.35
      vertex 0.450195 -12.8921 6.35
      vertex -0.450195 -12.8921 6.35
    endloop
  endfacet
  facet normal 0 0 1
    outer loop
      vertex -23.8261 -30.496 6.35
      vertex 1.3484 -12.8293 6.35
      vertex 0.450195 -12.8921 6.35
    endloop
  endfacet
  facet normal -0.630094 -0.776519 0
    outer loop
      vertex -23.8261 -30.496 6.35
      vertex 128.774 -154.321 0
      vertex 128.774 -154.321 6.35
    endloop
  endfacet
  facet normal 0 0 1
    outer loop
      vertex -23.8261 -30.496 6.35
      vertex 128.774 -154.321 6.35
      vertex 4.83241 -11.9607 6.35
    endloop
  endfacet
  facet normal 0 0 1
    outer loop
      vertex -23.8261 -30.496 6.35
      vertex 2.24005 -12.704 6.35
      vertex 1.3484 -12.8293 6.35
    endloop
  endfacet
  facet normal 0 0 1
    outer loop
      vertex -23.8261 -30.496 6.35
      vertex 3.12079 -12.5168 6.35
      vertex 2.24005 -12.704 6.35
    endloop
  endfacet
  facet normal 0 0 1
    outer loop
      vertex -23.8261 -30.496 6.35
      vertex 3.98631 -12.2686 6.35
      vertex 3.12079 -12.5168 6.35
    endloop
  endfacet
  facet normal 0 0 1
    outer loop
      vertex -23.8261 -30.496 6.35
      vertex 4.83241 -11.9607 6.35
      vertex 3.98631 -12.2686 6.35
    endloop
  endfacet
  facet normal 0 0 -1
    outer loop
      vertex -23.8261 30.496 0
      vertex -21.6408 32.0837 0
      vertex -7.94203 10.1653 0
    endloop
  endfacet
  facet normal -0.587782 0.809019 0
    outer loop
      vertex -23.8261 30.496 0
      vertex -21.6408 32.0837 6.35
      vertex -21.6408 32.0837 0
    endloop
  endfacet
  facet normal -0.587782 0.809019 0
    outer loop
      vertex -23.8261 30.496 0
      vertex -23.8261 30.496 6.35
      vertex -21.6408 32.0837 6.35
    endloop
  endfacet
  facet normal 0 0 1
    outer loop
      vertex -23.8261 30.496 6.35
      vertex -7.94203 10.1653 6.35
      vertex -21.6408 32.0837 6.35
    endloop
  endfacet
  facet normal -0.642795 -0.766038 0
    outer loop
      vertex -25.8953 -28.7597 0
      vertex -23.8261 -30.496 0
      vertex -25.8953 -28.7597 6.35
    endloop
  endfacet
  facet normal 0 0 -1
    outer loop
      vertex -25.8953 -28.7597 0
      vertex -7.94203 -10.1653 0
      vertex -23.8261 -30.496 0
    endloop
  endfacet
  facet normal 0 0 -1
    outer loop
      vertex -25.8953 -28.7597 0
      vertex -8.63177 -9.58656 0
      vertex -7.94203 -10.1653 0
    endloop
  endfacet
  facet normal 0 0 -1
    outer loop
      vertex -25.8953 -28.7597 0
      vertex -9.27948 -8.96109 0
      vertex -8.63177 -9.58656 0
    endloop
  endfacet
  facet normal -0.642795 -0.766038 0
    outer loop
      vertex -25.8953 -28.7597 6.35
      vertex -23.8261 -30.496 0
      vertex -23.8261 -30.496 6.35
    endloop
  endfacet
  facet normal 0 0 1
    outer loop
      vertex -25.8953 -28.7597 6.35
      vertex -23.8261 -30.496 6.35
      vertex -7.94203 -10.1653 6.35
    endloop
  endfacet
  facet normal 0 0 1
    outer loop
      vertex -25.8953 -28.7597 6.35
      vertex -7.94203 -10.1653 6.35
      vertex -8.63177 -9.58656 6.35
    endloop
  endfacet
  facet normal 0 0 1
    outer loop
      vertex -25.8953 -28.7597 6.35
      vertex -8.63177 -9.58656 6.35
      vertex -9.27948 -8.96109 6.35
    endloop
  endfacet
  facet normal 0 0 -1
    outer loop
      vertex -25.8953 28.7597 0
      vertex -23.8261 30.496 0
      vertex -7.94203 10.1653 0
    endloop
  endfacet
  facet normal -0.642795 0.766038 0
    outer loop
      vertex -25.8953 28.7597 0
      vertex -23.8261 30.496 6.35
      vertex -23.8261 30.496 0
    endloop
  endfacet
  facet normal -0.642795 0.766038 0
    outer loop
      vertex -25.8953 28.7597 0
      vertex -25.8953 28.7597 6.35
      vertex -23.8261 30.496 6.35
    endloop
  endfacet
  facet normal 0 0 -1
    outer loop
      vertex -25.8953 28.7597 0
      vertex -7.94203 10.1653 0
      vertex -8.63177 9.58656 0
    endloop
  endfacet
  facet normal 0 0 -1
    outer loop
      vertex -25.8953 28.7597 0
      vertex -8.63177 9.58656 0
      vertex -9.27948 8.96109 0
    endloop
  endfacet
  facet normal 0 0 1
    outer loop
      vertex -25.8953 28.7597 6.35
      vertex -7.94203 10.1653 6.35
      vertex -23.8261 30.496 6.35
    endloop
  endfacet
  facet normal 0 0 1
    outer loop
      vertex -25.8953 28.7597 6.35
      vertex -8.63177 9.58656 6.35
      vertex -7.94203 10.1653 6.35
    endloop
  endfacet
  facet normal 0 0 1
    outer loop
      vertex -25.8953 28.7597 6.35
      vertex -9.27948 8.96109 6.35
      vertex -8.63177 9.58656 6.35
    endloop
  endfacet
  facet normal -0.694653 -0.719345 0
    outer loop
      vertex -27.8384 -26.8833 0
      vertex -25.8953 -28.7597 0
      vertex -27.8384 -26.8833 6.35
    endloop
  endfacet
  facet normal 0 0 -1
    outer loop
      vertex -27.8384 -26.8833 0
      vertex -9.27948 -8.96109 0
      vertex -25.8953 -28.7597 0
    endloop
  endfacet
  facet normal -0.694653 -0.719345 0
    outer loop
      vertex -27.8384 -26.8833 6.35
      vertex -25.8953 -28.7597 0
      vertex -25.8953 -28.7597 6.35
    endloop
  endfacet
  facet normal 0 0 1
    outer loop
      vertex -27.8384 -26.8833 6.35
      vertex -25.8953 -28.7597 6.35
      vertex -9.27948 -8.96109 6.35
    endloop
  endfacet
  facet normal 0 0 -1
    outer loop
      vertex -27.8384 26.8833 0
      vertex -25.8953 28.7597 0
      vertex -9.27948 8.96109 0
    endloop
  endfacet
  facet normal -0.694653 0.719345 0
    outer loop
      vertex -27.8384 26.8833 0
      vertex -25.8953 28.7597 6.35
      vertex -25.8953 28.7597 0
    endloop
  endfacet
  facet normal -0.694653 0.719345 0
    outer loop
      vertex -27.8384 26.8833 0
      vertex -27.8384 26.8833 6.35
      vertex -25.8953 28.7597 6.35
    endloop
  endfacet
  facet normal 0 0 1
    outer loop
      vertex -27.8384 26.8833 6.35
      vertex -9.27948 8.96109 6.35
      vertex -25.8953 28.7597 6.35
    endloop
  endfacet
  facet normal -0.74314 -0.669137 0
    outer loop
      vertex -29.6459 -24.8759 0
      vertex -27.8384 -26.8833 0
      vertex -29.6459 -24.8759 6.35
    endloop
  endfacet
  facet normal 0 0 -1
    outer loop
      vertex -29.6459 -24.8759 0
      vertex -9.27948 -8.96109 0
      vertex -27.8384 -26.8833 0
    endloop
  endfacet
  facet normal 0 0 -1
    outer loop
      vertex -29.6459 -24.8759 0
      vertex -9.88197 -8.29195 0
      vertex -9.27948 -8.96109 0
    endloop
  endfacet
  facet normal -0.74314 -0.669137 0
    outer loop
      vertex -29.6459 -24.8759 6.35
      vertex -27.8384 -26.8833 0
      vertex -27.8384 -26.8833 6.35
    endloop
  endfacet
  facet normal 0 0 1
    outer loop
      vertex -29.6459 -24.8759 6.35
      vertex -27.8384 -26.8833 6.35
      vertex -9.27948 -8.96109 6.35
    endloop
  endfacet
  facet normal 0 0 1
    outer loop
      vertex -29.6459 -24.8759 6.35
      vertex -9.27948 -8.96109 6.35
      vertex -9.88197 -8.29195 6.35
    endloop
  endfacet
  facet normal 0 0 -1
    outer loop
      vertex -29.6459 24.8759 0
      vertex -27.8384 26.8833 0
      vertex -9.27948 8.96109 0
    endloop
  endfacet
  facet normal -0.74314 0.669137 0
    outer loop
      vertex -29.6459 24.8759 0
      vertex -27.8384 26.8833 6.35
      vertex -27.8384 26.8833 0
    endloop
  endfacet
  facet normal -0.74314 0.669137 0
    outer loop
      vertex -29.6459 24.8759 0
      vertex -29.6459 24.8759 6.35
      vertex -27.8384 26.8833 6.35
    endloop
  endfacet
  facet normal 0 0 -1
    outer loop
      vertex -29.6459 24.8759 0
      vertex -9.27948 8.96109 0
      vertex -9.88197 8.29195 0
    endloop
  endfacet
  facet normal 0 0 1
    outer loop
      vertex -29.6459 24.8759 6.35
      vertex -9.27948 8.96109 6.35
      vertex -27.8384 26.8833 6.35
    endloop
  endfacet
  facet normal 0 0 1
    outer loop
      vertex -29.6459 24.8759 6.35
      vertex -9.88197 8.29195 6.35
      vertex -9.27948 8.96109 6.35
    endloop
  endfacet
  facet normal 0.207904 0.978149 0
    outer loop
      vertex -3.12079 -12.5168 0
      vertex -3.12079 -12.5168 6.35
      vertex -2.24005 -12.704 0
    endloop
  endfacet
  facet normal 0.207904 0.978149 0
    outer loop
      vertex -3.12079 -12.5168 6.35
      vertex -2.24005 -12.704 6.35
      vertex -2.24005 -12.704 0
    endloop
  endfacet
  facet normal 0.207904 -0.978149 0
    outer loop
      vertex -3.12079 12.5168 0
      vertex -2.24005 12.704 0
      vertex -2.24005 12.704 6.35
    endloop
  endfacet
  facet normal 0.207904 -0.978149 0
    outer loop
      vertex -3.12079 12.5168 0
      vertex -2.24005 12.704 6.35
      vertex -3.12079 12.5168 6.35
    endloop
  endfacet
  facet normal 0.275654 0.961257 0
    outer loop
      vertex -3.98631 -12.2686 0
      vertex -3.98631 -12.2686 6.35
      vertex -3.12079 -12.5168 0
    endloop
  endfacet
  facet normal 0.275654 0.961257 0
    outer loop
      vertex -3.98631 -12.2686 6.35
      vertex -3.12079 -12.5168 6.35
      vertex -3.12079 -12.5168 0
    endloop
  endfacet
  facet normal 0.275654 -0.961257 0
    outer loop
      vertex -3.98631 12.2686 0
      vertex -3.12079 12.5168 0
      vertex -3.12079 12.5168 6.35
    endloop
  endfacet
  facet normal 0.275654 -0.961257 0
    outer loop
      vertex -3.98631 12.2686 0
      vertex -3.12079 12.5168 6.35
      vertex -3.98631 12.2686 6.35
    endloop
  endfacet
  facet normal 0 0 -1
    outer loop
      vertex -31.3089 -22.7473 0
      vertex -10.4363 -7.58243 0
      vertex -9.88197 -8.29195 0
    endloop
  endfacet
  facet normal 0 0 -1
    outer loop
      vertex -31.3089 -22.7473 0
      vertex -10.9398 -6.83595 0
      vertex -10.4363 -7.58243 0
    endloop
  endfacet
  facet normal -0.788019 -0.615651 0
    outer loop
      vertex -31.3089 -22.7473 0
      vertex -29.6459 -24.8759 0
      vertex -31.3089 -22.7473 6.35
    endloop
  endfacet
  facet normal 0 0 -1
    outer loop
      vertex -31.3089 -22.7473 0
      vertex -9.88197 -8.29195 0
      vertex -29.6459 -24.8759 0
    endloop
  endfacet
  facet normal 0 0 1
    outer loop
      vertex -31.3089 -22.7473 6.35
      vertex -10.4363 -7.58243 6.35
      vertex -10.9398 -6.83595 6.35
    endloop
  endfacet
  facet normal -0.788019 -0.615651 0
    outer loop
      vertex -31.3089 -22.7473 6.35
      vertex -29.6459 -24.8759 0
      vertex -29.6459 -24.8759 6.35
    endloop
  endfacet
  facet normal 0 0 1
    outer loop
      vertex -31.3089 -22.7473 6.35
      vertex -29.6459 -24.8759 6.35
      vertex -9.88197 -8.29195 6.35
    endloop
  endfacet
  facet normal 0 0 1
    outer loop
      vertex -31.3089 -22.7473 6.35
      vertex -9.88197 -8.29195 6.35
      vertex -10.4363 -7.58243 6.35
    endloop
  endfacet
  facet normal 0 0 -1
    outer loop
      vertex -31.3089 22.7473 0
      vertex -10.4363 7.58243 0
      vertex -10.9398 6.83595 0
    endloop
  endfacet
  facet normal 0 0 -1
    outer loop
      vertex -31.3089 22.7473 0
      vertex -29.6459 24.8759 0
      vertex -9.88197 8.29195 0
    endloop
  endfacet
  facet normal -0.788019 0.615651 0
    outer loop
      vertex -31.3089 22.7473 0
      vertex -29.6459 24.8759 6.35
      vertex -29.6459 24.8759 0
    endloop
  endfacet
  facet normal -0.788019 0.615651 0
    outer loop
      vertex -31.3089 22.7473 0
      vertex -31.3089 22.7473 6.35
      vertex -29.6459 24.8759 6.35
    endloop
  endfacet
  facet normal 0 0 -1
    outer loop
      vertex -31.3089 22.7473 0
      vertex -9.88197 8.29195 0
      vertex -10.4363 7.58243 0
    endloop
  endfacet
  facet normal 0 0 1
    outer loop
      vertex -31.3089 22.7473 6.35
      vertex -10.4363 7.58243 6.35
      vertex -9.88197 8.29195 6.35
    endloop
  endfacet
  facet normal 0 0 1
    outer loop
      vertex -31.3089 22.7473 6.35
      vertex -10.9398 6.83595 6.35
      vertex -10.4363 7.58243 6.35
    endloop
  endfacet
  facet normal 0 0 1
    outer loop
      vertex -31.3089 22.7473 6.35
      vertex -9.88197 8.29195 6.35
      vertex -29.6459 24.8759 6.35
    endloop
  endfacet
  facet normal 0 0 -1
    outer loop
      vertex -32.8195 -20.5079 0
      vertex -10.9398 -6.83595 0
      vertex -31.3089 -22.7473 0
    endloop
  endfacet
  facet normal -0.829019 -0.55922 0
    outer loop
      vertex -32.8195 -20.5079 0
      vertex -31.3089 -22.7473 0
      vertex -32.8195 -20.5079 6.35
    endloop
  endfacet
  facet normal -0.829019 -0.55922 0
    outer loop
      vertex -32.8195 -20.5079 6.35
      vertex -31.3089 -22.7473 0
      vertex -31.3089 -22.7473 6.35
    endloop
  endfacet
  facet normal 0 0 1
    outer loop
      vertex -32.8195 -20.5079 6.35
      vertex -31.3089 -22.7473 6.35
      vertex -10.9398 -6.83595 6.35
    endloop
  endfacet
  facet normal 0 0 -1
    outer loop
      vertex -32.8195 20.5079 0
      vertex -31.3089 22.7473 0
      vertex -10.9398 6.83595 0
    endloop
  endfacet
  facet normal -0.829019 0.55922 0
    outer loop
      vertex -32.8195 20.5079 0
      vertex -31.3089 22.7473 6.35
      vertex -31.3089 22.7473 0
    endloop
  endfacet
  facet normal -0.829019 0.55922 0
    outer loop
      vertex -32.8195 20.5079 0
      vertex -32.8195 20.5079 6.35
      vertex -31.3089 22.7473 6.35
    endloop
  endfacet
  facet normal 0 0 1
    outer loop
      vertex -32.8195 20.5079 6.35
      vertex -10.9398 6.83595 6.35
      vertex -31.3089 22.7473 6.35
    endloop
  endfacet
  facet normal 0 0 -1
    outer loop
      vertex -34.1701 -18.1685 0
      vertex -10.9398 -6.83595 0
      vertex -32.8195 -20.5079 0
    endloop
  endfacet
  facet normal 0 0 -1
    outer loop
      vertex -34.1701 -18.1685 0
      vertex -11.39 -6.05618 0
      vertex -10.9398 -6.83595 0
    endloop
  endfacet
  facet normal 0 0 -1
    outer loop
      vertex -34.1701 -18.1685 0
      vertex -11.7847 -5.2469 0
      vertex -11.39 -6.05618 0
    endloop
  endfacet
  facet normal -0.866034 -0.499985 0
    outer loop
      vertex -34.1701 -18.1685 0
      vertex -32.8195 -20.5079 0
      vertex -34.1701 -18.1685 6.35
    endloop
  endfacet
  facet normal 0 0 1
    outer loop
      vertex -34.1701 -18.1685 6.35
      vertex -10.9398 -6.83595 6.35
      vertex -11.39 -6.05618 6.35
    endloop
  endfacet
  facet normal 0 0 1
    outer loop
      vertex -34.1701 -18.1685 6.35
      vertex -11.39 -6.05618 6.35
      vertex -11.7847 -5.2469 6.35
    endloop
  endfacet
  facet normal -0.866034 -0.499985 0
    outer loop
      vertex -34.1701 -18.1685 6.35
      vertex -32.8195 -20.5079 0
      vertex -32.8195 -20.5079 6.35
    endloop
  endfacet
  facet normal 0 0 1
    outer loop
      vertex -34.1701 -18.1685 6.35
      vertex -32.8195 -20.5079 6.35
      vertex -10.9398 -6.83595 6.35
    endloop
  endfacet
  facet normal 0 0 -1
    outer loop
      vertex -34.1701 18.1685 0
      vertex -10.9398 6.83595 0
      vertex -11.39 6.05618 0
    endloop
  endfacet
  facet normal 0 0 -1
    outer loop
      vertex -34.1701 18.1685 0
      vertex -11.39 6.05618 0
      vertex -11.7847 5.2469 0
    endloop
  endfacet
  facet normal 0 0 -1
    outer loop
      vertex -34.1701 18.1685 0
      vertex -32.8195 20.5079 0
      vertex -10.9398 6.83595 0
    endloop
  endfacet
  facet normal -0.866034 0.499985 0
    outer loop
      vertex -34.1701 18.1685 0
      vertex -32.8195 20.5079 6.35
      vertex -32.8195 20.5079 0
    endloop
  endfacet
  facet normal -0.866034 0.499985 0
    outer loop
      vertex -34.1701 18.1685 0
      vertex -34.1701 18.1685 6.35
      vertex -32.8195 20.5079 6.35
    endloop
  endfacet
  facet normal 0 0 1
    outer loop
      vertex -34.1701 18.1685 6.35
      vertex -10.9398 6.83595 6.35
      vertex -32.8195 20.5079 6.35
    endloop
  endfacet
  facet normal 0 0 1
    outer loop
      vertex -34.1701 18.1685 6.35
      vertex -11.39 6.05618 6.35
      vertex -10.9398 6.83595 6.35
    endloop
  endfacet
  facet normal 0 0 1
    outer loop
      vertex -34.1701 18.1685 6.35
      vertex -11.7847 5.2469 6.35
      vertex -11.39 6.05618 6.35
    endloop
  endfacet
  facet normal 0 0 -1
    outer loop
      vertex -35.3542 -15.7407 0
      vertex -11.7847 -5.2469 0
      vertex -34.1701 -18.1685 0
    endloop
  endfacet
  facet normal -0.898797 -0.438366 0
    outer loop
      vertex -35.3542 -15.7407 0
      vertex -34.1701 -18.1685 0
      vertex -35.3542 -15.7407 6.35
    endloop
  endfacet
  facet normal -0.898797 -0.438366 0
    outer loop
      vertex -35.3542 -15.7407 6.35
      vertex -34.1701 -18.1685 0
      vertex -34.1701 -18.1685 6.35
    endloop
  endfacet
  facet normal 0 0 1
    outer loop
      vertex -35.3542 -15.7407 6.35
      vertex -34.1701 -18.1685 6.35
      vertex -11.7847 -5.2469 6.35
    endloop
  endfacet
  facet normal 0 0 -1
    outer loop
      vertex -35.3542 15.7407 0
      vertex -34.1701 18.1685 0
      vertex -11.7847 5.2469 0
    endloop
  endfacet
  facet normal -0.898797 0.438366 0
    outer loop
      vertex -35.3542 15.7407 0
      vertex -34.1701 18.1685 6.35
      vertex -34.1701 18.1685 0
    endloop
  endfacet
  facet normal -0.898797 0.438366 0
    outer loop
      vertex -35.3542 15.7407 0
      vertex -35.3542 15.7407 6.35
      vertex -34.1701 18.1685 6.35
    endloop
  endfacet
  facet normal 0 0 1
    outer loop
      vertex -35.3542 15.7407 6.35
      vertex -11.7847 5.2469 6.35
      vertex -34.1701 18.1685 6.35
    endloop
  endfacet
  facet normal 0 0 -1
    outer loop
      vertex -36.3661 -13.2362 0
      vertex -11.7847 -5.2469 0
      vertex -35.3542 -15.7407 0
    endloop
  endfacet
  facet normal 0 0 -1
    outer loop
      vertex -36.3661 -13.2362 0
      vertex -12.122 -4.41205 0
      vertex -11.7847 -5.2469 0
    endloop
  endfacet
  facet normal 0 0 -1
    outer loop
      vertex -36.3661 -13.2362 0
      vertex -12.4003 -3.55571 0
      vertex -12.122 -4.41205 0
    endloop
  endfacet
  facet normal -0.927182 -0.374612 0
    outer loop
      vertex -36.3661 -13.2362 0
      vertex -35.3542 -15.7407 0
      vertex -36.3661 -13.2362 6.35
    endloop
  endfacet
  facet normal 0 0 1
    outer loop
      vertex -36.3661 -13.2362 6.35
      vertex -11.7847 -5.2469 6.35
      vertex -12.122 -4.41205 6.35
    endloop
  endfacet
  facet normal 0 0 1
    outer loop
      vertex -36.3661 -13.2362 6.35
      vertex -12.122 -4.41205 6.35
      vertex -12.4003 -3.55571 6.35
    endloop
  endfacet
  facet normal -0.927182 -0.374612 0
    outer loop
      vertex -36.3661 -13.2362 6.35
      vertex -35.3542 -15.7407 0
      vertex -35.3542 -15.7407 6.35
    endloop
  endfacet
  facet normal 0 0 1
    outer loop
      vertex -36.3661 -13.2362 6.35
      vertex -35.3542 -15.7407 6.35
      vertex -11.7847 -5.2469 6.35
    endloop
  endfacet
  facet normal 0 0 -1
    outer loop
      vertex -36.3661 13.2362 0
      vertex -11.7847 5.2469 0
      vertex -12.122 4.41205 0
    endloop
  endfacet
  facet normal 0 0 -1
    outer loop
      vertex -36.3661 13.2362 0
      vertex -12.122 4.41205 0
      vertex -12.4003 3.55571 0
    endloop
  endfacet
  facet normal 0 0 -1
    outer loop
      vertex -36.3661 13.2362 0
      vertex -35.3542 15.7407 0
      vertex -11.7847 5.2469 0
    endloop
  endfacet
  facet normal -0.927182 0.374612 0
    outer loop
      vertex -36.3661 13.2362 0
      vertex -35.3542 15.7407 6.35
      vertex -35.3542 15.7407 0
    endloop
  endfacet
  facet normal -0.927182 0.374612 0
    outer loop
      vertex -36.3661 13.2362 0
      vertex -36.3661 13.2362 6.35
      vertex -35.3542 15.7407 6.35
    endloop
  endfacet
  facet normal 0 0 1
    outer loop
      vertex -36.3661 13.2362 6.35
      vertex -11.7847 5.2469 6.35
      vertex -35.3542 15.7407 6.35
    endloop
  endfacet
  facet normal 0 0 1
    outer loop
      vertex -36.3661 13.2362 6.35
      vertex -12.122 4.41205 6.35
      vertex -11.7847 5.2469 6.35
    endloop
  endfacet
  facet normal 0 0 1
    outer loop
      vertex -36.3661 13.2362 6.35
      vertex -12.4003 3.55571 6.35
      vertex -12.122 4.41205 6.35
    endloop
  endfacet
  facet normal 0 0 -1
    outer loop
      vertex -37.2008 -10.6672 0
      vertex -12.4003 -3.55571 0
      vertex -36.3661 -13.2362 0
    endloop
  endfacet
  facet normal 0 0 -1
    outer loop
      vertex -37.2008 -10.6672 0
      vertex -12.6181 -2.68205 0
      vertex -12.4003 -3.55571 0
    endloop
  endfacet
  facet normal -0.951059 -0.309011 0
    outer loop
      vertex -37.2008 -10.6672 0
      vertex -36.3661 -13.2362 0
      vertex -37.2008 -10.6672 6.35
    endloop
  endfacet
  facet normal 0 0 1
    outer loop
      vertex -37.2008 -10.6672 6.35
      vertex -12.4003 -3.55571 6.35
      vertex -12.6181 -2.68205 6.35
    endloop
  endfacet
  facet normal -0.951059 -0.309011 0
    outer loop
      vertex -37.2008 -10.6672 6.35
      vertex -36.3661 -13.2362 0
      vertex -36.3661 -13.2362 6.35
    endloop
  endfacet
  facet normal 0 0 1
    outer loop
      vertex -37.2008 -10.6672 6.35
      vertex -36.3661 -13.2362 6.35
      vertex -12.4003 -3.55571 6.35
    endloop
  endfacet
  facet normal 0 0 -1
    outer loop
      vertex -37.2008 10.6672 0
      vertex -12.4003 3.55571 0
      vertex -12.6181 2.68205 0
    endloop
  endfacet
  facet normal 0 0 -1
    outer loop
      vertex -37.2008 10.6672 0
      vertex -36.3661 13.2362 0
      vertex -12.4003 3.55571 0
    endloop
  endfacet
  facet normal -0.951059 0.309011 0
    outer loop
      vertex -37.2008 10.6672 0
      vertex -36.3661 13.2362 6.35
      vertex -36.3661 13.2362 0
    endloop
  endfacet
  facet normal -0.951059 0.309011 0
    outer loop
      vertex -37.2008 10.6672 0
      vertex -37.2008 10.6672 6.35
      vertex -36.3661 13.2362 6.35
    endloop
  endfacet
  facet normal 0 0 1
    outer loop
      vertex -37.2008 10.6672 6.35
      vertex -12.4003 3.55571 6.35
      vertex -36.3661 13.2362 6.35
    endloop
  endfacet
  facet normal 0 0 1
    outer loop
      vertex -37.2008 10.6672 6.35
      vertex -12.6181 2.68205 6.35
      vertex -12.4003 3.55571 6.35
    endloop
  endfacet
  facet normal 0 0 -1
    outer loop
      vertex -37.8543 -8.04617 0
      vertex -12.6181 -2.68205 0
      vertex -37.2008 -10.6672 0
    endloop
  endfacet
  facet normal -0.970295 -0.241923 0
    outer loop
      vertex -37.8543 -8.04617 0
      vertex -37.2008 -10.6672 0
      vertex -37.8543 -8.04617 6.35
    endloop
  endfacet
  facet normal -0.970295 -0.241923 0
    outer loop
      vertex -37.8543 -8.04617 6.35
      vertex -37.2008 -10.6672 0
      vertex -37.2008 -10.6672 6.35
    endloop
  endfacet
  facet normal 0 0 1
    outer loop
      vertex -37.8543 -8.04617 6.35
      vertex -37.2008 -10.6672 6.35
      vertex -12.6181 -2.68205 6.35
    endloop
  endfacet
  facet normal 0 0 -1
    outer loop
      vertex -37.8543 8.04617 0
      vertex -37.2008 10.6672 0
      vertex -12.6181 2.68205 0
    endloop
  endfacet
  facet normal -0.970295 0.241923 0
    outer loop
      vertex -37.8543 8.04617 0
      vertex -37.2008 10.6672 6.35
      vertex -37.2008 10.6672 0
    endloop
  endfacet
  facet normal -0.970295 0.241923 0
    outer loop
      vertex -37.8543 8.04617 0
      vertex -37.8543 8.04617 6.35
      vertex -37.2008 10.6672 6.35
    endloop
  endfacet
  facet normal 0 0 1
    outer loop
      vertex -37.8543 8.04617 6.35
      vertex -12.6181 2.68205 6.35
      vertex -37.2008 10.6672 6.35
    endloop
  endfacet
  facet normal 0 0 -1
    outer loop
      vertex -38.3234 -5.38599 0
      vertex -12.6181 -2.68205 0
      vertex -37.8543 -8.04617 0
    endloop
  endfacet
  facet normal 0 0 -1
    outer loop
      vertex -38.3234 -5.38599 0
      vertex -12.7744 -1.79532 0
      vertex -12.6181 -2.68205 0
    endloop
  endfacet
  facet normal 0 0 -1
    outer loop
      vertex -38.3234 -5.38599 0
      vertex -12.8686 -0.899857 0
      vertex -12.7744 -1.79532 0
    endloop
  endfacet
  facet normal -0.984805 -0.173662 0
    outer loop
      vertex -38.3234 -5.38599 0
      vertex -37.8543 -8.04617 0
      vertex -38.3234 -5.38599 6.35
    endloop
  endfacet
  facet normal 0 0 1
    outer loop
      vertex -38.3234 -5.38599 6.35
      vertex -12.6181 -2.68205 6.35
      vertex -12.7744 -1.79532 6.35
    endloop
  endfacet
  facet normal 0 0 1
    outer loop
      vertex -38.3234 -5.38599 6.35
      vertex -12.7744 -1.79532 6.35
      vertex -12.8686 -0.899857 6.35
    endloop
  endfacet
  facet normal -0.984805 -0.173662 0
    outer loop
      vertex -38.3234 -5.38599 6.35
      vertex -37.8543 -8.04617 0
      vertex -37.8543 -8.04617 6.35
    endloop
  endfacet
  facet normal 0 0 1
    outer loop
      vertex -38.3234 -5.38599 6.35
      vertex -37.8543 -8.04617 6.35
      vertex -12.6181 -2.68205 6.35
    endloop
  endfacet
  facet normal 0 0 -1
    outer loop
      vertex -38.3234 5.38599 0
      vertex -12.6181 2.68205 0
      vertex -12.7744 1.79532 0
    endloop
  endfacet
  facet normal 0 0 -1
    outer loop
      vertex -38.3234 5.38599 0
      vertex -12.7744 1.79532 0
      vertex -12.8686 0.899857 0
    endloop
  endfacet
  facet normal 0 0 -1
    outer loop
      vertex -38.3234 5.38599 0
      vertex -37.8543 8.04617 0
      vertex -12.6181 2.68205 0
    endloop
  endfacet
  facet normal -0.984805 0.173662 0
    outer loop
      vertex -38.3234 5.38599 0
      vertex -37.8543 8.04617 6.35
      vertex -37.8543 8.04617 0
    endloop
  endfacet
  facet normal -0.984805 0.173662 0
    outer loop
      vertex -38.3234 5.38599 0
      vertex -38.3234 5.38599 6.35
      vertex -37.8543 8.04617 6.35
    endloop
  endfacet
  facet normal 0 0 1
    outer loop
      vertex -38.3234 5.38599 6.35
      vertex -12.6181 2.68205 6.35
      vertex -37.8543 8.04617 6.35
    endloop
  endfacet
  facet normal 0 0 1
    outer loop
      vertex -38.3234 5.38599 6.35
      vertex -12.7744 1.79532 6.35
      vertex -12.6181 2.68205 6.35
    endloop
  endfacet
  facet normal 0 0 1
    outer loop
      vertex -38.3234 5.38599 6.35
      vertex -12.8686 0.899857 6.35
      vertex -12.7744 1.79532 6.35
    endloop
  endfacet
  facet normal 0 0 -1
    outer loop
      vertex -38.6057 -2.69957 0
      vertex -12.8686 -0.899857 0
      vertex -38.3234 -5.38599 0
    endloop
  endfacet
  facet normal -0.994524 -0.104509 0
    outer loop
      vertex -38.6057 -2.69957 0
      vertex -38.3234 -5.38599 0
      vertex -38.6057 -2.69957 6.35
    endloop
  endfacet
  facet normal -0.994524 -0.104509 0
    outer loop
      vertex -38.6057 -2.69957 6.35
      vertex -38.3234 -5.38599 0
      vertex -38.3234 -5.38599 6.35
    endloop
  endfacet
  facet normal 0 0 1
    outer loop
      vertex -38.6057 -2.69957 6.35
      vertex -38.3234 -5.38599 6.35
      vertex -12.8686 -0.899857 6.35
    endloop
  endfacet
  facet normal 0 0 -1
    outer loop
      vertex -38.6057 2.69957 0
      vertex -38.3234 5.38599 0
      vertex -12.8686 0.899857 0
    endloop
  endfacet
  facet normal -0.994524 0.104509 0
    outer loop
      vertex -38.6057 2.69957 0
      vertex -38.3234 5.38599 6.35
      vertex -38.3234 5.38599 0
    endloop
  endfacet
  facet normal -0.994524 0.104509 0
    outer loop
      vertex -38.6057 2.69957 0
      vertex -38.6057 2.69957 6.35
      vertex -38.3234 5.38599 6.35
    endloop
  endfacet
  facet normal 0 0 1
    outer loop
      vertex -38.6057 2.69957 6.35
      vertex -12.8686 0.899857 6.35
      vertex -38.3234 5.38599 6.35
    endloop
  endfacet
  facet normal 0 0 -1
    outer loop
      vertex -38.7 0 0
      vertex -12.8686 -0.899857 0
      vertex -38.6057 -2.69957 0
    endloop
  endfacet
  facet normal 0 0 -1
    outer loop
      vertex -38.7 0 0
      vertex -12.8686 0.899857 0
      vertex -12.9 0 0
    endloop
  endfacet
  facet normal 0 0 -1
    outer loop
      vertex -38.7 0 0
      vertex -12.9 0 0
      vertex -12.8686 -0.899857 0
    endloop
  endfacet
  facet normal -0.99939 -0.0349102 0
    outer loop
      vertex -38.7 0 0
      vertex -38.6057 -2.69957 0
      vertex -38.7 0 6.35
    endloop
  endfacet
  facet normal 0 0 -1
    outer loop
      vertex -38.7 0 0
      vertex -38.6057 2.69957 0
      vertex -12.8686 0.899857 0
    endloop
  endfacet
  facet normal -0.99939 0.0349102 0
    outer loop
      vertex -38.7 0 0
      vertex -38.6057 2.69957 6.35
      vertex -38.6057 2.69957 0
    endloop
  endfacet
  facet normal -0.99939 0.0349102 0
    outer loop
      vertex -38.7 0 0
      vertex -38.7 0 6.35
      vertex -38.6057 2.69957 6.35
    endloop
  endfacet
  facet normal 0 0 1
    outer loop
      vertex -38.7 0 6.35
      vertex -12.8686 -0.899857 6.35
      vertex -12.9 0 6.35
    endloop
  endfacet
  facet normal 0 0 1
    outer loop
      vertex -38.7 0 6.35
      vertex -12.8686 0.899857 6.35
      vertex -38.6057 2.69957 6.35
    endloop
  endfacet
  facet normal 0 0 1
    outer loop
      vertex -38.7 0 6.35
      vertex -12.9 0 6.35
      vertex -12.8686 0.899857 6.35
    endloop
  endfacet
  facet normal -0.99939 -0.0349102 0
    outer loop
      vertex -38.7 0 6.35
      vertex -38.6057 -2.69957 0
      vertex -38.6057 -2.69957 6.35
    endloop
  endfacet
  facet normal 0 0 1
    outer loop
      vertex -38.7 0 6.35
      vertex -38.6057 -2.69957 6.35
      vertex -12.8686 -0.899857 6.35
    endloop
  endfacet
  facet normal 0 0 -1
    outer loop
      vertex -4.04524 38.488 0
      vertex -1.3506 38.6764 0
      vertex -1.3484 12.8293 0
    endloop
  endfacet
  facet normal -0.0697463 0.997565 0
    outer loop
      vertex -4.04524 38.488 0
      vertex -1.3506 38.6764 6.35
      vertex -1.3506 38.6764 0
    endloop
  endfacet
  facet normal -0.0697463 0.997565 0
    outer loop
      vertex -4.04524 38.488 0
      vertex -4.04524 38.488 6.35
      vertex -1.3506 38.6764 6.35
    endloop
  endfacet
  facet normal 0 0 1
    outer loop
      vertex -4.04524 38.488 6.35
      vertex -1.3484 12.8293 6.35
      vertex -1.3506 38.6764 6.35
    endloop
  endfacet
  facet normal 0.341966 0.939712 0
    outer loop
      vertex -4.83241 -11.9607 0
      vertex -4.83241 -11.9607 6.35
      vertex -3.98631 -12.2686 0
    endloop
  endfacet
  facet normal 0.341966 0.939712 0
    outer loop
      vertex -4.83241 -11.9607 6.35
      vertex -3.98631 -12.2686 6.35
      vertex -3.98631 -12.2686 0
    endloop
  endfacet
  facet normal 0.341966 -0.939712 0
    outer loop
      vertex -4.83241 11.9607 0
      vertex -3.98631 12.2686 0
      vertex -3.98631 12.2686 6.35
    endloop
  endfacet
  facet normal 0.341966 -0.939712 0
    outer loop
      vertex -4.83241 11.9607 0
      vertex -3.98631 12.2686 6.35
      vertex -4.83241 11.9607 6.35
    endloop
  endfacet
  facet normal 0.4068 0.913517 0
    outer loop
      vertex -5.65498 -11.5944 0
      vertex -5.65498 -11.5944 6.35
      vertex -4.83241 -11.9607 0
    endloop
  endfacet
  facet normal 0.4068 0.913517 0
    outer loop
      vertex -5.65498 -11.5944 6.35
      vertex -4.83241 -11.9607 6.35
      vertex -4.83241 -11.9607 0
    endloop
  endfacet
  facet normal 0.4068 -0.913517 0
    outer loop
      vertex -5.65498 11.5944 0
      vertex -4.83241 11.9607 0
      vertex -4.83241 11.9607 6.35
    endloop
  endfacet
  facet normal 0.4068 -0.913517 0
    outer loop
      vertex -5.65498 11.5944 0
      vertex -4.83241 11.9607 6.35
      vertex -5.65498 11.5944 6.35
    endloop
  endfacet
  facet normal 0.469455 0.882957 0
    outer loop
      vertex -6.45 -11.1717 0
      vertex -6.45 -11.1717 6.35
      vertex -5.65498 -11.5944 0
    endloop
  endfacet
  facet normal 0.469455 0.882957 0
    outer loop
      vertex -6.45 -11.1717 6.35
      vertex -5.65498 -11.5944 6.35
      vertex -5.65498 -11.5944 0
    endloop
  endfacet
  facet normal 0.469455 -0.882957 0
    outer loop
      vertex -6.45 11.1717 0
      vertex -5.65498 11.5944 0
      vertex -5.65498 11.5944 6.35
    endloop
  endfacet
  facet normal 0.469455 -0.882957 0
    outer loop
      vertex -6.45 11.1717 0
      vertex -5.65498 11.5944 6.35
      vertex -6.45 11.1717 6.35
    endloop
  endfacet
  facet normal 0 0 -1
    outer loop
      vertex -6.72018 38.112 0
      vertex -1.3484 12.8293 0
      vertex -2.24005 12.704 0
    endloop
  endfacet
  facet normal 0 0 -1
    outer loop
      vertex -6.72018 38.112 0
      vertex -4.04524 38.488 0
      vertex -1.3484 12.8293 0
    endloop
  endfacet
  facet normal -0.139195 0.990265 0
    outer loop
      vertex -6.72018 38.112 0
      vertex -4.04524 38.488 6.35
      vertex -4.04524 38.488 0
    endloop
  endfacet
  facet normal -0.139195 0.990265 0
    outer loop
      vertex -6.72018 38.112 0
      vertex -6.72018 38.112 6.35
      vertex -4.04524 38.488 6.35
    endloop
  endfacet
  facet normal 0 0 1
    outer loop
      vertex -6.72018 38.112 6.35
      vertex -1.3484 12.8293 6.35
      vertex -4.04524 38.488 6.35
    endloop
  endfacet
  facet normal 0 0 1
    outer loop
      vertex -6.72018 38.112 6.35
      vertex -2.24005 12.704 6.35
      vertex -1.3484 12.8293 6.35
    endloop
  endfacet
  facet normal 0.529889 0.848067 0
    outer loop
      vertex -7.21358 -10.6946 0
      vertex -7.21358 -10.6946 6.35
      vertex -6.45 -11.1717 0
    endloop
  endfacet
  facet normal 0.529889 0.848067 0
    outer loop
      vertex -7.21358 -10.6946 6.35
      vertex -6.45 -11.1717 6.35
      vertex -6.45 -11.1717 0
    endloop
  endfacet
  facet normal 0.529889 -0.848067 0
    outer loop
      vertex -7.21358 10.6946 0
      vertex -6.45 11.1717 0
      vertex -6.45 11.1717 6.35
    endloop
  endfacet
  facet normal 0.529889 -0.848067 0
    outer loop
      vertex -7.21358 10.6946 0
      vertex -6.45 11.1717 6.35
      vertex -7.21358 10.6946 6.35
    endloop
  endfacet
  facet normal 0.587822 0.808991 0
    outer loop
      vertex -7.94203 -10.1653 0
      vertex -7.94203 -10.1653 6.35
      vertex -7.21358 -10.6946 0
    endloop
  endfacet
  facet normal 0.587822 0.808991 0
    outer loop
      vertex -7.94203 -10.1653 6.35
      vertex -7.21358 -10.6946 6.35
      vertex -7.21358 -10.6946 0
    endloop
  endfacet
  facet normal 0.587822 -0.808991 0
    outer loop
      vertex -7.94203 10.1653 0
      vertex -7.21358 10.6946 0
      vertex -7.21358 10.6946 6.35
    endloop
  endfacet
  facet normal 0.587822 -0.808991 0
    outer loop
      vertex -7.94203 10.1653 0
      vertex -7.21358 10.6946 6.35
      vertex -7.94203 10.1653 6.35
    endloop
  endfacet
  facet normal 0.642774 0.766056 0
    outer loop
      vertex -8.63177 -9.58656 0
      vertex -8.63177 -9.58656 6.35
      vertex -7.94203 -10.1653 0
    endloop
  endfacet
  facet normal 0.642774 0.766056 0
    outer loop
      vertex -8.63177 -9.58656 6.35
      vertex -7.94203 -10.1653 6.35
      vertex -7.94203 -10.1653 0
    endloop
  endfacet
  facet normal 0.642774 -0.766056 0
    outer loop
      vertex -8.63177 9.58656 0
      vertex -7.94203 10.1653 0
      vertex -7.94203 10.1653 6.35
    endloop
  endfacet
  facet normal 0.642774 -0.766056 0
    outer loop
      vertex -8.63177 9.58656 0
      vertex -7.94203 10.1653 6.35
      vertex -8.63177 9.58656 6.35
    endloop
  endfacet
  facet normal 0.694649 0.719349 0
    outer loop
      vertex -9.27948 -8.96109 0
      vertex -9.27948 -8.96109 6.35
      vertex -8.63177 -9.58656 0
    endloop
  endfacet
  facet normal 0.694649 0.719349 0
    outer loop
      vertex -9.27948 -8.96109 6.35
      vertex -8.63177 -9.58656 6.35
      vertex -8.63177 -9.58656 0
    endloop
  endfacet
  facet normal 0.694649 -0.719349 0
    outer loop
      vertex -9.27948 8.96109 0
      vertex -8.63177 9.58656 0
      vertex -8.63177 9.58656 6.35
    endloop
  endfacet
  facet normal 0.694649 -0.719349 0
    outer loop
      vertex -9.27948 8.96109 0
      vertex -8.63177 9.58656 6.35
      vertex -9.27948 8.96109 6.35
    endloop
  endfacet
  facet normal 0 0 -1
    outer loop
      vertex -9.36237 37.5504 0
      vertex -2.24005 12.704 0
      vertex -3.12079 12.5168 0
    endloop
  endfacet
  facet normal 0 0 -1
    outer loop
      vertex -9.36237 37.5504 0
      vertex -3.12079 12.5168 0
      vertex -3.98631 12.2686 0
    endloop
  endfacet
  facet normal 0 0 -1
    outer loop
      vertex -9.36237 37.5504 0
      vertex -6.72018 38.112 0
      vertex -2.24005 12.704 0
    endloop
  endfacet
  facet normal -0.207906 0.978149 0
    outer loop
      vertex -9.36237 37.5504 0
      vertex -6.72018 38.112 6.35
      vertex -6.72018 38.112 0
    endloop
  endfacet
  facet normal -0.207906 0.978149 0
    outer loop
      vertex -9.36237 37.5504 0
      vertex -9.36237 37.5504 6.35
      vertex -6.72018 38.112 6.35
    endloop
  endfacet
  facet normal 0 0 1
    outer loop
      vertex -9.36237 37.5504 6.35
      vertex -2.24005 12.704 6.35
      vertex -6.72018 38.112 6.35
    endloop
  endfacet
  facet normal 0 0 1
    outer loop
      vertex -9.36237 37.5504 6.35
      vertex -3.12079 12.5168 6.35
      vertex -2.24005 12.704 6.35
    endloop
  endfacet
  facet normal 0 0 1
    outer loop
      vertex -9.36237 37.5504 6.35
      vertex -3.98631 12.2686 6.35
      vertex -3.12079 12.5168 6.35
    endloop
  endfacet
  facet normal 0.743148 0.669127 0
    outer loop
      vertex -9.88197 -8.29195 0
      vertex -9.88197 -8.29195 6.35
      vertex -9.27948 -8.96109 0
    endloop
  endfacet
  facet normal 0.743148 0.669127 0
    outer loop
      vertex -9.88197 -8.29195 6.35
      vertex -9.27948 -8.96109 6.35
      vertex -9.27948 -8.96109 0
    endloop
  endfacet
  facet normal 0.743148 -0.669127 0
    outer loop
      vertex -9.88197 8.29195 0
      vertex -9.27948 8.96109 0
      vertex -9.27948 8.96109 6.35
    endloop
  endfacet
  facet normal 0.743148 -0.669127 0
    outer loop
      vertex -9.88197 8.29195 0
      vertex -9.27948 8.96109 6.35
      vertex -9.88197 8.29195 6.35
    endloop
  endfacet
  facet normal -0.069747 0.997565 0
    outer loop
      vertex 0.450195 -12.8921 0
      vertex 0.450195 -12.8921 6.35
      vertex 1.3484 -12.8293 0
    endloop
  endfacet
  facet normal -0.069747 0.997565 0
    outer loop
      vertex 0.450195 -12.8921 6.35
      vertex 1.3484 -12.8293 6.35
      vertex 1.3484 -12.8293 0
    endloop
  endfacet
  facet normal -0.069747 -0.997565 0
    outer loop
      vertex 0.450195 12.8921 0
      vertex 1.3484 12.8293 0
      vertex 1.3484 12.8293 6.35
    endloop
  endfacet
  facet normal -0.069747 -0.997565 0
    outer loop
      vertex 0.450195 12.8921 0
      vertex 1.3484 12.8293 6.35
      vertex 0.450195 12.8921 6.35
    endloop
  endfacet
  facet normal 0 0 -1
    outer loop
      vertex 0.450195 12.8921 0
      vertex 1.3506 38.6764 0
      vertex 1.3484 12.8293 0
    endloop
  endfacet
  facet normal 0 0 1
    outer loop
      vertex 0.450195 12.8921 6.35
      vertex 1.3484 12.8293 6.35
      vertex 1.3506 38.6764 6.35
    endloop
  endfacet
  facet normal -0.139159 0.99027 0
    outer loop
      vertex 1.3484 -12.8293 0
      vertex 1.3484 -12.8293 6.35
      vertex 2.24005 -12.704 0
    endloop
  endfacet
  facet normal -0.139159 0.99027 0
    outer loop
      vertex 1.3484 -12.8293 6.35
      vertex 2.24005 -12.704 6.35
      vertex 2.24005 -12.704 0
    endloop
  endfacet
  facet normal 0 0 -1
    outer loop
      vertex 1.3484 12.8293 0
      vertex 1.3506 38.6764 0
      vertex 4.04524 38.488 0
    endloop
  endfacet
  facet normal -0.139159 -0.99027 0
    outer loop
      vertex 1.3484 12.8293 0
      vertex 2.24005 12.704 0
      vertex 2.24005 12.704 6.35
    endloop
  endfacet
  facet normal -0.139159 -0.99027 0
    outer loop
      vertex 1.3484 12.8293 0
      vertex 2.24005 12.704 6.35
      vertex 1.3484 12.8293 6.35
    endloop
  endfacet
  facet normal 0 0 -1
    outer loop
      vertex 1.3484 12.8293 0
      vertex 4.04524 38.488 0
      vertex 6.72018 38.112 0
    endloop
  endfacet
  facet normal 0 0 -1
    outer loop
      vertex 1.3484 12.8293 0
      vertex 6.72018 38.112 0
      vertex 2.24005 12.704 0
    endloop
  endfacet
  facet normal 0 0 1
    outer loop
      vertex 1.3484 12.8293 6.35
      vertex 2.24005 12.704 6.35
      vertex 6.72018 38.112 6.35
    endloop
  endfacet
  facet normal 0 0 1
    outer loop
      vertex 1.3484 12.8293 6.35
      vertex 4.04524 38.488 6.35
      vertex 1.3506 38.6764 6.35
    endloop
  endfacet
  facet normal 0 0 1
    outer loop
      vertex 1.3484 12.8293 6.35
      vertex 6.72018 38.112 6.35
      vertex 4.04524 38.488 6.35
    endloop
  endfacet
  facet normal 0.0697463 0.997565 0
    outer loop
      vertex 1.3506 38.6764 0
      vertex 1.3506 38.6764 6.35
      vertex 4.04524 38.488 6.35
    endloop
  endfacet
  facet normal 0.0697463 0.997565 0
    outer loop
      vertex 1.3506 38.6764 0
      vertex 4.04524 38.488 6.35
      vertex 4.04524 38.488 0
    endloop
  endfacet
  facet normal -0.829041 0.559187 0
    outer loop
      vertex 10.4363 -7.58243 0
      vertex 10.4363 -7.58243 6.35
      vertex 10.9398 -6.83595 0
    endloop
  endfacet
  facet normal 0 0 -1
    outer loop
      vertex 10.4363 -7.58243 0
      vertex 10.9398 -6.83595 0
      vertex 145.604 -117.069 0
    endloop
  endfacet
  facet normal 0 0 -1
    outer loop
      vertex 10.4363 -7.58243 0
      vertex 145.604 -117.069 0
      vertex 145.15 -117.574 0
    endloop
  endfacet
  facet normal -0.829041 0.559187 0
    outer loop
      vertex 10.4363 -7.58243 6.35
      vertex 10.9398 -6.83595 6.35
      vertex 10.9398 -6.83595 0
    endloop
  endfacet
  facet normal 0 0 1
    outer loop
      vertex 10.4363 -7.58243 6.35
      vertex 145.15 -117.574 6.35
      vertex 145.604 -117.069 6.35
    endloop
  endfacet
  facet normal 0 0 1
    outer loop
      vertex 10.4363 -7.58243 6.35
      vertex 145.604 -117.069 6.35
      vertex 10.9398 -6.83595 6.35
    endloop
  endfacet
  facet normal -0.829041 -0.559187 0
    outer loop
      vertex 10.4363 7.58243 0
      vertex 10.9398 6.83595 0
      vertex 10.9398 6.83595 6.35
    endloop
  endfacet
  facet normal -0.829041 -0.559187 0
    outer loop
      vertex 10.4363 7.58243 0
      vertex 10.9398 6.83595 6.35
      vertex 10.4363 7.58243 6.35
    endloop
  endfacet
  facet normal 0 0 -1
    outer loop
      vertex 10.4363 7.58243 0
      vertex 23.8261 30.496 0
      vertex 10.9398 6.83595 0
    endloop
  endfacet
  facet normal 0 0 1
    outer loop
      vertex 10.4363 7.58243 6.35
      vertex 10.9398 6.83595 6.35
      vertex 23.8261 30.496 6.35
    endloop
  endfacet
  facet normal -0.866026 0.5 0
    outer loop
      vertex 10.9398 -6.83595 0
      vertex 10.9398 -6.83595 6.35
      vertex 11.39 -6.05618 0
    endloop
  endfacet
  facet normal 0 0 -1
    outer loop
      vertex 10.9398 -6.83595 0
      vertex 11.39 -6.05618 0
      vertex 146.093 -116.598 0
    endloop
  endfacet
  facet normal 0 0 -1
    outer loop
      vertex 10.9398 -6.83595 0
      vertex 146.093 -116.598 0
      vertex 145.604 -117.069 0
    endloop
  endfacet
  facet normal -0.866026 0.5 0
    outer loop
      vertex 10.9398 -6.83595 6.35
      vertex 11.39 -6.05618 6.35
      vertex 11.39 -6.05618 0
    endloop
  endfacet
  facet normal 0 0 1
    outer loop
      vertex 10.9398 -6.83595 6.35
      vertex 145.604 -117.069 6.35
      vertex 146.093 -116.598 6.35
    endloop
  endfacet
  facet normal 0 0 1
    outer loop
      vertex 10.9398 -6.83595 6.35
      vertex 146.093 -116.598 6.35
      vertex 11.39 -6.05618 6.35
    endloop
  endfacet
  facet normal -0.866026 -0.5 0
    outer loop
      vertex 10.9398 6.83595 0
      vertex 11.39 6.05618 0
      vertex 11.39 6.05618 6.35
    endloop
  endfacet
  facet normal -0.866026 -0.5 0
    outer loop
      vertex 10.9398 6.83595 0
      vertex 11.39 6.05618 6.35
      vertex 10.9398 6.83595 6.35
    endloop
  endfacet
  facet normal 0 0 -1
    outer loop
      vertex 10.9398 6.83595 0
      vertex 23.8261 30.496 0
      vertex 11.39 6.05618 0
    endloop
  endfacet
  facet normal 0 0 1
    outer loop
      vertex 10.9398 6.83595 6.35
      vertex 11.39 6.05618 6.35
      vertex 23.8261 30.496 6.35
    endloop
  endfacet
  facet normal -0.898799 0.43836 0
    outer loop
      vertex 11.39 -6.05618 0
      vertex 11.39 -6.05618 6.35
      vertex 11.7847 -5.2469 0
    endloop
  endfacet
  facet normal 0 0 -1
    outer loop
      vertex 11.39 -6.05618 0
      vertex 11.7847 -5.2469 0
      vertex 146.613 -116.162 0
    endloop
  endfacet
  facet normal 0 0 -1
    outer loop
      vertex 11.39 -6.05618 0
      vertex 146.613 -116.162 0
      vertex 146.093 -116.598 0
    endloop
  endfacet
  facet normal -0.898799 0.43836 0
    outer loop
      vertex 11.39 -6.05618 6.35
      vertex 11.7847 -5.2469 6.35
      vertex 11.7847 -5.2469 0
    endloop
  endfacet
  facet normal 0 0 1
    outer loop
      vertex 11.39 -6.05618 6.35
      vertex 146.093 -116.598 6.35
      vertex 146.613 -116.162 6.35
    endloop
  endfacet
  facet normal 0 0 1
    outer loop
      vertex 11.39 -6.05618 6.35
      vertex 146.613 -116.162 6.35
      vertex 11.7847 -5.2469 6.35
    endloop
  endfacet
  facet normal -0.898799 -0.43836 0
    outer loop
      vertex 11.39 6.05618 0
      vertex 11.7847 5.2469 0
      vertex 11.7847 5.2469 6.35
    endloop
  endfacet
  facet normal -0.898799 -0.43836 0
    outer loop
      vertex 11.39 6.05618 0
      vertex 11.7847 5.2469 6.35
      vertex 11.39 6.05618 6.35
    endloop
  endfacet
  facet normal 0 0 -1
    outer loop
      vertex 11.39 6.05618 0
      vertex 23.8261 30.496 0
      vertex 11.7847 5.2469 0
    endloop
  endfacet
  facet normal 0 0 1
    outer loop
      vertex 11.39 6.05618 6.35
      vertex 11.7847 5.2469 6.35
      vertex 23.8261 30.496 6.35
    endloop
  endfacet
  facet normal -0.927184 0.374605 0
    outer loop
      vertex 11.7847 -5.2469 0
      vertex 11.7847 -5.2469 6.35
      vertex 12.122 -4.41205 0
    endloop
  endfacet
  facet normal 0 0 -1
    outer loop
      vertex 11.7847 -5.2469 0
      vertex 12.122 -4.41205 0
      vertex 147.162 -115.763 0
    endloop
  endfacet
  facet normal 0 0 -1
    outer loop
      vertex 11.7847 -5.2469 0
      vertex 147.162 -115.763 0
      vertex 146.613 -116.162 0
    endloop
  endfacet
  facet normal -0.927184 0.374605 0
    outer loop
      vertex 11.7847 -5.2469 6.35
      vertex 12.122 -4.41205 6.35
      vertex 12.122 -4.41205 0
    endloop
  endfacet
  facet normal 0 0 1
    outer loop
      vertex 11.7847 -5.2469 6.35
      vertex 146.613 -116.162 6.35
      vertex 147.162 -115.763 6.35
    endloop
  endfacet
  facet normal 0 0 1
    outer loop
      vertex 11.7847 -5.2469 6.35
      vertex 147.162 -115.763 6.35
      vertex 12.122 -4.41205 6.35
    endloop
  endfacet
  facet normal -0.927184 -0.374605 0
    outer loop
      vertex 11.7847 5.2469 0
      vertex 12.122 4.41205 0
      vertex 12.122 4.41205 6.35
    endloop
  endfacet
  facet normal -0.927184 -0.374605 0
    outer loop
      vertex 11.7847 5.2469 0
      vertex 12.122 4.41205 6.35
      vertex 11.7847 5.2469 6.35
    endloop
  endfacet
  facet normal 0 0 -1
    outer loop
      vertex 11.7847 5.2469 0
      vertex 23.8261 30.496 0
      vertex 12.122 4.41205 0
    endloop
  endfacet
  facet normal 0 0 1
    outer loop
      vertex 11.7847 5.2469 6.35
      vertex 12.122 4.41205 6.35
      vertex 23.8261 30.496 6.35
    endloop
  endfacet
  facet normal 0.342031 0.939689 0
    outer loop
      vertex 11.959 36.8059 0
      vertex 11.959 36.8059 6.35
      vertex 14.4973 35.882 6.35
    endloop
  endfacet
  facet normal 0.342031 0.939689 0
    outer loop
      vertex 11.959 36.8059 0
      vertex 14.4973 35.882 6.35
      vertex 14.4973 35.882 0
    endloop
  endfacet
  facet normal -0.951037 0.309076 0
    outer loop
      vertex 12.122 -4.41205 0
      vertex 12.122 -4.41205 6.35
      vertex 12.4003 -3.55571 0
    endloop
  endfacet
  facet normal 0 0 -1
    outer loop
      vertex 12.122 -4.41205 0
      vertex 12.4003 -3.55571 0
      vertex 147.737 -115.403 0
    endloop
  endfacet
  facet normal 0 0 -1
    outer loop
      vertex 12.122 -4.41205 0
      vertex 147.737 -115.403 0
      vertex 147.162 -115.763 0
    endloop
  endfacet
  facet normal -0.951037 0.309076 0
    outer loop
      vertex 12.122 -4.41205 6.35
      vertex 12.4003 -3.55571 6.35
      vertex 12.4003 -3.55571 0
    endloop
  endfacet
  facet normal 0 0 1
    outer loop
      vertex 12.122 -4.41205 6.35
      vertex 147.162 -115.763 6.35
      vertex 147.737 -115.403 6.35
    endloop
  endfacet
  facet normal 0 0 1
    outer loop
      vertex 12.122 -4.41205 6.35
      vertex 147.737 -115.403 6.35
      vertex 12.4003 -3.55571 6.35
    endloop
  endfacet
  facet normal -0.951037 -0.309076 0
    outer loop
      vertex 12.122 4.41205 0
      vertex 12.4003 3.55571 0
      vertex 12.4003 3.55571 6.35
    endloop
  endfacet
  facet normal -0.951037 -0.309076 0
    outer loop
      vertex 12.122 4.41205 0
      vertex 12.4003 3.55571 6.35
      vertex 12.122 4.41205 6.35
    endloop
  endfacet
  facet normal 0 0 -1
    outer loop
      vertex 12.122 4.41205 0
      vertex 23.8261 30.496 0
      vertex 12.4003 3.55571 0
    endloop
  endfacet
  facet normal 0 0 1
    outer loop
      vertex 12.122 4.41205 6.35
      vertex 12.4003 3.55571 6.35
      vertex 23.8261 30.496 6.35
    endloop
  endfacet
  facet normal -0.970303 0.241893 0
    outer loop
      vertex 12.4003 -3.55571 0
      vertex 12.4003 -3.55571 6.35
      vertex 12.6181 -2.68205 0
    endloop
  endfacet
  facet normal 0 0 -1
    outer loop
      vertex 12.4003 -3.55571 0
      vertex 12.6181 -2.68205 0
      vertex 176.426 -93.329 0
    endloop
  endfacet
  facet normal 0 0 -1
    outer loop
      vertex 12.4003 -3.55571 0
      vertex 148.337 -115.084 0
      vertex 147.737 -115.403 0
    endloop
  endfacet
  facet normal 0 0 -1
    outer loop
      vertex 12.4003 -3.55571 0
      vertex 176.426 -93.329 0
      vertex 148.337 -115.084 0
    endloop
  endfacet
  facet normal -0.970303 0.241893 0
    outer loop
      vertex 12.4003 -3.55571 6.35
      vertex 12.6181 -2.68205 6.35
      vertex 12.6181 -2.68205 0
    endloop
  endfacet
  facet normal 0 0 1
    outer loop
      vertex 12.4003 -3.55571 6.35
      vertex 147.737 -115.403 6.35
      vertex 148.337 -115.084 6.35
    endloop
  endfacet
  facet normal 0 0 1
    outer loop
      vertex 12.4003 -3.55571 6.35
      vertex 148.337 -115.084 6.35
      vertex 176.426 -93.329 6.35
    endloop
  endfacet
  facet normal 0 0 1
    outer loop
      vertex 12.4003 -3.55571 6.35
      vertex 176.426 -93.329 6.35
      vertex 12.6181 -2.68205 6.35
    endloop
  endfacet
  facet normal -0.970303 -0.241893 0
    outer loop
      vertex 12.4003 3.55571 0
      vertex 12.6181 2.68205 0
      vertex 12.6181 2.68205 6.35
    endloop
  endfacet
  facet normal -0.970303 -0.241893 0
    outer loop
      vertex 12.4003 3.55571 0
      vertex 12.6181 2.68205 6.35
      vertex 12.4003 3.55571 6.35
    endloop
  endfacet
  facet normal 0 0 -1
    outer loop
      vertex 12.4003 3.55571 0
      vertex 23.8261 30.496 0
      vertex 12.6181 2.68205 0
    endloop
  endfacet
  facet normal 0 0 1
    outer loop
      vertex 12.4003 3.55571 6.35
      vertex 12.6181 2.68205 6.35
      vertex 23.8261 30.496 6.35
    endloop
  endfacet
  facet normal -0.984818 0.17359 0
    outer loop
      vertex 12.6181 -2.68205 0
      vertex 12.6181 -2.68205 6.35
      vertex 12.7744 -1.79532 0
    endloop
  endfacet
  facet normal 0 0 -1
    outer loop
      vertex 12.6181 -2.68205 0
      vertex 12.7744 -1.79532 0
      vertex 176.426 -93.329 0
    endloop
  endfacet
  facet normal -0.984818 0.17359 0
    outer loop
      vertex 12.6181 -2.68205 6.35
      vertex 12.7744 -1.79532 6.35
      vertex 12.7744 -1.79532 0
    endloop
  endfacet
  facet normal 0 0 1
    outer loop
      vertex 12.6181 -2.68205 6.35
      vertex 176.426 -93.329 6.35
      vertex 12.7744 -1.79532 6.35
    endloop
  endfacet
  facet normal -0.984818 -0.17359 0
    outer loop
      vertex 12.6181 2.68205 0
      vertex 12.7744 1.79532 0
      vertex 12.7744 1.79532 6.35
    endloop
  endfacet
  facet normal -0.984818 -0.17359 0
    outer loop
      vertex 12.6181 2.68205 0
      vertex 12.7744 1.79532 6.35
      vertex 12.6181 2.68205 6.35
    endloop
  endfacet
  facet normal 0 0 -1
    outer loop
      vertex 12.6181 2.68205 0
      vertex 23.8261 30.496 0
      vertex 12.7744 1.79532 0
    endloop
  endfacet
  facet normal 0 0 1
    outer loop
      vertex 12.6181 2.68205 6.35
      vertex 12.7744 1.79532 6.35
      vertex 23.8261 30.496 6.35
    endloop
  endfacet
  facet normal -0.994512 0.10462 0
    outer loop
      vertex 12.7744 -1.79532 0
      vertex 12.7744 -1.79532 6.35
      vertex 12.8686 -0.899857 0
    endloop
  endfacet
  facet normal 0 0 -1
    outer loop
      vertex 12.7744 -1.79532 0
      vertex 12.8686 -0.899857 0
      vertex 23.8261 30.496 0
    endloop
  endfacet
  facet normal 0 0 -1
    outer loop
      vertex 12.7744 -1.79532 0
      vertex 23.8261 30.496 0
      vertex 176.426 -93.329 0
    endloop
  endfacet
  facet normal -0.994512 0.10462 0
    outer loop
      vertex 12.7744 -1.79532 6.35
      vertex 12.8686 -0.899857 6.35
      vertex 12.8686 -0.899857 0
    endloop
  endfacet
  facet normal 0 0 1
    outer loop
      vertex 12.7744 -1.79532 6.35
      vertex 176.426 -93.329 6.35
      vertex 23.8261 30.496 6.35
    endloop
  endfacet
  facet normal 0 0 1
    outer loop
      vertex 12.7744 -1.79532 6.35
      vertex 23.8261 30.496 6.35
      vertex 12.8686 -0.899857 6.35
    endloop
  endfacet
  facet normal -0.994512 -0.10462 0
    outer loop
      vertex 12.7744 1.79532 0
      vertex 12.8686 0.899857 0
      vertex 12.8686 0.899857 6.35
    endloop
  endfacet
  facet normal -0.994512 -0.10462 0
    outer loop
      vertex 12.7744 1.79532 0
      vertex 12.8686 0.899857 6.35
      vertex 12.7744 1.79532 6.35
    endloop
  endfacet
  facet normal 0 0 -1
    outer loop
      vertex 12.7744 1.79532 0
      vertex 23.8261 30.496 0
      vertex 12.8686 0.899857 0
    endloop
  endfacet
  facet normal 0 0 1
    outer loop
      vertex 12.7744 1.79532 6.35
      vertex 12.8686 0.899857 6.35
      vertex 23.8261 30.496 6.35
    endloop
  endfacet
  facet normal -0.999392 0.0348732 0
    outer loop
      vertex 12.8686 -0.899857 0
      vertex 12.8686 -0.899857 6.35
      vertex 12.9 0 0
    endloop
  endfacet
  facet normal 0 0 -1
    outer loop
      vertex 12.8686 -0.899857 0
      vertex 12.9 0 0
      vertex 23.8261 30.496 0
    endloop
  endfacet
  facet normal -0.999392 0.0348732 0
    outer loop
      vertex 12.8686 -0.899857 6.35
      vertex 12.9 0 6.35
      vertex 12.9 0 0
    endloop
  endfacet
  facet normal 0 0 1
    outer loop
      vertex 12.8686 -0.899857 6.35
      vertex 23.8261 30.496 6.35
      vertex 12.9 0 6.35
    endloop
  endfacet
  facet normal -0.999392 -0.0348732 0
    outer loop
      vertex 12.8686 0.899857 0
      vertex 12.9 0 0
      vertex 12.9 0 6.35
    endloop
  endfacet
  facet normal -0.999392 -0.0348732 0
    outer loop
      vertex 12.8686 0.899857 0
      vertex 12.9 0 6.35
      vertex 12.8686 0.899857 6.35
    endloop
  endfacet
  facet normal 0 0 -1
    outer loop
      vertex 12.8686 0.899857 0
      vertex 23.8261 30.496 0
      vertex 12.9 0 0
    endloop
  endfacet
  facet normal 0 0 1
    outer loop
      vertex 12.8686 0.899857 6.35
      vertex 12.9 0 6.35
      vertex 23.8261 30.496 6.35
    endloop
  endfacet
  facet normal -0.587908 -0.808928 0
    outer loop
      vertex 128.774 -154.321 0
      vertex 130.959 -155.909 0
      vertex 128.774 -154.321 6.35
    endloop
  endfacet
  facet normal 0 0 -1
    outer loop
      vertex 128.774 -154.321 0
      vertex 142.875 -123.825 0
      vertex 142.899 -124.503 0
    endloop
  endfacet
  facet normal 0 0 -1
    outer loop
      vertex 128.774 -154.321 0
      vertex 142.899 -123.147 0
      vertex 142.875 -123.825 0
    endloop
  endfacet
  facet normal 0 0 -1
    outer loop
      vertex 128.774 -154.321 0
      vertex 142.899 -124.503 0
      vertex 142.97 -125.178 0
    endloop
  endfacet
  facet normal 0 0 -1
    outer loop
      vertex 128.774 -154.321 0
      vertex 142.97 -122.472 0
      vertex 142.899 -123.147 0
    endloop
  endfacet
  facet normal 0 0 -1
    outer loop
      vertex 128.774 -154.321 0
      vertex 142.97 -125.178 0
      vertex 143.088 -125.847 0
    endloop
  endfacet
  facet normal 0 0 -1
    outer loop
      vertex 128.774 -154.321 0
      vertex 143.088 -121.803 0
      vertex 142.97 -122.472 0
    endloop
  endfacet
  facet normal 0 0 -1
    outer loop
      vertex 128.774 -154.321 0
      vertex 143.088 -125.847 0
      vertex 143.252 -126.506 0
    endloop
  endfacet
  facet normal 0 0 -1
    outer loop
      vertex 128.774 -154.321 0
      vertex 143.252 -126.506 0
      vertex 143.461 -127.151 0
    endloop
  endfacet
  facet normal 0 0 -1
    outer loop
      vertex 128.774 -154.321 0
      vertex 143.461 -127.151 0
      vertex 143.716 -127.781 0
    endloop
  endfacet
  facet normal 0 0 -1
    outer loop
      vertex 128.774 -154.321 0
      vertex 143.716 -127.781 0
      vertex 144.013 -128.391 0
    endloop
  endfacet
  facet normal 0 0 -1
    outer loop
      vertex 128.774 -154.321 0
      vertex 144.013 -128.391 0
      vertex 144.353 -128.978 0
    endloop
  endfacet
  facet normal 0 0 -1
    outer loop
      vertex 128.774 -154.321 0
      vertex 144.353 -128.978 0
      vertex 144.732 -129.541 0
    endloop
  endfacet
  facet normal 0 0 -1
    outer loop
      vertex 128.774 -154.321 0
      vertex 144.732 -129.541 0
      vertex 145.15 -130.076 0
    endloop
  endfacet
  facet normal 0 0 -1
    outer loop
      vertex 128.774 -154.321 0
      vertex 145.15 -130.076 0
      vertex 145.604 -130.581 0
    endloop
  endfacet
  facet normal 0 0 -1
    outer loop
      vertex 128.774 -154.321 0
      vertex 145.604 -130.581 0
      vertex 146.093 -131.052 0
    endloop
  endfacet
  facet normal 0 0 -1
    outer loop
      vertex 128.774 -154.321 0
      vertex 146.093 -131.052 0
      vertex 146.613 -131.488 0
    endloop
  endfacet
  facet normal 0 0 -1
    outer loop
      vertex 128.774 -154.321 0
      vertex 146.613 -131.488 0
      vertex 147.162 -131.887 0
    endloop
  endfacet
  facet normal 0 0 -1
    outer loop
      vertex 128.774 -154.321 0
      vertex 147.162 -131.887 0
      vertex 130.959 -155.909 0
    endloop
  endfacet
  facet normal -0.587908 -0.808928 0
    outer loop
      vertex 128.774 -154.321 6.35
      vertex 130.959 -155.909 0
      vertex 130.959 -155.909 6.35
    endloop
  endfacet
  facet normal 0 0 1
    outer loop
      vertex 128.774 -154.321 6.35
      vertex 130.959 -155.909 6.35
      vertex 147.162 -131.887 6.35
    endloop
  endfacet
  facet normal 0 0 1
    outer loop
      vertex 128.774 -154.321 6.35
      vertex 142.875 -123.825 6.35
      vertex 142.899 -123.147 6.35
    endloop
  endfacet
  facet normal 0 0 1
    outer loop
      vertex 128.774 -154.321 6.35
      vertex 142.899 -123.147 6.35
      vertex 142.97 -122.472 6.35
    endloop
  endfacet
  facet normal 0 0 1
    outer loop
      vertex 128.774 -154.321 6.35
      vertex 142.899 -124.503 6.35
      vertex 142.875 -123.825 6.35
    endloop
  endfacet
  facet normal 0 0 1
    outer loop
      vertex 128.774 -154.321 6.35
      vertex 142.97 -122.472 6.35
      vertex 143.088 -121.803 6.35
    endloop
  endfacet
  facet normal 0 0 1
    outer loop
      vertex 128.774 -154.321 6.35
      vertex 142.97 -125.178 6.35
      vertex 142.899 -124.503 6.35
    endloop
  endfacet
  facet normal 0 0 1
    outer loop
      vertex 128.774 -154.321 6.35
      vertex 143.088 -125.847 6.35
      vertex 142.97 -125.178 6.35
    endloop
  endfacet
  facet normal 0 0 1
    outer loop
      vertex 128.774 -154.321 6.35
      vertex 143.252 -126.506 6.35
      vertex 143.088 -125.847 6.35
    endloop
  endfacet
  facet normal 0 0 1
    outer loop
      vertex 128.774 -154.321 6.35
      vertex 143.461 -127.151 6.35
      vertex 143.252 -126.506 6.35
    endloop
  endfacet
  facet normal 0 0 1
    outer loop
      vertex 128.774 -154.321 6.35
      vertex 143.716 -127.781 6.35
      vertex 143.461 -127.151 6.35
    endloop
  endfacet
  facet normal 0 0 1
    outer loop
      vertex 128.774 -154.321 6.35
      vertex 144.013 -128.391 6.35
      vertex 143.716 -127.781 6.35
    endloop
  endfacet
  facet normal 0 0 1
    outer loop
      vertex 128.774 -154.321 6.35
      vertex 144.353 -128.978 6.35
      vertex 144.013 -128.391 6.35
    endloop
  endfacet
  facet normal 0 0 1
    outer loop
      vertex 128.774 -154.321 6.35
      vertex 144.732 -129.541 6.35
      vertex 144.353 -128.978 6.35
    endloop
  endfacet
  facet normal 0 0 1
    outer loop
      vertex 128.774 -154.321 6.35
      vertex 145.15 -130.076 6.35
      vertex 144.732 -129.541 6.35
    endloop
  endfacet
  facet normal 0 0 1
    outer loop
      vertex 128.774 -154.321 6.35
      vertex 145.604 -130.581 6.35
      vertex 145.15 -130.076 6.35
    endloop
  endfacet
  facet normal 0 0 1
    outer loop
      vertex 128.774 -154.321 6.35
      vertex 146.093 -131.052 6.35
      vertex 145.604 -130.581 6.35
    endloop
  endfacet
  facet normal 0 0 1
    outer loop
      vertex 128.774 -154.321 6.35
      vertex 146.613 -131.488 6.35
      vertex 146.093 -131.052 6.35
    endloop
  endfacet
  facet normal 0 0 1
    outer loop
      vertex 128.774 -154.321 6.35
      vertex 147.162 -131.887 6.35
      vertex 146.613 -131.488 6.35
    endloop
  endfacet
  facet normal -0.529766 -0.848144 0
    outer loop
      vertex 130.959 -155.909 0
      vertex 133.25 -157.34 0
      vertex 130.959 -155.909 6.35
    endloop
  endfacet
  facet normal 0 0 -1
    outer loop
      vertex 130.959 -155.909 0
      vertex 147.162 -131.887 0
      vertex 133.25 -157.34 0
    endloop
  endfacet
  facet normal -0.529766 -0.848144 0
    outer loop
      vertex 130.959 -155.909 6.35
      vertex 133.25 -157.34 0
      vertex 133.25 -157.34 6.35
    endloop
  endfacet
  facet normal 0 0 1
    outer loop
      vertex 130.959 -155.909 6.35
      vertex 133.25 -157.34 6.35
      vertex 147.162 -131.887 6.35
    endloop
  endfacet
  facet normal -0.469435 -0.882967 0
    outer loop
      vertex 133.25 -157.34 0
      vertex 135.635 -158.608 0
      vertex 133.25 -157.34 6.35
    endloop
  endfacet
  facet normal 0 0 -1
    outer loop
      vertex 133.25 -157.34 0
      vertex 147.162 -131.887 0
      vertex 147.737 -132.247 0
    endloop
  endfacet
  facet normal 0 0 -1
    outer loop
      vertex 133.25 -157.34 0
      vertex 147.737 -132.247 0
      vertex 148.337 -132.566 0
    endloop
  endfacet
  facet normal 0 0 -1
    outer loop
      vertex 133.25 -157.34 0
      vertex 148.337 -132.566 0
      vertex 135.635 -158.608 0
    endloop
  endfacet
  facet normal -0.469435 -0.882967 0
    outer loop
      vertex 133.25 -157.34 6.35
      vertex 135.635 -158.608 0
      vertex 135.635 -158.608 6.35
    endloop
  endfacet
  facet normal 0 0 1
    outer loop
      vertex 133.25 -157.34 6.35
      vertex 135.635 -158.608 6.35
      vertex 148.337 -132.566 6.35
    endloop
  endfacet
  facet normal 0 0 1
    outer loop
      vertex 133.25 -157.34 6.35
      vertex 147.737 -132.247 6.35
      vertex 147.162 -131.887 6.35
    endloop
  endfacet
  facet normal 0 0 1
    outer loop
      vertex 133.25 -157.34 6.35
      vertex 148.337 -132.566 6.35
      vertex 147.737 -132.247 6.35
    endloop
  endfacet
  facet normal -0.406791 -0.913521 0
    outer loop
      vertex 135.635 -158.608 0
      vertex 138.103 -159.707 0
      vertex 135.635 -158.608 6.35
    endloop
  endfacet
  facet normal 0 0 -1
    outer loop
      vertex 135.635 -158.608 0
      vertex 148.337 -132.566 0
      vertex 148.957 -132.842 0
    endloop
  endfacet
  facet normal 0 0 -1
    outer loop
      vertex 135.635 -158.608 0
      vertex 148.957 -132.842 0
      vertex 138.103 -159.707 0
    endloop
  endfacet
  facet normal -0.406791 -0.913521 0
    outer loop
      vertex 135.635 -158.608 6.35
      vertex 138.103 -159.707 0
      vertex 138.103 -159.707 6.35
    endloop
  endfacet
  facet normal 0 0 1
    outer loop
      vertex 135.635 -158.608 6.35
      vertex 138.103 -159.707 6.35
      vertex 148.957 -132.842 6.35
    endloop
  endfacet
  facet normal 0 0 1
    outer loop
      vertex 135.635 -158.608 6.35
      vertex 148.957 -132.842 6.35
      vertex 148.337 -132.566 6.35
    endloop
  endfacet
  facet normal -0.3421 -0.939664 0
    outer loop
      vertex 138.103 -159.707 0
      vertex 140.641 -160.631 0
      vertex 138.103 -159.707 6.35
    endloop
  endfacet
  facet normal 0 0 -1
    outer loop
      vertex 138.103 -159.707 0
      vertex 148.957 -132.842 0
      vertex 149.595 -133.074 0
    endloop
  endfacet
  facet normal 0 0 -1
    outer loop
      vertex 138.103 -159.707 0
      vertex 149.595 -133.074 0
      vertex 140.641 -160.631 0
    endloop
  endfacet
  facet normal -0.3421 -0.939664 0
    outer loop
      vertex 138.103 -159.707 6.35
      vertex 140.641 -160.631 0
      vertex 140.641 -160.631 6.35
    endloop
  endfacet
  facet normal 0 0 1
    outer loop
      vertex 138.103 -159.707 6.35
      vertex 140.641 -160.631 6.35
      vertex 149.595 -133.074 6.35
    endloop
  endfacet
  facet normal 0 0 1
    outer loop
      vertex 138.103 -159.707 6.35
      vertex 149.595 -133.074 6.35
      vertex 148.957 -132.842 6.35
    endloop
  endfacet
  facet normal 0.406739 0.913544 0
    outer loop
      vertex 14.4973 35.882 0
      vertex 14.4973 35.882 6.35
      vertex 16.965 34.7833 6.35
    endloop
  endfacet
  facet normal 0.406739 0.913544 0
    outer loop
      vertex 14.4973 35.882 0
      vertex 16.965 34.7833 6.35
      vertex 16.965 34.7833 0
    endloop
  endfacet
  facet normal -0.275406 -0.961328 0
    outer loop
      vertex 140.641 -160.631 0
      vertex 143.238 -161.375 0
      vertex 140.641 -160.631 6.35
    endloop
  endfacet
  facet normal 0 0 -1
    outer loop
      vertex 140.641 -160.631 0
      vertex 149.595 -133.074 0
      vertex 150.247 -133.261 0
    endloop
  endfacet
  facet normal 0 0 -1
    outer loop
      vertex 140.641 -160.631 0
      vertex 150.247 -133.261 0
      vertex 143.238 -161.375 0
    endloop
  endfacet
  facet normal -0.275406 -0.961328 0
    outer loop
      vertex 140.641 -160.631 6.35
      vertex 143.238 -161.375 0
      vertex 143.238 -161.375 6.35
    endloop
  endfacet
  facet normal 0 0 1
    outer loop
      vertex 140.641 -160.631 6.35
      vertex 143.238 -161.375 6.35
      vertex 150.247 -133.261 6.35
    endloop
  endfacet
  facet normal 0 0 1
    outer loop
      vertex 140.641 -160.631 6.35
      vertex 150.247 -133.261 6.35
      vertex 149.595 -133.074 6.35
    endloop
  endfacet
  facet normal 0.999374 0.0353761 0
    outer loop
      vertex 142.875 -123.825 0
      vertex 142.875 -123.825 6.35
      vertex 142.899 -124.503 0
    endloop
  endfacet
  facet normal 0.999374 -0.0353761 0
    outer loop
      vertex 142.875 -123.825 0
      vertex 142.899 -123.147 0
      vertex 142.899 -123.147 6.35
    endloop
  endfacet
  facet normal 0.999374 -0.0353761 0
    outer loop
      vertex 142.875 -123.825 0
      vertex 142.899 -123.147 6.35
      vertex 142.875 -123.825 6.35
    endloop
  endfacet
  facet normal 0.999374 0.0353761 0
    outer loop
      vertex 142.875 -123.825 6.35
      vertex 142.899 -124.503 6.35
      vertex 142.899 -124.503 0
    endloop
  endfacet
  facet normal 0.994514 -0.104608 0
    outer loop
      vertex 142.899 -123.147 0
      vertex 142.97 -122.472 0
      vertex 142.97 -122.472 6.35
    endloop
  endfacet
  facet normal 0.994514 -0.104608 0
    outer loop
      vertex 142.899 -123.147 0
      vertex 142.97 -122.472 6.35
      vertex 142.899 -123.147 6.35
    endloop
  endfacet
  facet normal 0.994514 0.104608 0
    outer loop
      vertex 142.899 -124.503 0
      vertex 142.899 -124.503 6.35
      vertex 142.97 -125.178 0
    endloop
  endfacet
  facet normal 0.994514 0.104608 0
    outer loop
      vertex 142.899 -124.503 6.35
      vertex 142.97 -125.178 6.35
      vertex 142.97 -125.178 0
    endloop
  endfacet
  facet normal 0.984798 -0.173701 0
    outer loop
      vertex 142.97 -122.472 0
      vertex 143.088 -121.803 0
      vertex 143.088 -121.803 6.35
    endloop
  endfacet
  facet normal 0.984798 -0.173701 0
    outer loop
      vertex 142.97 -122.472 0
      vertex 143.088 -121.803 6.35
      vertex 142.97 -122.472 6.35
    endloop
  endfacet
  facet normal 0.984798 0.173701 0
    outer loop
      vertex 142.97 -125.178 0
      vertex 142.97 -125.178 6.35
      vertex 143.088 -125.847 0
    endloop
  endfacet
  facet normal 0.984798 0.173701 0
    outer loop
      vertex 142.97 -125.178 6.35
      vertex 143.088 -125.847 6.35
      vertex 143.088 -125.847 0
    endloop
  endfacet
  facet normal 0.970402 -0.241496 0
    outer loop
      vertex 143.088 -121.803 0
      vertex 143.252 -121.144 0
      vertex 143.252 -121.144 6.35
    endloop
  endfacet
  facet normal 0.970402 -0.241496 0
    outer loop
      vertex 143.088 -121.803 0
      vertex 143.252 -121.144 6.35
      vertex 143.088 -121.803 6.35
    endloop
  endfacet
  facet normal 0.970402 0.241496 0
    outer loop
      vertex 143.088 -125.847 0
      vertex 143.088 -125.847 6.35
      vertex 143.252 -126.506 0
    endloop
  endfacet
  facet normal 0.970402 0.241496 0
    outer loop
      vertex 143.088 -125.847 6.35
      vertex 143.252 -126.506 6.35
      vertex 143.252 -126.506 0
    endloop
  endfacet
  facet normal -0.208062 -0.978116 0
    outer loop
      vertex 143.238 -161.375 0
      vertex 145.88 -161.937 0
      vertex 143.238 -161.375 6.35
    endloop
  endfacet
  facet normal 0 0 -1
    outer loop
      vertex 143.238 -161.375 0
      vertex 150.247 -133.261 0
      vertex 145.88 -161.937 0
    endloop
  endfacet
  facet normal -0.208062 -0.978116 0
    outer loop
      vertex 143.238 -161.375 6.35
      vertex 145.88 -161.937 0
      vertex 145.88 -161.937 6.35
    endloop
  endfacet
  facet normal 0 0 1
    outer loop
      vertex 143.238 -161.375 6.35
      vertex 145.88 -161.937 6.35
      vertex 150.247 -133.261 6.35
    endloop
  endfacet
  facet normal 0.951305 -0.308252 0
    outer loop
      vertex 143.252 -121.144 0
      vertex 143.461 -120.499 0
      vertex 143.461 -120.499 6.35
    endloop
  endfacet
  facet normal 0.951305 -0.308252 0
    outer loop
      vertex 143.252 -121.144 0
      vertex 143.461 -120.499 6.35
      vertex 143.252 -121.144 6.35
    endloop
  endfacet
  facet normal 0.951305 0.308252 0
    outer loop
      vertex 143.252 -126.506 0
      vertex 143.252 -126.506 6.35
      vertex 143.461 -127.151 0
    endloop
  endfacet
  facet normal 0.951305 0.308252 0
    outer loop
      vertex 143.252 -126.506 6.35
      vertex 143.461 -127.151 6.35
      vertex 143.461 -127.151 0
    endloop
  endfacet
  facet normal 0.926947 -0.375193 0
    outer loop
      vertex 143.461 -120.499 0
      vertex 143.716 -119.869 0
      vertex 143.716 -119.869 6.35
    endloop
  endfacet
  facet normal 0.926947 -0.375193 0
    outer loop
      vertex 143.461 -120.499 0
      vertex 143.716 -119.869 6.35
      vertex 143.461 -120.499 6.35
    endloop
  endfacet
  facet normal 0.926947 0.375193 0
    outer loop
      vertex 143.461 -127.151 0
      vertex 143.461 -127.151 6.35
      vertex 143.716 -127.781 0
    endloop
  endfacet
  facet normal 0.926947 0.375193 0
    outer loop
      vertex 143.461 -127.151 6.35
      vertex 143.716 -127.781 6.35
      vertex 143.716 -127.781 0
    endloop
  endfacet
  facet normal 0.899094 -0.437756 0
    outer loop
      vertex 143.716 -119.869 0
      vertex 144.013 -119.259 0
      vertex 144.013 -119.259 6.35
    endloop
  endfacet
  facet normal 0.899094 -0.437756 0
    outer loop
      vertex 143.716 -119.869 0
      vertex 144.013 -119.259 6.35
      vertex 143.716 -119.869 6.35
    endloop
  endfacet
  facet normal 0.899094 0.437756 0
    outer loop
      vertex 143.716 -127.781 0
      vertex 143.716 -127.781 6.35
      vertex 144.013 -128.391 0
    endloop
  endfacet
  facet normal 0.899094 0.437756 0
    outer loop
      vertex 143.716 -127.781 6.35
      vertex 144.013 -128.391 6.35
      vertex 144.013 -128.391 0
    endloop
  endfacet
  facet normal 0.865325 -0.501211 0
    outer loop
      vertex 144.013 -119.259 0
      vertex 144.353 -118.672 0
      vertex 144.353 -118.672 6.35
    endloop
  endfacet
  facet normal 0.865325 -0.501211 0
    outer loop
      vertex 144.013 -119.259 0
      vertex 144.353 -118.672 6.35
      vertex 144.013 -119.259 6.35
    endloop
  endfacet
  facet normal 0.865325 0.501211 0
    outer loop
      vertex 144.013 -128.391 0
      vertex 144.013 -128.391 6.35
      vertex 144.353 -128.978 0
    endloop
  endfacet
  facet normal 0.865325 0.501211 0
    outer loop
      vertex 144.013 -128.391 6.35
      vertex 144.353 -128.978 6.35
      vertex 144.353 -128.978 0
    endloop
  endfacet
  facet normal 0.829548 -0.558435 0
    outer loop
      vertex 144.353 -118.672 0
      vertex 144.732 -118.109 0
      vertex 144.732 -118.109 6.35
    endloop
  endfacet
  facet normal 0.829548 -0.558435 0
    outer loop
      vertex 144.353 -118.672 0
      vertex 144.732 -118.109 6.35
      vertex 144.353 -118.672 6.35
    endloop
  endfacet
  facet normal 0.829548 0.558435 0
    outer loop
      vertex 144.353 -128.978 0
      vertex 144.353 -128.978 6.35
      vertex 144.732 -129.541 0
    endloop
  endfacet
  facet normal 0.829548 0.558435 0
    outer loop
      vertex 144.353 -128.978 6.35
      vertex 144.732 -129.541 6.35
      vertex 144.732 -129.541 0
    endloop
  endfacet
  facet normal 0.788002 -0.615673 0
    outer loop
      vertex 144.732 -118.109 0
      vertex 145.15 -117.574 0
      vertex 145.15 -117.574 6.35
    endloop
  endfacet
  facet normal 0.788002 -0.615673 0
    outer loop
      vertex 144.732 -118.109 0
      vertex 145.15 -117.574 6.35
      vertex 144.732 -118.109 6.35
    endloop
  endfacet
  facet normal 0.788002 0.615673 0
    outer loop
      vertex 144.732 -129.541 0
      vertex 144.732 -129.541 6.35
      vertex 145.15 -130.076 0
    endloop
  endfacet
  facet normal 0.788002 0.615673 0
    outer loop
      vertex 144.732 -129.541 6.35
      vertex 145.15 -130.076 6.35
      vertex 145.15 -130.076 0
    endloop
  endfacet
  facet normal 0.74366 -0.668558 0
    outer loop
      vertex 145.15 -117.574 0
      vertex 145.604 -117.069 0
      vertex 145.604 -117.069 6.35
    endloop
  endfacet
  facet normal 0.74366 -0.668558 0
    outer loop
      vertex 145.15 -117.574 0
      vertex 145.604 -117.069 6.35
      vertex 145.15 -117.574 6.35
    endloop
  endfacet
  facet normal 0.74366 0.668558 0
    outer loop
      vertex 145.15 -130.076 0
      vertex 145.15 -130.076 6.35
      vertex 145.604 -130.581 0
    endloop
  endfacet
  facet normal 0.74366 0.668558 0
    outer loop
      vertex 145.15 -130.076 6.35
      vertex 145.604 -130.581 6.35
      vertex 145.604 -130.581 0
    endloop
  endfacet
  facet normal 0.693727 -0.720238 0
    outer loop
      vertex 145.604 -117.069 0
      vertex 146.093 -116.598 0
      vertex 146.093 -116.598 6.35
    endloop
  endfacet
  facet normal 0.693727 -0.720238 0
    outer loop
      vertex 145.604 -117.069 0
      vertex 146.093 -116.598 6.35
      vertex 145.604 -117.069 6.35
    endloop
  endfacet
  facet normal 0.693727 0.720238 0
    outer loop
      vertex 145.604 -130.581 0
      vertex 145.604 -130.581 6.35
      vertex 146.093 -131.052 0
    endloop
  endfacet
  facet normal 0.693727 0.720238 0
    outer loop
      vertex 145.604 -130.581 6.35
      vertex 146.093 -131.052 6.35
      vertex 146.093 -131.052 0
    endloop
  endfacet
  facet normal -0.139192 -0.990265 0
    outer loop
      vertex 145.88 -161.937 0
      vertex 148.555 -162.313 0
      vertex 145.88 -161.937 6.35
    endloop
  endfacet
  facet normal 0 0 -1
    outer loop
      vertex 145.88 -161.937 0
      vertex 150.247 -133.261 0
      vertex 150.911 -133.402 0
    endloop
  endfacet
  facet normal 0 0 -1
    outer loop
      vertex 145.88 -161.937 0
      vertex 150.911 -133.402 0
      vertex 148.555 -162.313 0
    endloop
  endfacet
  facet normal -0.139192 -0.990265 0
    outer loop
      vertex 145.88 -161.937 6.35
      vertex 148.555 -162.313 0
      vertex 148.555 -162.313 6.35
    endloop
  endfacet
  facet normal 0 0 1
    outer loop
      vertex 145.88 -161.937 6.35
      vertex 148.555 -162.313 6.35
      vertex 150.911 -133.402 6.35
    endloop
  endfacet
  facet normal 0 0 1
    outer loop
      vertex 145.88 -161.937 6.35
      vertex 150.911 -133.402 6.35
      vertex 150.247 -133.261 6.35
    endloop
  endfacet
  facet normal 0.642501 -0.766285 0
    outer loop
      vertex 146.093 -116.598 0
      vertex 146.613 -116.162 0
      vertex 146.613 -116.162 6.35
    endloop
  endfacet
  facet normal 0.642501 -0.766285 0
    outer loop
      vertex 146.093 -116.598 0
      vertex 146.613 -116.162 6.35
      vertex 146.093 -116.598 6.35
    endloop
  endfacet
  facet normal 0.642501 0.766285 0
    outer loop
      vertex 146.093 -131.052 0
      vertex 146.093 -131.052 6.35
      vertex 146.613 -131.488 0
    endloop
  endfacet
  facet normal 0.642501 0.766285 0
    outer loop
      vertex 146.093 -131.052 6.35
      vertex 146.613 -131.488 6.35
      vertex 146.613 -131.488 0
    endloop
  endfacet
  facet normal 0.587909 -0.808927 0
    outer loop
      vertex 146.613 -116.162 0
      vertex 147.162 -115.763 0
      vertex 147.162 -115.763 6.35
    endloop
  endfacet
  facet normal 0.587909 -0.808927 0
    outer loop
      vertex 146.613 -116.162 0
      vertex 147.162 -115.763 6.35
      vertex 146.613 -116.162 6.35
    endloop
  endfacet
  facet normal 0.587909 0.808927 0
    outer loop
      vertex 146.613 -131.488 0
      vertex 146.613 -131.488 6.35
      vertex 147.162 -131.887 0
    endloop
  endfacet
  facet normal 0.587909 0.808927 0
    outer loop
      vertex 146.613 -131.488 6.35
      vertex 147.162 -131.887 6.35
      vertex 147.162 -131.887 0
    endloop
  endfacet
  facet normal 0.530661 -0.847584 0
    outer loop
      vertex 147.162 -115.763 0
      vertex 147.737 -115.403 0
      vertex 147.737 -115.403 6.35
    endloop
  endfacet
  facet normal 0.530661 -0.847584 0
    outer loop
      vertex 147.162 -115.763 0
      vertex 147.737 -115.403 6.35
      vertex 147.162 -115.763 6.35
    endloop
  endfacet
  facet normal 0.530661 0.847584 0
    outer loop
      vertex 147.162 -131.887 0
      vertex 147.162 -131.887 6.35
      vertex 147.737 -132.247 0
    endloop
  endfacet
  facet normal 0.530661 0.847584 0
    outer loop
      vertex 147.162 -131.887 6.35
      vertex 147.737 -132.247 6.35
      vertex 147.737 -132.247 0
    endloop
  endfacet
  facet normal 0.469442 -0.882963 0
    outer loop
      vertex 147.737 -115.403 0
      vertex 148.337 -115.084 0
      vertex 148.337 -115.084 6.35
    endloop
  endfacet
  facet normal 0.469442 -0.882963 0
    outer loop
      vertex 147.737 -115.403 0
      vertex 148.337 -115.084 6.35
      vertex 147.737 -115.403 6.35
    endloop
  endfacet
  facet normal 0.469442 0.882963 0
    outer loop
      vertex 147.737 -132.247 0
      vertex 147.737 -132.247 6.35
      vertex 148.337 -132.566 0
    endloop
  endfacet
  facet normal 0.469442 0.882963 0
    outer loop
      vertex 147.737 -132.247 6.35
      vertex 148.337 -132.566 6.35
      vertex 148.337 -132.566 0
    endloop
  endfacet
  facet normal 0.406685 -0.913568 0
    outer loop
      vertex 148.337 -115.084 0
      vertex 148.957 -114.808 0
      vertex 148.957 -114.808 6.35
    endloop
  endfacet
  facet normal 0.406685 -0.913568 0
    outer loop
      vertex 148.337 -115.084 0
      vertex 148.957 -114.808 6.35
      vertex 148.337 -115.084 6.35
    endloop
  endfacet
  facet normal 0 0 -1
    outer loop
      vertex 148.337 -115.084 0
      vertex 176.426 -93.329 0
      vertex 148.957 -114.808 0
    endloop
  endfacet
  facet normal 0 0 1
    outer loop
      vertex 148.337 -115.084 6.35
      vertex 148.957 -114.808 6.35
      vertex 176.426 -93.329 6.35
    endloop
  endfacet
  facet normal 0.406685 0.913568 0
    outer loop
      vertex 148.337 -132.566 0
      vertex 148.337 -132.566 6.35
      vertex 148.957 -132.842 0
    endloop
  endfacet
  facet normal 0.406685 0.913568 0
    outer loop
      vertex 148.337 -132.566 6.35
      vertex 148.957 -132.842 6.35
      vertex 148.957 -132.842 0
    endloop
  endfacet
  facet normal 0 0 -1
    outer loop
      vertex 148.555 -162.313 0
      vertex 150.911 -133.402 0
      vertex 151.583 -133.497 0
    endloop
  endfacet
  facet normal -0.0696154 -0.997574 0
    outer loop
      vertex 148.555 -162.313 0
      vertex 151.249 -162.501 0
      vertex 148.555 -162.313 6.35
    endloop
  endfacet
  facet normal 0 0 -1
    outer loop
      vertex 148.555 -162.313 0
      vertex 151.583 -133.497 0
      vertex 151.249 -162.501 0
    endloop
  endfacet
  facet normal -0.0696154 -0.997574 0
    outer loop
      vertex 148.555 -162.313 6.35
      vertex 151.249 -162.501 0
      vertex 151.249 -162.501 6.35
    endloop
  endfacet
  facet normal 0 0 1
    outer loop
      vertex 148.555 -162.313 6.35
      vertex 151.249 -162.501 6.35
      vertex 151.583 -133.497 6.35
    endloop
  endfacet
  facet normal 0 0 1
    outer loop
      vertex 148.555 -162.313 6.35
      vertex 151.583 -133.497 6.35
      vertex 150.911 -133.402 6.35
    endloop
  endfacet
  facet normal 0.341743 -0.939793 0
    outer loop
      vertex 148.957 -114.808 0
      vertex 149.595 -114.576 0
      vertex 149.595 -114.576 6.35
    endloop
  endfacet
  facet normal 0.341743 -0.939793 0
    outer loop
      vertex 148.957 -114.808 0
      vertex 149.595 -114.576 6.35
      vertex 148.957 -114.808 6.35
    endloop
  endfacet
  facet normal 0 0 -1
    outer loop
      vertex 148.957 -114.808 0
      vertex 176.426 -93.329 0
      vertex 149.595 -114.576 0
    endloop
  endfacet
  facet normal 0 0 1
    outer loop
      vertex 148.957 -114.808 6.35
      vertex 149.595 -114.576 6.35
      vertex 176.426 -93.329 6.35
    endloop
  endfacet
  facet normal 0.341743 0.939793 0
    outer loop
      vertex 148.957 -132.842 0
      vertex 148.957 -132.842 6.35
      vertex 149.595 -133.074 0
    endloop
  endfacet
  facet normal 0.341743 0.939793 0
    outer loop
      vertex 148.957 -132.842 6.35
      vertex 149.595 -133.074 6.35
      vertex 149.595 -133.074 0
    endloop
  endfacet
  facet normal 0.275695 -0.961245 0
    outer loop
      vertex 149.595 -114.576 0
      vertex 150.247 -114.389 0
      vertex 150.247 -114.389 6.35
    endloop
  endfacet
  facet normal 0.275695 -0.961245 0
    outer loop
      vertex 149.595 -114.576 0
      vertex 150.247 -114.389 6.35
      vertex 149.595 -114.576 6.35
    endloop
  endfacet
  facet normal 0 0 -1
    outer loop
      vertex 149.595 -114.576 0
      vertex 176.426 -93.329 0
      vertex 150.247 -114.389 0
    endloop
  endfacet
  facet normal 0 0 1
    outer loop
      vertex 149.595 -114.576 6.35
      vertex 150.247 -114.389 6.35
      vertex 176.426 -93.329 6.35
    endloop
  endfacet
  facet normal 0.275695 0.961245 0
    outer loop
      vertex 149.595 -133.074 0
      vertex 149.595 -133.074 6.35
      vertex 150.247 -133.261 0
    endloop
  endfacet
  facet normal 0.275695 0.961245 0
    outer loop
      vertex 149.595 -133.074 6.35
      vertex 150.247 -133.261 6.35
      vertex 150.247 -133.261 0
    endloop
  endfacet
  facet normal 0.207718 -0.978189 0
    outer loop
      vertex 150.247 -114.389 0
      vertex 150.911 -114.248 0
      vertex 150.911 -114.248 6.35
    endloop
  endfacet
  facet normal 0.207718 -0.978189 0
    outer loop
      vertex 150.247 -114.389 0
      vertex 150.911 -114.248 6.35
      vertex 150.247 -114.389 6.35
    endloop
  endfacet
  facet normal 0 0 -1
    outer loop
      vertex 150.247 -114.389 0
      vertex 176.426 -93.329 0
      vertex 150.911 -114.248 0
    endloop
  endfacet
  facet normal 0 0 1
    outer loop
      vertex 150.247 -114.389 6.35
      vertex 150.911 -114.248 6.35
      vertex 176.426 -93.329 6.35
    endloop
  endfacet
  facet normal 0.207718 0.978189 0
    outer loop
      vertex 150.247 -133.261 0
      vertex 150.247 -133.261 6.35
      vertex 150.911 -133.402 0
    endloop
  endfacet
  facet normal 0.207718 0.978189 0
    outer loop
      vertex 150.247 -133.261 6.35
      vertex 150.911 -133.402 6.35
      vertex 150.911 -133.402 0
    endloop
  endfacet
  facet normal 0.139977 -0.990155 0
    outer loop
      vertex 150.911 -114.248 0
      vertex 151.583 -114.153 0
      vertex 151.583 -114.153 6.35
    endloop
  endfacet
  facet normal 0.139977 -0.990155 0
    outer loop
      vertex 150.911 -114.248 0
      vertex 151.583 -114.153 6.35
      vertex 150.911 -114.248 6.35
    endloop
  endfacet
  facet normal 0 0 -1
    outer loop
      vertex 150.911 -114.248 0
      vertex 176.426 -93.329 0
      vertex 151.583 -114.153 0
    endloop
  endfacet
  facet normal 0 0 1
    outer loop
      vertex 150.911 -114.248 6.35
      vertex 151.583 -114.153 6.35
      vertex 176.426 -93.329 6.35
    endloop
  endfacet
  facet normal 0.139977 0.990155 0
    outer loop
      vertex 150.911 -133.402 0
      vertex 150.911 -133.402 6.35
      vertex 151.583 -133.497 0
    endloop
  endfacet
  facet normal 0.139977 0.990155 0
    outer loop
      vertex 150.911 -133.402 6.35
      vertex 151.583 -133.497 6.35
      vertex 151.583 -133.497 0
    endloop
  endfacet
  facet normal 0 0 -1
    outer loop
      vertex 151.249 -162.501 0
      vertex 151.583 -133.497 0
      vertex 152.261 -133.544 0
    endloop
  endfacet
  facet normal 0 0 -1
    outer loop
      vertex 151.249 -162.501 0
      vertex 152.261 -133.544 0
      vertex 152.939 -133.544 0
    endloop
  endfacet
  facet normal 0 0 -1
    outer loop
      vertex 151.249 -162.501 0
      vertex 152.939 -133.544 0
      vertex 153.951 -162.501 0
    endloop
  endfacet
  facet normal 0 -1 0
    outer loop
      vertex 151.249 -162.501 0
      vertex 153.951 -162.501 0
      vertex 151.249 -162.501 6.35
    endloop
  endfacet
  facet normal 0 0 1
    outer loop
      vertex 151.249 -162.501 6.35
      vertex 152.261 -133.544 6.35
      vertex 151.583 -133.497 6.35
    endloop
  endfacet
  facet normal 0 0 1
    outer loop
      vertex 151.249 -162.501 6.35
      vertex 152.939 -133.544 6.35
      vertex 152.261 -133.544 6.35
    endloop
  endfacet
  facet normal 0 -1 0
    outer loop
      vertex 151.249 -162.501 6.35
      vertex 153.951 -162.501 0
      vertex 153.951 -162.501 6.35
    endloop
  endfacet
  facet normal 0 0 1
    outer loop
      vertex 151.249 -162.501 6.35
      vertex 153.951 -162.501 6.35
      vertex 152.939 -133.544 6.35
    endloop
  endfacet
  facet normal 0.0691556 -0.997606 0
    outer loop
      vertex 151.583 -114.153 0
      vertex 152.261 -114.106 0
      vertex 152.261 -114.106 6.35
    endloop
  endfacet
  facet normal 0.0691556 -0.997606 0
    outer loop
      vertex 151.583 -114.153 0
      vertex 152.261 -114.106 6.35
      vertex 151.583 -114.153 6.35
    endloop
  endfacet
  facet normal 0 0 -1
    outer loop
      vertex 151.583 -114.153 0
      vertex 176.426 -93.329 0
      vertex 152.261 -114.106 0
    endloop
  endfacet
  facet normal 0 0 1
    outer loop
      vertex 151.583 -114.153 6.35
      vertex 152.261 -114.106 6.35
      vertex 176.426 -93.329 6.35
    endloop
  endfacet
  facet normal 0.0691556 0.997606 0
    outer loop
      vertex 151.583 -133.497 0
      vertex 151.583 -133.497 6.35
      vertex 152.261 -133.544 0
    endloop
  endfacet
  facet normal 0.0691556 0.997606 0
    outer loop
      vertex 151.583 -133.497 6.35
      vertex 152.261 -133.544 6.35
      vertex 152.261 -133.544 0
    endloop
  endfacet
  facet normal 0 -1 0
    outer loop
      vertex 152.261 -114.106 0
      vertex 152.939 -114.106 0
      vertex 152.939 -114.106 6.35
    endloop
  endfacet
  facet normal 0 -1 0
    outer loop
      vertex 152.261 -114.106 0
      vertex 152.939 -114.106 6.35
      vertex 152.261 -114.106 6.35
    endloop
  endfacet
  facet normal 0 0 -1
    outer loop
      vertex 152.261 -114.106 0
      vertex 176.426 -93.329 0
      vertex 152.939 -114.106 0
    endloop
  endfacet
  facet normal 0 0 1
    outer loop
      vertex 152.261 -114.106 6.35
      vertex 152.939 -114.106 6.35
      vertex 176.426 -93.329 6.35
    endloop
  endfacet
  facet normal 0 1 0
    outer loop
      vertex 152.261 -133.544 0
      vertex 152.261 -133.544 6.35
      vertex 152.939 -133.544 0
    endloop
  endfacet
  facet normal 0 1 0
    outer loop
      vertex 152.261 -133.544 6.35
      vertex 152.939 -133.544 6.35
      vertex 152.939 -133.544 0
    endloop
  endfacet
  facet normal -0.0691556 -0.997606 0
    outer loop
      vertex 152.939 -114.106 0
      vertex 153.617 -114.153 0
      vertex 153.617 -114.153 6.35
    endloop
  endfacet
  facet normal -0.0691556 -0.997606 0
    outer loop
      vertex 152.939 -114.106 0
      vertex 153.617 -114.153 6.35
      vertex 152.939 -114.106 6.35
    endloop
  endfacet
  facet normal 0 0 -1
    outer loop
      vertex 152.939 -114.106 0
      vertex 176.426 -93.329 0
      vertex 153.617 -114.153 0
    endloop
  endfacet
  facet normal 0 0 1
    outer loop
      vertex 152.939 -114.106 6.35
      vertex 153.617 -114.153 6.35
      vertex 176.426 -93.329 6.35
    endloop
  endfacet
  facet normal -0.0691556 0.997606 0
    outer loop
      vertex 152.939 -133.544 0
      vertex 152.939 -133.544 6.35
      vertex 153.617 -133.497 0
    endloop
  endfacet
  facet normal 0 0 -1
    outer loop
      vertex 152.939 -133.544 0
      vertex 153.617 -133.497 0
      vertex 153.951 -162.501 0
    endloop
  endfacet
  facet normal -0.0691556 0.997606 0
    outer loop
      vertex 152.939 -133.544 6.35
      vertex 153.617 -133.497 6.35
      vertex 153.617 -133.497 0
    endloop
  endfacet
  facet normal 0 0 1
    outer loop
      vertex 152.939 -133.544 6.35
      vertex 153.951 -162.501 6.35
      vertex 153.617 -133.497 6.35
    endloop
  endfacet
  facet normal -0.139977 -0.990155 0
    outer loop
      vertex 153.617 -114.153 0
      vertex 154.289 -114.248 0
      vertex 154.289 -114.248 6.35
    endloop
  endfacet
  facet normal -0.139977 -0.990155 0
    outer loop
      vertex 153.617 -114.153 0
      vertex 154.289 -114.248 6.35
      vertex 153.617 -114.153 6.35
    endloop
  endfacet
  facet normal 0 0 -1
    outer loop
      vertex 153.617 -114.153 0
      vertex 176.426 -93.329 0
      vertex 154.289 -114.248 0
    endloop
  endfacet
  facet normal 0 0 1
    outer loop
      vertex 153.617 -114.153 6.35
      vertex 154.289 -114.248 6.35
      vertex 176.426 -93.329 6.35
    endloop
  endfacet
  facet normal -0.139977 0.990155 0
    outer loop
      vertex 153.617 -133.497 0
      vertex 153.617 -133.497 6.35
      vertex 154.289 -133.402 0
    endloop
  endfacet
  facet normal 0 0 -1
    outer loop
      vertex 153.617 -133.497 0
      vertex 154.289 -133.402 0
      vertex 156.645 -162.313 0
    endloop
  endfacet
  facet normal 0 0 -1
    outer loop
      vertex 153.617 -133.497 0
      vertex 156.645 -162.313 0
      vertex 153.951 -162.501 0
    endloop
  endfacet
  facet normal 0 0 1
    outer loop
      vertex 153.617 -133.497 6.35
      vertex 153.951 -162.501 6.35
      vertex 156.645 -162.313 6.35
    endloop
  endfacet
  facet normal -0.139977 0.990155 0
    outer loop
      vertex 153.617 -133.497 6.35
      vertex 154.289 -133.402 6.35
      vertex 154.289 -133.402 0
    endloop
  endfacet
  facet normal 0 0 1
    outer loop
      vertex 153.617 -133.497 6.35
      vertex 156.645 -162.313 6.35
      vertex 154.289 -133.402 6.35
    endloop
  endfacet
  facet normal 0.0696154 -0.997574 0
    outer loop
      vertex 153.951 -162.501 0
      vertex 156.645 -162.313 0
      vertex 153.951 -162.501 6.35
    endloop
  endfacet
  facet normal 0.0696154 -0.997574 0
    outer loop
      vertex 153.951 -162.501 6.35
      vertex 156.645 -162.313 0
      vertex 156.645 -162.313 6.35
    endloop
  endfacet
  facet normal -0.207718 -0.978189 0
    outer loop
      vertex 154.289 -114.248 0
      vertex 154.953 -114.389 0
      vertex 154.953 -114.389 6.35
    endloop
  endfacet
  facet normal -0.207718 -0.978189 0
    outer loop
      vertex 154.289 -114.248 0
      vertex 154.953 -114.389 6.35
      vertex 154.289 -114.248 6.35
    endloop
  endfacet
  facet normal 0 0 -1
    outer loop
      vertex 154.289 -114.248 0
      vertex 176.426 -93.329 0
      vertex 154.953 -114.389 0
    endloop
  endfacet
  facet normal 0 0 1
    outer loop
      vertex 154.289 -114.248 6.35
      vertex 154.953 -114.389 6.35
      vertex 176.426 -93.329 6.35
    endloop
  endfacet
  facet normal -0.207718 0.978189 0
    outer loop
      vertex 154.289 -133.402 0
      vertex 154.289 -133.402 6.35
      vertex 154.953 -133.261 0
    endloop
  endfacet
  facet normal 0 0 -1
    outer loop
      vertex 154.289 -133.402 0
      vertex 154.953 -133.261 0
      vertex 161.962 -161.375 0
    endloop
  endfacet
  facet normal 0 0 -1
    outer loop
      vertex 154.289 -133.402 0
      vertex 159.32 -161.937 0
      vertex 156.645 -162.313 0
    endloop
  endfacet
  facet normal 0 0 -1
    outer loop
      vertex 154.289 -133.402 0
      vertex 161.962 -161.375 0
      vertex 159.32 -161.937 0
    endloop
  endfacet
  facet normal -0.207718 0.978189 0
    outer loop
      vertex 154.289 -133.402 6.35
      vertex 154.953 -133.261 6.35
      vertex 154.953 -133.261 0
    endloop
  endfacet
  facet normal 0 0 1
    outer loop
      vertex 154.289 -133.402 6.35
      vertex 156.645 -162.313 6.35
      vertex 159.32 -161.937 6.35
    endloop
  endfacet
  facet normal 0 0 1
    outer loop
      vertex 154.289 -133.402 6.35
      vertex 159.32 -161.937 6.35
      vertex 161.962 -161.375 6.35
    endloop
  endfacet
  facet normal 0 0 1
    outer loop
      vertex 154.289 -133.402 6.35
      vertex 161.962 -161.375 6.35
      vertex 154.953 -133.261 6.35
    endloop
  endfacet
  facet normal -0.275695 -0.961245 0
    outer loop
      vertex 154.953 -114.389 0
      vertex 155.605 -114.576 0
      vertex 155.605 -114.576 6.35
    endloop
  endfacet
  facet normal -0.275695 -0.961245 0
    outer loop
      vertex 154.953 -114.389 0
      vertex 155.605 -114.576 6.35
      vertex 154.953 -114.389 6.35
    endloop
  endfacet
  facet normal 0 0 -1
    outer loop
      vertex 154.953 -114.389 0
      vertex 176.426 -93.329 0
      vertex 155.605 -114.576 0
    endloop
  endfacet
  facet normal 0 0 1
    outer loop
      vertex 154.953 -114.389 6.35
      vertex 155.605 -114.576 6.35
      vertex 176.426 -93.329 6.35
    endloop
  endfacet
  facet normal -0.275695 0.961245 0
    outer loop
      vertex 154.953 -133.261 0
      vertex 154.953 -133.261 6.35
      vertex 155.605 -133.074 0
    endloop
  endfacet
  facet normal 0 0 -1
    outer loop
      vertex 154.953 -133.261 0
      vertex 155.605 -133.074 0
      vertex 164.559 -160.631 0
    endloop
  endfacet
  facet normal 0 0 -1
    outer loop
      vertex 154.953 -133.261 0
      vertex 164.559 -160.631 0
      vertex 161.962 -161.375 0
    endloop
  endfacet
  facet normal -0.275695 0.961245 0
    outer loop
      vertex 154.953 -133.261 6.35
      vertex 155.605 -133.074 6.35
      vertex 155.605 -133.074 0
    endloop
  endfacet
  facet normal 0 0 1
    outer loop
      vertex 154.953 -133.261 6.35
      vertex 161.962 -161.375 6.35
      vertex 164.559 -160.631 6.35
    endloop
  endfacet
  facet normal 0 0 1
    outer loop
      vertex 154.953 -133.261 6.35
      vertex 164.559 -160.631 6.35
      vertex 155.605 -133.074 6.35
    endloop
  endfacet
  facet normal -0.341743 -0.939793 0
    outer loop
      vertex 155.605 -114.576 0
      vertex 156.243 -114.808 0
      vertex 156.243 -114.808 6.35
    endloop
  endfacet
  facet normal -0.341743 -0.939793 0
    outer loop
      vertex 155.605 -114.576 0
      vertex 156.243 -114.808 6.35
      vertex 155.605 -114.576 6.35
    endloop
  endfacet
  facet normal 0 0 -1
    outer loop
      vertex 155.605 -114.576 0
      vertex 176.426 -93.329 0
      vertex 156.243 -114.808 0
    endloop
  endfacet
  facet normal 0 0 1
    outer loop
      vertex 155.605 -114.576 6.35
      vertex 156.243 -114.808 6.35
      vertex 176.426 -93.329 6.35
    endloop
  endfacet
  facet normal -0.341743 0.939793 0
    outer loop
      vertex 155.605 -133.074 0
      vertex 155.605 -133.074 6.35
      vertex 156.243 -132.842 0
    endloop
  endfacet
  facet normal 0 0 -1
    outer loop
      vertex 155.605 -133.074 0
      vertex 156.243 -132.842 0
      vertex 164.559 -160.631 0
    endloop
  endfacet
  facet normal -0.341743 0.939793 0
    outer loop
      vertex 155.605 -133.074 6.35
      vertex 156.243 -132.842 6.35
      vertex 156.243 -132.842 0
    endloop
  endfacet
  facet normal 0 0 1
    outer loop
      vertex 155.605 -133.074 6.35
      vertex 164.559 -160.631 6.35
      vertex 156.243 -132.842 6.35
    endloop
  endfacet
  facet normal -0.406685 -0.913568 0
    outer loop
      vertex 156.243 -114.808 0
      vertex 156.863 -115.084 0
      vertex 156.863 -115.084 6.35
    endloop
  endfacet
  facet normal -0.406685 -0.913568 0
    outer loop
      vertex 156.243 -114.808 0
      vertex 156.863 -115.084 6.35
      vertex 156.243 -114.808 6.35
    endloop
  endfacet
  facet normal 0 0 -1
    outer loop
      vertex 156.243 -114.808 0
      vertex 176.426 -93.329 0
      vertex 156.863 -115.084 0
    endloop
  endfacet
  facet normal 0 0 1
    outer loop
      vertex 156.243 -114.808 6.35
      vertex 156.863 -115.084 6.35
      vertex 176.426 -93.329 6.35
    endloop
  endfacet
  facet normal -0.406685 0.913568 0
    outer loop
      vertex 156.243 -132.842 0
      vertex 156.243 -132.842 6.35
      vertex 156.863 -132.566 0
    endloop
  endfacet
  facet normal 0 0 -1
    outer loop
      vertex 156.243 -132.842 0
      vertex 156.863 -132.566 0
      vertex 167.097 -159.707 0
    endloop
  endfacet
  facet normal 0 0 -1
    outer loop
      vertex 156.243 -132.842 0
      vertex 167.097 -159.707 0
      vertex 164.559 -160.631 0
    endloop
  endfacet
  facet normal -0.406685 0.913568 0
    outer loop
      vertex 156.243 -132.842 6.35
      vertex 156.863 -132.566 6.35
      vertex 156.863 -132.566 0
    endloop
  endfacet
  facet normal 0 0 1
    outer loop
      vertex 156.243 -132.842 6.35
      vertex 164.559 -160.631 6.35
      vertex 167.097 -159.707 6.35
    endloop
  endfacet
  facet normal 0 0 1
    outer loop
      vertex 156.243 -132.842 6.35
      vertex 167.097 -159.707 6.35
      vertex 156.863 -132.566 6.35
    endloop
  endfacet
  facet normal 0.139192 -0.990265 0
    outer loop
      vertex 156.645 -162.313 0
      vertex 159.32 -161.937 0
      vertex 156.645 -162.313 6.35
    endloop
  endfacet
  facet normal 0.139192 -0.990265 0
    outer loop
      vertex 156.645 -162.313 6.35
      vertex 159.32 -161.937 0
      vertex 159.32 -161.937 6.35
    endloop
  endfacet
  facet normal -0.470053 -0.882638 0
    outer loop
      vertex 156.863 -115.084 0
      vertex 157.462 -115.403 0
      vertex 157.462 -115.403 6.35
    endloop
  endfacet
  facet normal -0.470053 -0.882638 0
    outer loop
      vertex 156.863 -115.084 0
      vertex 157.462 -115.403 6.35
      vertex 156.863 -115.084 6.35
    endloop
  endfacet
  facet normal 0 0 -1
    outer loop
      vertex 156.863 -115.084 0
      vertex 176.426 -93.329 0
      vertex 157.462 -115.403 0
    endloop
  endfacet
  facet normal 0 0 1
    outer loop
      vertex 156.863 -115.084 6.35
      vertex 157.462 -115.403 6.35
      vertex 176.426 -93.329 6.35
    endloop
  endfacet
  facet normal -0.470053 0.882638 0
    outer loop
      vertex 156.863 -132.566 0
      vertex 156.863 -132.566 6.35
      vertex 157.462 -132.247 0
    endloop
  endfacet
  facet normal 0 0 -1
    outer loop
      vertex 156.863 -132.566 0
      vertex 157.462 -132.247 0
      vertex 171.95 -157.34 0
    endloop
  endfacet
  facet normal 0 0 -1
    outer loop
      vertex 156.863 -132.566 0
      vertex 169.565 -158.608 0
      vertex 167.097 -159.707 0
    endloop
  endfacet
  facet normal 0 0 -1
    outer loop
      vertex 156.863 -132.566 0
      vertex 171.95 -157.34 0
      vertex 169.565 -158.608 0
    endloop
  endfacet
  facet normal -0.470053 0.882638 0
    outer loop
      vertex 156.863 -132.566 6.35
      vertex 157.462 -132.247 6.35
      vertex 157.462 -132.247 0
    endloop
  endfacet
  facet normal 0 0 1
    outer loop
      vertex 156.863 -132.566 6.35
      vertex 167.097 -159.707 6.35
      vertex 169.565 -158.608 6.35
    endloop
  endfacet
  facet normal 0 0 1
    outer loop
      vertex 156.863 -132.566 6.35
      vertex 169.565 -158.608 6.35
      vertex 171.95 -157.34 6.35
    endloop
  endfacet
  facet normal 0 0 1
    outer loop
      vertex 156.863 -132.566 6.35
      vertex 171.95 -157.34 6.35
      vertex 157.462 -132.247 6.35
    endloop
  endfacet
  facet normal -0.529999 -0.847998 0
    outer loop
      vertex 157.462 -115.403 0
      vertex 158.038 -115.763 0
      vertex 158.038 -115.763 6.35
    endloop
  endfacet
  facet normal -0.529999 -0.847998 0
    outer loop
      vertex 157.462 -115.403 0
      vertex 158.038 -115.763 6.35
      vertex 157.462 -115.403 6.35
    endloop
  endfacet
  facet normal 0 0 -1
    outer loop
      vertex 157.462 -115.403 0
      vertex 176.426 -93.329 0
      vertex 158.038 -115.763 0
    endloop
  endfacet
  facet normal 0 0 1
    outer loop
      vertex 157.462 -115.403 6.35
      vertex 158.038 -115.763 6.35
      vertex 176.426 -93.329 6.35
    endloop
  endfacet
  facet normal -0.529999 0.847998 0
    outer loop
      vertex 157.462 -132.247 0
      vertex 157.462 -132.247 6.35
      vertex 158.038 -131.887 0
    endloop
  endfacet
  facet normal 0 0 -1
    outer loop
      vertex 157.462 -132.247 0
      vertex 158.038 -131.887 0
      vertex 171.95 -157.34 0
    endloop
  endfacet
  facet normal -0.529999 0.847998 0
    outer loop
      vertex 157.462 -132.247 6.35
      vertex 158.038 -131.887 6.35
      vertex 158.038 -131.887 0
    endloop
  endfacet
  facet normal 0 0 1
    outer loop
      vertex 157.462 -132.247 6.35
      vertex 171.95 -157.34 6.35
      vertex 158.038 -131.887 6.35
    endloop
  endfacet
  facet normal -0.587909 -0.808927 0
    outer loop
      vertex 158.038 -115.763 0
      vertex 158.587 -116.162 0
      vertex 158.587 -116.162 6.35
    endloop
  endfacet
  facet normal -0.587909 -0.808927 0
    outer loop
      vertex 158.038 -115.763 0
      vertex 158.587 -116.162 6.35
      vertex 158.038 -115.763 6.35
    endloop
  endfacet
  facet normal 0 0 -1
    outer loop
      vertex 158.038 -115.763 0
      vertex 176.426 -93.329 0
      vertex 158.587 -116.162 0
    endloop
  endfacet
  facet normal 0 0 1
    outer loop
      vertex 158.038 -115.763 6.35
      vertex 158.587 -116.162 6.35
      vertex 176.426 -93.329 6.35
    endloop
  endfacet
  facet normal -0.587909 0.808927 0
    outer loop
      vertex 158.038 -131.887 0
      vertex 158.038 -131.887 6.35
      vertex 158.587 -131.488 0
    endloop
  endfacet
  facet normal 0 0 -1
    outer loop
      vertex 158.038 -131.887 0
      vertex 158.587 -131.488 0
      vertex 176.426 -154.321 0
    endloop
  endfacet
  facet normal 0 0 -1
    outer loop
      vertex 158.038 -131.887 0
      vertex 174.241 -155.909 0
      vertex 171.95 -157.34 0
    endloop
  endfacet
  facet normal 0 0 -1
    outer loop
      vertex 158.038 -131.887 0
      vertex 176.426 -154.321 0
      vertex 174.241 -155.909 0
    endloop
  endfacet
  facet normal -0.587909 0.808927 0
    outer loop
      vertex 158.038 -131.887 6.35
      vertex 158.587 -131.488 6.35
      vertex 158.587 -131.488 0
    endloop
  endfacet
  facet normal 0 0 1
    outer loop
      vertex 158.038 -131.887 6.35
      vertex 171.95 -157.34 6.35
      vertex 174.241 -155.909 6.35
    endloop
  endfacet
  facet normal 0 0 1
    outer loop
      vertex 158.038 -131.887 6.35
      vertex 174.241 -155.909 6.35
      vertex 176.426 -154.321 6.35
    endloop
  endfacet
  facet normal 0 0 1
    outer loop
      vertex 158.038 -131.887 6.35
      vertex 176.426 -154.321 6.35
      vertex 158.587 -131.488 6.35
    endloop
  endfacet
  facet normal -0.642501 -0.766285 0
    outer loop
      vertex 158.587 -116.162 0
      vertex 159.107 -116.598 0
      vertex 159.107 -116.598 6.35
    endloop
  endfacet
  facet normal -0.642501 -0.766285 0
    outer loop
      vertex 158.587 -116.162 0
      vertex 159.107 -116.598 6.35
      vertex 158.587 -116.162 6.35
    endloop
  endfacet
  facet normal 0 0 -1
    outer loop
      vertex 158.587 -116.162 0
      vertex 176.426 -93.329 0
      vertex 178.495 -95.0653 0
    endloop
  endfacet
  facet normal 0 0 -1
    outer loop
      vertex 158.587 -116.162 0
      vertex 178.495 -95.0653 0
      vertex 159.107 -116.598 0
    endloop
  endfacet
  facet normal 0 0 1
    outer loop
      vertex 158.587 -116.162 6.35
      vertex 159.107 -116.598 6.35
      vertex 178.495 -95.0653 6.35
    endloop
  endfacet
  facet normal 0 0 1
    outer loop
      vertex 158.587 -116.162 6.35
      vertex 178.495 -95.0653 6.35
      vertex 176.426 -93.329 6.35
    endloop
  endfacet
  facet normal -0.642501 0.766285 0
    outer loop
      vertex 158.587 -131.488 0
      vertex 158.587 -131.488 6.35
      vertex 159.107 -131.052 0
    endloop
  endfacet
  facet normal 0 0 -1
    outer loop
      vertex 158.587 -131.488 0
      vertex 159.107 -131.052 0
      vertex 178.495 -152.585 0
    endloop
  endfacet
  facet normal 0 0 -1
    outer loop
      vertex 158.587 -131.488 0
      vertex 178.495 -152.585 0
      vertex 176.426 -154.321 0
    endloop
  endfacet
  facet normal -0.642501 0.766285 0
    outer loop
      vertex 158.587 -131.488 6.35
      vertex 159.107 -131.052 6.35
      vertex 159.107 -131.052 0
    endloop
  endfacet
  facet normal 0 0 1
    outer loop
      vertex 158.587 -131.488 6.35
      vertex 176.426 -154.321 6.35
      vertex 178.495 -152.585 6.35
    endloop
  endfacet
  facet normal 0 0 1
    outer loop
      vertex 158.587 -131.488 6.35
      vertex 178.495 -152.585 6.35
      vertex 159.107 -131.052 6.35
    endloop
  endfacet
  facet normal -0.693727 -0.720238 0
    outer loop
      vertex 159.107 -116.598 0
      vertex 159.596 -117.069 0
      vertex 159.596 -117.069 6.35
    endloop
  endfacet
  facet normal -0.693727 -0.720238 0
    outer loop
      vertex 159.107 -116.598 0
      vertex 159.596 -117.069 6.35
      vertex 159.107 -116.598 6.35
    endloop
  endfacet
  facet normal 0 0 -1
    outer loop
      vertex 159.107 -116.598 0
      vertex 178.495 -95.0653 0
      vertex 159.596 -117.069 0
    endloop
  endfacet
  facet normal 0 0 1
    outer loop
      vertex 159.107 -116.598 6.35
      vertex 159.596 -117.069 6.35
      vertex 178.495 -95.0653 6.35
    endloop
  endfacet
  facet normal -0.693727 0.720238 0
    outer loop
      vertex 159.107 -131.052 0
      vertex 159.107 -131.052 6.35
      vertex 159.596 -130.581 0
    endloop
  endfacet
  facet normal 0 0 -1
    outer loop
      vertex 159.107 -131.052 0
      vertex 159.596 -130.581 0
      vertex 180.438 -150.708 0
    endloop
  endfacet
  facet normal 0 0 -1
    outer loop
      vertex 159.107 -131.052 0
      vertex 180.438 -150.708 0
      vertex 178.495 -152.585 0
    endloop
  endfacet
  facet normal -0.693727 0.720238 0
    outer loop
      vertex 159.107 -131.052 6.35
      vertex 159.596 -130.581 6.35
      vertex 159.596 -130.581 0
    endloop
  endfacet
  facet normal 0 0 1
    outer loop
      vertex 159.107 -131.052 6.35
      vertex 178.495 -152.585 6.35
      vertex 180.438 -150.708 6.35
    endloop
  endfacet
  facet normal 0 0 1
    outer loop
      vertex 159.107 -131.052 6.35
      vertex 180.438 -150.708 6.35
      vertex 159.596 -130.581 6.35
    endloop
  endfacet
  facet normal 0.208062 -0.978116 0
    outer loop
      vertex 159.32 -161.937 0
      vertex 161.962 -161.375 0
      vertex 159.32 -161.937 6.35
    endloop
  endfacet
  facet normal 0.208062 -0.978116 0
    outer loop
      vertex 159.32 -161.937 6.35
      vertex 161.962 -161.375 0
      vertex 161.962 -161.375 6.35
    endloop
  endfacet
  facet normal -0.74366 -0.668558 0
    outer loop
      vertex 159.596 -117.069 0
      vertex 160.05 -117.574 0
      vertex 160.05 -117.574 6.35
    endloop
  endfacet
  facet normal -0.74366 -0.668558 0
    outer loop
      vertex 159.596 -117.069 0
      vertex 160.05 -117.574 6.35
      vertex 159.596 -117.069 6.35
    endloop
  endfacet
  facet normal 0 0 -1
    outer loop
      vertex 159.596 -117.069 0
      vertex 178.495 -95.0653 0
      vertex 180.438 -96.9417 0
    endloop
  endfacet
  facet normal 0 0 -1
    outer loop
      vertex 159.596 -117.069 0
      vertex 180.438 -96.9417 0
      vertex 160.05 -117.574 0
    endloop
  endfacet
  facet normal 0 0 1
    outer loop
      vertex 159.596 -117.069 6.35
      vertex 160.05 -117.574 6.35
      vertex 180.438 -96.9417 6.35
    endloop
  endfacet
  facet normal 0 0 1
    outer loop
      vertex 159.596 -117.069 6.35
      vertex 180.438 -96.9417 6.35
      vertex 178.495 -95.0653 6.35
    endloop
  endfacet
  facet normal -0.74366 0.668558 0
    outer loop
      vertex 159.596 -130.581 0
      vertex 159.596 -130.581 6.35
      vertex 160.05 -130.076 0
    endloop
  endfacet
  facet normal 0 0 -1
    outer loop
      vertex 159.596 -130.581 0
      vertex 160.05 -130.076 0
      vertex 182.246 -148.701 0
    endloop
  endfacet
  facet normal 0 0 -1
    outer loop
      vertex 159.596 -130.581 0
      vertex 182.246 -148.701 0
      vertex 180.438 -150.708 0
    endloop
  endfacet
  facet normal -0.74366 0.668558 0
    outer loop
      vertex 159.596 -130.581 6.35
      vertex 160.05 -130.076 6.35
      vertex 160.05 -130.076 0
    endloop
  endfacet
  facet normal 0 0 1
    outer loop
      vertex 159.596 -130.581 6.35
      vertex 180.438 -150.708 6.35
      vertex 182.246 -148.701 6.35
    endloop
  endfacet
  facet normal 0 0 1
    outer loop
      vertex 159.596 -130.581 6.35
      vertex 182.246 -148.701 6.35
      vertex 160.05 -130.076 6.35
    endloop
  endfacet
  facet normal 0.469464 0.882952 0
    outer loop
      vertex 16.965 34.7833 0
      vertex 16.965 34.7833 6.35
      vertex 19.35 33.5152 6.35
    endloop
  endfacet
  facet normal 0.469464 0.882952 0
    outer loop
      vertex 16.965 34.7833 0
      vertex 19.35 33.5152 6.35
      vertex 19.35 33.5152 0
    endloop
  endfacet
  facet normal -0.788002 -0.615673 0
    outer loop
      vertex 160.05 -117.574 0
      vertex 160.468 -118.109 0
      vertex 160.468 -118.109 6.35
    endloop
  endfacet
  facet normal -0.788002 -0.615673 0
    outer loop
      vertex 160.05 -117.574 0
      vertex 160.468 -118.109 6.35
      vertex 160.05 -117.574 6.35
    endloop
  endfacet
  facet normal 0 0 -1
    outer loop
      vertex 160.05 -117.574 0
      vertex 180.438 -96.9417 0
      vertex 182.246 -98.9491 0
    endloop
  endfacet
  facet normal 0 0 -1
    outer loop
      vertex 160.05 -117.574 0
      vertex 182.246 -98.9491 0
      vertex 160.468 -118.109 0
    endloop
  endfacet
  facet normal 0 0 1
    outer loop
      vertex 160.05 -117.574 6.35
      vertex 160.468 -118.109 6.35
      vertex 182.246 -98.9491 6.35
    endloop
  endfacet
  facet normal 0 0 1
    outer loop
      vertex 160.05 -117.574 6.35
      vertex 182.246 -98.9491 6.35
      vertex 180.438 -96.9417 6.35
    endloop
  endfacet
  facet normal -0.788002 0.615673 0
    outer loop
      vertex 160.05 -130.076 0
      vertex 160.05 -130.076 6.35
      vertex 160.468 -129.541 0
    endloop
  endfacet
  facet normal 0 0 -1
    outer loop
      vertex 160.05 -130.076 0
      vertex 160.468 -129.541 0
      vertex 182.246 -148.701 0
    endloop
  endfacet
  facet normal -0.788002 0.615673 0
    outer loop
      vertex 160.05 -130.076 6.35
      vertex 160.468 -129.541 6.35
      vertex 160.468 -129.541 0
    endloop
  endfacet
  facet normal 0 0 1
    outer loop
      vertex 160.05 -130.076 6.35
      vertex 182.246 -148.701 6.35
      vertex 160.468 -129.541 6.35
    endloop
  endfacet
  facet normal -0.829548 -0.558435 0
    outer loop
      vertex 160.468 -118.109 0
      vertex 160.847 -118.672 0
      vertex 160.847 -118.672 6.35
    endloop
  endfacet
  facet normal -0.829548 -0.558435 0
    outer loop
      vertex 160.468 -118.109 0
      vertex 160.847 -118.672 6.35
      vertex 160.468 -118.109 6.35
    endloop
  endfacet
  facet normal 0 0 -1
    outer loop
      vertex 160.468 -118.109 0
      vertex 182.246 -98.9491 0
      vertex 183.909 -101.078 0
    endloop
  endfacet
  facet normal 0 0 -1
    outer loop
      vertex 160.468 -118.109 0
      vertex 183.909 -101.078 0
      vertex 185.419 -103.317 0
    endloop
  endfacet
  facet normal 0 0 -1
    outer loop
      vertex 160.468 -118.109 0
      vertex 185.419 -103.317 0
      vertex 160.847 -118.672 0
    endloop
  endfacet
  facet normal 0 0 1
    outer loop
      vertex 160.468 -118.109 6.35
      vertex 160.847 -118.672 6.35
      vertex 185.419 -103.317 6.35
    endloop
  endfacet
  facet normal 0 0 1
    outer loop
      vertex 160.468 -118.109 6.35
      vertex 183.909 -101.078 6.35
      vertex 182.246 -98.9491 6.35
    endloop
  endfacet
  facet normal 0 0 1
    outer loop
      vertex 160.468 -118.109 6.35
      vertex 185.419 -103.317 6.35
      vertex 183.909 -101.078 6.35
    endloop
  endfacet
  facet normal -0.829548 0.558435 0
    outer loop
      vertex 160.468 -129.541 0
      vertex 160.468 -129.541 6.35
      vertex 160.847 -128.978 0
    endloop
  endfacet
  facet normal 0 0 -1
    outer loop
      vertex 160.468 -129.541 0
      vertex 160.847 -128.978 0
      vertex 183.909 -146.572 0
    endloop
  endfacet
  facet normal 0 0 -1
    outer loop
      vertex 160.468 -129.541 0
      vertex 183.909 -146.572 0
      vertex 182.246 -148.701 0
    endloop
  endfacet
  facet normal -0.829548 0.558435 0
    outer loop
      vertex 160.468 -129.541 6.35
      vertex 160.847 -128.978 6.35
      vertex 160.847 -128.978 0
    endloop
  endfacet
  facet normal 0 0 1
    outer loop
      vertex 160.468 -129.541 6.35
      vertex 182.246 -148.701 6.35
      vertex 183.909 -146.572 6.35
    endloop
  endfacet
  facet normal 0 0 1
    outer loop
      vertex 160.468 -129.541 6.35
      vertex 183.909 -146.572 6.35
      vertex 160.847 -128.978 6.35
    endloop
  endfacet
  facet normal -0.865325 -0.501211 0
    outer loop
      vertex 160.847 -118.672 0
      vertex 161.187 -119.259 0
      vertex 161.187 -119.259 6.35
    endloop
  endfacet
  facet normal -0.865325 -0.501211 0
    outer loop
      vertex 160.847 -118.672 0
      vertex 161.187 -119.259 6.35
      vertex 160.847 -118.672 6.35
    endloop
  endfacet
  facet normal 0 0 -1
    outer loop
      vertex 160.847 -118.672 0
      vertex 185.419 -103.317 0
      vertex 161.187 -119.259 0
    endloop
  endfacet
  facet normal 0 0 1
    outer loop
      vertex 160.847 -118.672 6.35
      vertex 161.187 -119.259 6.35
      vertex 185.419 -103.317 6.35
    endloop
  endfacet
  facet normal -0.865325 0.501211 0
    outer loop
      vertex 160.847 -128.978 0
      vertex 160.847 -128.978 6.35
      vertex 161.187 -128.391 0
    endloop
  endfacet
  facet normal 0 0 -1
    outer loop
      vertex 160.847 -128.978 0
      vertex 161.187 -128.391 0
      vertex 185.419 -144.333 0
    endloop
  endfacet
  facet normal 0 0 -1
    outer loop
      vertex 160.847 -128.978 0
      vertex 185.419 -144.333 0
      vertex 183.909 -146.572 0
    endloop
  endfacet
  facet normal -0.865325 0.501211 0
    outer loop
      vertex 160.847 -128.978 6.35
      vertex 161.187 -128.391 6.35
      vertex 161.187 -128.391 0
    endloop
  endfacet
  facet normal 0 0 1
    outer loop
      vertex 160.847 -128.978 6.35
      vertex 183.909 -146.572 6.35
      vertex 185.419 -144.333 6.35
    endloop
  endfacet
  facet normal 0 0 1
    outer loop
      vertex 160.847 -128.978 6.35
      vertex 185.419 -144.333 6.35
      vertex 161.187 -128.391 6.35
    endloop
  endfacet
  facet normal -0.899094 -0.437756 0
    outer loop
      vertex 161.187 -119.259 0
      vertex 161.484 -119.869 0
      vertex 161.484 -119.869 6.35
    endloop
  endfacet
  facet normal -0.899094 -0.437756 0
    outer loop
      vertex 161.187 -119.259 0
      vertex 161.484 -119.869 6.35
      vertex 161.187 -119.259 6.35
    endloop
  endfacet
  facet normal 0 0 -1
    outer loop
      vertex 161.187 -119.259 0
      vertex 185.419 -103.317 0
      vertex 186.77 -105.656 0
    endloop
  endfacet
  facet normal 0 0 -1
    outer loop
      vertex 161.187 -119.259 0
      vertex 186.77 -105.656 0
      vertex 161.484 -119.869 0
    endloop
  endfacet
  facet normal 0 0 1
    outer loop
      vertex 161.187 -119.259 6.35
      vertex 161.484 -119.869 6.35
      vertex 186.77 -105.656 6.35
    endloop
  endfacet
  facet normal 0 0 1
    outer loop
      vertex 161.187 -119.259 6.35
      vertex 186.77 -105.656 6.35
      vertex 185.419 -103.317 6.35
    endloop
  endfacet
  facet normal -0.899094 0.437756 0
    outer loop
      vertex 161.187 -128.391 0
      vertex 161.187 -128.391 6.35
      vertex 161.484 -127.781 0
    endloop
  endfacet
  facet normal 0 0 -1
    outer loop
      vertex 161.187 -128.391 0
      vertex 161.484 -127.781 0
      vertex 187.954 -139.566 0
    endloop
  endfacet
  facet normal 0 0 -1
    outer loop
      vertex 161.187 -128.391 0
      vertex 186.77 -141.994 0
      vertex 185.419 -144.333 0
    endloop
  endfacet
  facet normal 0 0 -1
    outer loop
      vertex 161.187 -128.391 0
      vertex 187.954 -139.566 0
      vertex 186.77 -141.994 0
    endloop
  endfacet
  facet normal -0.899094 0.437756 0
    outer loop
      vertex 161.187 -128.391 6.35
      vertex 161.484 -127.781 6.35
      vertex 161.484 -127.781 0
    endloop
  endfacet
  facet normal 0 0 1
    outer loop
      vertex 161.187 -128.391 6.35
      vertex 185.419 -144.333 6.35
      vertex 186.77 -141.994 6.35
    endloop
  endfacet
  facet normal 0 0 1
    outer loop
      vertex 161.187 -128.391 6.35
      vertex 186.77 -141.994 6.35
      vertex 187.954 -139.566 6.35
    endloop
  endfacet
  facet normal 0 0 1
    outer loop
      vertex 161.187 -128.391 6.35
      vertex 187.954 -139.566 6.35
      vertex 161.484 -127.781 6.35
    endloop
  endfacet
  facet normal -0.926947 -0.375193 0
    outer loop
      vertex 161.484 -119.869 0
      vertex 161.739 -120.499 0
      vertex 161.739 -120.499 6.35
    endloop
  endfacet
  facet normal -0.926947 -0.375193 0
    outer loop
      vertex 161.484 -119.869 0
      vertex 161.739 -120.499 6.35
      vertex 161.484 -119.869 6.35
    endloop
  endfacet
  facet normal 0 0 -1
    outer loop
      vertex 161.484 -119.869 0
      vertex 186.77 -105.656 0
      vertex 187.954 -108.084 0
    endloop
  endfacet
  facet normal 0 0 -1
    outer loop
      vertex 161.484 -119.869 0
      vertex 187.954 -108.084 0
      vertex 161.739 -120.499 0
    endloop
  endfacet
  facet normal 0 0 1
    outer loop
      vertex 161.484 -119.869 6.35
      vertex 161.739 -120.499 6.35
      vertex 187.954 -108.084 6.35
    endloop
  endfacet
  facet normal 0 0 1
    outer loop
      vertex 161.484 -119.869 6.35
      vertex 187.954 -108.084 6.35
      vertex 186.77 -105.656 6.35
    endloop
  endfacet
  facet normal -0.926947 0.375193 0
    outer loop
      vertex 161.484 -127.781 0
      vertex 161.484 -127.781 6.35
      vertex 161.739 -127.151 0
    endloop
  endfacet
  facet normal 0 0 -1
    outer loop
      vertex 161.484 -127.781 0
      vertex 161.739 -127.151 0
      vertex 187.954 -139.566 0
    endloop
  endfacet
  facet normal -0.926947 0.375193 0
    outer loop
      vertex 161.484 -127.781 6.35
      vertex 161.739 -127.151 6.35
      vertex 161.739 -127.151 0
    endloop
  endfacet
  facet normal 0 0 1
    outer loop
      vertex 161.484 -127.781 6.35
      vertex 187.954 -139.566 6.35
      vertex 161.739 -127.151 6.35
    endloop
  endfacet
  facet normal -0.951305 -0.308252 0
    outer loop
      vertex 161.739 -120.499 0
      vertex 161.948 -121.144 0
      vertex 161.948 -121.144 6.35
    endloop
  endfacet
  facet normal -0.951305 -0.308252 0
    outer loop
      vertex 161.739 -120.499 0
      vertex 161.948 -121.144 6.35
      vertex 161.739 -120.499 6.35
    endloop
  endfacet
  facet normal 0 0 -1
    outer loop
      vertex 161.739 -120.499 0
      vertex 187.954 -108.084 0
      vertex 188.966 -110.589 0
    endloop
  endfacet
  facet normal 0 0 -1
    outer loop
      vertex 161.739 -120.499 0
      vertex 188.966 -110.589 0
      vertex 189.801 -113.158 0
    endloop
  endfacet
  facet normal 0 0 -1
    outer loop
      vertex 161.739 -120.499 0
      vertex 189.801 -113.158 0
      vertex 161.948 -121.144 0
    endloop
  endfacet
  facet normal 0 0 1
    outer loop
      vertex 161.739 -120.499 6.35
      vertex 161.948 -121.144 6.35
      vertex 189.801 -113.158 6.35
    endloop
  endfacet
  facet normal 0 0 1
    outer loop
      vertex 161.739 -120.499 6.35
      vertex 188.966 -110.589 6.35
      vertex 187.954 -108.084 6.35
    endloop
  endfacet
  facet normal 0 0 1
    outer loop
      vertex 161.739 -120.499 6.35
      vertex 189.801 -113.158 6.35
      vertex 188.966 -110.589 6.35
    endloop
  endfacet
  facet normal -0.951305 0.308252 0
    outer loop
      vertex 161.739 -127.151 0
      vertex 161.739 -127.151 6.35
      vertex 161.948 -126.506 0
    endloop
  endfacet
  facet normal 0 0 -1
    outer loop
      vertex 161.739 -127.151 0
      vertex 161.948 -126.506 0
      vertex 189.801 -134.492 0
    endloop
  endfacet
  facet normal 0 0 -1
    outer loop
      vertex 161.739 -127.151 0
      vertex 188.966 -137.061 0
      vertex 187.954 -139.566 0
    endloop
  endfacet
  facet normal 0 0 -1
    outer loop
      vertex 161.739 -127.151 0
      vertex 189.801 -134.492 0
      vertex 188.966 -137.061 0
    endloop
  endfacet
  facet normal -0.951305 0.308252 0
    outer loop
      vertex 161.739 -127.151 6.35
      vertex 161.948 -126.506 6.35
      vertex 161.948 -126.506 0
    endloop
  endfacet
  facet normal 0 0 1
    outer loop
      vertex 161.739 -127.151 6.35
      vertex 187.954 -139.566 6.35
      vertex 188.966 -137.061 6.35
    endloop
  endfacet
  facet normal 0 0 1
    outer loop
      vertex 161.739 -127.151 6.35
      vertex 188.966 -137.061 6.35
      vertex 189.801 -134.492 6.35
    endloop
  endfacet
  facet normal 0 0 1
    outer loop
      vertex 161.739 -127.151 6.35
      vertex 189.801 -134.492 6.35
      vertex 161.948 -126.506 6.35
    endloop
  endfacet
  facet normal -0.970402 -0.241496 0
    outer loop
      vertex 161.948 -121.144 0
      vertex 162.112 -121.803 0
      vertex 162.112 -121.803 6.35
    endloop
  endfacet
  facet normal -0.970402 -0.241496 0
    outer loop
      vertex 161.948 -121.144 0
      vertex 162.112 -121.803 6.35
      vertex 161.948 -121.144 6.35
    endloop
  endfacet
  facet normal 0 0 -1
    outer loop
      vertex 161.948 -121.144 0
      vertex 189.801 -113.158 0
      vertex 190.454 -115.779 0
    endloop
  endfacet
  facet normal 0 0 -1
    outer loop
      vertex 161.948 -121.144 0
      vertex 190.454 -115.779 0
      vertex 162.112 -121.803 0
    endloop
  endfacet
  facet normal 0 0 1
    outer loop
      vertex 161.948 -121.144 6.35
      vertex 162.112 -121.803 6.35
      vertex 190.454 -115.779 6.35
    endloop
  endfacet
  facet normal 0 0 1
    outer loop
      vertex 161.948 -121.144 6.35
      vertex 190.454 -115.779 6.35
      vertex 189.801 -113.158 6.35
    endloop
  endfacet
  facet normal -0.970402 0.241496 0
    outer loop
      vertex 161.948 -126.506 0
      vertex 161.948 -126.506 6.35
      vertex 162.112 -125.847 0
    endloop
  endfacet
  facet normal 0 0 -1
    outer loop
      vertex 161.948 -126.506 0
      vertex 162.112 -125.847 0
      vertex 190.454 -131.871 0
    endloop
  endfacet
  facet normal 0 0 -1
    outer loop
      vertex 161.948 -126.506 0
      vertex 190.454 -131.871 0
      vertex 189.801 -134.492 0
    endloop
  endfacet
  facet normal -0.970402 0.241496 0
    outer loop
      vertex 161.948 -126.506 6.35
      vertex 162.112 -125.847 6.35
      vertex 162.112 -125.847 0
    endloop
  endfacet
  facet normal 0 0 1
    outer loop
      vertex 161.948 -126.506 6.35
      vertex 189.801 -134.492 6.35
      vertex 190.454 -131.871 6.35
    endloop
  endfacet
  facet normal 0 0 1
    outer loop
      vertex 161.948 -126.506 6.35
      vertex 190.454 -131.871 6.35
      vertex 162.112 -125.847 6.35
    endloop
  endfacet
  facet normal 0.275406 -0.961328 0
    outer loop
      vertex 161.962 -161.375 0
      vertex 164.559 -160.631 0
      vertex 161.962 -161.375 6.35
    endloop
  endfacet
  facet normal 0.275406 -0.961328 0
    outer loop
      vertex 161.962 -161.375 6.35
      vertex 164.559 -160.631 0
      vertex 164.559 -160.631 6.35
    endloop
  endfacet
  facet normal -0.984798 -0.173701 0
    outer loop
      vertex 162.112 -121.803 0
      vertex 162.23 -122.472 0
      vertex 162.23 -122.472 6.35
    endloop
  endfacet
  facet normal -0.984798 -0.173701 0
    outer loop
      vertex 162.112 -121.803 0
      vertex 162.23 -122.472 6.35
      vertex 162.112 -121.803 6.35
    endloop
  endfacet
  facet normal 0 0 -1
    outer loop
      vertex 162.112 -121.803 0
      vertex 190.454 -115.779 0
      vertex 162.23 -122.472 0
    endloop
  endfacet
  facet normal 0 0 1
    outer loop
      vertex 162.112 -121.803 6.35
      vertex 162.23 -122.472 6.35
      vertex 190.454 -115.779 6.35
    endloop
  endfacet
  facet normal -0.984798 0.173701 0
    outer loop
      vertex 162.112 -125.847 0
      vertex 162.112 -125.847 6.35
      vertex 162.23 -125.178 0
    endloop
  endfacet
  facet normal 0 0 -1
    outer loop
      vertex 162.112 -125.847 0
      vertex 162.23 -125.178 0
      vertex 190.454 -131.871 0
    endloop
  endfacet
  facet normal -0.984798 0.173701 0
    outer loop
      vertex 162.112 -125.847 6.35
      vertex 162.23 -125.178 6.35
      vertex 162.23 -125.178 0
    endloop
  endfacet
  facet normal 0 0 1
    outer loop
      vertex 162.112 -125.847 6.35
      vertex 190.454 -131.871 6.35
      vertex 162.23 -125.178 6.35
    endloop
  endfacet
  facet normal -0.994514 -0.104608 0
    outer loop
      vertex 162.23 -122.472 0
      vertex 162.301 -123.147 0
      vertex 162.301 -123.147 6.35
    endloop
  endfacet
  facet normal -0.994514 -0.104608 0
    outer loop
      vertex 162.23 -122.472 0
      vertex 162.301 -123.147 6.35
      vertex 162.23 -122.472 6.35
    endloop
  endfacet
  facet normal 0 0 -1
    outer loop
      vertex 162.23 -122.472 0
      vertex 190.454 -115.779 0
      vertex 190.923 -118.439 0
    endloop
  endfacet
  facet normal 0 0 -1
    outer loop
      vertex 162.23 -122.472 0
      vertex 190.923 -118.439 0
      vertex 191.206 -121.125 0
    endloop
  endfacet
  facet normal 0 0 -1
    outer loop
      vertex 162.23 -122.472 0
      vertex 191.206 -121.125 0
      vertex 162.301 -123.147 0
    endloop
  endfacet
  facet normal 0 0 1
    outer loop
      vertex 162.23 -122.472 6.35
      vertex 162.301 -123.147 6.35
      vertex 191.206 -121.125 6.35
    endloop
  endfacet
  facet normal 0 0 1
    outer loop
      vertex 162.23 -122.472 6.35
      vertex 190.923 -118.439 6.35
      vertex 190.454 -115.779 6.35
    endloop
  endfacet
  facet normal 0 0 1
    outer loop
      vertex 162.23 -122.472 6.35
      vertex 191.206 -121.125 6.35
      vertex 190.923 -118.439 6.35
    endloop
  endfacet
  facet normal -0.994514 0.104608 0
    outer loop
      vertex 162.23 -125.178 0
      vertex 162.23 -125.178 6.35
      vertex 162.301 -124.503 0
    endloop
  endfacet
  facet normal 0 0 -1
    outer loop
      vertex 162.23 -125.178 0
      vertex 162.301 -124.503 0
      vertex 191.206 -126.525 0
    endloop
  endfacet
  facet normal 0 0 -1
    outer loop
      vertex 162.23 -125.178 0
      vertex 190.923 -129.211 0
      vertex 190.454 -131.871 0
    endloop
  endfacet
  facet normal 0 0 -1
    outer loop
      vertex 162.23 -125.178 0
      vertex 191.206 -126.525 0
      vertex 190.923 -129.211 0
    endloop
  endfacet
  facet normal -0.994514 0.104608 0
    outer loop
      vertex 162.23 -125.178 6.35
      vertex 162.301 -124.503 6.35
      vertex 162.301 -124.503 0
    endloop
  endfacet
  facet normal 0 0 1
    outer loop
      vertex 162.23 -125.178 6.35
      vertex 190.454 -131.871 6.35
      vertex 190.923 -129.211 6.35
    endloop
  endfacet
  facet normal 0 0 1
    outer loop
      vertex 162.23 -125.178 6.35
      vertex 190.923 -129.211 6.35
      vertex 191.206 -126.525 6.35
    endloop
  endfacet
  facet normal 0 0 1
    outer loop
      vertex 162.23 -125.178 6.35
      vertex 191.206 -126.525 6.35
      vertex 162.301 -124.503 6.35
    endloop
  endfacet
  facet normal -0.999374 -0.0353761 0
    outer loop
      vertex 162.301 -123.147 0
      vertex 162.325 -123.825 0
      vertex 162.325 -123.825 6.35
    endloop
  endfacet
  facet normal -0.999374 -0.0353761 0
    outer loop
      vertex 162.301 -123.147 0
      vertex 162.325 -123.825 6.35
      vertex 162.301 -123.147 6.35
    endloop
  endfacet
  facet normal 0 0 -1
    outer loop
      vertex 162.301 -123.147 0
      vertex 191.206 -121.125 0
      vertex 162.325 -123.825 0
    endloop
  endfacet
  facet normal 0 0 1
    outer loop
      vertex 162.301 -123.147 6.35
      vertex 162.325 -123.825 6.35
      vertex 191.206 -121.125 6.35
    endloop
  endfacet
  facet normal -0.999374 0.0353761 0
    outer loop
      vertex 162.301 -124.503 0
      vertex 162.301 -124.503 6.35
      vertex 162.325 -123.825 0
    endloop
  endfacet
  facet normal 0 0 -1
    outer loop
      vertex 162.301 -124.503 0
      vertex 162.325 -123.825 0
      vertex 191.206 -126.525 0
    endloop
  endfacet
  facet normal -0.999374 0.0353761 0
    outer loop
      vertex 162.301 -124.503 6.35
      vertex 162.325 -123.825 6.35
      vertex 162.325 -123.825 0
    endloop
  endfacet
  facet normal 0 0 1
    outer loop
      vertex 162.301 -124.503 6.35
      vertex 191.206 -126.525 6.35
      vertex 162.325 -123.825 6.35
    endloop
  endfacet
  facet normal 0 0 -1
    outer loop
      vertex 162.325 -123.825 0
      vertex 191.206 -121.125 0
      vertex 191.3 -123.825 0
    endloop
  endfacet
  facet normal 0 0 -1
    outer loop
      vertex 162.325 -123.825 0
      vertex 191.3 -123.825 0
      vertex 191.206 -126.525 0
    endloop
  endfacet
  facet normal 0 0 1
    outer loop
      vertex 162.325 -123.825 6.35
      vertex 191.206 -126.525 6.35
      vertex 191.3 -123.825 6.35
    endloop
  endfacet
  facet normal 0 0 1
    outer loop
      vertex 162.325 -123.825 6.35
      vertex 191.3 -123.825 6.35
      vertex 191.206 -121.125 6.35
    endloop
  endfacet
  facet normal 0.3421 -0.939664 0
    outer loop
      vertex 164.559 -160.631 0
      vertex 167.097 -159.707 0
      vertex 164.559 -160.631 6.35
    endloop
  endfacet
  facet normal 0.3421 -0.939664 0
    outer loop
      vertex 164.559 -160.631 6.35
      vertex 167.097 -159.707 0
      vertex 167.097 -159.707 6.35
    endloop
  endfacet
  facet normal 0.406791 -0.913521 0
    outer loop
      vertex 167.097 -159.707 0
      vertex 169.565 -158.608 0
      vertex 167.097 -159.707 6.35
    endloop
  endfacet
  facet normal 0.406791 -0.913521 0
    outer loop
      vertex 167.097 -159.707 6.35
      vertex 169.565 -158.608 0
      vertex 169.565 -158.608 6.35
    endloop
  endfacet
  facet normal 0.469435 -0.882967 0
    outer loop
      vertex 169.565 -158.608 0
      vertex 171.95 -157.34 0
      vertex 169.565 -158.608 6.35
    endloop
  endfacet
  facet normal 0.469435 -0.882967 0
    outer loop
      vertex 169.565 -158.608 6.35
      vertex 171.95 -157.34 0
      vertex 171.95 -157.34 6.35
    endloop
  endfacet
  facet normal 0.529766 -0.848144 0
    outer loop
      vertex 171.95 -157.34 0
      vertex 174.241 -155.909 0
      vertex 171.95 -157.34 6.35
    endloop
  endfacet
  facet normal 0.529766 -0.848144 0
    outer loop
      vertex 171.95 -157.34 6.35
      vertex 174.241 -155.909 0
      vertex 174.241 -155.909 6.35
    endloop
  endfacet
  facet normal 0.587908 -0.808928 0
    outer loop
      vertex 174.241 -155.909 0
      vertex 176.426 -154.321 0
      vertex 174.241 -155.909 6.35
    endloop
  endfacet
  facet normal 0.587908 -0.808928 0
    outer loop
      vertex 174.241 -155.909 6.35
      vertex 176.426 -154.321 0
      vertex 176.426 -154.321 6.35
    endloop
  endfacet
  facet normal 0.642767 -0.766062 0
    outer loop
      vertex 176.426 -154.321 0
      vertex 178.495 -152.585 0
      vertex 176.426 -154.321 6.35
    endloop
  endfacet
  facet normal 0.642767 -0.766062 0
    outer loop
      vertex 176.426 -154.321 6.35
      vertex 178.495 -152.585 0
      vertex 178.495 -152.585 6.35
    endloop
  endfacet
  facet normal 0.642832 0.766007 0
    outer loop
      vertex 176.426 -93.329 0
      vertex 176.426 -93.329 6.35
      vertex 178.495 -95.0653 6.35
    endloop
  endfacet
  facet normal 0.642832 0.766007 0
    outer loop
      vertex 176.426 -93.329 0
      vertex 178.495 -95.0653 6.35
      vertex 178.495 -95.0653 0
    endloop
  endfacet
  facet normal 0.694786 -0.719216 0
    outer loop
      vertex 178.495 -152.585 0
      vertex 180.438 -150.708 0
      vertex 178.495 -152.585 6.35
    endloop
  endfacet
  facet normal 0.694786 -0.719216 0
    outer loop
      vertex 178.495 -152.585 6.35
      vertex 180.438 -150.708 0
      vertex 180.438 -150.708 6.35
    endloop
  endfacet
  facet normal 0.694671 0.719327 0
    outer loop
      vertex 178.495 -95.0653 0
      vertex 178.495 -95.0653 6.35
      vertex 180.438 -96.9417 6.35
    endloop
  endfacet
  facet normal 0.694671 0.719327 0
    outer loop
      vertex 178.495 -95.0653 0
      vertex 180.438 -96.9417 6.35
      vertex 180.438 -96.9417 0
    endloop
  endfacet
  facet normal 0.742981 -0.669312 0
    outer loop
      vertex 180.438 -150.708 0
      vertex 182.246 -148.701 0
      vertex 180.438 -150.708 6.35
    endloop
  endfacet
  facet normal 0.742981 -0.669312 0
    outer loop
      vertex 180.438 -150.708 6.35
      vertex 182.246 -148.701 0
      vertex 182.246 -148.701 6.35
    endloop
  endfacet
  facet normal 0.743047 0.669239 0
    outer loop
      vertex 180.438 -96.9417 0
      vertex 180.438 -96.9417 6.35
      vertex 182.246 -98.9491 6.35
    endloop
  endfacet
  facet normal 0.743047 0.669239 0
    outer loop
      vertex 180.438 -96.9417 0
      vertex 182.246 -98.9491 6.35
      vertex 182.246 -98.9491 0
    endloop
  endfacet
  facet normal 0.788075 -0.615579 0
    outer loop
      vertex 182.246 -148.701 0
      vertex 183.909 -146.572 0
      vertex 182.246 -148.701 6.35
    endloop
  endfacet
  facet normal 0.788075 -0.615579 0
    outer loop
      vertex 182.246 -148.701 6.35
      vertex 183.909 -146.572 0
      vertex 183.909 -146.572 6.35
    endloop
  endfacet
  facet normal 0.788061 0.615597 0
    outer loop
      vertex 182.246 -98.9491 0
      vertex 182.246 -98.9491 6.35
      vertex 183.909 -101.078 6.35
    endloop
  endfacet
  facet normal 0.788061 0.615597 0
    outer loop
      vertex 182.246 -98.9491 0
      vertex 183.909 -101.078 6.35
      vertex 183.909 -101.078 0
    endloop
  endfacet
  facet normal 0.829076 0.559136 0
    outer loop
      vertex 183.909 -101.078 0
      vertex 183.909 -101.078 6.35
      vertex 185.419 -103.317 6.35
    endloop
  endfacet
  facet normal 0.829076 0.559136 0
    outer loop
      vertex 183.909 -101.078 0
      vertex 185.419 -103.317 6.35
      vertex 185.419 -103.317 0
    endloop
  endfacet
  facet normal 0.829076 -0.559136 0
    outer loop
      vertex 183.909 -146.572 0
      vertex 185.419 -144.333 0
      vertex 183.909 -146.572 6.35
    endloop
  endfacet
  facet normal 0.829076 -0.559136 0
    outer loop
      vertex 183.909 -146.572 6.35
      vertex 185.419 -144.333 0
      vertex 185.419 -144.333 6.35
    endloop
  endfacet
  facet normal 0.865933 0.50016 0
    outer loop
      vertex 185.419 -103.317 0
      vertex 185.419 -103.317 6.35
      vertex 186.77 -105.656 6.35
    endloop
  endfacet
  facet normal 0.865933 0.50016 0
    outer loop
      vertex 185.419 -103.317 0
      vertex 186.77 -105.656 6.35
      vertex 186.77 -105.656 0
    endloop
  endfacet
  facet normal 0.865933 -0.50016 0
    outer loop
      vertex 185.419 -144.333 0
      vertex 186.77 -141.994 0
      vertex 185.419 -144.333 6.35
    endloop
  endfacet
  facet normal 0.865933 -0.50016 0
    outer loop
      vertex 185.419 -144.333 6.35
      vertex 186.77 -141.994 0
      vertex 186.77 -141.994 6.35
    endloop
  endfacet
  facet normal 0.898825 0.438307 0
    outer loop
      vertex 186.77 -105.656 0
      vertex 186.77 -105.656 6.35
      vertex 187.954 -108.084 6.35
    endloop
  endfacet
  facet normal 0.898825 0.438307 0
    outer loop
      vertex 186.77 -105.656 0
      vertex 187.954 -108.084 6.35
      vertex 187.954 -108.084 0
    endloop
  endfacet
  facet normal 0.898825 -0.438307 0
    outer loop
      vertex 186.77 -141.994 0
      vertex 187.954 -139.566 0
      vertex 186.77 -141.994 6.35
    endloop
  endfacet
  facet normal 0.898825 -0.438307 0
    outer loop
      vertex 186.77 -141.994 6.35
      vertex 187.954 -139.566 0
      vertex 187.954 -139.566 6.35
    endloop
  endfacet
  facet normal 0.927195 0.374579 0
    outer loop
      vertex 187.954 -108.084 0
      vertex 187.954 -108.084 6.35
      vertex 188.966 -110.589 6.35
    endloop
  endfacet
  facet normal 0.927195 0.374579 0
    outer loop
      vertex 187.954 -108.084 0
      vertex 188.966 -110.589 6.35
      vertex 188.966 -110.589 0
    endloop
  endfacet
  facet normal 0.927195 -0.374579 0
    outer loop
      vertex 187.954 -139.566 0
      vertex 188.966 -137.061 0
      vertex 187.954 -139.566 6.35
    endloop
  endfacet
  facet normal 0.927195 -0.374579 0
    outer loop
      vertex 187.954 -139.566 6.35
      vertex 188.966 -137.061 0
      vertex 188.966 -137.061 6.35
    endloop
  endfacet
  facet normal 0.951026 0.309111 0
    outer loop
      vertex 188.966 -110.589 0
      vertex 188.966 -110.589 6.35
      vertex 189.801 -113.158 6.35
    endloop
  endfacet
  facet normal 0.951026 0.309111 0
    outer loop
      vertex 188.966 -110.589 0
      vertex 189.801 -113.158 6.35
      vertex 189.801 -113.158 0
    endloop
  endfacet
  facet normal 0.951026 -0.309111 0
    outer loop
      vertex 188.966 -137.061 0
      vertex 189.801 -134.492 0
      vertex 188.966 -137.061 6.35
    endloop
  endfacet
  facet normal 0.951026 -0.309111 0
    outer loop
      vertex 188.966 -137.061 6.35
      vertex 189.801 -134.492 0
      vertex 189.801 -134.492 6.35
    endloop
  endfacet
  facet normal 0.970338 0.241752 0
    outer loop
      vertex 189.801 -113.158 0
      vertex 189.801 -113.158 6.35
      vertex 190.454 -115.779 6.35
    endloop
  endfacet
  facet normal 0.970338 0.241752 0
    outer loop
      vertex 189.801 -113.158 0
      vertex 190.454 -115.779 6.35
      vertex 190.454 -115.779 0
    endloop
  endfacet
  facet normal 0.970338 -0.241752 0
    outer loop
      vertex 189.801 -134.492 0
      vertex 190.454 -131.871 0
      vertex 189.801 -134.492 6.35
    endloop
  endfacet
  facet normal 0.970338 -0.241752 0
    outer loop
      vertex 189.801 -134.492 6.35
      vertex 190.454 -131.871 0
      vertex 190.454 -131.871 6.35
    endloop
  endfacet
  facet normal 0.529932 0.84804 0
    outer loop
      vertex 19.35 33.5152 0
      vertex 19.35 33.5152 6.35
      vertex 21.6408 32.0837 6.35
    endloop
  endfacet
  facet normal 0.529932 0.84804 0
    outer loop
      vertex 19.35 33.5152 0
      vertex 21.6408 32.0837 6.35
      vertex 21.6408 32.0837 0
    endloop
  endfacet
  facet normal 0.98481 0.173637 0
    outer loop
      vertex 190.454 -115.779 0
      vertex 190.454 -115.779 6.35
      vertex 190.923 -118.439 6.35
    endloop
  endfacet
  facet normal 0.98481 0.173637 0
    outer loop
      vertex 190.454 -115.779 0
      vertex 190.923 -118.439 6.35
      vertex 190.923 -118.439 0
    endloop
  endfacet
  facet normal 0.98481 -0.173637 0
    outer loop
      vertex 190.454 -131.871 0
      vertex 190.923 -129.211 0
      vertex 190.454 -131.871 6.35
    endloop
  endfacet
  facet normal 0.98481 -0.173637 0
    outer loop
      vertex 190.454 -131.871 6.35
      vertex 190.923 -129.211 0
      vertex 190.923 -129.211 6.35
    endloop
  endfacet
  facet normal 0.994495 0.104781 0
    outer loop
      vertex 190.923 -118.439 0
      vertex 190.923 -118.439 6.35
      vertex 191.206 -121.125 6.35
    endloop
  endfacet
  facet normal 0.994495 0.104781 0
    outer loop
      vertex 190.923 -118.439 0
      vertex 191.206 -121.125 6.35
      vertex 191.206 -121.125 0
    endloop
  endfacet
  facet normal 0.994495 -0.104781 0
    outer loop
      vertex 190.923 -129.211 0
      vertex 191.206 -126.525 0
      vertex 190.923 -129.211 6.35
    endloop
  endfacet
  facet normal 0.994495 -0.104781 0
    outer loop
      vertex 190.923 -129.211 6.35
      vertex 191.206 -126.525 0
      vertex 191.206 -126.525 6.35
    endloop
  endfacet
  facet normal 0.999395 0.0347937 0
    outer loop
      vertex 191.206 -121.125 0
      vertex 191.206 -121.125 6.35
      vertex 191.3 -123.825 6.35
    endloop
  endfacet
  facet normal 0.999395 0.0347937 0
    outer loop
      vertex 191.206 -121.125 0
      vertex 191.3 -123.825 6.35
      vertex 191.3 -123.825 0
    endloop
  endfacet
  facet normal 0.999395 -0.0347937 0
    outer loop
      vertex 191.206 -126.525 0
      vertex 191.3 -123.825 0
      vertex 191.206 -126.525 6.35
    endloop
  endfacet
  facet normal 0.999395 -0.0347937 0
    outer loop
      vertex 191.206 -126.525 6.35
      vertex 191.3 -123.825 0
      vertex 191.3 -123.825 6.35
    endloop
  endfacet
  facet normal -0.207904 0.978149 0
    outer loop
      vertex 2.24005 -12.704 0
      vertex 2.24005 -12.704 6.35
      vertex 3.12079 -12.5168 0
    endloop
  endfacet
  facet normal -0.207904 0.978149 0
    outer loop
      vertex 2.24005 -12.704 6.35
      vertex 3.12079 -12.5168 6.35
      vertex 3.12079 -12.5168 0
    endloop
  endfacet
  facet normal -0.207904 -0.978149 0
    outer loop
      vertex 2.24005 12.704 0
      vertex 3.12079 12.5168 0
      vertex 3.12079 12.5168 6.35
    endloop
  endfacet
  facet normal -0.207904 -0.978149 0
    outer loop
      vertex 2.24005 12.704 0
      vertex 3.12079 12.5168 6.35
      vertex 2.24005 12.704 6.35
    endloop
  endfacet
  facet normal 0 0 -1
    outer loop
      vertex 2.24005 12.704 0
      vertex 6.72018 38.112 0
      vertex 9.36237 37.5504 0
    endloop
  endfacet
  facet normal 0 0 -1
    outer loop
      vertex 2.24005 12.704 0
      vertex 9.36237 37.5504 0
      vertex 3.12079 12.5168 0
    endloop
  endfacet
  facet normal 0 0 1
    outer loop
      vertex 2.24005 12.704 6.35
      vertex 3.12079 12.5168 6.35
      vertex 9.36237 37.5504 6.35
    endloop
  endfacet
  facet normal 0 0 1
    outer loop
      vertex 2.24005 12.704 6.35
      vertex 9.36237 37.5504 6.35
      vertex 6.72018 38.112 6.35
    endloop
  endfacet
  facet normal 0.587782 0.809019 0
    outer loop
      vertex 21.6408 32.0837 0
      vertex 21.6408 32.0837 6.35
      vertex 23.8261 30.496 6.35
    endloop
  endfacet
  facet normal 0.587782 0.809019 0
    outer loop
      vertex 21.6408 32.0837 0
      vertex 23.8261 30.496 6.35
      vertex 23.8261 30.496 0
    endloop
  endfacet
  facet normal 0.630095 0.776518 0
    outer loop
      vertex 23.8261 30.496 0
      vertex 176.426 -93.329 6.35
      vertex 176.426 -93.329 0
    endloop
  endfacet
  facet normal 0.630095 0.776518 0
    outer loop
      vertex 23.8261 30.496 0
      vertex 23.8261 30.496 6.35
      vertex 176.426 -93.329 6.35
    endloop
  endfacet
  facet normal -0.275654 0.961257 0
    outer loop
      vertex 3.12079 -12.5168 0
      vertex 3.12079 -12.5168 6.35
      vertex 3.98631 -12.2686 0
    endloop
  endfacet
  facet normal -0.275654 0.961257 0
    outer loop
      vertex 3.12079 -12.5168 6.35
      vertex 3.98631 -12.2686 6.35
      vertex 3.98631 -12.2686 0
    endloop
  endfacet
  facet normal -0.275654 -0.961257 0
    outer loop
      vertex 3.12079 12.5168 0
      vertex 3.98631 12.2686 0
      vertex 3.98631 12.2686 6.35
    endloop
  endfacet
  facet normal -0.275654 -0.961257 0
    outer loop
      vertex 3.12079 12.5168 0
      vertex 3.98631 12.2686 6.35
      vertex 3.12079 12.5168 6.35
    endloop
  endfacet
  facet normal 0 0 -1
    outer loop
      vertex 3.12079 12.5168 0
      vertex 9.36237 37.5504 0
      vertex 3.98631 12.2686 0
    endloop
  endfacet
  facet normal 0 0 1
    outer loop
      vertex 3.12079 12.5168 6.35
      vertex 3.98631 12.2686 6.35
      vertex 9.36237 37.5504 6.35
    endloop
  endfacet
  facet normal -0.341966 0.939712 0
    outer loop
      vertex 3.98631 -12.2686 0
      vertex 3.98631 -12.2686 6.35
      vertex 4.83241 -11.9607 0
    endloop
  endfacet
  facet normal -0.341966 0.939712 0
    outer loop
      vertex 3.98631 -12.2686 6.35
      vertex 4.83241 -11.9607 6.35
      vertex 4.83241 -11.9607 0
    endloop
  endfacet
  facet normal 0 0 -1
    outer loop
      vertex 3.98631 12.2686 0
      vertex 11.959 36.8059 0
      vertex 4.83241 11.9607 0
    endloop
  endfacet
  facet normal -0.341966 -0.939712 0
    outer loop
      vertex 3.98631 12.2686 0
      vertex 4.83241 11.9607 0
      vertex 4.83241 11.9607 6.35
    endloop
  endfacet
  facet normal -0.341966 -0.939712 0
    outer loop
      vertex 3.98631 12.2686 0
      vertex 4.83241 11.9607 6.35
      vertex 3.98631 12.2686 6.35
    endloop
  endfacet
  facet normal 0 0 -1
    outer loop
      vertex 3.98631 12.2686 0
      vertex 9.36237 37.5504 0
      vertex 11.959 36.8059 0
    endloop
  endfacet
  facet normal 0 0 1
    outer loop
      vertex 3.98631 12.2686 6.35
      vertex 11.959 36.8059 6.35
      vertex 9.36237 37.5504 6.35
    endloop
  endfacet
  facet normal 0 0 1
    outer loop
      vertex 3.98631 12.2686 6.35
      vertex 4.83241 11.9607 6.35
      vertex 11.959 36.8059 6.35
    endloop
  endfacet
  facet normal 0.139195 0.990265 0
    outer loop
      vertex 4.04524 38.488 0
      vertex 4.04524 38.488 6.35
      vertex 6.72018 38.112 6.35
    endloop
  endfacet
  facet normal 0.139195 0.990265 0
    outer loop
      vertex 4.04524 38.488 0
      vertex 6.72018 38.112 6.35
      vertex 6.72018 38.112 0
    endloop
  endfacet
  facet normal -0.4068 0.913517 0
    outer loop
      vertex 4.83241 -11.9607 0
      vertex 4.83241 -11.9607 6.35
      vertex 5.65498 -11.5944 0
    endloop
  endfacet
  facet normal 0 0 -1
    outer loop
      vertex 4.83241 -11.9607 0
      vertex 5.65498 -11.5944 0
      vertex 128.774 -154.321 0
    endloop
  endfacet
  facet normal 0 0 1
    outer loop
      vertex 4.83241 -11.9607 6.35
      vertex 128.774 -154.321 6.35
      vertex 5.65498 -11.5944 6.35
    endloop
  endfacet
  facet normal -0.4068 0.913517 0
    outer loop
      vertex 4.83241 -11.9607 6.35
      vertex 5.65498 -11.5944 6.35
      vertex 5.65498 -11.5944 0
    endloop
  endfacet
  facet normal 0 0 -1
    outer loop
      vertex 4.83241 11.9607 0
      vertex 11.959 36.8059 0
      vertex 14.4973 35.882 0
    endloop
  endfacet
  facet normal 0 0 -1
    outer loop
      vertex 4.83241 11.9607 0
      vertex 14.4973 35.882 0
      vertex 5.65498 11.5944 0
    endloop
  endfacet
  facet normal -0.4068 -0.913517 0
    outer loop
      vertex 4.83241 11.9607 0
      vertex 5.65498 11.5944 0
      vertex 5.65498 11.5944 6.35
    endloop
  endfacet
  facet normal -0.4068 -0.913517 0
    outer loop
      vertex 4.83241 11.9607 0
      vertex 5.65498 11.5944 6.35
      vertex 4.83241 11.9607 6.35
    endloop
  endfacet
  facet normal 0 0 1
    outer loop
      vertex 4.83241 11.9607 6.35
      vertex 14.4973 35.882 6.35
      vertex 11.959 36.8059 6.35
    endloop
  endfacet
  facet normal 0 0 1
    outer loop
      vertex 4.83241 11.9607 6.35
      vertex 5.65498 11.5944 6.35
      vertex 14.4973 35.882 6.35
    endloop
  endfacet
  facet normal 0 0 -1
    outer loop
      vertex 5.65498 -11.5944 0
      vertex 143.088 -121.803 0
      vertex 128.774 -154.321 0
    endloop
  endfacet
  facet normal 0 0 -1
    outer loop
      vertex 5.65498 -11.5944 0
      vertex 143.252 -121.144 0
      vertex 143.088 -121.803 0
    endloop
  endfacet
  facet normal -0.469455 0.882957 0
    outer loop
      vertex 5.65498 -11.5944 0
      vertex 5.65498 -11.5944 6.35
      vertex 6.45 -11.1717 0
    endloop
  endfacet
  facet normal 0 0 -1
    outer loop
      vertex 5.65498 -11.5944 0
      vertex 6.45 -11.1717 0
      vertex 143.252 -121.144 0
    endloop
  endfacet
  facet normal 0 0 1
    outer loop
      vertex 5.65498 -11.5944 6.35
      vertex 128.774 -154.321 6.35
      vertex 143.088 -121.803 6.35
    endloop
  endfacet
  facet normal 0 0 1
    outer loop
      vertex 5.65498 -11.5944 6.35
      vertex 143.088 -121.803 6.35
      vertex 143.252 -121.144 6.35
    endloop
  endfacet
  facet normal 0 0 1
    outer loop
      vertex 5.65498 -11.5944 6.35
      vertex 143.252 -121.144 6.35
      vertex 6.45 -11.1717 6.35
    endloop
  endfacet
  facet normal -0.469455 0.882957 0
    outer loop
      vertex 5.65498 -11.5944 6.35
      vertex 6.45 -11.1717 6.35
      vertex 6.45 -11.1717 0
    endloop
  endfacet
  facet normal 0 0 -1
    outer loop
      vertex 5.65498 11.5944 0
      vertex 14.4973 35.882 0
      vertex 16.965 34.7833 0
    endloop
  endfacet
  facet normal 0 0 -1
    outer loop
      vertex 5.65498 11.5944 0
      vertex 16.965 34.7833 0
      vertex 6.45 11.1717 0
    endloop
  endfacet
  facet normal -0.469455 -0.882957 0
    outer loop
      vertex 5.65498 11.5944 0
      vertex 6.45 11.1717 0
      vertex 6.45 11.1717 6.35
    endloop
  endfacet
  facet normal -0.469455 -0.882957 0
    outer loop
      vertex 5.65498 11.5944 0
      vertex 6.45 11.1717 6.35
      vertex 5.65498 11.5944 6.35
    endloop
  endfacet
  facet normal 0 0 1
    outer loop
      vertex 5.65498 11.5944 6.35
      vertex 16.965 34.7833 6.35
      vertex 14.4973 35.882 6.35
    endloop
  endfacet
  facet normal 0 0 1
    outer loop
      vertex 5.65498 11.5944 6.35
      vertex 6.45 11.1717 6.35
      vertex 16.965 34.7833 6.35
    endloop
  endfacet
  facet normal 0 0 -1
    outer loop
      vertex 6.45 -11.1717 0
      vertex 143.461 -120.499 0
      vertex 143.252 -121.144 0
    endloop
  endfacet
  facet normal -0.529889 0.848067 0
    outer loop
      vertex 6.45 -11.1717 0
      vertex 6.45 -11.1717 6.35
      vertex 7.21358 -10.6946 0
    endloop
  endfacet
  facet normal 0 0 -1
    outer loop
      vertex 6.45 -11.1717 0
      vertex 7.21358 -10.6946 0
      vertex 143.461 -120.499 0
    endloop
  endfacet
  facet normal 0 0 1
    outer loop
      vertex 6.45 -11.1717 6.35
      vertex 143.252 -121.144 6.35
      vertex 143.461 -120.499 6.35
    endloop
  endfacet
  facet normal 0 0 1
    outer loop
      vertex 6.45 -11.1717 6.35
      vertex 143.461 -120.499 6.35
      vertex 7.21358 -10.6946 6.35
    endloop
  endfacet
  facet normal -0.529889 0.848067 0
    outer loop
      vertex 6.45 -11.1717 6.35
      vertex 7.21358 -10.6946 6.35
      vertex 7.21358 -10.6946 0
    endloop
  endfacet
  facet normal 0 0 -1
    outer loop
      vertex 6.45 11.1717 0
      vertex 16.965 34.7833 0
      vertex 19.35 33.5152 0
    endloop
  endfacet
  facet normal 0 0 -1
    outer loop
      vertex 6.45 11.1717 0
      vertex 19.35 33.5152 0
      vertex 21.6408 32.0837 0
    endloop
  endfacet
  facet normal 0 0 -1
    outer loop
      vertex 6.45 11.1717 0
      vertex 21.6408 32.0837 0
      vertex 7.21358 10.6946 0
    endloop
  endfacet
  facet normal -0.529889 -0.848067 0
    outer loop
      vertex 6.45 11.1717 0
      vertex 7.21358 10.6946 0
      vertex 7.21358 10.6946 6.35
    endloop
  endfacet
  facet normal -0.529889 -0.848067 0
    outer loop
      vertex 6.45 11.1717 0
      vertex 7.21358 10.6946 6.35
      vertex 6.45 11.1717 6.35
    endloop
  endfacet
  facet normal 0 0 1
    outer loop
      vertex 6.45 11.1717 6.35
      vertex 19.35 33.5152 6.35
      vertex 16.965 34.7833 6.35
    endloop
  endfacet
  facet normal 0 0 1
    outer loop
      vertex 6.45 11.1717 6.35
      vertex 21.6408 32.0837 6.35
      vertex 19.35 33.5152 6.35
    endloop
  endfacet
  facet normal 0 0 1
    outer loop
      vertex 6.45 11.1717 6.35
      vertex 7.21358 10.6946 6.35
      vertex 21.6408 32.0837 6.35
    endloop
  endfacet
  facet normal 0.207906 0.978149 0
    outer loop
      vertex 6.72018 38.112 0
      vertex 6.72018 38.112 6.35
      vertex 9.36237 37.5504 6.35
    endloop
  endfacet
  facet normal 0.207906 0.978149 0
    outer loop
      vertex 6.72018 38.112 0
      vertex 9.36237 37.5504 6.35
      vertex 9.36237 37.5504 0
    endloop
  endfacet
  facet normal 0 0 -1
    outer loop
      vertex 7.21358 -10.6946 0
      vertex 143.716 -119.869 0
      vertex 143.461 -120.499 0
    endloop
  endfacet
  facet normal -0.587822 0.808991 0
    outer loop
      vertex 7.21358 -10.6946 0
      vertex 7.21358 -10.6946 6.35
      vertex 7.94203 -10.1653 0
    endloop
  endfacet
  facet normal 0 0 -1
    outer loop
      vertex 7.21358 -10.6946 0
      vertex 7.94203 -10.1653 0
      vertex 143.716 -119.869 0
    endloop
  endfacet
  facet normal 0 0 1
    outer loop
      vertex 7.21358 -10.6946 6.35
      vertex 143.461 -120.499 6.35
      vertex 143.716 -119.869 6.35
    endloop
  endfacet
  facet normal 0 0 1
    outer loop
      vertex 7.21358 -10.6946 6.35
      vertex 143.716 -119.869 6.35
      vertex 7.94203 -10.1653 6.35
    endloop
  endfacet
  facet normal -0.587822 0.808991 0
    outer loop
      vertex 7.21358 -10.6946 6.35
      vertex 7.94203 -10.1653 6.35
      vertex 7.94203 -10.1653 0
    endloop
  endfacet
  facet normal 0 0 -1
    outer loop
      vertex 7.21358 10.6946 0
      vertex 21.6408 32.0837 0
      vertex 7.94203 10.1653 0
    endloop
  endfacet
  facet normal -0.587822 -0.808991 0
    outer loop
      vertex 7.21358 10.6946 0
      vertex 7.94203 10.1653 0
      vertex 7.94203 10.1653 6.35
    endloop
  endfacet
  facet normal -0.587822 -0.808991 0
    outer loop
      vertex 7.21358 10.6946 0
      vertex 7.94203 10.1653 6.35
      vertex 7.21358 10.6946 6.35
    endloop
  endfacet
  facet normal 0 0 1
    outer loop
      vertex 7.21358 10.6946 6.35
      vertex 7.94203 10.1653 6.35
      vertex 21.6408 32.0837 6.35
    endloop
  endfacet
  facet normal 0 0 -1
    outer loop
      vertex 7.94203 -10.1653 0
      vertex 144.013 -119.259 0
      vertex 143.716 -119.869 0
    endloop
  endfacet
  facet normal -0.642774 0.766056 0
    outer loop
      vertex 7.94203 -10.1653 0
      vertex 7.94203 -10.1653 6.35
      vertex 8.63177 -9.58656 0
    endloop
  endfacet
  facet normal 0 0 -1
    outer loop
      vertex 7.94203 -10.1653 0
      vertex 8.63177 -9.58656 0
      vertex 144.013 -119.259 0
    endloop
  endfacet
  facet normal 0 0 1
    outer loop
      vertex 7.94203 -10.1653 6.35
      vertex 143.716 -119.869 6.35
      vertex 144.013 -119.259 6.35
    endloop
  endfacet
  facet normal 0 0 1
    outer loop
      vertex 7.94203 -10.1653 6.35
      vertex 144.013 -119.259 6.35
      vertex 8.63177 -9.58656 6.35
    endloop
  endfacet
  facet normal -0.642774 0.766056 0
    outer loop
      vertex 7.94203 -10.1653 6.35
      vertex 8.63177 -9.58656 6.35
      vertex 8.63177 -9.58656 0
    endloop
  endfacet
  facet normal 0 0 -1
    outer loop
      vertex 7.94203 10.1653 0
      vertex 21.6408 32.0837 0
      vertex 23.8261 30.496 0
    endloop
  endfacet
  facet normal 0 0 -1
    outer loop
      vertex 7.94203 10.1653 0
      vertex 23.8261 30.496 0
      vertex 8.63177 9.58656 0
    endloop
  endfacet
  facet normal -0.642774 -0.766056 0
    outer loop
      vertex 7.94203 10.1653 0
      vertex 8.63177 9.58656 0
      vertex 8.63177 9.58656 6.35
    endloop
  endfacet
  facet normal -0.642774 -0.766056 0
    outer loop
      vertex 7.94203 10.1653 0
      vertex 8.63177 9.58656 6.35
      vertex 7.94203 10.1653 6.35
    endloop
  endfacet
  facet normal 0 0 1
    outer loop
      vertex 7.94203 10.1653 6.35
      vertex 23.8261 30.496 6.35
      vertex 21.6408 32.0837 6.35
    endloop
  endfacet
  facet normal 0 0 1
    outer loop
      vertex 7.94203 10.1653 6.35
      vertex 8.63177 9.58656 6.35
      vertex 23.8261 30.496 6.35
    endloop
  endfacet
  facet normal 0 0 -1
    outer loop
      vertex 8.63177 -9.58656 0
      vertex 144.353 -118.672 0
      vertex 144.013 -119.259 0
    endloop
  endfacet
  facet normal -0.694649 0.719349 0
    outer loop
      vertex 8.63177 -9.58656 0
      vertex 8.63177 -9.58656 6.35
      vertex 9.27948 -8.96109 0
    endloop
  endfacet
  facet normal 0 0 -1
    outer loop
      vertex 8.63177 -9.58656 0
      vertex 9.27948 -8.96109 0
      vertex 144.353 -118.672 0
    endloop
  endfacet
  facet normal 0 0 1
    outer loop
      vertex 8.63177 -9.58656 6.35
      vertex 144.013 -119.259 6.35
      vertex 144.353 -118.672 6.35
    endloop
  endfacet
  facet normal 0 0 1
    outer loop
      vertex 8.63177 -9.58656 6.35
      vertex 144.353 -118.672 6.35
      vertex 9.27948 -8.96109 6.35
    endloop
  endfacet
  facet normal -0.694649 0.719349 0
    outer loop
      vertex 8.63177 -9.58656 6.35
      vertex 9.27948 -8.96109 6.35
      vertex 9.27948 -8.96109 0
    endloop
  endfacet
  facet normal 0 0 -1
    outer loop
      vertex 8.63177 9.58656 0
      vertex 23.8261 30.496 0
      vertex 9.27948 8.96109 0
    endloop
  endfacet
  facet normal -0.694649 -0.719349 0
    outer loop
      vertex 8.63177 9.58656 0
      vertex 9.27948 8.96109 0
      vertex 9.27948 8.96109 6.35
    endloop
  endfacet
  facet normal -0.694649 -0.719349 0
    outer loop
      vertex 8.63177 9.58656 0
      vertex 9.27948 8.96109 6.35
      vertex 8.63177 9.58656 6.35
    endloop
  endfacet
  facet normal 0 0 1
    outer loop
      vertex 8.63177 9.58656 6.35
      vertex 9.27948 8.96109 6.35
      vertex 23.8261 30.496 6.35
    endloop
  endfacet
  facet normal 0 0 -1
    outer loop
      vertex 9.27948 -8.96109 0
      vertex 144.732 -118.109 0
      vertex 144.353 -118.672 0
    endloop
  endfacet
  facet normal -0.743148 0.669127 0
    outer loop
      vertex 9.27948 -8.96109 0
      vertex 9.27948 -8.96109 6.35
      vertex 9.88197 -8.29195 0
    endloop
  endfacet
  facet normal 0 0 -1
    outer loop
      vertex 9.27948 -8.96109 0
      vertex 9.88197 -8.29195 0
      vertex 144.732 -118.109 0
    endloop
  endfacet
  facet normal 0 0 1
    outer loop
      vertex 9.27948 -8.96109 6.35
      vertex 144.353 -118.672 6.35
      vertex 144.732 -118.109 6.35
    endloop
  endfacet
  facet normal 0 0 1
    outer loop
      vertex 9.27948 -8.96109 6.35
      vertex 144.732 -118.109 6.35
      vertex 9.88197 -8.29195 6.35
    endloop
  endfacet
  facet normal -0.743148 0.669127 0
    outer loop
      vertex 9.27948 -8.96109 6.35
      vertex 9.88197 -8.29195 6.35
      vertex 9.88197 -8.29195 0
    endloop
  endfacet
  facet normal 0 0 -1
    outer loop
      vertex 9.27948 8.96109 0
      vertex 23.8261 30.496 0
      vertex 9.88197 8.29195 0
    endloop
  endfacet
  facet normal -0.743148 -0.669127 0
    outer loop
      vertex 9.27948 8.96109 0
      vertex 9.88197 8.29195 0
      vertex 9.88197 8.29195 6.35
    endloop
  endfacet
  facet normal -0.743148 -0.669127 0
    outer loop
      vertex 9.27948 8.96109 0
      vertex 9.88197 8.29195 6.35
      vertex 9.27948 8.96109 6.35
    endloop
  endfacet
  facet normal 0 0 1
    outer loop
      vertex 9.27948 8.96109 6.35
      vertex 9.88197 8.29195 6.35
      vertex 23.8261 30.496 6.35
    endloop
  endfacet
  facet normal 0.275613 0.961269 0
    outer loop
      vertex 9.36237 37.5504 0
      vertex 11.959 36.8059 6.35
      vertex 11.959 36.8059 0
    endloop
  endfacet
  facet normal 0.275613 0.961269 0
    outer loop
      vertex 9.36237 37.5504 0
      vertex 9.36237 37.5504 6.35
      vertex 11.959 36.8059 6.35
    endloop
  endfacet
  facet normal 0 0 -1
    outer loop
      vertex 9.88197 -8.29195 0
      vertex 10.4363 -7.58243 0
      vertex 145.15 -117.574 0
    endloop
  endfacet
  facet normal 0 0 -1
    outer loop
      vertex 9.88197 -8.29195 0
      vertex 145.15 -117.574 0
      vertex 144.732 -118.109 0
    endloop
  endfacet
  facet normal -0.788015 0.615656 0
    outer loop
      vertex 9.88197 -8.29195 0
      vertex 9.88197 -8.29195 6.35
      vertex 10.4363 -7.58243 0
    endloop
  endfacet
  facet normal -0.788015 0.615656 0
    outer loop
      vertex 9.88197 -8.29195 6.35
      vertex 10.4363 -7.58243 6.35
      vertex 10.4363 -7.58243 0
    endloop
  endfacet
  facet normal 0 0 1
    outer loop
      vertex 9.88197 -8.29195 6.35
      vertex 144.732 -118.109 6.35
      vertex 145.15 -117.574 6.35
    endloop
  endfacet
  facet normal 0 0 1
    outer loop
      vertex 9.88197 -8.29195 6.35
      vertex 145.15 -117.574 6.35
      vertex 10.4363 -7.58243 6.35
    endloop
  endfacet
  facet normal -0.788015 -0.615656 0
    outer loop
      vertex 9.88197 8.29195 0
      vertex 10.4363 7.58243 0
      vertex 10.4363 7.58243 6.35
    endloop
  endfacet
  facet normal -0.788015 -0.615656 0
    outer loop
      vertex 9.88197 8.29195 0
      vertex 10.4363 7.58243 6.35
      vertex 9.88197 8.29195 6.35
    endloop
  endfacet
  facet normal 0 0 -1
    outer loop
      vertex 9.88197 8.29195 0
      vertex 23.8261 30.496 0
      vertex 10.4363 7.58243 0
    endloop
  endfacet
  facet normal 0 0 1
    outer loop
      vertex 9.88197 8.29195 6.35
      vertex 10.4363 7.58243 6.35
      vertex 23.8261 30.496 6.35
    endloop
  endfacet
endsolid OpenSCAD_Model
