solid OpenSCAD_Model
  facet normal 0 1 0
    outer loop
      vertex -0.890869 -25.5114 -898.2
      vertex 0.890869 -25.5114 -898.2
      vertex 0.890869 -25.5114 -907.725
    endloop
  endfacet
  facet normal 0 0 0
    outer loop
      vertex -0.890869 -25.5114 -898.2
      vertex 0.890879 -25.5114 -898.2
      vertex 0.890869 -25.5114 -898.2
    endloop
  endfacet
  facet normal 0 1 0
    outer loop
      vertex -0.890869 -25.5114 -907.725
      vertex -0.890869 -25.5114 -898.2
      vertex 0.890869 -25.5114 -907.725
    endloop
  endfacet
  facet normal 0 0 -1
    outer loop
      vertex -0.890869 -25.5114 -907.725
      vertex 0.890869 -25.5114 -907.725
      vertex 57.7381 -66.5178 -907.725
    endloop
  endfacet
  facet normal 0 0 0
    outer loop
      vertex -0.890869 25.5114 -898.2
      vertex 0.890869 25.5114 -898.2
      vertex 0.890879 25.5114 -898.2
    endloop
  endfacet
  facet normal 0 -1 0
    outer loop
      vertex -0.890869 25.5114 -907.725
      vertex 0.890869 25.5114 -898.2
      vertex -0.890869 25.5114 -898.2
    endloop
  endfacet
  facet normal 0 -1 0
    outer loop
      vertex -0.890869 25.5114 -907.725
      vertex 0.890869 25.5114 -907.725
      vertex 0.890869 25.5114 -898.2
    endloop
  endfacet
  facet normal 0 0 -1
    outer loop
      vertex -0.890869 25.5114 -907.725
      vertex 57.7381 66.5178 -907.725
      vertex 0.890869 25.5114 -907.725
    endloop
  endfacet
  facet normal 0 1 0
    outer loop
      vertex -0.890879 -25.5114 -1.90735e-07
      vertex 0.890879 -25.5114 -1.90735e-07
      vertex 0.890879 -25.5114 -898.2
    endloop
  endfacet
  facet normal 0 0 1
    outer loop
      vertex -0.890879 -25.5114 -1.90735e-07
      vertex 0.997252 -28.5576 -1.90735e-07
      vertex 0.890879 -25.5114 -1.90735e-07
    endloop
  endfacet
  facet normal 0 1 0
    outer loop
      vertex -0.890879 -25.5114 -898.2
      vertex -0.890879 -25.5114 -1.90735e-07
      vertex 0.890879 -25.5114 -898.2
    endloop
  endfacet
  facet normal 0 0 0
    outer loop
      vertex -0.890879 -25.5114 -898.2
      vertex 0.890879 -25.5114 -898.2
      vertex -0.890869 -25.5114 -898.2
    endloop
  endfacet
  facet normal 0 0 1
    outer loop
      vertex -0.890879 25.5114 -1.90735e-07
      vertex 0.890879 25.5114 -1.90735e-07
      vertex 0.997252 28.5576 -1.90735e-07
    endloop
  endfacet
  facet normal 0 0 0
    outer loop
      vertex -0.890879 25.5114 -898.2
      vertex -0.890869 25.5114 -898.2
      vertex 0.890879 25.5114 -898.2
    endloop
  endfacet
  facet normal 0 -1 0
    outer loop
      vertex -0.890879 25.5114 -898.2
      vertex 0.890879 25.5114 -1.90735e-07
      vertex -0.890879 25.5114 -1.90735e-07
    endloop
  endfacet
  facet normal 0 -1 0
    outer loop
      vertex -0.890879 25.5114 -898.2
      vertex 0.890879 25.5114 -898.2
      vertex 0.890879 25.5114 -1.90735e-07
    endloop
  endfacet
  facet normal 0 0 1
    outer loop
      vertex -0.997252 -28.5576 -1.90735e-07
      vertex 0.997252 -28.5576 -1.90735e-07
      vertex -0.890879 -25.5114 -1.90735e-07
    endloop
  endfacet
  facet normal 0 -1 0
    outer loop
      vertex -0.997252 -28.5576 -898.2
      vertex 0.997252 -28.5576 -1.90735e-07
      vertex -0.997252 -28.5576 -1.90735e-07
    endloop
  endfacet
  facet normal 0 -1 0
    outer loop
      vertex -0.997252 -28.5576 -898.2
      vertex 0.997252 -28.5576 -898.2
      vertex 0.997252 -28.5576 -1.90735e-07
    endloop
  endfacet
  facet normal 0 0 1
    outer loop
      vertex -0.997252 28.5576 -1.90735e-07
      vertex -0.890879 25.5114 -1.90735e-07
      vertex 0.997252 28.5576 -1.90735e-07
    endloop
  endfacet
  facet normal 0 1 0
    outer loop
      vertex -0.997252 28.5576 -1.90735e-07
      vertex 0.997252 28.5576 -1.90735e-07
      vertex 0.997252 28.5576 -898.2
    endloop
  endfacet
  facet normal 0 1 0
    outer loop
      vertex -0.997252 28.5576 -898.2
      vertex -0.997252 28.5576 -1.90735e-07
      vertex 0.997252 28.5576 -898.2
    endloop
  endfacet
  facet normal 0 0 1
    outer loop
      vertex -10.7044 -26.4943 -1.90735e-07
      vertex -8.83016 -27.1764 -1.90735e-07
      vertex -9.56258 -23.6682 -1.90735e-07
    endloop
  endfacet
  facet normal -0.34199 -0.939704 0
    outer loop
      vertex -10.7044 -26.4943 -898.2
      vertex -8.83016 -27.1764 -1.90735e-07
      vertex -10.7044 -26.4943 -1.90735e-07
    endloop
  endfacet
  facet normal -0.34199 -0.939704 0
    outer loop
      vertex -10.7044 -26.4943 -898.2
      vertex -8.83016 -27.1764 -898.2
      vertex -8.83016 -27.1764 -1.90735e-07
    endloop
  endfacet
  facet normal -0.34199 0.939704 0
    outer loop
      vertex -10.7044 26.4943 -1.90735e-07
      vertex -8.83016 27.1764 -1.90735e-07
      vertex -8.83016 27.1764 -898.2
    endloop
  endfacet
  facet normal 0 0 1
    outer loop
      vertex -10.7044 26.4943 -1.90735e-07
      vertex -9.56258 23.6682 -1.90735e-07
      vertex -8.83016 27.1764 -1.90735e-07
    endloop
  endfacet
  facet normal -0.34199 0.939704 0
    outer loop
      vertex -10.7044 26.4943 -898.2
      vertex -10.7044 26.4943 -1.90735e-07
      vertex -8.83016 27.1764 -898.2
    endloop
  endfacet
  facet normal 0 0 1
    outer loop
      vertex -11.1903 -22.9435 -1.90735e-07
      vertex -10.7044 -26.4943 -1.90735e-07
      vertex -9.56258 -23.6682 -1.90735e-07
    endloop
  endfacet
  facet normal 0.406733 0.913547 0
    outer loop
      vertex -11.1903 -22.9435 -1.90735e-07
      vertex -9.56258 -23.6682 -1.90735e-07
      vertex -9.56258 -23.6682 -898.2
    endloop
  endfacet
  facet normal 0.406733 0.913547 0
    outer loop
      vertex -11.1903 -22.9435 -898.2
      vertex -11.1903 -22.9435 -1.90735e-07
      vertex -9.56258 -23.6682 -898.2
    endloop
  endfacet
  facet normal 0.406733 0.913547 0
    outer loop
      vertex -11.1903 -22.9435 -898.2
      vertex -9.56258 -23.6682 -898.2
      vertex -9.56258 -23.6682 -907.725
    endloop
  endfacet
  facet normal 0.406733 0.913547 0
    outer loop
      vertex -11.1903 -22.9435 -907.725
      vertex -11.1903 -22.9435 -898.2
      vertex -9.56258 -23.6682 -907.725
    endloop
  endfacet
  facet normal 0 0 1
    outer loop
      vertex -11.1903 22.9435 -1.90735e-07
      vertex -9.56258 23.6682 -1.90735e-07
      vertex -10.7044 26.4943 -1.90735e-07
    endloop
  endfacet
  facet normal 0.406733 -0.913547 0
    outer loop
      vertex -11.1903 22.9435 -898.2
      vertex -9.56258 23.6682 -1.90735e-07
      vertex -11.1903 22.9435 -1.90735e-07
    endloop
  endfacet
  facet normal 0.406733 -0.913547 0
    outer loop
      vertex -11.1903 22.9435 -898.2
      vertex -9.56258 23.6682 -898.2
      vertex -9.56258 23.6682 -1.90735e-07
    endloop
  endfacet
  facet normal 0.406733 -0.913547 0
    outer loop
      vertex -11.1903 22.9435 -907.725
      vertex -9.56258 23.6682 -898.2
      vertex -11.1903 22.9435 -898.2
    endloop
  endfacet
  facet normal 0.406733 -0.913547 0
    outer loop
      vertex -11.1903 22.9435 -907.725
      vertex -9.56258 23.6682 -907.725
      vertex -9.56258 23.6682 -898.2
    endloop
  endfacet
  facet normal 0 0 1
    outer loop
      vertex -12.5265 -25.683 -1.90735e-07
      vertex -10.7044 -26.4943 -1.90735e-07
      vertex -11.1903 -22.9435 -1.90735e-07
    endloop
  endfacet
  facet normal -0.406757 -0.913536 0
    outer loop
      vertex -12.5265 -25.683 -898.2
      vertex -10.7044 -26.4943 -1.90735e-07
      vertex -12.5265 -25.683 -1.90735e-07
    endloop
  endfacet
  facet normal -0.406757 -0.913536 0
    outer loop
      vertex -12.5265 -25.683 -898.2
      vertex -10.7044 -26.4943 -898.2
      vertex -10.7044 -26.4943 -1.90735e-07
    endloop
  endfacet
  facet normal -0.406757 0.913536 0
    outer loop
      vertex -12.5265 25.683 -1.90735e-07
      vertex -10.7044 26.4943 -1.90735e-07
      vertex -10.7044 26.4943 -898.2
    endloop
  endfacet
  facet normal 0 0 1
    outer loop
      vertex -12.5265 25.683 -1.90735e-07
      vertex -11.1903 22.9435 -1.90735e-07
      vertex -10.7044 26.4943 -1.90735e-07
    endloop
  endfacet
  facet normal -0.406757 0.913536 0
    outer loop
      vertex -12.5265 25.683 -898.2
      vertex -12.5265 25.683 -1.90735e-07
      vertex -10.7044 26.4943 -898.2
    endloop
  endfacet
  facet normal 0.469478 0.882944 0
    outer loop
      vertex -12.7635 -22.107 -1.90735e-07
      vertex -11.1903 -22.9435 -1.90735e-07
      vertex -11.1903 -22.9435 -898.2
    endloop
  endfacet
  facet normal 0 0 1
    outer loop
      vertex -12.7635 -22.107 -1.90735e-07
      vertex -12.5265 -25.683 -1.90735e-07
      vertex -11.1903 -22.9435 -1.90735e-07
    endloop
  endfacet
  facet normal 0.469478 0.882944 0
    outer loop
      vertex -12.7635 -22.107 -898.2
      vertex -11.1903 -22.9435 -898.2
      vertex -11.1903 -22.9435 -907.725
    endloop
  endfacet
  facet normal 0.469478 0.882944 0
    outer loop
      vertex -12.7635 -22.107 -898.2
      vertex -12.7635 -22.107 -1.90735e-07
      vertex -11.1903 -22.9435 -898.2
    endloop
  endfacet
  facet normal 0.469478 0.882944 0
    outer loop
      vertex -12.7635 -22.107 -907.725
      vertex -12.7635 -22.107 -898.2
      vertex -11.1903 -22.9435 -907.725
    endloop
  endfacet
  facet normal 0 0 1
    outer loop
      vertex -12.7635 22.107 -1.90735e-07
      vertex -11.1903 22.9435 -1.90735e-07
      vertex -12.5265 25.683 -1.90735e-07
    endloop
  endfacet
  facet normal 0.469478 -0.882944 0
    outer loop
      vertex -12.7635 22.107 -898.2
      vertex -11.1903 22.9435 -1.90735e-07
      vertex -12.7635 22.107 -1.90735e-07
    endloop
  endfacet
  facet normal 0.469478 -0.882944 0
    outer loop
      vertex -12.7635 22.107 -898.2
      vertex -11.1903 22.9435 -898.2
      vertex -11.1903 22.9435 -1.90735e-07
    endloop
  endfacet
  facet normal 0.469478 -0.882944 0
    outer loop
      vertex -12.7635 22.107 -907.725
      vertex -11.1903 22.9435 -898.2
      vertex -12.7635 22.107 -898.2
    endloop
  endfacet
  facet normal 0.469478 -0.882944 0
    outer loop
      vertex -12.7635 22.107 -907.725
      vertex -11.1903 22.9435 -907.725
      vertex -11.1903 22.9435 -898.2
    endloop
  endfacet
  facet normal 0.529928 0.848042 0
    outer loop
      vertex -14.2745 -21.1628 -1.90735e-07
      vertex -12.7635 -22.107 -1.90735e-07
      vertex -12.7635 -22.107 -898.2
    endloop
  endfacet
  facet normal 0.529928 0.848042 0
    outer loop
      vertex -14.2745 -21.1628 -898.2
      vertex -12.7635 -22.107 -898.2
      vertex -12.7635 -22.107 -907.725
    endloop
  endfacet
  facet normal 0.529928 0.848042 0
    outer loop
      vertex -14.2745 -21.1628 -898.2
      vertex -14.2745 -21.1628 -1.90735e-07
      vertex -12.7635 -22.107 -898.2
    endloop
  endfacet
  facet normal 0.529928 0.848042 0
    outer loop
      vertex -14.2745 -21.1628 -907.725
      vertex -14.2745 -21.1628 -898.2
      vertex -12.7635 -22.107 -907.725
    endloop
  endfacet
  facet normal 0.529928 -0.848042 0
    outer loop
      vertex -14.2745 21.1628 -898.2
      vertex -12.7635 22.107 -1.90735e-07
      vertex -14.2745 21.1628 -1.90735e-07
    endloop
  endfacet
  facet normal 0.529928 -0.848042 0
    outer loop
      vertex -14.2745 21.1628 -898.2
      vertex -12.7635 22.107 -898.2
      vertex -12.7635 22.107 -1.90735e-07
    endloop
  endfacet
  facet normal 0.529928 -0.848042 0
    outer loop
      vertex -14.2745 21.1628 -907.725
      vertex -12.7635 22.107 -898.2
      vertex -14.2745 21.1628 -898.2
    endloop
  endfacet
  facet normal 0.529928 -0.848042 0
    outer loop
      vertex -14.2745 21.1628 -907.725
      vertex -12.7635 22.107 -907.725
      vertex -12.7635 22.107 -898.2
    endloop
  endfacet
  facet normal 0 0 1
    outer loop
      vertex -14.2875 -24.7467 -1.90735e-07
      vertex -12.5265 -25.683 -1.90735e-07
      vertex -12.7635 -22.107 -1.90735e-07
    endloop
  endfacet
  facet normal 0 0 1
    outer loop
      vertex -14.2875 -24.7467 -1.90735e-07
      vertex -12.7635 -22.107 -1.90735e-07
      vertex -14.2745 -21.1628 -1.90735e-07
    endloop
  endfacet
  facet normal -0.469456 -0.882956 0
    outer loop
      vertex -14.2875 -24.7467 -898.2
      vertex -12.5265 -25.683 -1.90735e-07
      vertex -14.2875 -24.7467 -1.90735e-07
    endloop
  endfacet
  facet normal -0.469456 -0.882956 0
    outer loop
      vertex -14.2875 -24.7467 -898.2
      vertex -12.5265 -25.683 -898.2
      vertex -12.5265 -25.683 -1.90735e-07
    endloop
  endfacet
  facet normal -0.469456 0.882956 0
    outer loop
      vertex -14.2875 24.7467 -1.90735e-07
      vertex -12.5265 25.683 -1.90735e-07
      vertex -12.5265 25.683 -898.2
    endloop
  endfacet
  facet normal 0 0 1
    outer loop
      vertex -14.2875 24.7467 -1.90735e-07
      vertex -12.7635 22.107 -1.90735e-07
      vertex -12.5265 25.683 -1.90735e-07
    endloop
  endfacet
  facet normal 0 0 1
    outer loop
      vertex -14.2875 24.7467 -1.90735e-07
      vertex -14.2745 21.1628 -1.90735e-07
      vertex -12.7635 22.107 -1.90735e-07
    endloop
  endfacet
  facet normal -0.469456 0.882956 0
    outer loop
      vertex -14.2875 24.7467 -898.2
      vertex -14.2875 24.7467 -1.90735e-07
      vertex -12.5265 25.683 -898.2
    endloop
  endfacet
  facet normal 0.587781 0.80902 0
    outer loop
      vertex -15.716 -20.1155 -898.2
      vertex -14.2745 -21.1628 -898.2
      vertex -14.2745 -21.1628 -907.725
    endloop
  endfacet
  facet normal 0.587781 0.80902 0
    outer loop
      vertex -15.716 -20.1155 -907.725
      vertex -15.716 -20.1155 -898.2
      vertex -14.2745 -21.1628 -907.725
    endloop
  endfacet
  facet normal 0.587744 0.809047 0
    outer loop
      vertex -15.716 -20.1156 -1.90735e-07
      vertex -14.2745 -21.1628 -1.90735e-07
      vertex -14.2745 -21.1628 -898.2
    endloop
  endfacet
  facet normal 0 0 1
    outer loop
      vertex -15.716 -20.1156 -898.2
      vertex -14.2745 -21.1628 -898.2
      vertex -15.716 -20.1155 -898.2
    endloop
  endfacet
  facet normal 0.587744 0.809047 0
    outer loop
      vertex -15.716 -20.1156 -898.2
      vertex -15.716 -20.1156 -1.90735e-07
      vertex -14.2745 -21.1628 -898.2
    endloop
  endfacet
  facet normal 0 0 1
    outer loop
      vertex -15.716 20.1155 -898.2
      vertex -14.2745 21.1628 -898.2
      vertex -15.716 20.1156 -898.2
    endloop
  endfacet
  facet normal 0.587781 -0.80902 0
    outer loop
      vertex -15.716 20.1155 -907.725
      vertex -14.2745 21.1628 -898.2
      vertex -15.716 20.1155 -898.2
    endloop
  endfacet
  facet normal 0.587781 -0.80902 0
    outer loop
      vertex -15.716 20.1155 -907.725
      vertex -14.2745 21.1628 -907.725
      vertex -14.2745 21.1628 -898.2
    endloop
  endfacet
  facet normal 0.587744 -0.809047 0
    outer loop
      vertex -15.716 20.1156 -898.2
      vertex -14.2745 21.1628 -1.90735e-07
      vertex -15.716 20.1156 -1.90735e-07
    endloop
  endfacet
  facet normal 0.587744 -0.809047 0
    outer loop
      vertex -15.716 20.1156 -898.2
      vertex -14.2745 21.1628 -898.2
      vertex -14.2745 21.1628 -1.90735e-07
    endloop
  endfacet
  facet normal 0 0 1
    outer loop
      vertex -15.9789 -23.6897 -1.90735e-07
      vertex -14.2745 -21.1628 -1.90735e-07
      vertex -15.716 -20.1156 -1.90735e-07
    endloop
  endfacet
  facet normal 0 0 1
    outer loop
      vertex -15.9789 -23.6897 -1.90735e-07
      vertex -14.2875 -24.7467 -1.90735e-07
      vertex -14.2745 -21.1628 -1.90735e-07
    endloop
  endfacet
  facet normal -0.529954 -0.848026 0
    outer loop
      vertex -15.9789 -23.6897 -898.2
      vertex -14.2875 -24.7467 -1.90735e-07
      vertex -15.9789 -23.6897 -1.90735e-07
    endloop
  endfacet
  facet normal -0.529954 -0.848026 0
    outer loop
      vertex -15.9789 -23.6897 -898.2
      vertex -14.2875 -24.7467 -898.2
      vertex -14.2875 -24.7467 -1.90735e-07
    endloop
  endfacet
  facet normal 0 0 1
    outer loop
      vertex -15.9789 23.6897 -1.90735e-07
      vertex -14.2745 21.1628 -1.90735e-07
      vertex -14.2875 24.7467 -1.90735e-07
    endloop
  endfacet
  facet normal -0.529954 0.848026 0
    outer loop
      vertex -15.9789 23.6897 -1.90735e-07
      vertex -14.2875 24.7467 -1.90735e-07
      vertex -14.2875 24.7467 -898.2
    endloop
  endfacet
  facet normal 0 0 1
    outer loop
      vertex -15.9789 23.6897 -1.90735e-07
      vertex -15.716 20.1156 -1.90735e-07
      vertex -14.2745 21.1628 -1.90735e-07
    endloop
  endfacet
  facet normal -0.529954 0.848026 0
    outer loop
      vertex -15.9789 23.6897 -898.2
      vertex -15.9789 23.6897 -1.90735e-07
      vertex -14.2875 24.7467 -898.2
    endloop
  endfacet
  facet normal 0.642792 0.766041 0
    outer loop
      vertex -17.0809 -18.9702 -898.2
      vertex -15.716 -20.1155 -898.2
      vertex -15.716 -20.1155 -907.725
    endloop
  endfacet
  facet normal 0.642792 0.766041 0
    outer loop
      vertex -17.0809 -18.9702 -907.725
      vertex -17.0809 -18.9702 -898.2
      vertex -15.716 -20.1155 -907.725
    endloop
  endfacet
  facet normal 0.642792 0.766041 0
    outer loop
      vertex -17.0809 -18.9703 -1.90735e-07
      vertex -15.716 -20.1156 -1.90735e-07
      vertex -15.716 -20.1156 -898.2
    endloop
  endfacet
  facet normal 0 0 1
    outer loop
      vertex -17.0809 -18.9703 -898.2
      vertex -15.716 -20.1155 -898.2
      vertex -17.0809 -18.9702 -898.2
    endloop
  endfacet
  facet normal 0 0 1
    outer loop
      vertex -17.0809 -18.9703 -898.2
      vertex -15.716 -20.1156 -898.2
      vertex -15.716 -20.1155 -898.2
    endloop
  endfacet
  facet normal 0.642792 0.766041 0
    outer loop
      vertex -17.0809 -18.9703 -898.2
      vertex -17.0809 -18.9703 -1.90735e-07
      vertex -15.716 -20.1156 -898.2
    endloop
  endfacet
  facet normal 0 0 1
    outer loop
      vertex -17.0809 18.9702 -898.2
      vertex -15.716 20.1155 -898.2
      vertex -17.0809 18.9703 -898.2
    endloop
  endfacet
  facet normal 0.642792 -0.766041 0
    outer loop
      vertex -17.0809 18.9702 -907.725
      vertex -15.716 20.1155 -898.2
      vertex -17.0809 18.9702 -898.2
    endloop
  endfacet
  facet normal 0.642792 -0.766041 0
    outer loop
      vertex -17.0809 18.9702 -907.725
      vertex -15.716 20.1155 -907.725
      vertex -15.716 20.1155 -898.2
    endloop
  endfacet
  facet normal 0 0 1
    outer loop
      vertex -17.0809 18.9703 -898.2
      vertex -15.716 20.1155 -898.2
      vertex -15.716 20.1156 -898.2
    endloop
  endfacet
  facet normal 0.642792 -0.766041 0
    outer loop
      vertex -17.0809 18.9703 -898.2
      vertex -15.716 20.1156 -1.90735e-07
      vertex -17.0809 18.9703 -1.90735e-07
    endloop
  endfacet
  facet normal 0.642792 -0.766041 0
    outer loop
      vertex -17.0809 18.9703 -898.2
      vertex -15.716 20.1156 -898.2
      vertex -15.716 20.1156 -1.90735e-07
    endloop
  endfacet
  facet normal 0 0 1
    outer loop
      vertex -17.5925 -22.5174 -1.90735e-07
      vertex -15.716 -20.1156 -1.90735e-07
      vertex -17.0809 -18.9703 -1.90735e-07
    endloop
  endfacet
  facet normal 0 0 1
    outer loop
      vertex -17.5925 -22.5174 -1.90735e-07
      vertex -15.9789 -23.6897 -1.90735e-07
      vertex -15.716 -20.1156 -1.90735e-07
    endloop
  endfacet
  facet normal -0.587769 -0.809029 0
    outer loop
      vertex -17.5925 -22.5174 -898.2
      vertex -15.9789 -23.6897 -1.90735e-07
      vertex -17.5925 -22.5174 -1.90735e-07
    endloop
  endfacet
  facet normal -0.587769 -0.809029 0
    outer loop
      vertex -17.5925 -22.5174 -898.2
      vertex -15.9789 -23.6897 -898.2
      vertex -15.9789 -23.6897 -1.90735e-07
    endloop
  endfacet
  facet normal 0 0 1
    outer loop
      vertex -17.5925 22.5174 -1.90735e-07
      vertex -15.716 20.1156 -1.90735e-07
      vertex -15.9789 23.6897 -1.90735e-07
    endloop
  endfacet
  facet normal -0.587769 0.809029 0
    outer loop
      vertex -17.5925 22.5174 -1.90735e-07
      vertex -15.9789 23.6897 -1.90735e-07
      vertex -15.9789 23.6897 -898.2
    endloop
  endfacet
  facet normal 0 0 1
    outer loop
      vertex -17.5925 22.5174 -1.90735e-07
      vertex -17.0809 18.9703 -1.90735e-07
      vertex -15.716 20.1156 -1.90735e-07
    endloop
  endfacet
  facet normal -0.587769 0.809029 0
    outer loop
      vertex -17.5925 22.5174 -898.2
      vertex -17.5925 22.5174 -1.90735e-07
      vertex -15.9789 23.6897 -898.2
    endloop
  endfacet
  facet normal 0.694681 0.719318 0
    outer loop
      vertex -18.3626 -17.7325 -1.90735e-07
      vertex -17.0809 -18.9703 -1.90735e-07
      vertex -17.0809 -18.9703 -898.2
    endloop
  endfacet
  facet normal 0.694652 0.719346 0
    outer loop
      vertex -18.3626 -17.7325 -898.2
      vertex -17.0809 -18.9702 -898.2
      vertex -17.0809 -18.9702 -907.725
    endloop
  endfacet
  facet normal 0 0 1
    outer loop
      vertex -18.3626 -17.7325 -898.2
      vertex -17.0809 -18.9703 -898.2
      vertex -17.0809 -18.9702 -898.2
    endloop
  endfacet
  facet normal 0.694681 0.719318 0
    outer loop
      vertex -18.3626 -17.7325 -898.2
      vertex -18.3626 -17.7325 -1.90735e-07
      vertex -17.0809 -18.9703 -898.2
    endloop
  endfacet
  facet normal 0.694652 0.719346 0
    outer loop
      vertex -18.3626 -17.7325 -907.725
      vertex -18.3626 -17.7325 -898.2
      vertex -17.0809 -18.9702 -907.725
    endloop
  endfacet
  facet normal 0 0 1
    outer loop
      vertex -18.3626 17.7325 -898.2
      vertex -17.0809 18.9702 -898.2
      vertex -17.0809 18.9703 -898.2
    endloop
  endfacet
  facet normal 0.694681 -0.719318 0
    outer loop
      vertex -18.3626 17.7325 -898.2
      vertex -17.0809 18.9703 -1.90735e-07
      vertex -18.3626 17.7325 -1.90735e-07
    endloop
  endfacet
  facet normal 0.694681 -0.719318 0
    outer loop
      vertex -18.3626 17.7325 -898.2
      vertex -17.0809 18.9703 -898.2
      vertex -17.0809 18.9703 -1.90735e-07
    endloop
  endfacet
  facet normal 0.694652 -0.719346 0
    outer loop
      vertex -18.3626 17.7325 -907.725
      vertex -17.0809 18.9702 -898.2
      vertex -18.3626 17.7325 -898.2
    endloop
  endfacet
  facet normal 0.694652 -0.719346 0
    outer loop
      vertex -18.3626 17.7325 -907.725
      vertex -17.0809 18.9702 -907.725
      vertex -17.0809 18.9702 -898.2
    endloop
  endfacet
  facet normal 0 0 1
    outer loop
      vertex -19.1204 -21.2354 -1.90735e-07
      vertex -17.0809 -18.9703 -1.90735e-07
      vertex -18.3626 -17.7325 -1.90735e-07
    endloop
  endfacet
  facet normal 0 0 1
    outer loop
      vertex -19.1204 -21.2354 -1.90735e-07
      vertex -17.5925 -22.5174 -1.90735e-07
      vertex -17.0809 -18.9703 -1.90735e-07
    endloop
  endfacet
  facet normal -0.64277 -0.766059 0
    outer loop
      vertex -19.1204 -21.2354 -898.2
      vertex -17.5925 -22.5174 -1.90735e-07
      vertex -19.1204 -21.2354 -1.90735e-07
    endloop
  endfacet
  facet normal -0.64277 -0.766059 0
    outer loop
      vertex -19.1204 -21.2354 -898.2
      vertex -17.5925 -22.5174 -898.2
      vertex -17.5925 -22.5174 -1.90735e-07
    endloop
  endfacet
  facet normal 0 0 1
    outer loop
      vertex -19.1204 21.2354 -1.90735e-07
      vertex -17.0809 18.9703 -1.90735e-07
      vertex -17.5925 22.5174 -1.90735e-07
    endloop
  endfacet
  facet normal -0.64277 0.766059 0
    outer loop
      vertex -19.1204 21.2354 -1.90735e-07
      vertex -17.5925 22.5174 -1.90735e-07
      vertex -17.5925 22.5174 -898.2
    endloop
  endfacet
  facet normal 0 0 1
    outer loop
      vertex -19.1204 21.2354 -1.90735e-07
      vertex -18.3626 17.7325 -1.90735e-07
      vertex -17.0809 18.9703 -1.90735e-07
    endloop
  endfacet
  facet normal -0.64277 0.766059 0
    outer loop
      vertex -19.1204 21.2354 -898.2
      vertex -19.1204 21.2354 -1.90735e-07
      vertex -17.5925 22.5174 -898.2
    endloop
  endfacet
  facet normal 0.743152 0.669123 0
    outer loop
      vertex -19.5548 -16.4084 -898.2
      vertex -18.3626 -17.7325 -1.90735e-07
      vertex -18.3626 -17.7325 -898.2
    endloop
  endfacet
  facet normal 0.743152 0.669123 0
    outer loop
      vertex -19.5548 -16.4084 -898.2
      vertex -19.5548 -16.4084 -1.90735e-07
      vertex -18.3626 -17.7325 -1.90735e-07
    endloop
  endfacet
  facet normal 0.743152 0.669123 0
    outer loop
      vertex -19.5548 -16.4084 -907.725
      vertex -18.3626 -17.7325 -898.2
      vertex -18.3626 -17.7325 -907.725
    endloop
  endfacet
  facet normal 0.743152 0.669123 0
    outer loop
      vertex -19.5548 -16.4084 -907.725
      vertex -19.5548 -16.4084 -898.2
      vertex -18.3626 -17.7325 -898.2
    endloop
  endfacet
  facet normal 0.743152 -0.669123 0
    outer loop
      vertex -19.5548 16.4084 -1.90735e-07
      vertex -18.3626 17.7325 -898.2
      vertex -18.3626 17.7325 -1.90735e-07
    endloop
  endfacet
  facet normal 0.743152 -0.669123 0
    outer loop
      vertex -19.5548 16.4084 -898.2
      vertex -18.3626 17.7325 -898.2
      vertex -19.5548 16.4084 -1.90735e-07
    endloop
  endfacet
  facet normal 0.743152 -0.669123 0
    outer loop
      vertex -19.5548 16.4084 -898.2
      vertex -18.3626 17.7325 -907.725
      vertex -18.3626 17.7325 -898.2
    endloop
  endfacet
  facet normal 0.743152 -0.669123 0
    outer loop
      vertex -19.5548 16.4084 -907.725
      vertex -18.3626 17.7325 -907.725
      vertex -19.5548 16.4084 -898.2
    endloop
  endfacet
  facet normal 0.0697624 0.997564 0
    outer loop
      vertex -2.66829 -25.3871 -898.2
      vertex -0.890869 -25.5114 -898.2
      vertex -0.890869 -25.5114 -907.725
    endloop
  endfacet
  facet normal 0 0 1
    outer loop
      vertex -2.66829 -25.3871 -898.2
      vertex -0.890879 -25.5114 -898.2
      vertex -0.890869 -25.5114 -898.2
    endloop
  endfacet
  facet normal 0.0697624 0.997564 0
    outer loop
      vertex -2.66829 -25.3871 -907.725
      vertex -2.66829 -25.3871 -898.2
      vertex -0.890869 -25.5114 -907.725
    endloop
  endfacet
  facet normal 0 0 1
    outer loop
      vertex -2.66829 25.3871 -898.2
      vertex -0.890869 25.5114 -898.2
      vertex -0.890879 25.5114 -898.2
    endloop
  endfacet
  facet normal 0.0697624 -0.997564 0
    outer loop
      vertex -2.66829 25.3871 -907.725
      vertex -0.890869 25.5114 -898.2
      vertex -2.66829 25.3871 -898.2
    endloop
  endfacet
  facet normal 0.0697624 -0.997564 0
    outer loop
      vertex -2.66829 25.3871 -907.725
      vertex -0.890869 25.5114 -907.725
      vertex -0.890869 25.5114 -898.2
    endloop
  endfacet
  facet normal 0.0697066 0.997568 0
    outer loop
      vertex -2.6683 -25.3872 -1.90735e-07
      vertex -0.890879 -25.5114 -1.90735e-07
      vertex -0.890879 -25.5114 -898.2
    endloop
  endfacet
  facet normal 0 0 1
    outer loop
      vertex -2.6683 -25.3872 -1.90735e-07
      vertex -0.997252 -28.5576 -1.90735e-07
      vertex -0.890879 -25.5114 -1.90735e-07
    endloop
  endfacet
  facet normal 0 0 1
    outer loop
      vertex -2.6683 -25.3872 -898.2
      vertex -0.890879 -25.5114 -898.2
      vertex -2.66829 -25.3871 -898.2
    endloop
  endfacet
  facet normal 0.0697066 0.997568 0
    outer loop
      vertex -2.6683 -25.3872 -898.2
      vertex -2.6683 -25.3872 -1.90735e-07
      vertex -0.890879 -25.5114 -898.2
    endloop
  endfacet
  facet normal 0 0 1
    outer loop
      vertex -2.6683 25.3872 -1.90735e-07
      vertex -0.890879 25.5114 -1.90735e-07
      vertex -0.997252 28.5576 -1.90735e-07
    endloop
  endfacet
  facet normal 0.0697066 -0.997568 0
    outer loop
      vertex -2.6683 25.3872 -898.2
      vertex -0.890879 25.5114 -1.90735e-07
      vertex -2.6683 25.3872 -1.90735e-07
    endloop
  endfacet
  facet normal 0.0697066 -0.997568 0
    outer loop
      vertex -2.6683 25.3872 -898.2
      vertex -0.890879 25.5114 -898.2
      vertex -0.890879 25.5114 -1.90735e-07
    endloop
  endfacet
  facet normal 0 0 1
    outer loop
      vertex -2.6683 25.3872 -898.2
      vertex -2.66829 25.3871 -898.2
      vertex -0.890879 25.5114 -898.2
    endloop
  endfacet
  facet normal 0 0 1
    outer loop
      vertex -2.9869 -28.4185 -1.90735e-07
      vertex -0.997252 -28.5576 -1.90735e-07
      vertex -2.6683 -25.3872 -1.90735e-07
    endloop
  endfacet
  facet normal -0.0697416 -0.997565 0
    outer loop
      vertex -2.9869 -28.4185 -898.2
      vertex -0.997252 -28.5576 -1.90735e-07
      vertex -2.9869 -28.4185 -1.90735e-07
    endloop
  endfacet
  facet normal -0.0697416 -0.997565 0
    outer loop
      vertex -2.9869 -28.4185 -898.2
      vertex -0.997252 -28.5576 -898.2
      vertex -0.997252 -28.5576 -1.90735e-07
    endloop
  endfacet
  facet normal -0.0697416 0.997565 0
    outer loop
      vertex -2.9869 28.4185 -1.90735e-07
      vertex -0.997252 28.5576 -1.90735e-07
      vertex -0.997252 28.5576 -898.2
    endloop
  endfacet
  facet normal 0 0 1
    outer loop
      vertex -2.9869 28.4185 -1.90735e-07
      vertex -2.6683 25.3872 -1.90735e-07
      vertex -0.997252 28.5576 -1.90735e-07
    endloop
  endfacet
  facet normal -0.0697416 0.997565 0
    outer loop
      vertex -2.9869 28.4185 -898.2
      vertex -2.9869 28.4185 -1.90735e-07
      vertex -0.997252 28.5576 -898.2
    endloop
  endfacet
  facet normal 0 0 1
    outer loop
      vertex -20.5551 -19.8499 -1.90735e-07
      vertex -18.3626 -17.7325 -1.90735e-07
      vertex -19.5548 -16.4084 -1.90735e-07
    endloop
  endfacet
  facet normal 0 0 1
    outer loop
      vertex -20.5551 -19.8499 -1.90735e-07
      vertex -19.1204 -21.2354 -1.90735e-07
      vertex -18.3626 -17.7325 -1.90735e-07
    endloop
  endfacet
  facet normal -0.694665 -0.719333 0
    outer loop
      vertex -20.5551 -19.8499 -898.2
      vertex -19.1204 -21.2354 -1.90735e-07
      vertex -20.5551 -19.8499 -1.90735e-07
    endloop
  endfacet
  facet normal -0.694665 -0.719333 0
    outer loop
      vertex -20.5551 -19.8499 -898.2
      vertex -19.1204 -21.2354 -898.2
      vertex -19.1204 -21.2354 -1.90735e-07
    endloop
  endfacet
  facet normal 0 0 1
    outer loop
      vertex -20.5551 19.8499 -1.90735e-07
      vertex -18.3626 17.7325 -1.90735e-07
      vertex -19.1204 21.2354 -1.90735e-07
    endloop
  endfacet
  facet normal -0.694665 0.719333 0
    outer loop
      vertex -20.5551 19.8499 -1.90735e-07
      vertex -19.1204 21.2354 -1.90735e-07
      vertex -19.1204 21.2354 -898.2
    endloop
  endfacet
  facet normal 0 0 1
    outer loop
      vertex -20.5551 19.8499 -1.90735e-07
      vertex -19.5548 16.4084 -1.90735e-07
      vertex -18.3626 17.7325 -1.90735e-07
    endloop
  endfacet
  facet normal -0.694665 0.719333 0
    outer loop
      vertex -20.5551 19.8499 -898.2
      vertex -20.5551 19.8499 -1.90735e-07
      vertex -19.1204 21.2354 -898.2
    endloop
  endfacet
  facet normal 0.78799 0.615688 0
    outer loop
      vertex -20.6518 -15.0044 -898.2
      vertex -19.5548 -16.4084 -1.90735e-07
      vertex -19.5548 -16.4084 -898.2
    endloop
  endfacet
  facet normal 0.78799 0.615688 0
    outer loop
      vertex -20.6518 -15.0044 -898.2
      vertex -20.6518 -15.0044 -1.90735e-07
      vertex -19.5548 -16.4084 -1.90735e-07
    endloop
  endfacet
  facet normal 0.78799 0.615688 0
    outer loop
      vertex -20.6518 -15.0044 -907.725
      vertex -19.5548 -16.4084 -898.2
      vertex -19.5548 -16.4084 -907.725
    endloop
  endfacet
  facet normal 0.78799 0.615688 0
    outer loop
      vertex -20.6518 -15.0044 -907.725
      vertex -20.6518 -15.0044 -898.2
      vertex -19.5548 -16.4084 -898.2
    endloop
  endfacet
  facet normal 0.78799 -0.615688 0
    outer loop
      vertex -20.6518 15.0044 -1.90735e-07
      vertex -19.5548 16.4084 -898.2
      vertex -19.5548 16.4084 -1.90735e-07
    endloop
  endfacet
  facet normal 0.78799 -0.615688 0
    outer loop
      vertex -20.6518 15.0044 -898.2
      vertex -19.5548 16.4084 -898.2
      vertex -20.6518 15.0044 -1.90735e-07
    endloop
  endfacet
  facet normal 0.78799 -0.615688 0
    outer loop
      vertex -20.6518 15.0044 -898.2
      vertex -19.5548 16.4084 -907.725
      vertex -19.5548 16.4084 -898.2
    endloop
  endfacet
  facet normal 0.78799 -0.615688 0
    outer loop
      vertex -20.6518 15.0044 -907.725
      vertex -19.5548 16.4084 -907.725
      vertex -20.6518 15.0044 -898.2
    endloop
  endfacet
  facet normal 0.829059 0.559161 0
    outer loop
      vertex -21.6481 -13.5272 -898.2
      vertex -20.6518 -15.0044 -1.90735e-07
      vertex -20.6518 -15.0044 -898.2
    endloop
  endfacet
  facet normal 0.829059 0.559161 0
    outer loop
      vertex -21.6481 -13.5272 -898.2
      vertex -21.6481 -13.5272 -1.90735e-07
      vertex -20.6518 -15.0044 -1.90735e-07
    endloop
  endfacet
  facet normal 0.829059 0.559161 0
    outer loop
      vertex -21.6481 -13.5272 -907.725
      vertex -20.6518 -15.0044 -898.2
      vertex -20.6518 -15.0044 -907.725
    endloop
  endfacet
  facet normal 0.829059 0.559161 0
    outer loop
      vertex -21.6481 -13.5272 -907.725
      vertex -21.6481 -13.5272 -898.2
      vertex -20.6518 -15.0044 -898.2
    endloop
  endfacet
  facet normal 0.829059 -0.559161 0
    outer loop
      vertex -21.6481 13.5272 -1.90735e-07
      vertex -20.6518 15.0044 -898.2
      vertex -20.6518 15.0044 -1.90735e-07
    endloop
  endfacet
  facet normal 0.829059 -0.559161 0
    outer loop
      vertex -21.6481 13.5272 -898.2
      vertex -20.6518 15.0044 -898.2
      vertex -21.6481 13.5272 -1.90735e-07
    endloop
  endfacet
  facet normal 0.829059 -0.559161 0
    outer loop
      vertex -21.6481 13.5272 -898.2
      vertex -20.6518 15.0044 -907.725
      vertex -20.6518 15.0044 -898.2
    endloop
  endfacet
  facet normal 0.829059 -0.559161 0
    outer loop
      vertex -21.6481 13.5272 -907.725
      vertex -20.6518 15.0044 -907.725
      vertex -21.6481 13.5272 -898.2
    endloop
  endfacet
  facet normal 0 0 1
    outer loop
      vertex -21.8897 -18.3677 -1.90735e-07
      vertex -19.5548 -16.4084 -1.90735e-07
      vertex -20.6518 -15.0044 -1.90735e-07
    endloop
  endfacet
  facet normal 0 0 1
    outer loop
      vertex -21.8897 -18.3677 -1.90735e-07
      vertex -20.5551 -19.8499 -1.90735e-07
      vertex -19.5548 -16.4084 -1.90735e-07
    endloop
  endfacet
  facet normal -0.74314 -0.669136 0
    outer loop
      vertex -21.8897 -18.3677 -1.90735e-07
      vertex -20.5551 -19.8499 -898.2
      vertex -20.5551 -19.8499 -1.90735e-07
    endloop
  endfacet
  facet normal -0.74314 -0.669136 0
    outer loop
      vertex -21.8897 -18.3677 -898.2
      vertex -20.5551 -19.8499 -898.2
      vertex -21.8897 -18.3677 -1.90735e-07
    endloop
  endfacet
  facet normal 0 0 1
    outer loop
      vertex -21.8897 18.3677 -1.90735e-07
      vertex -19.5548 16.4084 -1.90735e-07
      vertex -20.5551 19.8499 -1.90735e-07
    endloop
  endfacet
  facet normal 0 0 1
    outer loop
      vertex -21.8897 18.3677 -1.90735e-07
      vertex -20.6518 15.0044 -1.90735e-07
      vertex -19.5548 16.4084 -1.90735e-07
    endloop
  endfacet
  facet normal -0.74314 0.669136 0
    outer loop
      vertex -21.8897 18.3677 -898.2
      vertex -20.5551 19.8499 -1.90735e-07
      vertex -20.5551 19.8499 -898.2
    endloop
  endfacet
  facet normal -0.74314 0.669136 0
    outer loop
      vertex -21.8897 18.3677 -898.2
      vertex -21.8897 18.3677 -1.90735e-07
      vertex -20.5551 19.8499 -1.90735e-07
    endloop
  endfacet
  facet normal 0.866014 0.50002 0
    outer loop
      vertex -22.539 -11.9842 -898.2
      vertex -21.6481 -13.5272 -1.90735e-07
      vertex -21.6481 -13.5272 -898.2
    endloop
  endfacet
  facet normal 0.866014 0.50002 0
    outer loop
      vertex -22.539 -11.9842 -898.2
      vertex -22.539 -11.9842 -1.90735e-07
      vertex -21.6481 -13.5272 -1.90735e-07
    endloop
  endfacet
  facet normal 0.866014 0.50002 0
    outer loop
      vertex -22.539 -11.9842 -907.725
      vertex -21.6481 -13.5272 -898.2
      vertex -21.6481 -13.5272 -907.725
    endloop
  endfacet
  facet normal 0.866014 0.50002 0
    outer loop
      vertex -22.539 -11.9842 -907.725
      vertex -22.539 -11.9842 -898.2
      vertex -21.6481 -13.5272 -898.2
    endloop
  endfacet
  facet normal 0.866014 -0.50002 0
    outer loop
      vertex -22.539 11.9842 -1.90735e-07
      vertex -21.6481 13.5272 -898.2
      vertex -21.6481 13.5272 -1.90735e-07
    endloop
  endfacet
  facet normal 0.866014 -0.50002 0
    outer loop
      vertex -22.539 11.9842 -898.2
      vertex -21.6481 13.5272 -898.2
      vertex -22.539 11.9842 -1.90735e-07
    endloop
  endfacet
  facet normal 0.866014 -0.50002 0
    outer loop
      vertex -22.539 11.9842 -898.2
      vertex -21.6481 13.5272 -907.725
      vertex -21.6481 13.5272 -898.2
    endloop
  endfacet
  facet normal 0.866014 -0.50002 0
    outer loop
      vertex -22.539 11.9842 -907.725
      vertex -21.6481 13.5272 -907.725
      vertex -22.539 11.9842 -898.2
    endloop
  endfacet
  facet normal 0 0 1
    outer loop
      vertex -23.1177 -16.796 -1.90735e-07
      vertex -20.6518 -15.0044 -1.90735e-07
      vertex -21.6481 -13.5272 -1.90735e-07
    endloop
  endfacet
  facet normal 0 0 1
    outer loop
      vertex -23.1177 -16.796 -1.90735e-07
      vertex -21.8897 -18.3677 -1.90735e-07
      vertex -20.6518 -15.0044 -1.90735e-07
    endloop
  endfacet
  facet normal -0.787998 -0.615678 0
    outer loop
      vertex -23.1177 -16.796 -1.90735e-07
      vertex -21.8897 -18.3677 -898.2
      vertex -21.8897 -18.3677 -1.90735e-07
    endloop
  endfacet
  facet normal -0.787998 -0.615678 0
    outer loop
      vertex -23.1177 -16.796 -898.2
      vertex -21.8897 -18.3677 -898.2
      vertex -23.1177 -16.796 -1.90735e-07
    endloop
  endfacet
  facet normal 0 0 1
    outer loop
      vertex -23.1177 16.796 -1.90735e-07
      vertex -20.6518 15.0044 -1.90735e-07
      vertex -21.8897 18.3677 -1.90735e-07
    endloop
  endfacet
  facet normal 0 0 1
    outer loop
      vertex -23.1177 16.796 -1.90735e-07
      vertex -21.6481 13.5272 -1.90735e-07
      vertex -20.6518 15.0044 -1.90735e-07
    endloop
  endfacet
  facet normal -0.787998 0.615678 0
    outer loop
      vertex -23.1177 16.796 -898.2
      vertex -21.8897 18.3677 -1.90735e-07
      vertex -21.8897 18.3677 -898.2
    endloop
  endfacet
  facet normal -0.787998 0.615678 0
    outer loop
      vertex -23.1177 16.796 -898.2
      vertex -23.1177 16.796 -1.90735e-07
      vertex -21.8897 18.3677 -1.90735e-07
    endloop
  endfacet
  facet normal 0.898784 0.438392 0
    outer loop
      vertex -23.3201 -10.3828 -898.2
      vertex -22.539 -11.9842 -1.90735e-07
      vertex -22.539 -11.9842 -898.2
    endloop
  endfacet
  facet normal 0.898784 0.438392 0
    outer loop
      vertex -23.3201 -10.3828 -898.2
      vertex -23.3201 -10.3828 -1.90735e-07
      vertex -22.539 -11.9842 -1.90735e-07
    endloop
  endfacet
  facet normal 0.898784 0.438392 0
    outer loop
      vertex -23.3201 -10.3828 -907.725
      vertex -22.539 -11.9842 -898.2
      vertex -22.539 -11.9842 -907.725
    endloop
  endfacet
  facet normal 0.898784 0.438392 0
    outer loop
      vertex -23.3201 -10.3828 -907.725
      vertex -23.3201 -10.3828 -898.2
      vertex -22.539 -11.9842 -898.2
    endloop
  endfacet
  facet normal 0.898784 -0.438392 0
    outer loop
      vertex -23.3201 10.3828 -1.90735e-07
      vertex -22.539 11.9842 -898.2
      vertex -22.539 11.9842 -1.90735e-07
    endloop
  endfacet
  facet normal 0.898784 -0.438392 0
    outer loop
      vertex -23.3201 10.3828 -898.2
      vertex -22.539 11.9842 -898.2
      vertex -23.3201 10.3828 -1.90735e-07
    endloop
  endfacet
  facet normal 0.898784 -0.438392 0
    outer loop
      vertex -23.3201 10.3828 -898.2
      vertex -22.539 11.9842 -907.725
      vertex -22.539 11.9842 -898.2
    endloop
  endfacet
  facet normal 0.898784 -0.438392 0
    outer loop
      vertex -23.3201 10.3828 -907.725
      vertex -22.539 11.9842 -907.725
      vertex -23.3201 10.3828 -898.2
    endloop
  endfacet
  facet normal 0.927199 0.37457 0
    outer loop
      vertex -23.9875 -8.73074 -907.725
      vertex -23.3201 -10.3828 -898.2
      vertex -23.3201 -10.3828 -907.725
    endloop
  endfacet
  facet normal 0.927199 0.37457 0
    outer loop
      vertex -23.9875 -8.73074 -907.725
      vertex -23.9875 -8.73074 -898.2
      vertex -23.3201 -10.3828 -898.2
    endloop
  endfacet
  facet normal 0.927198 0.374572 0
    outer loop
      vertex -23.9875 -8.73075 -898.2
      vertex -23.3201 -10.3828 -1.90735e-07
      vertex -23.3201 -10.3828 -898.2
    endloop
  endfacet
  facet normal 0 0 1
    outer loop
      vertex -23.9875 -8.73075 -898.2
      vertex -23.3201 -10.3828 -898.2
      vertex -23.9875 -8.73074 -898.2
    endloop
  endfacet
  facet normal 0.927198 0.374572 0
    outer loop
      vertex -23.9875 -8.73075 -898.2
      vertex -23.9875 -8.73075 -1.90735e-07
      vertex -23.3201 -10.3828 -1.90735e-07
    endloop
  endfacet
  facet normal 0 0 1
    outer loop
      vertex -23.9875 8.73074 -898.2
      vertex -23.3201 10.3828 -898.2
      vertex -23.9875 8.73075 -898.2
    endloop
  endfacet
  facet normal 0.927199 -0.37457 0
    outer loop
      vertex -23.9875 8.73074 -898.2
      vertex -23.3201 10.3828 -907.725
      vertex -23.3201 10.3828 -898.2
    endloop
  endfacet
  facet normal 0.927199 -0.37457 0
    outer loop
      vertex -23.9875 8.73074 -907.725
      vertex -23.3201 10.3828 -907.725
      vertex -23.9875 8.73074 -898.2
    endloop
  endfacet
  facet normal 0.927198 -0.374572 0
    outer loop
      vertex -23.9875 8.73075 -1.90735e-07
      vertex -23.3201 10.3828 -898.2
      vertex -23.3201 10.3828 -1.90735e-07
    endloop
  endfacet
  facet normal 0.927198 -0.374572 0
    outer loop
      vertex -23.9875 8.73075 -898.2
      vertex -23.3201 10.3828 -898.2
      vertex -23.9875 8.73075 -1.90735e-07
    endloop
  endfacet
  facet normal 0 0 1
    outer loop
      vertex -24.233 -15.1424 -1.90735e-07
      vertex -21.6481 -13.5272 -1.90735e-07
      vertex -22.539 -11.9842 -1.90735e-07
    endloop
  endfacet
  facet normal 0 0 1
    outer loop
      vertex -24.233 -15.1424 -1.90735e-07
      vertex -23.1177 -16.796 -1.90735e-07
      vertex -21.6481 -13.5272 -1.90735e-07
    endloop
  endfacet
  facet normal -0.829053 -0.55917 0
    outer loop
      vertex -24.233 -15.1424 -1.90735e-07
      vertex -23.1177 -16.796 -898.2
      vertex -23.1177 -16.796 -1.90735e-07
    endloop
  endfacet
  facet normal -0.829053 -0.55917 0
    outer loop
      vertex -24.233 -15.1424 -898.2
      vertex -23.1177 -16.796 -898.2
      vertex -24.233 -15.1424 -1.90735e-07
    endloop
  endfacet
  facet normal 0 0 1
    outer loop
      vertex -24.233 15.1424 -1.90735e-07
      vertex -21.6481 13.5272 -1.90735e-07
      vertex -23.1177 16.796 -1.90735e-07
    endloop
  endfacet
  facet normal 0 0 1
    outer loop
      vertex -24.233 15.1424 -1.90735e-07
      vertex -22.539 11.9842 -1.90735e-07
      vertex -21.6481 13.5272 -1.90735e-07
    endloop
  endfacet
  facet normal -0.829053 0.55917 0
    outer loop
      vertex -24.233 15.1424 -898.2
      vertex -23.1177 16.796 -1.90735e-07
      vertex -23.1177 16.796 -898.2
    endloop
  endfacet
  facet normal -0.829053 0.55917 0
    outer loop
      vertex -24.233 15.1424 -898.2
      vertex -24.233 15.1424 -1.90735e-07
      vertex -23.1177 16.796 -1.90735e-07
    endloop
  endfacet
  facet normal 0.951056 0.309019 0
    outer loop
      vertex -24.5381 -7.03619 -898.2
      vertex -23.9875 -8.73075 -1.90735e-07
      vertex -23.9875 -8.73075 -898.2
    endloop
  endfacet
  facet normal 0 0 1
    outer loop
      vertex -24.5381 -7.03619 -898.2
      vertex -23.9875 -8.73075 -898.2
      vertex -23.9875 -8.73074 -898.2
    endloop
  endfacet
  facet normal 0.951056 0.309019 0
    outer loop
      vertex -24.5381 -7.03619 -898.2
      vertex -24.5381 -7.03619 -1.90735e-07
      vertex -23.9875 -8.73075 -1.90735e-07
    endloop
  endfacet
  facet normal 0.951055 0.309021 0
    outer loop
      vertex -24.5381 -7.03619 -907.725
      vertex -23.9875 -8.73074 -898.2
      vertex -23.9875 -8.73074 -907.725
    endloop
  endfacet
  facet normal 0.951055 0.309021 0
    outer loop
      vertex -24.5381 -7.03619 -907.725
      vertex -24.5381 -7.03619 -898.2
      vertex -23.9875 -8.73074 -898.2
    endloop
  endfacet
  facet normal 0.951056 -0.309019 0
    outer loop
      vertex -24.5381 7.03619 -1.90735e-07
      vertex -23.9875 8.73075 -898.2
      vertex -23.9875 8.73075 -1.90735e-07
    endloop
  endfacet
  facet normal 0 0 1
    outer loop
      vertex -24.5381 7.03619 -898.2
      vertex -23.9875 8.73074 -898.2
      vertex -23.9875 8.73075 -898.2
    endloop
  endfacet
  facet normal 0.951055 -0.309021 0
    outer loop
      vertex -24.5381 7.03619 -898.2
      vertex -23.9875 8.73074 -907.725
      vertex -23.9875 8.73074 -898.2
    endloop
  endfacet
  facet normal 0.951056 -0.309019 0
    outer loop
      vertex -24.5381 7.03619 -898.2
      vertex -23.9875 8.73075 -898.2
      vertex -24.5381 7.03619 -1.90735e-07
    endloop
  endfacet
  facet normal 0.951055 -0.309021 0
    outer loop
      vertex -24.5381 7.03619 -907.725
      vertex -23.9875 8.73074 -907.725
      vertex -24.5381 7.03619 -898.2
    endloop
  endfacet
  facet normal 0.970289 0.241951 0
    outer loop
      vertex -24.9692 -5.30736 -898.2
      vertex -24.5381 -7.03619 -1.90735e-07
      vertex -24.5381 -7.03619 -898.2
    endloop
  endfacet
  facet normal 0.970289 0.241951 0
    outer loop
      vertex -24.9692 -5.30736 -898.2
      vertex -24.9692 -5.30736 -1.90735e-07
      vertex -24.5381 -7.03619 -1.90735e-07
    endloop
  endfacet
  facet normal 0.970289 0.241951 0
    outer loop
      vertex -24.9692 -5.30736 -907.725
      vertex -24.5381 -7.03619 -898.2
      vertex -24.5381 -7.03619 -907.725
    endloop
  endfacet
  facet normal 0.970289 0.241951 0
    outer loop
      vertex -24.9692 -5.30736 -907.725
      vertex -24.9692 -5.30736 -898.2
      vertex -24.5381 -7.03619 -898.2
    endloop
  endfacet
  facet normal 0.970289 -0.241951 0
    outer loop
      vertex -24.9692 5.30736 -1.90735e-07
      vertex -24.5381 7.03619 -898.2
      vertex -24.5381 7.03619 -1.90735e-07
    endloop
  endfacet
  facet normal 0.970289 -0.241951 0
    outer loop
      vertex -24.9692 5.30736 -898.2
      vertex -24.5381 7.03619 -898.2
      vertex -24.9692 5.30736 -1.90735e-07
    endloop
  endfacet
  facet normal 0.970289 -0.241951 0
    outer loop
      vertex -24.9692 5.30736 -898.2
      vertex -24.5381 7.03619 -907.725
      vertex -24.5381 7.03619 -898.2
    endloop
  endfacet
  facet normal 0.970289 -0.241951 0
    outer loop
      vertex -24.9692 5.30736 -907.725
      vertex -24.5381 7.03619 -907.725
      vertex -24.9692 5.30736 -898.2
    endloop
  endfacet
  facet normal 0 0 1
    outer loop
      vertex -25.2302 -13.4151 -1.90735e-07
      vertex -22.539 -11.9842 -1.90735e-07
      vertex -23.3201 -10.3828 -1.90735e-07
    endloop
  endfacet
  facet normal 0 0 1
    outer loop
      vertex -25.2302 -13.4151 -1.90735e-07
      vertex -24.233 -15.1424 -1.90735e-07
      vertex -22.539 -11.9842 -1.90735e-07
    endloop
  endfacet
  facet normal -0.866038 -0.499979 0
    outer loop
      vertex -25.2302 -13.4151 -1.90735e-07
      vertex -24.233 -15.1424 -898.2
      vertex -24.233 -15.1424 -1.90735e-07
    endloop
  endfacet
  facet normal -0.866038 -0.499979 0
    outer loop
      vertex -25.2302 -13.4151 -898.2
      vertex -24.233 -15.1424 -898.2
      vertex -25.2302 -13.4151 -1.90735e-07
    endloop
  endfacet
  facet normal 0 0 1
    outer loop
      vertex -25.2302 13.4151 -1.90735e-07
      vertex -22.539 11.9842 -1.90735e-07
      vertex -24.233 15.1424 -1.90735e-07
    endloop
  endfacet
  facet normal 0 0 1
    outer loop
      vertex -25.2302 13.4151 -1.90735e-07
      vertex -23.3201 10.3828 -1.90735e-07
      vertex -22.539 11.9842 -1.90735e-07
    endloop
  endfacet
  facet normal -0.866038 0.499979 0
    outer loop
      vertex -25.2302 13.4151 -898.2
      vertex -24.233 15.1424 -1.90735e-07
      vertex -24.233 15.1424 -898.2
    endloop
  endfacet
  facet normal -0.866038 0.499979 0
    outer loop
      vertex -25.2302 13.4151 -898.2
      vertex -25.2302 13.4151 -1.90735e-07
      vertex -24.233 15.1424 -1.90735e-07
    endloop
  endfacet
  facet normal 0.984808 0.173648 0
    outer loop
      vertex -25.2786 -3.55266 -907.725
      vertex -24.9692 -5.30736 -898.2
      vertex -24.9692 -5.30736 -907.725
    endloop
  endfacet
  facet normal 0.984808 0.173648 0
    outer loop
      vertex -25.2786 -3.55266 -907.725
      vertex -25.2786 -3.55266 -898.2
      vertex -24.9692 -5.30736 -898.2
    endloop
  endfacet
  facet normal 0.984808 0.173649 0
    outer loop
      vertex -25.2786 -3.55267 -898.2
      vertex -24.9692 -5.30736 -1.90735e-07
      vertex -24.9692 -5.30736 -898.2
    endloop
  endfacet
  facet normal 0 0 1
    outer loop
      vertex -25.2786 -3.55267 -898.2
      vertex -24.9692 -5.30736 -898.2
      vertex -25.2786 -3.55266 -898.2
    endloop
  endfacet
  facet normal 0.984808 0.173649 0
    outer loop
      vertex -25.2786 -3.55267 -898.2
      vertex -25.2786 -3.55267 -1.90735e-07
      vertex -24.9692 -5.30736 -1.90735e-07
    endloop
  endfacet
  facet normal 0 0 1
    outer loop
      vertex -25.2786 3.55266 -898.2
      vertex -24.9692 5.30736 -898.2
      vertex -25.2786 3.55267 -898.2
    endloop
  endfacet
  facet normal 0.984808 -0.173648 0
    outer loop
      vertex -25.2786 3.55266 -898.2
      vertex -24.9692 5.30736 -907.725
      vertex -24.9692 5.30736 -898.2
    endloop
  endfacet
  facet normal 0.984808 -0.173648 0
    outer loop
      vertex -25.2786 3.55266 -907.725
      vertex -24.9692 5.30736 -907.725
      vertex -25.2786 3.55266 -898.2
    endloop
  endfacet
  facet normal 0.984808 -0.173649 0
    outer loop
      vertex -25.2786 3.55267 -1.90735e-07
      vertex -24.9692 5.30736 -898.2
      vertex -24.9692 5.30736 -1.90735e-07
    endloop
  endfacet
  facet normal 0.984808 -0.173649 0
    outer loop
      vertex -25.2786 3.55267 -898.2
      vertex -24.9692 5.30736 -898.2
      vertex -25.2786 3.55267 -1.90735e-07
    endloop
  endfacet
  facet normal 0.994525 0.104504 0
    outer loop
      vertex -25.4648 -1.78067 -898.2
      vertex -25.2786 -3.55267 -1.90735e-07
      vertex -25.2786 -3.55267 -898.2
    endloop
  endfacet
  facet normal 0 0 1
    outer loop
      vertex -25.4648 -1.78067 -898.2
      vertex -25.2786 -3.55267 -898.2
      vertex -25.2786 -3.55266 -898.2
    endloop
  endfacet
  facet normal 0.994525 0.104504 0
    outer loop
      vertex -25.4648 -1.78067 -898.2
      vertex -25.4648 -1.78067 -1.90735e-07
      vertex -25.2786 -3.55267 -1.90735e-07
    endloop
  endfacet
  facet normal 0.994524 0.104504 0
    outer loop
      vertex -25.4648 -1.78067 -907.725
      vertex -25.2786 -3.55266 -898.2
      vertex -25.2786 -3.55266 -907.725
    endloop
  endfacet
  facet normal 0.994524 0.104504 0
    outer loop
      vertex -25.4648 -1.78067 -907.725
      vertex -25.4648 -1.78067 -898.2
      vertex -25.2786 -3.55266 -898.2
    endloop
  endfacet
  facet normal 0.994525 -0.104504 0
    outer loop
      vertex -25.4648 1.78067 -1.90735e-07
      vertex -25.2786 3.55267 -898.2
      vertex -25.2786 3.55267 -1.90735e-07
    endloop
  endfacet
  facet normal 0 0 1
    outer loop
      vertex -25.4648 1.78067 -898.2
      vertex -25.2786 3.55266 -898.2
      vertex -25.2786 3.55267 -898.2
    endloop
  endfacet
  facet normal 0.994524 -0.104504 0
    outer loop
      vertex -25.4648 1.78067 -898.2
      vertex -25.2786 3.55266 -907.725
      vertex -25.2786 3.55266 -898.2
    endloop
  endfacet
  facet normal 0.994525 -0.104504 0
    outer loop
      vertex -25.4648 1.78067 -898.2
      vertex -25.2786 3.55267 -898.2
      vertex -25.4648 1.78067 -1.90735e-07
    endloop
  endfacet
  facet normal 0.994524 -0.104504 0
    outer loop
      vertex -25.4648 1.78067 -907.725
      vertex -25.2786 3.55266 -907.725
      vertex -25.4648 1.78067 -898.2
    endloop
  endfacet
  facet normal 0.99939 -0.0349094 0
    outer loop
      vertex -25.527 0 -1.90735e-07
      vertex -25.4648 1.78067 -898.2
      vertex -25.4648 1.78067 -1.90735e-07
    endloop
  endfacet
  facet normal 0.99939 0.0349094 0
    outer loop
      vertex -25.527 0 -898.2
      vertex -25.4648 -1.78067 -1.90735e-07
      vertex -25.4648 -1.78067 -898.2
    endloop
  endfacet
  facet normal 0.99939 -0.0349094 0
    outer loop
      vertex -25.527 0 -898.2
      vertex -25.4648 1.78067 -898.2
      vertex -25.527 0 -1.90735e-07
    endloop
  endfacet
  facet normal 0.99939 -0.0349094 0
    outer loop
      vertex -25.527 0 -898.2
      vertex -25.4648 1.78067 -907.725
      vertex -25.4648 1.78067 -898.2
    endloop
  endfacet
  facet normal 0.99939 0.0349094 0
    outer loop
      vertex -25.527 0 -898.2
      vertex -25.527 0 -1.90735e-07
      vertex -25.4648 -1.78067 -1.90735e-07
    endloop
  endfacet
  facet normal 0.99939 0.0349094 0
    outer loop
      vertex -25.527 0 -907.725
      vertex -25.4648 -1.78067 -898.2
      vertex -25.4648 -1.78067 -907.725
    endloop
  endfacet
  facet normal 0.99939 -0.0349094 0
    outer loop
      vertex -25.527 0 -907.725
      vertex -25.4648 1.78067 -907.725
      vertex -25.527 0 -898.2
    endloop
  endfacet
  facet normal 0.99939 0.0349094 0
    outer loop
      vertex -25.527 0 -907.725
      vertex -25.527 0 -898.2
      vertex -25.4648 -1.78067 -898.2
    endloop
  endfacet
  facet normal 0 0 1
    outer loop
      vertex -26.1046 -11.6225 -1.90735e-07
      vertex -23.3201 -10.3828 -1.90735e-07
      vertex -23.9875 -8.73075 -1.90735e-07
    endloop
  endfacet
  facet normal 0 0 1
    outer loop
      vertex -26.1046 -11.6225 -1.90735e-07
      vertex -25.2302 -13.4151 -1.90735e-07
      vertex -23.3201 -10.3828 -1.90735e-07
    endloop
  endfacet
  facet normal -0.898776 -0.438408 0
    outer loop
      vertex -26.1046 -11.6225 -1.90735e-07
      vertex -25.2302 -13.4151 -898.2
      vertex -25.2302 -13.4151 -1.90735e-07
    endloop
  endfacet
  facet normal -0.898776 -0.438408 0
    outer loop
      vertex -26.1046 -11.6225 -898.2
      vertex -25.2302 -13.4151 -898.2
      vertex -26.1046 -11.6225 -1.90735e-07
    endloop
  endfacet
  facet normal 0 0 1
    outer loop
      vertex -26.1046 11.6225 -1.90735e-07
      vertex -23.3201 10.3828 -1.90735e-07
      vertex -25.2302 13.4151 -1.90735e-07
    endloop
  endfacet
  facet normal 0 0 1
    outer loop
      vertex -26.1046 11.6225 -1.90735e-07
      vertex -23.9875 8.73075 -1.90735e-07
      vertex -23.3201 10.3828 -1.90735e-07
    endloop
  endfacet
  facet normal -0.898776 0.438408 0
    outer loop
      vertex -26.1046 11.6225 -898.2
      vertex -25.2302 13.4151 -1.90735e-07
      vertex -25.2302 13.4151 -898.2
    endloop
  endfacet
  facet normal -0.898776 0.438408 0
    outer loop
      vertex -26.1046 11.6225 -898.2
      vertex -26.1046 11.6225 -1.90735e-07
      vertex -25.2302 13.4151 -1.90735e-07
    endloop
  endfacet
  facet normal 0 0 1
    outer loop
      vertex -26.8517 -9.77322 -1.90735e-07
      vertex -23.9875 -8.73075 -1.90735e-07
      vertex -24.5381 -7.03619 -1.90735e-07
    endloop
  endfacet
  facet normal 0 0 1
    outer loop
      vertex -26.8517 -9.77322 -1.90735e-07
      vertex -26.1046 -11.6225 -1.90735e-07
      vertex -23.9875 -8.73075 -1.90735e-07
    endloop
  endfacet
  facet normal -0.927194 -0.374582 0
    outer loop
      vertex -26.8517 -9.77322 -1.90735e-07
      vertex -26.1046 -11.6225 -898.2
      vertex -26.1046 -11.6225 -1.90735e-07
    endloop
  endfacet
  facet normal -0.927194 -0.374582 0
    outer loop
      vertex -26.8517 -9.77322 -898.2
      vertex -26.1046 -11.6225 -898.2
      vertex -26.8517 -9.77322 -1.90735e-07
    endloop
  endfacet
  facet normal 0 0 1
    outer loop
      vertex -26.8517 9.77322 -1.90735e-07
      vertex -23.9875 8.73075 -1.90735e-07
      vertex -26.1046 11.6225 -1.90735e-07
    endloop
  endfacet
  facet normal 0 0 1
    outer loop
      vertex -26.8517 9.77322 -1.90735e-07
      vertex -24.5381 7.03619 -1.90735e-07
      vertex -23.9875 8.73075 -1.90735e-07
    endloop
  endfacet
  facet normal -0.927194 0.374582 0
    outer loop
      vertex -26.8517 9.77322 -898.2
      vertex -26.1046 11.6225 -1.90735e-07
      vertex -26.1046 11.6225 -898.2
    endloop
  endfacet
  facet normal -0.927194 0.374582 0
    outer loop
      vertex -26.8517 9.77322 -898.2
      vertex -26.8517 9.77322 -1.90735e-07
      vertex -26.1046 11.6225 -1.90735e-07
    endloop
  endfacet
  facet normal 0 0 1
    outer loop
      vertex -27.4681 -7.87634 -1.90735e-07
      vertex -24.5381 -7.03619 -1.90735e-07
      vertex -24.9692 -5.30736 -1.90735e-07
    endloop
  endfacet
  facet normal 0 0 1
    outer loop
      vertex -27.4681 -7.87634 -1.90735e-07
      vertex -26.8517 -9.77322 -1.90735e-07
      vertex -24.5381 -7.03619 -1.90735e-07
    endloop
  endfacet
  facet normal -0.951047 -0.309047 0
    outer loop
      vertex -27.4681 -7.87634 -1.90735e-07
      vertex -26.8517 -9.77322 -898.2
      vertex -26.8517 -9.77322 -1.90735e-07
    endloop
  endfacet
  facet normal -0.951047 -0.309047 0
    outer loop
      vertex -27.4681 -7.87634 -898.2
      vertex -26.8517 -9.77322 -898.2
      vertex -27.4681 -7.87634 -1.90735e-07
    endloop
  endfacet
  facet normal 0 0 1
    outer loop
      vertex -27.4681 7.87634 -1.90735e-07
      vertex -24.5381 7.03619 -1.90735e-07
      vertex -26.8517 9.77322 -1.90735e-07
    endloop
  endfacet
  facet normal 0 0 1
    outer loop
      vertex -27.4681 7.87634 -1.90735e-07
      vertex -24.9692 5.30736 -1.90735e-07
      vertex -24.5381 7.03619 -1.90735e-07
    endloop
  endfacet
  facet normal -0.951047 0.309047 0
    outer loop
      vertex -27.4681 7.87634 -898.2
      vertex -26.8517 9.77322 -1.90735e-07
      vertex -26.8517 9.77322 -898.2
    endloop
  endfacet
  facet normal -0.951047 0.309047 0
    outer loop
      vertex -27.4681 7.87634 -898.2
      vertex -27.4681 7.87634 -1.90735e-07
      vertex -26.8517 9.77322 -1.90735e-07
    endloop
  endfacet
  facet normal 0 0 1
    outer loop
      vertex -27.9506 -5.94108 -1.90735e-07
      vertex -24.9692 -5.30736 -1.90735e-07
      vertex -25.2786 -3.55267 -1.90735e-07
    endloop
  endfacet
  facet normal 0 0 1
    outer loop
      vertex -27.9506 -5.94108 -1.90735e-07
      vertex -27.4681 -7.87634 -1.90735e-07
      vertex -24.9692 -5.30736 -1.90735e-07
    endloop
  endfacet
  facet normal -0.970297 -0.241915 0
    outer loop
      vertex -27.9506 -5.94108 -1.90735e-07
      vertex -27.4681 -7.87634 -898.2
      vertex -27.4681 -7.87634 -1.90735e-07
    endloop
  endfacet
  facet normal -0.970297 -0.241915 0
    outer loop
      vertex -27.9506 -5.94108 -898.2
      vertex -27.4681 -7.87634 -898.2
      vertex -27.9506 -5.94108 -1.90735e-07
    endloop
  endfacet
  facet normal 0 0 1
    outer loop
      vertex -27.9506 5.94108 -1.90735e-07
      vertex -24.9692 5.30736 -1.90735e-07
      vertex -27.4681 7.87634 -1.90735e-07
    endloop
  endfacet
  facet normal 0 0 1
    outer loop
      vertex -27.9506 5.94108 -1.90735e-07
      vertex -25.2786 3.55267 -1.90735e-07
      vertex -24.9692 5.30736 -1.90735e-07
    endloop
  endfacet
  facet normal -0.970297 0.241915 0
    outer loop
      vertex -27.9506 5.94108 -898.2
      vertex -27.4681 7.87634 -1.90735e-07
      vertex -27.4681 7.87634 -898.2
    endloop
  endfacet
  facet normal -0.970297 0.241915 0
    outer loop
      vertex -27.9506 5.94108 -898.2
      vertex -27.9506 5.94108 -1.90735e-07
      vertex -27.4681 7.87634 -1.90735e-07
    endloop
  endfacet
  facet normal 0 0 1
    outer loop
      vertex -28.2969 -3.97687 -1.90735e-07
      vertex -25.2786 -3.55267 -1.90735e-07
      vertex -25.4648 -1.78067 -1.90735e-07
    endloop
  endfacet
  facet normal 0 0 1
    outer loop
      vertex -28.2969 -3.97687 -1.90735e-07
      vertex -27.9506 -5.94108 -1.90735e-07
      vertex -25.2786 -3.55267 -1.90735e-07
    endloop
  endfacet
  facet normal -0.984811 -0.173627 0
    outer loop
      vertex -28.2969 -3.97687 -1.90735e-07
      vertex -27.9506 -5.94108 -898.2
      vertex -27.9506 -5.94108 -1.90735e-07
    endloop
  endfacet
  facet normal -0.984811 -0.173627 0
    outer loop
      vertex -28.2969 -3.97687 -898.2
      vertex -27.9506 -5.94108 -898.2
      vertex -28.2969 -3.97687 -1.90735e-07
    endloop
  endfacet
  facet normal 0 0 1
    outer loop
      vertex -28.2969 3.97687 -1.90735e-07
      vertex -25.2786 3.55267 -1.90735e-07
      vertex -27.9506 5.94108 -1.90735e-07
    endloop
  endfacet
  facet normal 0 0 1
    outer loop
      vertex -28.2969 3.97687 -1.90735e-07
      vertex -25.4648 1.78067 -1.90735e-07
      vertex -25.2786 3.55267 -1.90735e-07
    endloop
  endfacet
  facet normal -0.984811 0.173627 0
    outer loop
      vertex -28.2969 3.97687 -898.2
      vertex -27.9506 5.94108 -1.90735e-07
      vertex -27.9506 5.94108 -898.2
    endloop
  endfacet
  facet normal -0.984811 0.173627 0
    outer loop
      vertex -28.2969 3.97687 -898.2
      vertex -28.2969 3.97687 -1.90735e-07
      vertex -27.9506 5.94108 -1.90735e-07
    endloop
  endfacet
  facet normal 0 0 1
    outer loop
      vertex -28.5054 -1.99329 -1.90735e-07
      vertex -25.4648 -1.78067 -1.90735e-07
      vertex -25.527 0 -1.90735e-07
    endloop
  endfacet
  facet normal 0 0 1
    outer loop
      vertex -28.5054 -1.99329 -1.90735e-07
      vertex -28.2969 -3.97687 -1.90735e-07
      vertex -25.4648 -1.78067 -1.90735e-07
    endloop
  endfacet
  facet normal -0.994521 -0.104537 0
    outer loop
      vertex -28.5054 -1.99329 -1.90735e-07
      vertex -28.2969 -3.97687 -898.2
      vertex -28.2969 -3.97687 -1.90735e-07
    endloop
  endfacet
  facet normal -0.994521 -0.104537 0
    outer loop
      vertex -28.5054 -1.99329 -898.2
      vertex -28.2969 -3.97687 -898.2
      vertex -28.5054 -1.99329 -1.90735e-07
    endloop
  endfacet
  facet normal 0 0 1
    outer loop
      vertex -28.5054 1.99329 -1.90735e-07
      vertex -25.4648 1.78067 -1.90735e-07
      vertex -28.2969 3.97687 -1.90735e-07
    endloop
  endfacet
  facet normal 0 0 1
    outer loop
      vertex -28.5054 1.99329 -1.90735e-07
      vertex -25.527 0 -1.90735e-07
      vertex -25.4648 1.78067 -1.90735e-07
    endloop
  endfacet
  facet normal -0.994521 0.104537 0
    outer loop
      vertex -28.5054 1.99329 -898.2
      vertex -28.2969 3.97687 -1.90735e-07
      vertex -28.2969 3.97687 -898.2
    endloop
  endfacet
  facet normal -0.994521 0.104537 0
    outer loop
      vertex -28.5054 1.99329 -898.2
      vertex -28.5054 1.99329 -1.90735e-07
      vertex -28.2969 3.97687 -1.90735e-07
    endloop
  endfacet
  facet normal 0 0 1
    outer loop
      vertex -28.575 0 -1.90735e-07
      vertex -25.527 0 -1.90735e-07
      vertex -28.5054 1.99329 -1.90735e-07
    endloop
  endfacet
  facet normal 0 0 1
    outer loop
      vertex -28.575 0 -1.90735e-07
      vertex -28.5054 -1.99329 -1.90735e-07
      vertex -25.527 0 -1.90735e-07
    endloop
  endfacet
  facet normal -0.999391 -0.0348959 0
    outer loop
      vertex -28.575 0 -1.90735e-07
      vertex -28.5054 -1.99329 -898.2
      vertex -28.5054 -1.99329 -1.90735e-07
    endloop
  endfacet
  facet normal -0.999391 -0.0348959 0
    outer loop
      vertex -28.575 0 -898.2
      vertex -28.5054 -1.99329 -898.2
      vertex -28.575 0 -1.90735e-07
    endloop
  endfacet
  facet normal -0.999391 0.0348959 0
    outer loop
      vertex -28.575 0 -898.2
      vertex -28.5054 1.99329 -1.90735e-07
      vertex -28.5054 1.99329 -898.2
    endloop
  endfacet
  facet normal -0.999391 0.0348959 0
    outer loop
      vertex -28.575 0 -898.2
      vertex -28.575 0 -1.90735e-07
      vertex -28.5054 1.99329 -1.90735e-07
    endloop
  endfacet
  facet normal 0.139133 0.990274 0
    outer loop
      vertex -4.43271 -25.1392 -898.2
      vertex -2.66829 -25.3871 -898.2
      vertex -2.66829 -25.3871 -907.725
    endloop
  endfacet
  facet normal 0 0 1
    outer loop
      vertex -4.43271 -25.1392 -898.2
      vertex -2.6683 -25.3872 -898.2
      vertex -2.66829 -25.3871 -898.2
    endloop
  endfacet
  facet normal 0.139133 0.990274 0
    outer loop
      vertex -4.43271 -25.1392 -907.725
      vertex -4.43271 -25.1392 -898.2
      vertex -2.66829 -25.3871 -907.725
    endloop
  endfacet
  facet normal 0 0 1
    outer loop
      vertex -4.43271 25.1392 -898.2
      vertex -2.66829 25.3871 -898.2
      vertex -2.6683 25.3872 -898.2
    endloop
  endfacet
  facet normal 0.139133 -0.990274 0
    outer loop
      vertex -4.43271 25.1392 -907.725
      vertex -2.66829 25.3871 -898.2
      vertex -4.43271 25.1392 -898.2
    endloop
  endfacet
  facet normal 0.139133 -0.990274 0
    outer loop
      vertex -4.43271 25.1392 -907.725
      vertex -2.66829 25.3871 -907.725
      vertex -2.66829 25.3871 -898.2
    endloop
  endfacet
  facet normal 0.139188 0.990266 0
    outer loop
      vertex -4.43272 -25.1392 -1.90735e-07
      vertex -2.6683 -25.3872 -1.90735e-07
      vertex -2.6683 -25.3872 -898.2
    endloop
  endfacet
  facet normal 0 0 1
    outer loop
      vertex -4.43272 -25.1392 -1.90735e-07
      vertex -2.9869 -28.4185 -1.90735e-07
      vertex -2.6683 -25.3872 -1.90735e-07
    endloop
  endfacet
  facet normal 0 0 1
    outer loop
      vertex -4.43272 -25.1392 -898.2
      vertex -2.6683 -25.3872 -898.2
      vertex -4.43271 -25.1392 -898.2
    endloop
  endfacet
  facet normal 0.139188 0.990266 0
    outer loop
      vertex -4.43272 -25.1392 -898.2
      vertex -4.43272 -25.1392 -1.90735e-07
      vertex -2.6683 -25.3872 -898.2
    endloop
  endfacet
  facet normal 0 0 1
    outer loop
      vertex -4.43272 25.1392 -1.90735e-07
      vertex -2.6683 25.3872 -1.90735e-07
      vertex -2.9869 28.4185 -1.90735e-07
    endloop
  endfacet
  facet normal 0.139188 -0.990266 0
    outer loop
      vertex -4.43272 25.1392 -898.2
      vertex -2.6683 25.3872 -1.90735e-07
      vertex -4.43272 25.1392 -1.90735e-07
    endloop
  endfacet
  facet normal 0.139188 -0.990266 0
    outer loop
      vertex -4.43272 25.1392 -898.2
      vertex -2.6683 25.3872 -898.2
      vertex -2.6683 25.3872 -1.90735e-07
    endloop
  endfacet
  facet normal 0 0 1
    outer loop
      vertex -4.43272 25.1392 -898.2
      vertex -4.43271 25.1392 -898.2
      vertex -2.6683 25.3872 -898.2
    endloop
  endfacet
  facet normal 0 0 1
    outer loop
      vertex -4.962 -28.1409 -1.90735e-07
      vertex -2.9869 -28.4185 -1.90735e-07
      vertex -4.43272 -25.1392 -1.90735e-07
    endloop
  endfacet
  facet normal -0.139182 -0.990267 0
    outer loop
      vertex -4.962 -28.1409 -898.2
      vertex -2.9869 -28.4185 -1.90735e-07
      vertex -4.962 -28.1409 -1.90735e-07
    endloop
  endfacet
  facet normal -0.139182 -0.990267 0
    outer loop
      vertex -4.962 -28.1409 -898.2
      vertex -2.9869 -28.4185 -898.2
      vertex -2.9869 -28.4185 -1.90735e-07
    endloop
  endfacet
  facet normal -0.139182 0.990267 0
    outer loop
      vertex -4.962 28.1409 -1.90735e-07
      vertex -2.9869 28.4185 -1.90735e-07
      vertex -2.9869 28.4185 -898.2
    endloop
  endfacet
  facet normal 0 0 1
    outer loop
      vertex -4.962 28.1409 -1.90735e-07
      vertex -4.43272 25.1392 -1.90735e-07
      vertex -2.9869 28.4185 -1.90735e-07
    endloop
  endfacet
  facet normal -0.139182 0.990267 0
    outer loop
      vertex -4.962 28.1409 -898.2
      vertex -4.962 28.1409 -1.90735e-07
      vertex -2.9869 28.4185 -898.2
    endloop
  endfacet
  facet normal 0 0 1
    outer loop
      vertex -57.325 -64.175 -898.2
      vertex -10.7044 -26.4943 -898.2
      vertex -12.5265 -25.683 -898.2
    endloop
  endfacet
  facet normal 0 0 1
    outer loop
      vertex -57.325 -64.175 -898.2
      vertex -12.5265 -25.683 -898.2
      vertex -14.2875 -24.7467 -898.2
    endloop
  endfacet
  facet normal 0 0 1
    outer loop
      vertex -57.325 -64.175 -898.2
      vertex -14.2875 -24.7467 -898.2
      vertex -15.9789 -23.6897 -898.2
    endloop
  endfacet
  facet normal 0 0 1
    outer loop
      vertex -57.325 -64.175 -898.2
      vertex -15.9789 -23.6897 -898.2
      vertex -17.5925 -22.5174 -898.2
    endloop
  endfacet
  facet normal 0 0 1
    outer loop
      vertex -57.325 -64.175 -898.2
      vertex -17.5925 -22.5174 -898.2
      vertex -19.1204 -21.2354 -898.2
    endloop
  endfacet
  facet normal 0 0 1
    outer loop
      vertex -57.325 -64.175 -898.2
      vertex -19.1204 -21.2354 -898.2
      vertex -20.5551 -19.8499 -898.2
    endloop
  endfacet
  facet normal 0 0 1
    outer loop
      vertex -57.325 -64.175 -898.2
      vertex -20.5551 -19.8499 -898.2
      vertex -21.8897 -18.3677 -898.2
    endloop
  endfacet
  facet normal 0 0 1
    outer loop
      vertex -57.325 -64.175 -898.2
      vertex -21.8897 -18.3677 -898.2
      vertex -23.1177 -16.796 -898.2
    endloop
  endfacet
  facet normal 0 0 1
    outer loop
      vertex -57.325 -64.175 -898.2
      vertex -23.1177 -16.796 -898.2
      vertex -24.233 -15.1424 -898.2
    endloop
  endfacet
  facet normal 0 0 1
    outer loop
      vertex -57.325 -64.175 -898.2
      vertex -24.233 -15.1424 -898.2
      vertex -25.2302 -13.4151 -898.2
    endloop
  endfacet
  facet normal 0 0 1
    outer loop
      vertex -57.325 -64.175 -898.2
      vertex -25.2302 -13.4151 -898.2
      vertex -26.1046 -11.6225 -898.2
    endloop
  endfacet
  facet normal 0 0 1
    outer loop
      vertex -57.325 -64.175 -898.2
      vertex -26.1046 -11.6225 -898.2
      vertex -26.8517 -9.77322 -898.2
    endloop
  endfacet
  facet normal 0 0 1
    outer loop
      vertex -57.325 -64.175 -898.2
      vertex -26.8517 -9.77322 -898.2
      vertex -27.4681 -7.87634 -898.2
    endloop
  endfacet
  facet normal 0 0 1
    outer loop
      vertex -57.325 -64.175 -898.2
      vertex -27.4681 -7.87634 -898.2
      vertex -27.9506 -5.94108 -898.2
    endloop
  endfacet
  facet normal 0 0 1
    outer loop
      vertex -57.325 -64.175 -898.2
      vertex -27.9506 -5.94108 -898.2
      vertex -28.2969 -3.97687 -898.2
    endloop
  endfacet
  facet normal 0 0 1
    outer loop
      vertex -57.325 -64.175 -898.2
      vertex -28.2969 -3.97687 -898.2
      vertex -28.5054 -1.99329 -898.2
    endloop
  endfacet
  facet normal 0 0 1
    outer loop
      vertex -57.325 -64.175 -898.2
      vertex -28.5054 -1.99329 -898.2
      vertex -28.575 0 -898.2
    endloop
  endfacet
  facet normal 0 0 1
    outer loop
      vertex -57.325 -64.175 -898.2
      vertex -6.91292 -27.7262 -898.2
      vertex -8.83016 -27.1764 -898.2
    endloop
  endfacet
  facet normal 0 0 1
    outer loop
      vertex -57.325 -64.175 -898.2
      vertex -8.83016 -27.1764 -898.2
      vertex -10.7044 -26.4943 -898.2
    endloop
  endfacet
  facet normal 0 0 -1
    outer loop
      vertex -57.325 -64.175 -907.725
      vertex -7.88828 -24.2776 -907.725
      vertex -6.17554 -24.7687 -907.725
    endloop
  endfacet
  facet normal 0 0 1
    outer loop
      vertex -57.325 64.175 -898.2
      vertex -8.83016 27.1764 -898.2
      vertex -6.91292 27.7262 -898.2
    endloop
  endfacet
  facet normal 0 0 -1
    outer loop
      vertex -57.325 64.175 -907.725
      vertex -11.1903 22.9435 -907.725
      vertex -12.7635 22.107 -907.725
    endloop
  endfacet
  facet normal 0 0 -1
    outer loop
      vertex -57.325 64.175 -907.725
      vertex -12.7635 22.107 -907.725
      vertex -14.2745 21.1628 -907.725
    endloop
  endfacet
  facet normal 0 0 -1
    outer loop
      vertex -57.325 64.175 -907.725
      vertex -14.2745 21.1628 -907.725
      vertex -15.716 20.1155 -907.725
    endloop
  endfacet
  facet normal 0 0 -1
    outer loop
      vertex -57.325 64.175 -907.725
      vertex -15.716 20.1155 -907.725
      vertex -17.0809 18.9702 -907.725
    endloop
  endfacet
  facet normal 0 0 -1
    outer loop
      vertex -57.325 64.175 -907.725
      vertex -17.0809 18.9702 -907.725
      vertex -18.3626 17.7325 -907.725
    endloop
  endfacet
  facet normal 0 0 -1
    outer loop
      vertex -57.325 64.175 -907.725
      vertex -18.3626 17.7325 -907.725
      vertex -19.5548 16.4084 -907.725
    endloop
  endfacet
  facet normal 0 0 -1
    outer loop
      vertex -57.325 64.175 -907.725
      vertex -19.5548 16.4084 -907.725
      vertex -20.6518 15.0044 -907.725
    endloop
  endfacet
  facet normal 0 0 -1
    outer loop
      vertex -57.325 64.175 -907.725
      vertex -20.6518 15.0044 -907.725
      vertex -21.6481 13.5272 -907.725
    endloop
  endfacet
  facet normal 0 0 -1
    outer loop
      vertex -57.325 64.175 -907.725
      vertex -21.6481 13.5272 -907.725
      vertex -22.539 11.9842 -907.725
    endloop
  endfacet
  facet normal 0 0 -1
    outer loop
      vertex -57.325 64.175 -907.725
      vertex -22.539 11.9842 -907.725
      vertex -23.3201 10.3828 -907.725
    endloop
  endfacet
  facet normal 0 0 -1
    outer loop
      vertex -57.325 64.175 -907.725
      vertex -23.3201 10.3828 -907.725
      vertex -23.9875 8.73074 -907.725
    endloop
  endfacet
  facet normal 0 0 -1
    outer loop
      vertex -57.325 64.175 -907.725
      vertex -23.9875 8.73074 -907.725
      vertex -24.5381 7.03619 -907.725
    endloop
  endfacet
  facet normal 0 0 -1
    outer loop
      vertex -57.325 64.175 -907.725
      vertex -24.5381 7.03619 -907.725
      vertex -24.9692 5.30736 -907.725
    endloop
  endfacet
  facet normal 0 0 -1
    outer loop
      vertex -57.325 64.175 -907.725
      vertex -24.9692 5.30736 -907.725
      vertex -25.2786 3.55266 -907.725
    endloop
  endfacet
  facet normal 0 0 -1
    outer loop
      vertex -57.325 64.175 -907.725
      vertex -25.2786 3.55266 -907.725
      vertex -25.4648 1.78067 -907.725
    endloop
  endfacet
  facet normal 0 0 -1
    outer loop
      vertex -57.325 64.175 -907.725
      vertex -25.4648 1.78067 -907.725
      vertex -25.527 0 -907.725
    endloop
  endfacet
  facet normal 0 0 -1
    outer loop
      vertex -57.325 64.175 -907.725
      vertex -6.17554 24.7687 -907.725
      vertex -7.88828 24.2776 -907.725
    endloop
  endfacet
  facet normal 0 0 -1
    outer loop
      vertex -57.325 64.175 -907.725
      vertex -7.88828 24.2776 -907.725
      vertex -9.56258 23.6682 -907.725
    endloop
  endfacet
  facet normal 0 0 -1
    outer loop
      vertex -57.325 64.175 -907.725
      vertex -9.56258 23.6682 -907.725
      vertex -11.1903 22.9435 -907.725
    endloop
  endfacet
  facet normal 0 0 1
    outer loop
      vertex -57.3417 -63.6972 -898.2
      vertex -57.325 -64.175 -898.2
      vertex -28.575 0 -898.2
    endloop
  endfacet
  facet normal -0.99939 -0.0349305 0
    outer loop
      vertex -57.3417 -63.6972 -898.2
      vertex -57.325 -64.175 -907.725
      vertex -57.325 -64.175 -898.2
    endloop
  endfacet
  facet normal -0.99939 -0.0349305 0
    outer loop
      vertex -57.3417 -63.6972 -907.725
      vertex -57.325 -64.175 -907.725
      vertex -57.3417 -63.6972 -898.2
    endloop
  endfacet
  facet normal 0 0 -1
    outer loop
      vertex -57.3417 -63.6972 -907.725
      vertex -7.88828 -24.2776 -907.725
      vertex -57.325 -64.175 -907.725
    endloop
  endfacet
  facet normal 0 0 1
    outer loop
      vertex -57.3417 -64.6528 -898.2
      vertex -6.91292 -27.7262 -898.2
      vertex -57.325 -64.175 -898.2
    endloop
  endfacet
  facet normal -0.99939 0.0349305 0
    outer loop
      vertex -57.3417 -64.6528 -907.725
      vertex -57.325 -64.175 -898.2
      vertex -57.325 -64.175 -907.725
    endloop
  endfacet
  facet normal 0 0 -1
    outer loop
      vertex -57.3417 -64.6528 -907.725
      vertex -57.325 -64.175 -907.725
      vertex -6.17554 -24.7687 -907.725
    endloop
  endfacet
  facet normal -0.99939 0.0349305 0
    outer loop
      vertex -57.3417 -64.6528 -907.725
      vertex -57.3417 -64.6528 -898.2
      vertex -57.325 -64.175 -898.2
    endloop
  endfacet
  facet normal 0 0 -1
    outer loop
      vertex -57.3417 -64.6528 -907.725
      vertex -6.17554 -24.7687 -907.725
      vertex -4.43271 -25.1392 -907.725
    endloop
  endfacet
  facet normal 0 0 1
    outer loop
      vertex -57.3417 63.6972 -898.2
      vertex -10.7044 26.4943 -898.2
      vertex -8.83016 27.1764 -898.2
    endloop
  endfacet
  facet normal 0 0 1
    outer loop
      vertex -57.3417 63.6972 -898.2
      vertex -8.83016 27.1764 -898.2
      vertex -57.325 64.175 -898.2
    endloop
  endfacet
  facet normal -0.99939 0.0349305 0
    outer loop
      vertex -57.3417 63.6972 -907.725
      vertex -57.325 64.175 -898.2
      vertex -57.325 64.175 -907.725
    endloop
  endfacet
  facet normal 0 0 -1
    outer loop
      vertex -57.3417 63.6972 -907.725
      vertex -57.325 64.175 -907.725
      vertex -25.527 0 -907.725
    endloop
  endfacet
  facet normal -0.99939 0.0349305 0
    outer loop
      vertex -57.3417 63.6972 -907.725
      vertex -57.3417 63.6972 -898.2
      vertex -57.325 64.175 -898.2
    endloop
  endfacet
  facet normal 0 0 1
    outer loop
      vertex -57.3417 64.6528 -898.2
      vertex -57.325 64.175 -898.2
      vertex -6.91292 27.7262 -898.2
    endloop
  endfacet
  facet normal -0.99939 -0.0349305 0
    outer loop
      vertex -57.3417 64.6528 -898.2
      vertex -57.325 64.175 -907.725
      vertex -57.325 64.175 -898.2
    endloop
  endfacet
  facet normal 0 0 -1
    outer loop
      vertex -57.3417 64.6528 -907.725
      vertex -4.43271 25.1392 -907.725
      vertex -6.17554 24.7687 -907.725
    endloop
  endfacet
  facet normal -0.99939 -0.0349305 0
    outer loop
      vertex -57.3417 64.6528 -907.725
      vertex -57.325 64.175 -907.725
      vertex -57.3417 64.6528 -898.2
    endloop
  endfacet
  facet normal 0 0 -1
    outer loop
      vertex -57.3417 64.6528 -907.725
      vertex -6.17554 24.7687 -907.725
      vertex -57.325 64.175 -907.725
    endloop
  endfacet
  facet normal 0 0 1
    outer loop
      vertex -57.3917 -63.2216 -898.2
      vertex -57.3417 -63.6972 -898.2
      vertex -28.575 0 -898.2
    endloop
  endfacet
  facet normal -0.994519 -0.104554 0
    outer loop
      vertex -57.3917 -63.2216 -898.2
      vertex -57.3417 -63.6972 -907.725
      vertex -57.3417 -63.6972 -898.2
    endloop
  endfacet
  facet normal -0.994519 -0.104554 0
    outer loop
      vertex -57.3917 -63.2216 -907.725
      vertex -57.3417 -63.6972 -907.725
      vertex -57.3917 -63.2216 -898.2
    endloop
  endfacet
  facet normal 0 0 -1
    outer loop
      vertex -57.3917 -63.2216 -907.725
      vertex -7.88828 -24.2776 -907.725
      vertex -57.3417 -63.6972 -907.725
    endloop
  endfacet
  facet normal 0 0 -1
    outer loop
      vertex -57.3917 -63.2216 -907.725
      vertex -9.56258 -23.6682 -907.725
      vertex -7.88828 -24.2776 -907.725
    endloop
  endfacet
  facet normal 0 0 1
    outer loop
      vertex -57.3917 -65.1283 -898.2
      vertex -4.962 -28.1409 -898.2
      vertex -6.91292 -27.7262 -898.2
    endloop
  endfacet
  facet normal 0 0 1
    outer loop
      vertex -57.3917 -65.1283 -898.2
      vertex -6.91292 -27.7262 -898.2
      vertex -57.3417 -64.6528 -898.2
    endloop
  endfacet
  facet normal 0 0 -1
    outer loop
      vertex -57.3917 -65.1283 -907.725
      vertex -4.43271 -25.1392 -907.725
      vertex -2.66829 -25.3871 -907.725
    endloop
  endfacet
  facet normal -0.994517 0.104576 0
    outer loop
      vertex -57.3917 -65.1283 -907.725
      vertex -57.3417 -64.6528 -898.2
      vertex -57.3417 -64.6528 -907.725
    endloop
  endfacet
  facet normal 0 0 -1
    outer loop
      vertex -57.3917 -65.1283 -907.725
      vertex -57.3417 -64.6528 -907.725
      vertex -4.43271 -25.1392 -907.725
    endloop
  endfacet
  facet normal -0.994517 0.104576 0
    outer loop
      vertex -57.3917 -65.1283 -907.725
      vertex -57.3917 -65.1283 -898.2
      vertex -57.3417 -64.6528 -898.2
    endloop
  endfacet
  facet normal 0 0 1
    outer loop
      vertex -57.3917 63.2216 -898.2
      vertex -10.7044 26.4943 -898.2
      vertex -57.3417 63.6972 -898.2
    endloop
  endfacet
  facet normal -0.994519 0.104554 0
    outer loop
      vertex -57.3917 63.2216 -907.725
      vertex -57.3417 63.6972 -898.2
      vertex -57.3417 63.6972 -907.725
    endloop
  endfacet
  facet normal 0 0 -1
    outer loop
      vertex -57.3917 63.2216 -907.725
      vertex -57.3417 63.6972 -907.725
      vertex -25.527 0 -907.725
    endloop
  endfacet
  facet normal -0.994519 0.104554 0
    outer loop
      vertex -57.3917 63.2216 -907.725
      vertex -57.3917 63.2216 -898.2
      vertex -57.3417 63.6972 -898.2
    endloop
  endfacet
  facet normal 0 0 1
    outer loop
      vertex -57.3917 65.1283 -898.2
      vertex -57.3417 64.6528 -898.2
      vertex -6.91292 27.7262 -898.2
    endloop
  endfacet
  facet normal -0.994517 -0.104576 0
    outer loop
      vertex -57.3917 65.1283 -898.2
      vertex -57.3417 64.6528 -907.725
      vertex -57.3417 64.6528 -898.2
    endloop
  endfacet
  facet normal 0 0 1
    outer loop
      vertex -57.3917 65.1283 -898.2
      vertex -6.91292 27.7262 -898.2
      vertex -4.962 28.1409 -898.2
    endloop
  endfacet
  facet normal 0 0 -1
    outer loop
      vertex -57.3917 65.1283 -907.725
      vertex -2.66829 25.3871 -907.725
      vertex -4.43271 25.1392 -907.725
    endloop
  endfacet
  facet normal 0 0 -1
    outer loop
      vertex -57.3917 65.1283 -907.725
      vertex -4.43271 25.1392 -907.725
      vertex -57.3417 64.6528 -907.725
    endloop
  endfacet
  facet normal -0.994517 -0.104576 0
    outer loop
      vertex -57.3917 65.1283 -907.725
      vertex -57.3417 64.6528 -907.725
      vertex -57.3917 65.1283 -898.2
    endloop
  endfacet
  facet normal 0 0 1
    outer loop
      vertex -57.4747 -62.7508 -898.2
      vertex -57.3917 -63.2216 -898.2
      vertex -28.575 0 -898.2
    endloop
  endfacet
  facet normal -0.984813 -0.173618 0
    outer loop
      vertex -57.4747 -62.7508 -898.2
      vertex -57.3917 -63.2216 -907.725
      vertex -57.3917 -63.2216 -898.2
    endloop
  endfacet
  facet normal 0 0 -1
    outer loop
      vertex -57.4747 -62.7508 -907.725
      vertex -11.1903 -22.9435 -907.725
      vertex -9.56258 -23.6682 -907.725
    endloop
  endfacet
  facet normal -0.984813 -0.173618 0
    outer loop
      vertex -57.4747 -62.7508 -907.725
      vertex -57.3917 -63.2216 -907.725
      vertex -57.4747 -62.7508 -898.2
    endloop
  endfacet
  facet normal 0 0 -1
    outer loop
      vertex -57.4747 -62.7508 -907.725
      vertex -9.56258 -23.6682 -907.725
      vertex -57.3917 -63.2216 -907.725
    endloop
  endfacet
  facet normal 0 0 1
    outer loop
      vertex -57.4747 -65.5992 -898.2
      vertex -2.9869 -28.4185 -898.2
      vertex -4.962 -28.1409 -898.2
    endloop
  endfacet
  facet normal 0 0 1
    outer loop
      vertex -57.4747 -65.5992 -898.2
      vertex -4.962 -28.1409 -898.2
      vertex -57.3917 -65.1283 -898.2
    endloop
  endfacet
  facet normal -0.984819 0.173583 0
    outer loop
      vertex -57.4747 -65.5992 -907.725
      vertex -57.3917 -65.1283 -898.2
      vertex -57.3917 -65.1283 -907.725
    endloop
  endfacet
  facet normal 0 0 -1
    outer loop
      vertex -57.4747 -65.5992 -907.725
      vertex -57.3917 -65.1283 -907.725
      vertex -2.66829 -25.3871 -907.725
    endloop
  endfacet
  facet normal -0.984819 0.173583 0
    outer loop
      vertex -57.4747 -65.5992 -907.725
      vertex -57.4747 -65.5992 -898.2
      vertex -57.3917 -65.1283 -898.2
    endloop
  endfacet
  facet normal 0 0 1
    outer loop
      vertex -57.4747 62.7508 -898.2
      vertex -10.7044 26.4943 -898.2
      vertex -57.3917 63.2216 -898.2
    endloop
  endfacet
  facet normal 0 0 1
    outer loop
      vertex -57.4747 62.7508 -898.2
      vertex -12.5265 25.683 -898.2
      vertex -10.7044 26.4943 -898.2
    endloop
  endfacet
  facet normal -0.984813 0.173618 0
    outer loop
      vertex -57.4747 62.7508 -907.725
      vertex -57.3917 63.2216 -898.2
      vertex -57.3917 63.2216 -907.725
    endloop
  endfacet
  facet normal 0 0 -1
    outer loop
      vertex -57.4747 62.7508 -907.725
      vertex -57.3917 63.2216 -907.725
      vertex -25.527 0 -907.725
    endloop
  endfacet
  facet normal -0.984813 0.173618 0
    outer loop
      vertex -57.4747 62.7508 -907.725
      vertex -57.4747 62.7508 -898.2
      vertex -57.3917 63.2216 -898.2
    endloop
  endfacet
  facet normal 0 0 1
    outer loop
      vertex -57.4747 65.5992 -898.2
      vertex -4.962 28.1409 -898.2
      vertex -2.9869 28.4185 -898.2
    endloop
  endfacet
  facet normal 0 0 1
    outer loop
      vertex -57.4747 65.5992 -898.2
      vertex -57.3917 65.1283 -898.2
      vertex -4.962 28.1409 -898.2
    endloop
  endfacet
  facet normal -0.984819 -0.173583 0
    outer loop
      vertex -57.4747 65.5992 -898.2
      vertex -57.3917 65.1283 -907.725
      vertex -57.3917 65.1283 -898.2
    endloop
  endfacet
  facet normal 0 0 -1
    outer loop
      vertex -57.4747 65.5992 -907.725
      vertex -2.66829 25.3871 -907.725
      vertex -57.3917 65.1283 -907.725
    endloop
  endfacet
  facet normal -0.984819 -0.173583 0
    outer loop
      vertex -57.4747 65.5992 -907.725
      vertex -57.3917 65.1283 -907.725
      vertex -57.4747 65.5992 -898.2
    endloop
  endfacet
  facet normal 0 0 1
    outer loop
      vertex -57.5903 -62.2869 -898.2
      vertex -57.4747 -62.7508 -898.2
      vertex -28.575 0 -898.2
    endloop
  endfacet
  facet normal -0.970327 -0.241797 0
    outer loop
      vertex -57.5903 -62.2869 -898.2
      vertex -57.4747 -62.7508 -907.725
      vertex -57.4747 -62.7508 -898.2
    endloop
  endfacet
  facet normal 0 0 -1
    outer loop
      vertex -57.5903 -62.2869 -907.725
      vertex -11.1903 -22.9435 -907.725
      vertex -57.4747 -62.7508 -907.725
    endloop
  endfacet
  facet normal -0.970327 -0.241797 0
    outer loop
      vertex -57.5903 -62.2869 -907.725
      vertex -57.4747 -62.7508 -907.725
      vertex -57.5903 -62.2869 -898.2
    endloop
  endfacet
  facet normal 0 0 1
    outer loop
      vertex -57.5903 -66.0631 -898.2
      vertex -2.9869 -28.4185 -898.2
      vertex -57.4747 -65.5992 -898.2
    endloop
  endfacet
  facet normal 0 0 -1
    outer loop
      vertex -57.5903 -66.0631 -907.725
      vertex -2.66829 -25.3871 -907.725
      vertex -0.890869 -25.5114 -907.725
    endloop
  endfacet
  facet normal -0.970327 0.241797 0
    outer loop
      vertex -57.5903 -66.0631 -907.725
      vertex -57.4747 -65.5992 -898.2
      vertex -57.4747 -65.5992 -907.725
    endloop
  endfacet
  facet normal 0 0 -1
    outer loop
      vertex -57.5903 -66.0631 -907.725
      vertex -57.4747 -65.5992 -907.725
      vertex -2.66829 -25.3871 -907.725
    endloop
  endfacet
  facet normal -0.970327 0.241797 0
    outer loop
      vertex -57.5903 -66.0631 -907.725
      vertex -57.5903 -66.0631 -898.2
      vertex -57.4747 -65.5992 -898.2
    endloop
  endfacet
  facet normal 0 0 1
    outer loop
      vertex -57.5903 62.2869 -898.2
      vertex -12.5265 25.683 -898.2
      vertex -57.4747 62.7508 -898.2
    endloop
  endfacet
  facet normal 0 0 1
    outer loop
      vertex -57.5903 62.2869 -898.2
      vertex -14.2875 24.7467 -898.2
      vertex -12.5265 25.683 -898.2
    endloop
  endfacet
  facet normal -0.970327 0.241797 0
    outer loop
      vertex -57.5903 62.2869 -907.725
      vertex -57.4747 62.7508 -898.2
      vertex -57.4747 62.7508 -907.725
    endloop
  endfacet
  facet normal 0 0 -1
    outer loop
      vertex -57.5903 62.2869 -907.725
      vertex -57.4747 62.7508 -907.725
      vertex -25.527 0 -907.725
    endloop
  endfacet
  facet normal -0.970327 0.241797 0
    outer loop
      vertex -57.5903 62.2869 -907.725
      vertex -57.5903 62.2869 -898.2
      vertex -57.4747 62.7508 -898.2
    endloop
  endfacet
  facet normal 0 0 1
    outer loop
      vertex -57.5903 66.0631 -898.2
      vertex -57.4747 65.5992 -898.2
      vertex -2.9869 28.4185 -898.2
    endloop
  endfacet
  facet normal -0.970327 -0.241797 0
    outer loop
      vertex -57.5903 66.0631 -898.2
      vertex -57.4747 65.5992 -907.725
      vertex -57.4747 65.5992 -898.2
    endloop
  endfacet
  facet normal 0 0 -1
    outer loop
      vertex -57.5903 66.0631 -907.725
      vertex -0.890869 25.5114 -907.725
      vertex -2.66829 25.3871 -907.725
    endloop
  endfacet
  facet normal 0 0 -1
    outer loop
      vertex -57.5903 66.0631 -907.725
      vertex -2.66829 25.3871 -907.725
      vertex -57.4747 65.5992 -907.725
    endloop
  endfacet
  facet normal -0.970327 -0.241797 0
    outer loop
      vertex -57.5903 66.0631 -907.725
      vertex -57.4747 65.5992 -907.725
      vertex -57.5903 66.0631 -898.2
    endloop
  endfacet
  facet normal 0 0 1
    outer loop
      vertex -57.7381 -61.8322 -898.2
      vertex -57.5903 -62.2869 -898.2
      vertex -28.575 0 -898.2
    endloop
  endfacet
  facet normal -0.95102 -0.309129 0
    outer loop
      vertex -57.7381 -61.8322 -898.2
      vertex -57.5903 -62.2869 -907.725
      vertex -57.5903 -62.2869 -898.2
    endloop
  endfacet
  facet normal 0 0 -1
    outer loop
      vertex -57.7381 -61.8322 -907.725
      vertex -11.1903 -22.9435 -907.725
      vertex -57.5903 -62.2869 -907.725
    endloop
  endfacet
  facet normal 0 0 -1
    outer loop
      vertex -57.7381 -61.8322 -907.725
      vertex -12.7635 -22.107 -907.725
      vertex -11.1903 -22.9435 -907.725
    endloop
  endfacet
  facet normal -0.95102 -0.309129 0
    outer loop
      vertex -57.7381 -61.8322 -907.725
      vertex -57.5903 -62.2869 -907.725
      vertex -57.7381 -61.8322 -898.2
    endloop
  endfacet
  facet normal 0 0 1
    outer loop
      vertex -57.7381 -66.5178 -898.2
      vertex -0.997252 -28.5576 -898.2
      vertex -2.9869 -28.4185 -898.2
    endloop
  endfacet
  facet normal 0 0 1
    outer loop
      vertex -57.7381 -66.5178 -898.2
      vertex -2.9869 -28.4185 -898.2
      vertex -57.5903 -66.0631 -898.2
    endloop
  endfacet
  facet normal 0 0 -1
    outer loop
      vertex -57.7381 -66.5178 -907.725
      vertex -0.890869 -25.5114 -907.725
      vertex 57.7381 -66.5178 -907.725
    endloop
  endfacet
  facet normal -0.95102 0.309129 0
    outer loop
      vertex -57.7381 -66.5178 -907.725
      vertex -57.5903 -66.0631 -898.2
      vertex -57.5903 -66.0631 -907.725
    endloop
  endfacet
  facet normal 0 0 -1
    outer loop
      vertex -57.7381 -66.5178 -907.725
      vertex -57.5903 -66.0631 -907.725
      vertex -0.890869 -25.5114 -907.725
    endloop
  endfacet
  facet normal -0.95102 0.309129 0
    outer loop
      vertex -57.7381 -66.5178 -907.725
      vertex -57.7381 -66.5178 -898.2
      vertex -57.5903 -66.0631 -898.2
    endloop
  endfacet
  facet normal 0 0 -1
    outer loop
      vertex -57.7381 -66.5178 -907.725
      vertex 57.7381 -66.5178 -907.725
      vertex 57.9172 -66.9611 -907.725
    endloop
  endfacet
  facet normal 0 0 1
    outer loop
      vertex -57.7381 61.8322 -898.2
      vertex -14.2875 24.7467 -898.2
      vertex -57.5903 62.2869 -898.2
    endloop
  endfacet
  facet normal -0.95102 0.309129 0
    outer loop
      vertex -57.7381 61.8322 -907.725
      vertex -57.5903 62.2869 -898.2
      vertex -57.5903 62.2869 -907.725
    endloop
  endfacet
  facet normal 0 0 -1
    outer loop
      vertex -57.7381 61.8322 -907.725
      vertex -57.5903 62.2869 -907.725
      vertex -25.527 0 -907.725
    endloop
  endfacet
  facet normal -0.95102 0.309129 0
    outer loop
      vertex -57.7381 61.8322 -907.725
      vertex -57.7381 61.8322 -898.2
      vertex -57.5903 62.2869 -898.2
    endloop
  endfacet
  facet normal 0 0 1
    outer loop
      vertex -57.7381 66.5178 -898.2
      vertex -2.9869 28.4185 -898.2
      vertex -0.997252 28.5576 -898.2
    endloop
  endfacet
  facet normal 0 0 1
    outer loop
      vertex -57.7381 66.5178 -898.2
      vertex -57.5903 66.0631 -898.2
      vertex -2.9869 28.4185 -898.2
    endloop
  endfacet
  facet normal -0.95102 -0.309129 0
    outer loop
      vertex -57.7381 66.5178 -898.2
      vertex -57.5903 66.0631 -907.725
      vertex -57.5903 66.0631 -898.2
    endloop
  endfacet
  facet normal 0 0 -1
    outer loop
      vertex -57.7381 66.5178 -907.725
      vertex -0.890869 25.5114 -907.725
      vertex -57.5903 66.0631 -907.725
    endloop
  endfacet
  facet normal -0.95102 -0.309129 0
    outer loop
      vertex -57.7381 66.5178 -907.725
      vertex -57.5903 66.0631 -907.725
      vertex -57.7381 66.5178 -898.2
    endloop
  endfacet
  facet normal 0 0 -1
    outer loop
      vertex -57.7381 66.5178 -907.725
      vertex 57.7381 66.5178 -907.725
      vertex -0.890869 25.5114 -907.725
    endloop
  endfacet
  facet normal 0 0 -1
    outer loop
      vertex -57.7381 66.5178 -907.725
      vertex 57.9172 66.9611 -907.725
      vertex 57.7381 66.5178 -907.725
    endloop
  endfacet
  facet normal 0 0 1
    outer loop
      vertex -57.9172 -61.3888 -898.2
      vertex -57.7381 -61.8322 -898.2
      vertex -28.575 0 -898.2
    endloop
  endfacet
  facet normal -0.927217 -0.374525 0
    outer loop
      vertex -57.9172 -61.3888 -898.2
      vertex -57.7381 -61.8322 -907.725
      vertex -57.7381 -61.8322 -898.2
    endloop
  endfacet
  facet normal 0 0 -1
    outer loop
      vertex -57.9172 -61.3888 -907.725
      vertex -12.7635 -22.107 -907.725
      vertex -57.7381 -61.8322 -907.725
    endloop
  endfacet
  facet normal 0 0 -1
    outer loop
      vertex -57.9172 -61.3888 -907.725
      vertex -14.2745 -21.1628 -907.725
      vertex -12.7635 -22.107 -907.725
    endloop
  endfacet
  facet normal -0.927217 -0.374525 0
    outer loop
      vertex -57.9172 -61.3888 -907.725
      vertex -57.7381 -61.8322 -907.725
      vertex -57.9172 -61.3888 -898.2
    endloop
  endfacet
  facet normal 0 0 1
    outer loop
      vertex -57.9172 -66.9611 -898.2
      vertex -0.997252 -28.5576 -898.2
      vertex -57.7381 -66.5178 -898.2
    endloop
  endfacet
  facet normal 0 0 1
    outer loop
      vertex -57.9172 -66.9611 -898.2
      vertex 0.997252 -28.5576 -898.2
      vertex -0.997252 -28.5576 -898.2
    endloop
  endfacet
  facet normal 0 0 1
    outer loop
      vertex -57.9172 -66.9611 -898.2
      vertex 57.9172 -66.9611 -898.2
      vertex 0.997252 -28.5576 -898.2
    endloop
  endfacet
  facet normal 0 0 1
    outer loop
      vertex -57.9172 -66.9611 -898.2
      vertex 58.1268 -67.3909 -898.2
      vertex 57.9172 -66.9611 -898.2
    endloop
  endfacet
  facet normal -0.927187 0.374598 0
    outer loop
      vertex -57.9172 -66.9611 -907.725
      vertex -57.7381 -66.5178 -898.2
      vertex -57.7381 -66.5178 -907.725
    endloop
  endfacet
  facet normal 0 0 -1
    outer loop
      vertex -57.9172 -66.9611 -907.725
      vertex -57.7381 -66.5178 -907.725
      vertex 57.9172 -66.9611 -907.725
    endloop
  endfacet
  facet normal -0.927187 0.374598 0
    outer loop
      vertex -57.9172 -66.9611 -907.725
      vertex -57.9172 -66.9611 -898.2
      vertex -57.7381 -66.5178 -898.2
    endloop
  endfacet
  facet normal 0 0 -1
    outer loop
      vertex -57.9172 -66.9611 -907.725
      vertex 57.9172 -66.9611 -907.725
      vertex 58.1268 -67.3909 -907.725
    endloop
  endfacet
  facet normal 0 0 1
    outer loop
      vertex -57.9172 61.3888 -898.2
      vertex -14.2875 24.7467 -898.2
      vertex -57.7381 61.8322 -898.2
    endloop
  endfacet
  facet normal 0 0 1
    outer loop
      vertex -57.9172 61.3888 -898.2
      vertex -15.9789 23.6897 -898.2
      vertex -14.2875 24.7467 -898.2
    endloop
  endfacet
  facet normal -0.927217 0.374525 0
    outer loop
      vertex -57.9172 61.3888 -907.725
      vertex -57.7381 61.8322 -898.2
      vertex -57.7381 61.8322 -907.725
    endloop
  endfacet
  facet normal 0 0 -1
    outer loop
      vertex -57.9172 61.3888 -907.725
      vertex -57.7381 61.8322 -907.725
      vertex -25.527 0 -907.725
    endloop
  endfacet
  facet normal -0.927217 0.374525 0
    outer loop
      vertex -57.9172 61.3888 -907.725
      vertex -57.9172 61.3888 -898.2
      vertex -57.7381 61.8322 -898.2
    endloop
  endfacet
  facet normal 0 0 1
    outer loop
      vertex -57.9172 66.9611 -898.2
      vertex -0.997252 28.5576 -898.2
      vertex 0.997252 28.5576 -898.2
    endloop
  endfacet
  facet normal 0 0 1
    outer loop
      vertex -57.9172 66.9611 -898.2
      vertex -57.7381 66.5178 -898.2
      vertex -0.997252 28.5576 -898.2
    endloop
  endfacet
  facet normal -0.927187 -0.374598 0
    outer loop
      vertex -57.9172 66.9611 -898.2
      vertex -57.7381 66.5178 -907.725
      vertex -57.7381 66.5178 -898.2
    endloop
  endfacet
  facet normal 0 0 1
    outer loop
      vertex -57.9172 66.9611 -898.2
      vertex 0.997252 28.5576 -898.2
      vertex 57.9172 66.9611 -898.2
    endloop
  endfacet
  facet normal 0 0 1
    outer loop
      vertex -57.9172 66.9611 -898.2
      vertex 57.9172 66.9611 -898.2
      vertex 58.1268 67.3909 -898.2
    endloop
  endfacet
  facet normal -0.927187 -0.374598 0
    outer loop
      vertex -57.9172 66.9611 -907.725
      vertex -57.7381 66.5178 -907.725
      vertex -57.9172 66.9611 -898.2
    endloop
  endfacet
  facet normal 0 0 -1
    outer loop
      vertex -57.9172 66.9611 -907.725
      vertex 57.9172 66.9611 -907.725
      vertex -57.7381 66.5178 -907.725
    endloop
  endfacet
  facet normal 0 0 -1
    outer loop
      vertex -57.9172 66.9611 -907.725
      vertex 58.1268 67.3909 -907.725
      vertex 57.9172 66.9611 -907.725
    endloop
  endfacet
  facet normal 0 0 1
    outer loop
      vertex -58.1268 -60.9591 -898.2
      vertex -57.9172 -61.3888 -898.2
      vertex -28.575 0 -898.2
    endloop
  endfacet
  facet normal -0.898776 -0.438407 0
    outer loop
      vertex -58.1268 -60.9591 -898.2
      vertex -57.9172 -61.3888 -907.725
      vertex -57.9172 -61.3888 -898.2
    endloop
  endfacet
  facet normal 0 0 -1
    outer loop
      vertex -58.1268 -60.9591 -907.725
      vertex -14.2745 -21.1628 -907.725
      vertex -57.9172 -61.3888 -907.725
    endloop
  endfacet
  facet normal -0.898776 -0.438407 0
    outer loop
      vertex -58.1268 -60.9591 -907.725
      vertex -57.9172 -61.3888 -907.725
      vertex -58.1268 -60.9591 -898.2
    endloop
  endfacet
  facet normal 0 0 1
    outer loop
      vertex -58.1268 -67.3909 -898.2
      vertex 58.1268 -67.3909 -898.2
      vertex -57.9172 -66.9611 -898.2
    endloop
  endfacet
  facet normal 0 0 1
    outer loop
      vertex -58.1268 -67.3909 -898.2
      vertex 58.3659 -67.8049 -898.2
      vertex 58.1268 -67.3909 -898.2
    endloop
  endfacet
  facet normal -0.898817 0.438325 0
    outer loop
      vertex -58.1268 -67.3909 -907.725
      vertex -57.9172 -66.9611 -898.2
      vertex -57.9172 -66.9611 -907.725
    endloop
  endfacet
  facet normal 0 0 -1
    outer loop
      vertex -58.1268 -67.3909 -907.725
      vertex -57.9172 -66.9611 -907.725
      vertex 58.1268 -67.3909 -907.725
    endloop
  endfacet
  facet normal -0.898817 0.438325 0
    outer loop
      vertex -58.1268 -67.3909 -907.725
      vertex -58.1268 -67.3909 -898.2
      vertex -57.9172 -66.9611 -898.2
    endloop
  endfacet
  facet normal 0 0 -1
    outer loop
      vertex -58.1268 -67.3909 -907.725
      vertex 58.1268 -67.3909 -907.725
      vertex 58.3659 -67.8049 -907.725
    endloop
  endfacet
  facet normal 0 0 1
    outer loop
      vertex -58.1268 60.9591 -898.2
      vertex -15.9789 23.6897 -898.2
      vertex -57.9172 61.3888 -898.2
    endloop
  endfacet
  facet normal 0 0 1
    outer loop
      vertex -58.1268 60.9591 -898.2
      vertex -17.5925 22.5174 -898.2
      vertex -15.9789 23.6897 -898.2
    endloop
  endfacet
  facet normal -0.898776 0.438407 0
    outer loop
      vertex -58.1268 60.9591 -907.725
      vertex -57.9172 61.3888 -898.2
      vertex -57.9172 61.3888 -907.725
    endloop
  endfacet
  facet normal 0 0 -1
    outer loop
      vertex -58.1268 60.9591 -907.725
      vertex -57.9172 61.3888 -907.725
      vertex -25.527 0 -907.725
    endloop
  endfacet
  facet normal -0.898776 0.438407 0
    outer loop
      vertex -58.1268 60.9591 -907.725
      vertex -58.1268 60.9591 -898.2
      vertex -57.9172 61.3888 -898.2
    endloop
  endfacet
  facet normal 0 0 1
    outer loop
      vertex -58.1268 67.3909 -898.2
      vertex -57.9172 66.9611 -898.2
      vertex 58.1268 67.3909 -898.2
    endloop
  endfacet
  facet normal -0.898817 -0.438325 0
    outer loop
      vertex -58.1268 67.3909 -898.2
      vertex -57.9172 66.9611 -907.725
      vertex -57.9172 66.9611 -898.2
    endloop
  endfacet
  facet normal 0 0 1
    outer loop
      vertex -58.1268 67.3909 -898.2
      vertex 58.1268 67.3909 -898.2
      vertex 58.3659 67.8049 -898.2
    endloop
  endfacet
  facet normal -0.898817 -0.438325 0
    outer loop
      vertex -58.1268 67.3909 -907.725
      vertex -57.9172 66.9611 -907.725
      vertex -58.1268 67.3909 -898.2
    endloop
  endfacet
  facet normal 0 0 -1
    outer loop
      vertex -58.1268 67.3909 -907.725
      vertex 58.1268 67.3909 -907.725
      vertex -57.9172 66.9611 -907.725
    endloop
  endfacet
  facet normal 0 0 -1
    outer loop
      vertex -58.1268 67.3909 -907.725
      vertex 58.3659 67.8049 -907.725
      vertex 58.1268 67.3909 -907.725
    endloop
  endfacet
  facet normal 0 0 1
    outer loop
      vertex -58.3659 -60.545 -898.2
      vertex -58.1268 -60.9591 -898.2
      vertex -28.575 0 -898.2
    endloop
  endfacet
  facet normal -0.866008 -0.50003 0
    outer loop
      vertex -58.3659 -60.545 -898.2
      vertex -58.1268 -60.9591 -907.725
      vertex -58.1268 -60.9591 -898.2
    endloop
  endfacet
  facet normal 0 0 -1
    outer loop
      vertex -58.3659 -60.545 -907.725
      vertex -14.2745 -21.1628 -907.725
      vertex -58.1268 -60.9591 -907.725
    endloop
  endfacet
  facet normal 0 0 -1
    outer loop
      vertex -58.3659 -60.545 -907.725
      vertex -15.716 -20.1155 -907.725
      vertex -14.2745 -21.1628 -907.725
    endloop
  endfacet
  facet normal -0.866008 -0.50003 0
    outer loop
      vertex -58.3659 -60.545 -907.725
      vertex -58.1268 -60.9591 -907.725
      vertex -58.3659 -60.545 -898.2
    endloop
  endfacet
  facet normal 0 0 1
    outer loop
      vertex -58.3659 -67.8049 -898.2
      vertex 58.3659 -67.8049 -898.2
      vertex -58.1268 -67.3909 -898.2
    endloop
  endfacet
  facet normal 0 0 1
    outer loop
      vertex -58.3659 -67.8049 -898.2
      vertex 58.6332 -68.2013 -898.2
      vertex 58.3659 -67.8049 -898.2
    endloop
  endfacet
  facet normal -0.865956 0.500121 0
    outer loop
      vertex -58.3659 -67.8049 -907.725
      vertex -58.1268 -67.3909 -898.2
      vertex -58.1268 -67.3909 -907.725
    endloop
  endfacet
  facet normal 0 0 -1
    outer loop
      vertex -58.3659 -67.8049 -907.725
      vertex -58.1268 -67.3909 -907.725
      vertex 58.3659 -67.8049 -907.725
    endloop
  endfacet
  facet normal -0.865956 0.500121 0
    outer loop
      vertex -58.3659 -67.8049 -907.725
      vertex -58.3659 -67.8049 -898.2
      vertex -58.1268 -67.3909 -898.2
    endloop
  endfacet
  facet normal 0 0 -1
    outer loop
      vertex -58.3659 -67.8049 -907.725
      vertex 58.3659 -67.8049 -907.725
      vertex 58.6332 -68.2013 -907.725
    endloop
  endfacet
  facet normal 0 0 1
    outer loop
      vertex -58.3659 60.545 -898.2
      vertex -17.5925 22.5174 -898.2
      vertex -58.1268 60.9591 -898.2
    endloop
  endfacet
  facet normal -0.866008 0.50003 0
    outer loop
      vertex -58.3659 60.545 -907.725
      vertex -58.1268 60.9591 -898.2
      vertex -58.1268 60.9591 -907.725
    endloop
  endfacet
  facet normal 0 0 -1
    outer loop
      vertex -58.3659 60.545 -907.725
      vertex -58.1268 60.9591 -907.725
      vertex -25.527 0 -907.725
    endloop
  endfacet
  facet normal -0.866008 0.50003 0
    outer loop
      vertex -58.3659 60.545 -907.725
      vertex -58.3659 60.545 -898.2
      vertex -58.1268 60.9591 -898.2
    endloop
  endfacet
  facet normal 0 0 1
    outer loop
      vertex -58.3659 67.8049 -898.2
      vertex -58.1268 67.3909 -898.2
      vertex 58.3659 67.8049 -898.2
    endloop
  endfacet
  facet normal -0.865956 -0.500121 0
    outer loop
      vertex -58.3659 67.8049 -898.2
      vertex -58.1268 67.3909 -907.725
      vertex -58.1268 67.3909 -898.2
    endloop
  endfacet
  facet normal 0 0 1
    outer loop
      vertex -58.3659 67.8049 -898.2
      vertex 58.3659 67.8049 -898.2
      vertex 58.6332 68.2013 -898.2
    endloop
  endfacet
  facet normal -0.865956 -0.500121 0
    outer loop
      vertex -58.3659 67.8049 -907.725
      vertex -58.1268 67.3909 -907.725
      vertex -58.3659 67.8049 -898.2
    endloop
  endfacet
  facet normal 0 0 -1
    outer loop
      vertex -58.3659 67.8049 -907.725
      vertex 58.3659 67.8049 -907.725
      vertex -58.1268 67.3909 -907.725
    endloop
  endfacet
  facet normal 0 0 -1
    outer loop
      vertex -58.3659 67.8049 -907.725
      vertex 58.6332 68.2013 -907.725
      vertex 58.3659 67.8049 -907.725
    endloop
  endfacet
  facet normal 0 0 1
    outer loop
      vertex -58.6332 -60.1487 -898.2
      vertex -58.3659 -60.545 -898.2
      vertex -28.575 0 -898.2
    endloop
  endfacet
  facet normal -0.829045 -0.559182 0
    outer loop
      vertex -58.6332 -60.1487 -898.2
      vertex -58.3659 -60.545 -907.725
      vertex -58.3659 -60.545 -898.2
    endloop
  endfacet
  facet normal 0 0 -1
    outer loop
      vertex -58.6332 -60.1487 -907.725
      vertex -15.716 -20.1155 -907.725
      vertex -58.3659 -60.545 -907.725
    endloop
  endfacet
  facet normal 0 0 -1
    outer loop
      vertex -58.6332 -60.1487 -907.725
      vertex -17.0809 -18.9702 -907.725
      vertex -15.716 -20.1155 -907.725
    endloop
  endfacet
  facet normal -0.829045 -0.559182 0
    outer loop
      vertex -58.6332 -60.1487 -907.725
      vertex -58.3659 -60.545 -907.725
      vertex -58.6332 -60.1487 -898.2
    endloop
  endfacet
  facet normal 0 0 1
    outer loop
      vertex -58.6332 -68.2013 -898.2
      vertex 58.6332 -68.2013 -898.2
      vertex -58.3659 -67.8049 -898.2
    endloop
  endfacet
  facet normal 0 0 1
    outer loop
      vertex -58.6332 -68.2013 -898.2
      vertex 58.9276 -68.5781 -898.2
      vertex 58.6332 -68.2013 -898.2
    endloop
  endfacet
  facet normal -0.82911 0.559085 0
    outer loop
      vertex -58.6332 -68.2013 -907.725
      vertex -58.3659 -67.8049 -898.2
      vertex -58.3659 -67.8049 -907.725
    endloop
  endfacet
  facet normal 0 0 -1
    outer loop
      vertex -58.6332 -68.2013 -907.725
      vertex -58.3659 -67.8049 -907.725
      vertex 58.6332 -68.2013 -907.725
    endloop
  endfacet
  facet normal -0.82911 0.559085 0
    outer loop
      vertex -58.6332 -68.2013 -907.725
      vertex -58.6332 -68.2013 -898.2
      vertex -58.3659 -67.8049 -898.2
    endloop
  endfacet
  facet normal 0 0 -1
    outer loop
      vertex -58.6332 -68.2013 -907.725
      vertex 58.6332 -68.2013 -907.725
      vertex 58.9276 -68.5781 -907.725
    endloop
  endfacet
  facet normal 0 0 1
    outer loop
      vertex -58.6332 60.1487 -898.2
      vertex -17.5925 22.5174 -898.2
      vertex -58.3659 60.545 -898.2
    endloop
  endfacet
  facet normal 0 0 1
    outer loop
      vertex -58.6332 60.1487 -898.2
      vertex -19.1204 21.2354 -898.2
      vertex -17.5925 22.5174 -898.2
    endloop
  endfacet
  facet normal -0.829045 0.559182 0
    outer loop
      vertex -58.6332 60.1487 -907.725
      vertex -58.3659 60.545 -898.2
      vertex -58.3659 60.545 -907.725
    endloop
  endfacet
  facet normal 0 0 -1
    outer loop
      vertex -58.6332 60.1487 -907.725
      vertex -58.3659 60.545 -907.725
      vertex -25.527 0 -907.725
    endloop
  endfacet
  facet normal -0.829045 0.559182 0
    outer loop
      vertex -58.6332 60.1487 -907.725
      vertex -58.6332 60.1487 -898.2
      vertex -58.3659 60.545 -898.2
    endloop
  endfacet
  facet normal 0 0 1
    outer loop
      vertex -58.6332 68.2013 -898.2
      vertex -58.3659 67.8049 -898.2
      vertex 58.6332 68.2013 -898.2
    endloop
  endfacet
  facet normal -0.82911 -0.559085 0
    outer loop
      vertex -58.6332 68.2013 -898.2
      vertex -58.3659 67.8049 -907.725
      vertex -58.3659 67.8049 -898.2
    endloop
  endfacet
  facet normal 0 0 1
    outer loop
      vertex -58.6332 68.2013 -898.2
      vertex 58.6332 68.2013 -898.2
      vertex 58.9276 68.5781 -898.2
    endloop
  endfacet
  facet normal -0.82911 -0.559085 0
    outer loop
      vertex -58.6332 68.2013 -907.725
      vertex -58.3659 67.8049 -907.725
      vertex -58.6332 68.2013 -898.2
    endloop
  endfacet
  facet normal 0 0 -1
    outer loop
      vertex -58.6332 68.2013 -907.725
      vertex 58.6332 68.2013 -907.725
      vertex -58.3659 67.8049 -907.725
    endloop
  endfacet
  facet normal 0 0 -1
    outer loop
      vertex -58.6332 68.2013 -907.725
      vertex 58.9276 68.5781 -907.725
      vertex 58.6332 68.2013 -907.725
    endloop
  endfacet
  facet normal 0 0 1
    outer loop
      vertex -58.9276 -59.7719 -898.2
      vertex -58.6332 -60.1487 -898.2
      vertex -28.575 0 -898.2
    endloop
  endfacet
  facet normal -0.787999 -0.615677 0
    outer loop
      vertex -58.9276 -59.7719 -898.2
      vertex -58.6332 -60.1487 -907.725
      vertex -58.6332 -60.1487 -898.2
    endloop
  endfacet
  facet normal 0 0 -1
    outer loop
      vertex -58.9276 -59.7719 -907.725
      vertex -17.0809 -18.9702 -907.725
      vertex -58.6332 -60.1487 -907.725
    endloop
  endfacet
  facet normal -0.787999 -0.615677 0
    outer loop
      vertex -58.9276 -59.7719 -907.725
      vertex -58.6332 -60.1487 -907.725
      vertex -58.9276 -59.7719 -898.2
    endloop
  endfacet
  facet normal 0 0 1
    outer loop
      vertex -58.9276 -68.5781 -898.2
      vertex 58.9276 -68.5781 -898.2
      vertex -58.6332 -68.2013 -898.2
    endloop
  endfacet
  facet normal 0 0 1
    outer loop
      vertex -58.9276 -68.5781 -898.2
      vertex 59.2475 -68.9334 -898.2
      vertex 58.9276 -68.5781 -898.2
    endloop
  endfacet
  facet normal -0.787999 0.615677 0
    outer loop
      vertex -58.9276 -68.5781 -907.725
      vertex -58.6332 -68.2013 -898.2
      vertex -58.6332 -68.2013 -907.725
    endloop
  endfacet
  facet normal 0 0 -1
    outer loop
      vertex -58.9276 -68.5781 -907.725
      vertex -58.6332 -68.2013 -907.725
      vertex 58.9276 -68.5781 -907.725
    endloop
  endfacet
  facet normal -0.787999 0.615677 0
    outer loop
      vertex -58.9276 -68.5781 -907.725
      vertex -58.9276 -68.5781 -898.2
      vertex -58.6332 -68.2013 -898.2
    endloop
  endfacet
  facet normal 0 0 -1
    outer loop
      vertex -58.9276 -68.5781 -907.725
      vertex 58.9276 -68.5781 -907.725
      vertex 59.2475 -68.9334 -907.725
    endloop
  endfacet
  facet normal 0 0 1
    outer loop
      vertex -58.9276 59.7719 -898.2
      vertex -19.1204 21.2354 -898.2
      vertex -58.6332 60.1487 -898.2
    endloop
  endfacet
  facet normal -0.787999 0.615677 0
    outer loop
      vertex -58.9276 59.7719 -907.725
      vertex -58.6332 60.1487 -898.2
      vertex -58.6332 60.1487 -907.725
    endloop
  endfacet
  facet normal 0 0 -1
    outer loop
      vertex -58.9276 59.7719 -907.725
      vertex -58.6332 60.1487 -907.725
      vertex -25.527 0 -907.725
    endloop
  endfacet
  facet normal -0.787999 0.615677 0
    outer loop
      vertex -58.9276 59.7719 -907.725
      vertex -58.9276 59.7719 -898.2
      vertex -58.6332 60.1487 -898.2
    endloop
  endfacet
  facet normal 0 0 1
    outer loop
      vertex -58.9276 68.5781 -898.2
      vertex -58.6332 68.2013 -898.2
      vertex 58.9276 68.5781 -898.2
    endloop
  endfacet
  facet normal -0.787999 -0.615677 0
    outer loop
      vertex -58.9276 68.5781 -898.2
      vertex -58.6332 68.2013 -907.725
      vertex -58.6332 68.2013 -898.2
    endloop
  endfacet
  facet normal 0 0 1
    outer loop
      vertex -58.9276 68.5781 -898.2
      vertex 58.9276 68.5781 -898.2
      vertex 59.2475 68.9334 -898.2
    endloop
  endfacet
  facet normal -0.787999 -0.615677 0
    outer loop
      vertex -58.9276 68.5781 -907.725
      vertex -58.6332 68.2013 -907.725
      vertex -58.9276 68.5781 -898.2
    endloop
  endfacet
  facet normal 0 0 -1
    outer loop
      vertex -58.9276 68.5781 -907.725
      vertex 58.9276 68.5781 -907.725
      vertex -58.6332 68.2013 -907.725
    endloop
  endfacet
  facet normal 0 0 -1
    outer loop
      vertex -58.9276 68.5781 -907.725
      vertex 59.2475 68.9334 -907.725
      vertex 58.9276 68.5781 -907.725
    endloop
  endfacet
  facet normal 0 0 1
    outer loop
      vertex -59.2475 -59.4166 -898.2
      vertex -58.9276 -59.7719 -898.2
      vertex -28.575 0 -898.2
    endloop
  endfacet
  facet normal -0.743159 -0.669115 0
    outer loop
      vertex -59.2475 -59.4166 -898.2
      vertex -58.9276 -59.7719 -907.725
      vertex -58.9276 -59.7719 -898.2
    endloop
  endfacet
  facet normal 0 0 -1
    outer loop
      vertex -59.2475 -59.4166 -907.725
      vertex -17.0809 -18.9702 -907.725
      vertex -58.9276 -59.7719 -907.725
    endloop
  endfacet
  facet normal 0 0 -1
    outer loop
      vertex -59.2475 -59.4166 -907.725
      vertex -18.3626 -17.7325 -907.725
      vertex -17.0809 -18.9702 -907.725
    endloop
  endfacet
  facet normal -0.743159 -0.669115 0
    outer loop
      vertex -59.2475 -59.4166 -907.725
      vertex -58.9276 -59.7719 -907.725
      vertex -59.2475 -59.4166 -898.2
    endloop
  endfacet
  facet normal 0 0 1
    outer loop
      vertex -59.2475 -68.9334 -898.2
      vertex 59.2475 -68.9334 -898.2
      vertex -58.9276 -68.5781 -898.2
    endloop
  endfacet
  facet normal 0 0 1
    outer loop
      vertex -59.2475 -68.9334 -898.2
      vertex 59.5914 -69.2655 -898.2
      vertex 59.2475 -68.9334 -898.2
    endloop
  endfacet
  facet normal -0.743159 0.669115 0
    outer loop
      vertex -59.2475 -68.9334 -907.725
      vertex -58.9276 -68.5781 -898.2
      vertex -58.9276 -68.5781 -907.725
    endloop
  endfacet
  facet normal 0 0 -1
    outer loop
      vertex -59.2475 -68.9334 -907.725
      vertex -58.9276 -68.5781 -907.725
      vertex 59.2475 -68.9334 -907.725
    endloop
  endfacet
  facet normal -0.743159 0.669115 0
    outer loop
      vertex -59.2475 -68.9334 -907.725
      vertex -59.2475 -68.9334 -898.2
      vertex -58.9276 -68.5781 -898.2
    endloop
  endfacet
  facet normal 0 0 -1
    outer loop
      vertex -59.2475 -68.9334 -907.725
      vertex 59.2475 -68.9334 -907.725
      vertex 59.5914 -69.2655 -907.725
    endloop
  endfacet
  facet normal 0 0 1
    outer loop
      vertex -59.2475 59.4166 -898.2
      vertex -19.1204 21.2354 -898.2
      vertex -58.9276 59.7719 -898.2
    endloop
  endfacet
  facet normal 0 0 1
    outer loop
      vertex -59.2475 59.4166 -898.2
      vertex -20.5551 19.8499 -898.2
      vertex -19.1204 21.2354 -898.2
    endloop
  endfacet
  facet normal -0.743159 0.669115 0
    outer loop
      vertex -59.2475 59.4166 -907.725
      vertex -58.9276 59.7719 -898.2
      vertex -58.9276 59.7719 -907.725
    endloop
  endfacet
  facet normal 0 0 -1
    outer loop
      vertex -59.2475 59.4166 -907.725
      vertex -58.9276 59.7719 -907.725
      vertex -25.527 0 -907.725
    endloop
  endfacet
  facet normal -0.743159 0.669115 0
    outer loop
      vertex -59.2475 59.4166 -907.725
      vertex -59.2475 59.4166 -898.2
      vertex -58.9276 59.7719 -898.2
    endloop
  endfacet
  facet normal 0 0 1
    outer loop
      vertex -59.2475 68.9334 -898.2
      vertex -58.9276 68.5781 -898.2
      vertex 59.2475 68.9334 -898.2
    endloop
  endfacet
  facet normal -0.743159 -0.669115 0
    outer loop
      vertex -59.2475 68.9334 -898.2
      vertex -58.9276 68.5781 -907.725
      vertex -58.9276 68.5781 -898.2
    endloop
  endfacet
  facet normal 0 0 1
    outer loop
      vertex -59.2475 68.9334 -898.2
      vertex 59.2475 68.9334 -898.2
      vertex 59.5914 69.2655 -898.2
    endloop
  endfacet
  facet normal -0.743159 -0.669115 0
    outer loop
      vertex -59.2475 68.9334 -907.725
      vertex -58.9276 68.5781 -907.725
      vertex -59.2475 68.9334 -898.2
    endloop
  endfacet
  facet normal 0 0 -1
    outer loop
      vertex -59.2475 68.9334 -907.725
      vertex 59.2475 68.9334 -907.725
      vertex -58.9276 68.5781 -907.725
    endloop
  endfacet
  facet normal 0 0 -1
    outer loop
      vertex -59.2475 68.9334 -907.725
      vertex 59.5914 69.2655 -907.725
      vertex 59.2475 68.9334 -907.725
    endloop
  endfacet
  facet normal 0 0 1
    outer loop
      vertex -59.5914 -59.0845 -898.2
      vertex -59.2475 -59.4166 -898.2
      vertex -28.575 0 -898.2
    endloop
  endfacet
  facet normal 0 0 -1
    outer loop
      vertex -59.5914 -59.0845 -907.725
      vertex -18.3626 -17.7325 -907.725
      vertex -59.2475 -59.4166 -907.725
    endloop
  endfacet
  facet normal 0 0 -1
    outer loop
      vertex -59.5914 -59.0845 -907.725
      vertex -19.5548 -16.4084 -907.725
      vertex -18.3626 -17.7325 -907.725
    endloop
  endfacet
  facet normal -0.694658 -0.71934 0
    outer loop
      vertex -59.5914 -59.0845 -907.725
      vertex -59.2475 -59.4166 -898.2
      vertex -59.5914 -59.0845 -898.2
    endloop
  endfacet
  facet normal -0.694658 -0.71934 0
    outer loop
      vertex -59.5914 -59.0845 -907.725
      vertex -59.2475 -59.4166 -907.725
      vertex -59.2475 -59.4166 -898.2
    endloop
  endfacet
  facet normal -0.694658 0.71934 0
    outer loop
      vertex -59.5914 -69.2655 -898.2
      vertex -59.2475 -68.9334 -898.2
      vertex -59.2475 -68.9334 -907.725
    endloop
  endfacet
  facet normal 0 0 1
    outer loop
      vertex -59.5914 -69.2655 -898.2
      vertex 59.5914 -69.2655 -898.2
      vertex -59.2475 -68.9334 -898.2
    endloop
  endfacet
  facet normal 0 0 1
    outer loop
      vertex -59.5914 -69.2655 -898.2
      vertex 59.9577 -69.5729 -898.2
      vertex 59.5914 -69.2655 -898.2
    endloop
  endfacet
  facet normal 0 0 -1
    outer loop
      vertex -59.5914 -69.2655 -907.725
      vertex -59.2475 -68.9334 -907.725
      vertex 59.5914 -69.2655 -907.725
    endloop
  endfacet
  facet normal -0.694658 0.71934 0
    outer loop
      vertex -59.5914 -69.2655 -907.725
      vertex -59.5914 -69.2655 -898.2
      vertex -59.2475 -68.9334 -907.725
    endloop
  endfacet
  facet normal 0 0 -1
    outer loop
      vertex -59.5914 -69.2655 -907.725
      vertex 59.5914 -69.2655 -907.725
      vertex 59.9577 -69.5729 -907.725
    endloop
  endfacet
  facet normal 0 0 1
    outer loop
      vertex -59.5914 59.0845 -898.2
      vertex -20.5551 19.8499 -898.2
      vertex -59.2475 59.4166 -898.2
    endloop
  endfacet
  facet normal 0 0 1
    outer loop
      vertex -59.5914 59.0845 -898.2
      vertex -21.8897 18.3677 -898.2
      vertex -20.5551 19.8499 -898.2
    endloop
  endfacet
  facet normal -0.694658 0.71934 0
    outer loop
      vertex -59.5914 59.0845 -898.2
      vertex -59.2475 59.4166 -898.2
      vertex -59.2475 59.4166 -907.725
    endloop
  endfacet
  facet normal 0 0 -1
    outer loop
      vertex -59.5914 59.0845 -907.725
      vertex -59.2475 59.4166 -907.725
      vertex -25.527 0 -907.725
    endloop
  endfacet
  facet normal -0.694658 0.71934 0
    outer loop
      vertex -59.5914 59.0845 -907.725
      vertex -59.5914 59.0845 -898.2
      vertex -59.2475 59.4166 -907.725
    endloop
  endfacet
  facet normal 0 0 1
    outer loop
      vertex -59.5914 69.2655 -898.2
      vertex -59.2475 68.9334 -898.2
      vertex 59.5914 69.2655 -898.2
    endloop
  endfacet
  facet normal 0 0 1
    outer loop
      vertex -59.5914 69.2655 -898.2
      vertex 59.5914 69.2655 -898.2
      vertex 59.9577 69.5729 -898.2
    endloop
  endfacet
  facet normal -0.694658 -0.71934 0
    outer loop
      vertex -59.5914 69.2655 -907.725
      vertex -59.2475 68.9334 -898.2
      vertex -59.5914 69.2655 -898.2
    endloop
  endfacet
  facet normal -0.694658 -0.71934 0
    outer loop
      vertex -59.5914 69.2655 -907.725
      vertex -59.2475 68.9334 -907.725
      vertex -59.2475 68.9334 -898.2
    endloop
  endfacet
  facet normal 0 0 -1
    outer loop
      vertex -59.5914 69.2655 -907.725
      vertex 59.5914 69.2655 -907.725
      vertex -59.2475 68.9334 -907.725
    endloop
  endfacet
  facet normal 0 0 -1
    outer loop
      vertex -59.5914 69.2655 -907.725
      vertex 59.9577 69.5729 -907.725
      vertex 59.5914 69.2655 -907.725
    endloop
  endfacet
  facet normal 0 0 1
    outer loop
      vertex -59.9577 -58.7771 -898.2
      vertex -59.5914 -59.0845 -898.2
      vertex -28.575 0 -898.2
    endloop
  endfacet
  facet normal 0 0 -1
    outer loop
      vertex -59.9577 -58.7771 -907.725
      vertex -19.5548 -16.4084 -907.725
      vertex -59.5914 -59.0845 -907.725
    endloop
  endfacet
  facet normal -0.642834 -0.766006 0
    outer loop
      vertex -59.9577 -58.7771 -907.725
      vertex -59.5914 -59.0845 -898.2
      vertex -59.9577 -58.7771 -898.2
    endloop
  endfacet
  facet normal -0.642834 -0.766006 0
    outer loop
      vertex -59.9577 -58.7771 -907.725
      vertex -59.5914 -59.0845 -907.725
      vertex -59.5914 -59.0845 -898.2
    endloop
  endfacet
  facet normal -0.642834 0.766006 0
    outer loop
      vertex -59.9577 -69.5729 -898.2
      vertex -59.5914 -69.2655 -898.2
      vertex -59.5914 -69.2655 -907.725
    endloop
  endfacet
  facet normal 0 0 1
    outer loop
      vertex -59.9577 -69.5729 -898.2
      vertex 59.9577 -69.5729 -898.2
      vertex -59.5914 -69.2655 -898.2
    endloop
  endfacet
  facet normal 0 0 1
    outer loop
      vertex -59.9577 -69.5729 -898.2
      vertex 60.3445 -69.8539 -898.2
      vertex 59.9577 -69.5729 -898.2
    endloop
  endfacet
  facet normal 0 0 -1
    outer loop
      vertex -59.9577 -69.5729 -907.725
      vertex -59.5914 -69.2655 -907.725
      vertex 59.9577 -69.5729 -907.725
    endloop
  endfacet
  facet normal -0.642834 0.766006 0
    outer loop
      vertex -59.9577 -69.5729 -907.725
      vertex -59.9577 -69.5729 -898.2
      vertex -59.5914 -69.2655 -907.725
    endloop
  endfacet
  facet normal 0 0 -1
    outer loop
      vertex -59.9577 -69.5729 -907.725
      vertex 59.9577 -69.5729 -907.725
      vertex 60.3445 -69.8539 -907.725
    endloop
  endfacet
  facet normal 0 0 1
    outer loop
      vertex -59.9577 58.7771 -898.2
      vertex -21.8897 18.3677 -898.2
      vertex -59.5914 59.0845 -898.2
    endloop
  endfacet
  facet normal -0.642834 0.766006 0
    outer loop
      vertex -59.9577 58.7771 -898.2
      vertex -59.5914 59.0845 -898.2
      vertex -59.5914 59.0845 -907.725
    endloop
  endfacet
  facet normal 0 0 -1
    outer loop
      vertex -59.9577 58.7771 -907.725
      vertex -59.5914 59.0845 -907.725
      vertex -25.527 0 -907.725
    endloop
  endfacet
  facet normal -0.642834 0.766006 0
    outer loop
      vertex -59.9577 58.7771 -907.725
      vertex -59.9577 58.7771 -898.2
      vertex -59.5914 59.0845 -907.725
    endloop
  endfacet
  facet normal 0 0 1
    outer loop
      vertex -59.9577 69.5729 -898.2
      vertex -59.5914 69.2655 -898.2
      vertex 59.9577 69.5729 -898.2
    endloop
  endfacet
  facet normal 0 0 1
    outer loop
      vertex -59.9577 69.5729 -898.2
      vertex 59.9577 69.5729 -898.2
      vertex 60.3445 69.8539 -898.2
    endloop
  endfacet
  facet normal -0.642834 -0.766006 0
    outer loop
      vertex -59.9577 69.5729 -907.725
      vertex -59.5914 69.2655 -898.2
      vertex -59.9577 69.5729 -898.2
    endloop
  endfacet
  facet normal -0.642834 -0.766006 0
    outer loop
      vertex -59.9577 69.5729 -907.725
      vertex -59.5914 69.2655 -907.725
      vertex -59.5914 69.2655 -898.2
    endloop
  endfacet
  facet normal 0 0 -1
    outer loop
      vertex -59.9577 69.5729 -907.725
      vertex 59.9577 69.5729 -907.725
      vertex -59.5914 69.2655 -907.725
    endloop
  endfacet
  facet normal 0 0 -1
    outer loop
      vertex -59.9577 69.5729 -907.725
      vertex 60.3445 69.8539 -907.725
      vertex 59.9577 69.5729 -907.725
    endloop
  endfacet
  facet normal 0.20794 0.978142 0
    outer loop
      vertex -6.17554 -24.7687 -1.90735e-07
      vertex -4.43272 -25.1392 -1.90735e-07
      vertex -4.43272 -25.1392 -898.2
    endloop
  endfacet
  facet normal 0 0 1
    outer loop
      vertex -6.17554 -24.7687 -1.90735e-07
      vertex -4.962 -28.1409 -1.90735e-07
      vertex -4.43272 -25.1392 -1.90735e-07
    endloop
  endfacet
  facet normal 0.207939 0.978142 0
    outer loop
      vertex -6.17554 -24.7687 -898.2
      vertex -4.43271 -25.1392 -898.2
      vertex -4.43271 -25.1392 -907.725
    endloop
  endfacet
  facet normal 0 0 1
    outer loop
      vertex -6.17554 -24.7687 -898.2
      vertex -4.43272 -25.1392 -898.2
      vertex -4.43271 -25.1392 -898.2
    endloop
  endfacet
  facet normal 0.20794 0.978142 0
    outer loop
      vertex -6.17554 -24.7687 -898.2
      vertex -6.17554 -24.7687 -1.90735e-07
      vertex -4.43272 -25.1392 -898.2
    endloop
  endfacet
  facet normal 0.207939 0.978142 0
    outer loop
      vertex -6.17554 -24.7687 -907.725
      vertex -6.17554 -24.7687 -898.2
      vertex -4.43271 -25.1392 -907.725
    endloop
  endfacet
  facet normal 0 0 1
    outer loop
      vertex -6.17554 24.7687 -1.90735e-07
      vertex -4.43272 25.1392 -1.90735e-07
      vertex -4.962 28.1409 -1.90735e-07
    endloop
  endfacet
  facet normal 0 0 1
    outer loop
      vertex -6.17554 24.7687 -898.2
      vertex -4.43271 25.1392 -898.2
      vertex -4.43272 25.1392 -898.2
    endloop
  endfacet
  facet normal 0.20794 -0.978142 0
    outer loop
      vertex -6.17554 24.7687 -898.2
      vertex -4.43272 25.1392 -1.90735e-07
      vertex -6.17554 24.7687 -1.90735e-07
    endloop
  endfacet
  facet normal 0.20794 -0.978142 0
    outer loop
      vertex -6.17554 24.7687 -898.2
      vertex -4.43272 25.1392 -898.2
      vertex -4.43272 25.1392 -1.90735e-07
    endloop
  endfacet
  facet normal 0.207939 -0.978142 0
    outer loop
      vertex -6.17554 24.7687 -907.725
      vertex -4.43271 25.1392 -898.2
      vertex -6.17554 24.7687 -898.2
    endloop
  endfacet
  facet normal 0.207939 -0.978142 0
    outer loop
      vertex -6.17554 24.7687 -907.725
      vertex -4.43271 25.1392 -907.725
      vertex -4.43271 25.1392 -898.2
    endloop
  endfacet
  facet normal 0 0 1
    outer loop
      vertex -6.91292 -27.7262 -1.90735e-07
      vertex -4.962 -28.1409 -1.90735e-07
      vertex -6.17554 -24.7687 -1.90735e-07
    endloop
  endfacet
  facet normal -0.207921 -0.978146 0
    outer loop
      vertex -6.91292 -27.7262 -898.2
      vertex -4.962 -28.1409 -1.90735e-07
      vertex -6.91292 -27.7262 -1.90735e-07
    endloop
  endfacet
  facet normal -0.207921 -0.978146 0
    outer loop
      vertex -6.91292 -27.7262 -898.2
      vertex -4.962 -28.1409 -898.2
      vertex -4.962 -28.1409 -1.90735e-07
    endloop
  endfacet
  facet normal -0.207921 0.978146 0
    outer loop
      vertex -6.91292 27.7262 -1.90735e-07
      vertex -4.962 28.1409 -1.90735e-07
      vertex -4.962 28.1409 -898.2
    endloop
  endfacet
  facet normal 0 0 1
    outer loop
      vertex -6.91292 27.7262 -1.90735e-07
      vertex -6.17554 24.7687 -1.90735e-07
      vertex -4.962 28.1409 -1.90735e-07
    endloop
  endfacet
  facet normal -0.207921 0.978146 0
    outer loop
      vertex -6.91292 27.7262 -898.2
      vertex -6.91292 27.7262 -1.90735e-07
      vertex -4.962 28.1409 -898.2
    endloop
  endfacet
  facet normal 0 0 1
    outer loop
      vertex -60.3445 -58.4961 -898.2
      vertex -59.9577 -58.7771 -898.2
      vertex -28.575 0 -898.2
    endloop
  endfacet
  facet normal 0 0 -1
    outer loop
      vertex -60.3445 -58.4961 -907.725
      vertex -19.5548 -16.4084 -907.725
      vertex -59.9577 -58.7771 -907.725
    endloop
  endfacet
  facet normal 0 0 -1
    outer loop
      vertex -60.3445 -58.4961 -907.725
      vertex -20.6518 -15.0044 -907.725
      vertex -19.5548 -16.4084 -907.725
    endloop
  endfacet
  facet normal -0.587749 -0.809044 0
    outer loop
      vertex -60.3445 -58.4961 -907.725
      vertex -59.9577 -58.7771 -898.2
      vertex -60.3445 -58.4961 -898.2
    endloop
  endfacet
  facet normal -0.587749 -0.809044 0
    outer loop
      vertex -60.3445 -58.4961 -907.725
      vertex -59.9577 -58.7771 -907.725
      vertex -59.9577 -58.7771 -898.2
    endloop
  endfacet
  facet normal -0.587749 0.809044 0
    outer loop
      vertex -60.3445 -69.8539 -898.2
      vertex -59.9577 -69.5729 -898.2
      vertex -59.9577 -69.5729 -907.725
    endloop
  endfacet
  facet normal 0 0 1
    outer loop
      vertex -60.3445 -69.8539 -898.2
      vertex 60.3445 -69.8539 -898.2
      vertex -59.9577 -69.5729 -898.2
    endloop
  endfacet
  facet normal 0 0 -1
    outer loop
      vertex -60.3445 -69.8539 -907.725
      vertex -59.9577 -69.5729 -907.725
      vertex 60.3445 -69.8539 -907.725
    endloop
  endfacet
  facet normal -0.587749 0.809044 0
    outer loop
      vertex -60.3445 -69.8539 -907.725
      vertex -60.3445 -69.8539 -898.2
      vertex -59.9577 -69.5729 -907.725
    endloop
  endfacet
  facet normal 0 0 1
    outer loop
      vertex -60.3445 58.4961 -898.2
      vertex -21.8897 18.3677 -898.2
      vertex -59.9577 58.7771 -898.2
    endloop
  endfacet
  facet normal 0 0 1
    outer loop
      vertex -60.3445 58.4961 -898.2
      vertex -23.1177 16.796 -898.2
      vertex -21.8897 18.3677 -898.2
    endloop
  endfacet
  facet normal -0.587749 0.809044 0
    outer loop
      vertex -60.3445 58.4961 -898.2
      vertex -59.9577 58.7771 -898.2
      vertex -59.9577 58.7771 -907.725
    endloop
  endfacet
  facet normal 0 0 -1
    outer loop
      vertex -60.3445 58.4961 -907.725
      vertex -59.9577 58.7771 -907.725
      vertex -25.527 0 -907.725
    endloop
  endfacet
  facet normal -0.587749 0.809044 0
    outer loop
      vertex -60.3445 58.4961 -907.725
      vertex -60.3445 58.4961 -898.2
      vertex -59.9577 58.7771 -907.725
    endloop
  endfacet
  facet normal 0 0 1
    outer loop
      vertex -60.3445 69.8539 -898.2
      vertex -59.9577 69.5729 -898.2
      vertex 60.3445 69.8539 -898.2
    endloop
  endfacet
  facet normal -0.587749 -0.809044 0
    outer loop
      vertex -60.3445 69.8539 -907.725
      vertex -59.9577 69.5729 -898.2
      vertex -60.3445 69.8539 -898.2
    endloop
  endfacet
  facet normal -0.587749 -0.809044 0
    outer loop
      vertex -60.3445 69.8539 -907.725
      vertex -59.9577 69.5729 -907.725
      vertex -59.9577 69.5729 -898.2
    endloop
  endfacet
  facet normal 0 0 -1
    outer loop
      vertex -60.3445 69.8539 -907.725
      vertex 60.3445 69.8539 -907.725
      vertex -59.9577 69.5729 -907.725
    endloop
  endfacet
  facet normal 0 0 1
    outer loop
      vertex -60.75 -58.2427 -898.2
      vertex -60.3445 -58.4961 -898.2
      vertex -28.575 0 -898.2
    endloop
  endfacet
  facet normal 0 0 -1
    outer loop
      vertex -60.75 -58.2427 -907.725
      vertex -20.6518 -15.0044 -907.725
      vertex -60.3445 -58.4961 -907.725
    endloop
  endfacet
  facet normal 0 0 -1
    outer loop
      vertex -60.75 -58.2427 -907.725
      vertex -21.6481 -13.5272 -907.725
      vertex -20.6518 -15.0044 -907.725
    endloop
  endfacet
  facet normal -0.529943 -0.848034 0
    outer loop
      vertex -60.75 -58.2427 -907.725
      vertex -60.3445 -58.4961 -898.2
      vertex -60.75 -58.2427 -898.2
    endloop
  endfacet
  facet normal -0.529943 -0.848034 0
    outer loop
      vertex -60.75 -58.2427 -907.725
      vertex -60.3445 -58.4961 -907.725
      vertex -60.3445 -58.4961 -898.2
    endloop
  endfacet
  facet normal -0.529943 0.848034 0
    outer loop
      vertex -60.75 -70.1073 -898.2
      vertex -60.3445 -69.8539 -898.2
      vertex -60.3445 -69.8539 -907.725
    endloop
  endfacet
  facet normal 0 0 1
    outer loop
      vertex -60.75 -70.1073 -898.2
      vertex 60.3445 -69.8539 -898.2
      vertex -60.3445 -69.8539 -898.2
    endloop
  endfacet
  facet normal 0 0 1
    outer loop
      vertex -60.75 -70.1073 -898.2
      vertex 60.75 -70.1073 -898.2
      vertex 60.3445 -69.8539 -898.2
    endloop
  endfacet
  facet normal 0 0 -1
    outer loop
      vertex -60.75 -70.1073 -907.725
      vertex -60.3445 -69.8539 -907.725
      vertex 60.3445 -69.8539 -907.725
    endloop
  endfacet
  facet normal -0.529943 0.848034 0
    outer loop
      vertex -60.75 -70.1073 -907.725
      vertex -60.75 -70.1073 -898.2
      vertex -60.3445 -69.8539 -907.725
    endloop
  endfacet
  facet normal 0 0 -1
    outer loop
      vertex -60.75 -70.1073 -907.725
      vertex 60.3445 -69.8539 -907.725
      vertex 60.75 -70.1073 -907.725
    endloop
  endfacet
  facet normal 0 0 1
    outer loop
      vertex -60.75 58.2427 -898.2
      vertex -23.1177 16.796 -898.2
      vertex -60.3445 58.4961 -898.2
    endloop
  endfacet
  facet normal -0.529943 0.848034 0
    outer loop
      vertex -60.75 58.2427 -898.2
      vertex -60.3445 58.4961 -898.2
      vertex -60.3445 58.4961 -907.725
    endloop
  endfacet
  facet normal 0 0 -1
    outer loop
      vertex -60.75 58.2427 -907.725
      vertex -60.3445 58.4961 -907.725
      vertex -25.527 0 -907.725
    endloop
  endfacet
  facet normal -0.529943 0.848034 0
    outer loop
      vertex -60.75 58.2427 -907.725
      vertex -60.75 58.2427 -898.2
      vertex -60.3445 58.4961 -907.725
    endloop
  endfacet
  facet normal 0 0 1
    outer loop
      vertex -60.75 70.1073 -898.2
      vertex -60.3445 69.8539 -898.2
      vertex 60.3445 69.8539 -898.2
    endloop
  endfacet
  facet normal 0 0 1
    outer loop
      vertex -60.75 70.1073 -898.2
      vertex 60.3445 69.8539 -898.2
      vertex 60.75 70.1073 -898.2
    endloop
  endfacet
  facet normal -0.529943 -0.848034 0
    outer loop
      vertex -60.75 70.1073 -907.725
      vertex -60.3445 69.8539 -898.2
      vertex -60.75 70.1073 -898.2
    endloop
  endfacet
  facet normal -0.529943 -0.848034 0
    outer loop
      vertex -60.75 70.1073 -907.725
      vertex -60.3445 69.8539 -907.725
      vertex -60.3445 69.8539 -898.2
    endloop
  endfacet
  facet normal 0 0 -1
    outer loop
      vertex -60.75 70.1073 -907.725
      vertex 60.3445 69.8539 -907.725
      vertex -60.3445 69.8539 -907.725
    endloop
  endfacet
  facet normal 0 0 -1
    outer loop
      vertex -60.75 70.1073 -907.725
      vertex 60.75 70.1073 -907.725
      vertex 60.3445 69.8539 -907.725
    endloop
  endfacet
  facet normal 0 0 1
    outer loop
      vertex -61.1721 -58.0182 -898.2
      vertex -60.75 -58.2427 -898.2
      vertex -28.575 0 -898.2
    endloop
  endfacet
  facet normal 0 0 -1
    outer loop
      vertex -61.1721 -58.0182 -907.725
      vertex -21.6481 -13.5272 -907.725
      vertex -60.75 -58.2427 -907.725
    endloop
  endfacet
  facet normal -0.469578 -0.882891 0
    outer loop
      vertex -61.1721 -58.0182 -907.725
      vertex -60.75 -58.2427 -898.2
      vertex -61.1721 -58.0182 -898.2
    endloop
  endfacet
  facet normal -0.469578 -0.882891 0
    outer loop
      vertex -61.1721 -58.0182 -907.725
      vertex -60.75 -58.2427 -907.725
      vertex -60.75 -58.2427 -898.2
    endloop
  endfacet
  facet normal -0.469415 0.882978 0
    outer loop
      vertex -61.1721 -70.3317 -898.2
      vertex -60.75 -70.1073 -898.2
      vertex -60.75 -70.1073 -907.725
    endloop
  endfacet
  facet normal 0 0 1
    outer loop
      vertex -61.1721 -70.3317 -898.2
      vertex 60.75 -70.1073 -898.2
      vertex -60.75 -70.1073 -898.2
    endloop
  endfacet
  facet normal 0 0 1
    outer loop
      vertex -61.1721 -70.3317 -898.2
      vertex 61.1721 -70.3317 -898.2
      vertex 60.75 -70.1073 -898.2
    endloop
  endfacet
  facet normal 0 0 1
    outer loop
      vertex -61.1721 -70.3317 -898.2
      vertex 85.725 -85.725 -898.2
      vertex 61.1721 -70.3317 -898.2
    endloop
  endfacet
  facet normal 0 0 -1
    outer loop
      vertex -61.1721 -70.3317 -907.725
      vertex -60.75 -70.1073 -907.725
      vertex 60.75 -70.1073 -907.725
    endloop
  endfacet
  facet normal -0.469415 0.882978 0
    outer loop
      vertex -61.1721 -70.3317 -907.725
      vertex -61.1721 -70.3317 -898.2
      vertex -60.75 -70.1073 -907.725
    endloop
  endfacet
  facet normal 0 0 -1
    outer loop
      vertex -61.1721 -70.3317 -907.725
      vertex 60.75 -70.1073 -907.725
      vertex 61.1721 -70.3317 -907.725
    endloop
  endfacet
  facet normal 0 0 -1
    outer loop
      vertex -61.1721 -70.3317 -907.725
      vertex 61.1721 -70.3317 -907.725
      vertex 85.725 -85.725 -907.725
    endloop
  endfacet
  facet normal 0 0 1
    outer loop
      vertex -61.1721 58.0182 -898.2
      vertex -23.1177 16.796 -898.2
      vertex -60.75 58.2427 -898.2
    endloop
  endfacet
  facet normal 0 0 1
    outer loop
      vertex -61.1721 58.0182 -898.2
      vertex -24.233 15.1424 -898.2
      vertex -23.1177 16.796 -898.2
    endloop
  endfacet
  facet normal -0.469578 0.882891 0
    outer loop
      vertex -61.1721 58.0182 -898.2
      vertex -60.75 58.2427 -898.2
      vertex -60.75 58.2427 -907.725
    endloop
  endfacet
  facet normal 0 0 -1
    outer loop
      vertex -61.1721 58.0182 -907.725
      vertex -60.75 58.2427 -907.725
      vertex -25.527 0 -907.725
    endloop
  endfacet
  facet normal -0.469578 0.882891 0
    outer loop
      vertex -61.1721 58.0182 -907.725
      vertex -61.1721 58.0182 -898.2
      vertex -60.75 58.2427 -907.725
    endloop
  endfacet
  facet normal 0 0 1
    outer loop
      vertex -61.1721 70.3317 -898.2
      vertex -60.75 70.1073 -898.2
      vertex 60.75 70.1073 -898.2
    endloop
  endfacet
  facet normal 0 0 1
    outer loop
      vertex -61.1721 70.3317 -898.2
      vertex 60.75 70.1073 -898.2
      vertex 61.1721 70.3317 -898.2
    endloop
  endfacet
  facet normal 0 0 1
    outer loop
      vertex -61.1721 70.3317 -898.2
      vertex 61.1721 70.3317 -898.2
      vertex 85.725 85.725 -898.2
    endloop
  endfacet
  facet normal -0.469415 -0.882978 0
    outer loop
      vertex -61.1721 70.3317 -907.725
      vertex -60.75 70.1073 -898.2
      vertex -61.1721 70.3317 -898.2
    endloop
  endfacet
  facet normal -0.469415 -0.882978 0
    outer loop
      vertex -61.1721 70.3317 -907.725
      vertex -60.75 70.1073 -907.725
      vertex -60.75 70.1073 -898.2
    endloop
  endfacet
  facet normal 0 0 -1
    outer loop
      vertex -61.1721 70.3317 -907.725
      vertex 60.75 70.1073 -907.725
      vertex -60.75 70.1073 -907.725
    endloop
  endfacet
  facet normal 0 0 -1
    outer loop
      vertex -61.1721 70.3317 -907.725
      vertex 61.1721 70.3317 -907.725
      vertex 60.75 70.1073 -907.725
    endloop
  endfacet
  facet normal 0 0 -1
    outer loop
      vertex -61.1721 70.3317 -907.725
      vertex 85.725 85.725 -907.725
      vertex 61.1721 70.3317 -907.725
    endloop
  endfacet
  facet normal 0 0 1
    outer loop
      vertex -61.6089 -57.8238 -898.2
      vertex -61.1721 -58.0182 -898.2
      vertex -28.575 0 -898.2
    endloop
  endfacet
  facet normal 0 0 -1
    outer loop
      vertex -61.6089 -57.8238 -907.725
      vertex -21.6481 -13.5272 -907.725
      vertex -61.1721 -58.0182 -907.725
    endloop
  endfacet
  facet normal 0 0 -1
    outer loop
      vertex -61.6089 -57.8238 -907.725
      vertex -22.539 -11.9842 -907.725
      vertex -21.6481 -13.5272 -907.725
    endloop
  endfacet
  facet normal -0.406604 -0.913604 0
    outer loop
      vertex -61.6089 -57.8238 -907.725
      vertex -61.1721 -58.0182 -898.2
      vertex -61.6089 -57.8238 -898.2
    endloop
  endfacet
  facet normal -0.406604 -0.913604 0
    outer loop
      vertex -61.6089 -57.8238 -907.725
      vertex -61.1721 -58.0182 -907.725
      vertex -61.1721 -58.0182 -898.2
    endloop
  endfacet
  facet normal -0.406779 0.913527 0
    outer loop
      vertex -61.6089 -70.5262 -898.2
      vertex -61.1721 -70.3317 -898.2
      vertex -61.1721 -70.3317 -907.725
    endloop
  endfacet
  facet normal -0.406779 0.913527 0
    outer loop
      vertex -61.6089 -70.5262 -907.725
      vertex -61.6089 -70.5262 -898.2
      vertex -61.1721 -70.3317 -907.725
    endloop
  endfacet
  facet normal 0 0 1
    outer loop
      vertex -61.6089 57.8238 -898.2
      vertex -24.233 15.1424 -898.2
      vertex -61.1721 58.0182 -898.2
    endloop
  endfacet
  facet normal 0 0 1
    outer loop
      vertex -61.6089 57.8238 -898.2
      vertex -25.2302 13.4151 -898.2
      vertex -24.233 15.1424 -898.2
    endloop
  endfacet
  facet normal -0.406604 0.913604 0
    outer loop
      vertex -61.6089 57.8238 -898.2
      vertex -61.1721 58.0182 -898.2
      vertex -61.1721 58.0182 -907.725
    endloop
  endfacet
  facet normal 0 0 -1
    outer loop
      vertex -61.6089 57.8238 -907.725
      vertex -61.1721 58.0182 -907.725
      vertex -25.527 0 -907.725
    endloop
  endfacet
  facet normal -0.406604 0.913604 0
    outer loop
      vertex -61.6089 57.8238 -907.725
      vertex -61.6089 57.8238 -898.2
      vertex -61.1721 58.0182 -907.725
    endloop
  endfacet
  facet normal -0.406779 -0.913527 0
    outer loop
      vertex -61.6089 70.5262 -907.725
      vertex -61.1721 70.3317 -898.2
      vertex -61.6089 70.5262 -898.2
    endloop
  endfacet
  facet normal -0.406779 -0.913527 0
    outer loop
      vertex -61.6089 70.5262 -907.725
      vertex -61.1721 70.3317 -907.725
      vertex -61.1721 70.3317 -898.2
    endloop
  endfacet
  facet normal 0 0 1
    outer loop
      vertex -62.0582 -57.6602 -898.2
      vertex -61.6089 -57.8238 -898.2
      vertex -28.575 0 -898.2
    endloop
  endfacet
  facet normal 0 0 -1
    outer loop
      vertex -62.0582 -57.6602 -907.725
      vertex -22.539 -11.9842 -907.725
      vertex -61.6089 -57.8238 -907.725
    endloop
  endfacet
  facet normal 0 0 -1
    outer loop
      vertex -62.0582 -57.6602 -907.725
      vertex -23.3201 -10.3828 -907.725
      vertex -22.539 -11.9842 -907.725
    endloop
  endfacet
  facet normal -0.342146 -0.939647 0
    outer loop
      vertex -62.0582 -57.6602 -907.725
      vertex -61.6089 -57.8238 -898.2
      vertex -62.0582 -57.6602 -898.2
    endloop
  endfacet
  facet normal -0.342146 -0.939647 0
    outer loop
      vertex -62.0582 -57.6602 -907.725
      vertex -61.6089 -57.8238 -907.725
      vertex -61.6089 -57.8238 -898.2
    endloop
  endfacet
  facet normal -0.341961 0.939714 0
    outer loop
      vertex -62.0582 -70.6897 -898.2
      vertex -61.6089 -70.5262 -898.2
      vertex -61.6089 -70.5262 -907.725
    endloop
  endfacet
  facet normal -0.341961 0.939714 0
    outer loop
      vertex -62.0582 -70.6897 -907.725
      vertex -62.0582 -70.6897 -898.2
      vertex -61.6089 -70.5262 -907.725
    endloop
  endfacet
  facet normal 0 0 1
    outer loop
      vertex -62.0582 57.6602 -898.2
      vertex -25.2302 13.4151 -898.2
      vertex -61.6089 57.8238 -898.2
    endloop
  endfacet
  facet normal -0.342146 0.939647 0
    outer loop
      vertex -62.0582 57.6602 -898.2
      vertex -61.6089 57.8238 -898.2
      vertex -61.6089 57.8238 -907.725
    endloop
  endfacet
  facet normal 0 0 -1
    outer loop
      vertex -62.0582 57.6602 -907.725
      vertex -61.6089 57.8238 -907.725
      vertex -25.527 0 -907.725
    endloop
  endfacet
  facet normal -0.342146 0.939647 0
    outer loop
      vertex -62.0582 57.6602 -907.725
      vertex -62.0582 57.6602 -898.2
      vertex -61.6089 57.8238 -907.725
    endloop
  endfacet
  facet normal -0.341961 -0.939714 0
    outer loop
      vertex -62.0582 70.6897 -907.725
      vertex -61.6089 70.5262 -898.2
      vertex -62.0582 70.6897 -898.2
    endloop
  endfacet
  facet normal -0.341961 -0.939714 0
    outer loop
      vertex -62.0582 70.6897 -907.725
      vertex -61.6089 70.5262 -907.725
      vertex -61.6089 70.5262 -898.2
    endloop
  endfacet
  facet normal 0 0 1
    outer loop
      vertex -62.5178 -57.5285 -898.2
      vertex -62.0582 -57.6602 -898.2
      vertex -28.575 0 -898.2
    endloop
  endfacet
  facet normal 0 0 -1
    outer loop
      vertex -62.5178 -57.5285 -907.725
      vertex -23.3201 -10.3828 -907.725
      vertex -62.0582 -57.6602 -907.725
    endloop
  endfacet
  facet normal -0.275467 -0.961311 0
    outer loop
      vertex -62.5178 -57.5285 -907.725
      vertex -62.0582 -57.6602 -898.2
      vertex -62.5178 -57.5285 -898.2
    endloop
  endfacet
  facet normal -0.275467 -0.961311 0
    outer loop
      vertex -62.5178 -57.5285 -907.725
      vertex -62.0582 -57.6602 -907.725
      vertex -62.0582 -57.6602 -898.2
    endloop
  endfacet
  facet normal -0.27566 0.961255 0
    outer loop
      vertex -62.5178 -70.8215 -898.2
      vertex -62.0582 -70.6897 -898.2
      vertex -62.0582 -70.6897 -907.725
    endloop
  endfacet
  facet normal -0.27566 0.961255 0
    outer loop
      vertex -62.5178 -70.8215 -907.725
      vertex -62.5178 -70.8215 -898.2
      vertex -62.0582 -70.6897 -907.725
    endloop
  endfacet
  facet normal 0 0 1
    outer loop
      vertex -62.5178 57.5285 -898.2
      vertex -25.2302 13.4151 -898.2
      vertex -62.0582 57.6602 -898.2
    endloop
  endfacet
  facet normal 0 0 1
    outer loop
      vertex -62.5178 57.5285 -898.2
      vertex -26.1046 11.6225 -898.2
      vertex -25.2302 13.4151 -898.2
    endloop
  endfacet
  facet normal -0.275467 0.961311 0
    outer loop
      vertex -62.5178 57.5285 -898.2
      vertex -62.0582 57.6602 -898.2
      vertex -62.0582 57.6602 -907.725
    endloop
  endfacet
  facet normal 0 0 -1
    outer loop
      vertex -62.5178 57.5285 -907.725
      vertex -62.0582 57.6602 -907.725
      vertex -25.527 0 -907.725
    endloop
  endfacet
  facet normal -0.275467 0.961311 0
    outer loop
      vertex -62.5178 57.5285 -907.725
      vertex -62.5178 57.5285 -898.2
      vertex -62.0582 57.6602 -907.725
    endloop
  endfacet
  facet normal -0.27566 -0.961255 0
    outer loop
      vertex -62.5178 70.8215 -907.725
      vertex -62.0582 70.6897 -898.2
      vertex -62.5178 70.8215 -898.2
    endloop
  endfacet
  facet normal -0.27566 -0.961255 0
    outer loop
      vertex -62.5178 70.8215 -907.725
      vertex -62.0582 70.6897 -907.725
      vertex -62.0582 70.6897 -898.2
    endloop
  endfacet
  facet normal 0 0 1
    outer loop
      vertex -62.9855 -57.4291 -898.2
      vertex -62.5178 -57.5285 -898.2
      vertex -28.575 0 -898.2
    endloop
  endfacet
  facet normal 0 0 -1
    outer loop
      vertex -62.9855 -57.4291 -907.725
      vertex -23.3201 -10.3828 -907.725
      vertex -62.5178 -57.5285 -907.725
    endloop
  endfacet
  facet normal 0 0 -1
    outer loop
      vertex -62.9855 -57.4291 -907.725
      vertex -23.9875 -8.73074 -907.725
      vertex -23.3201 -10.3828 -907.725
    endloop
  endfacet
  facet normal -0.207886 -0.978153 0
    outer loop
      vertex -62.9855 -57.4291 -907.725
      vertex -62.5178 -57.5285 -898.2
      vertex -62.9855 -57.4291 -898.2
    endloop
  endfacet
  facet normal -0.207886 -0.978153 0
    outer loop
      vertex -62.9855 -57.4291 -907.725
      vertex -62.5178 -57.5285 -907.725
      vertex -62.5178 -57.5285 -898.2
    endloop
  endfacet
  facet normal -0.207886 0.978153 0
    outer loop
      vertex -62.9855 -70.9209 -898.2
      vertex -62.5178 -70.8215 -898.2
      vertex -62.5178 -70.8215 -907.725
    endloop
  endfacet
  facet normal -0.207886 0.978153 0
    outer loop
      vertex -62.9855 -70.9209 -907.725
      vertex -62.9855 -70.9209 -898.2
      vertex -62.5178 -70.8215 -907.725
    endloop
  endfacet
  facet normal 0 0 1
    outer loop
      vertex -62.9855 57.4291 -898.2
      vertex -26.1046 11.6225 -898.2
      vertex -62.5178 57.5285 -898.2
    endloop
  endfacet
  facet normal 0 0 1
    outer loop
      vertex -62.9855 57.4291 -898.2
      vertex -26.8517 9.77322 -898.2
      vertex -26.1046 11.6225 -898.2
    endloop
  endfacet
  facet normal -0.207886 0.978153 0
    outer loop
      vertex -62.9855 57.4291 -898.2
      vertex -62.5178 57.5285 -898.2
      vertex -62.5178 57.5285 -907.725
    endloop
  endfacet
  facet normal 0 0 -1
    outer loop
      vertex -62.9855 57.4291 -907.725
      vertex -62.5178 57.5285 -907.725
      vertex -25.527 0 -907.725
    endloop
  endfacet
  facet normal -0.207886 0.978153 0
    outer loop
      vertex -62.9855 57.4291 -907.725
      vertex -62.9855 57.4291 -898.2
      vertex -62.5178 57.5285 -907.725
    endloop
  endfacet
  facet normal -0.207886 -0.978153 0
    outer loop
      vertex -62.9855 70.9209 -907.725
      vertex -62.5178 70.8215 -898.2
      vertex -62.9855 70.9209 -898.2
    endloop
  endfacet
  facet normal -0.207886 -0.978153 0
    outer loop
      vertex -62.9855 70.9209 -907.725
      vertex -62.5178 70.8215 -907.725
      vertex -62.5178 70.8215 -898.2
    endloop
  endfacet
  facet normal 0 0 1
    outer loop
      vertex -63.459 -57.3625 -898.2
      vertex -62.9855 -57.4291 -898.2
      vertex -28.575 0 -898.2
    endloop
  endfacet
  facet normal 0 0 -1
    outer loop
      vertex -63.459 -57.3625 -907.725
      vertex -23.9875 -8.73074 -907.725
      vertex -62.9855 -57.4291 -907.725
    endloop
  endfacet
  facet normal 0 0 -1
    outer loop
      vertex -63.459 -57.3625 -907.725
      vertex -24.5381 -7.03619 -907.725
      vertex -23.9875 -8.73074 -907.725
    endloop
  endfacet
  facet normal -0.139284 -0.990253 0
    outer loop
      vertex -63.459 -57.3625 -907.725
      vertex -62.9855 -57.4291 -898.2
      vertex -63.459 -57.3625 -898.2
    endloop
  endfacet
  facet normal -0.139284 -0.990253 0
    outer loop
      vertex -63.459 -57.3625 -907.725
      vertex -62.9855 -57.4291 -907.725
      vertex -62.9855 -57.4291 -898.2
    endloop
  endfacet
  facet normal -0.139284 0.990253 0
    outer loop
      vertex -63.459 -70.9875 -898.2
      vertex -62.9855 -70.9209 -898.2
      vertex -62.9855 -70.9209 -907.725
    endloop
  endfacet
  facet normal -0.139284 0.990253 0
    outer loop
      vertex -63.459 -70.9875 -907.725
      vertex -63.459 -70.9875 -898.2
      vertex -62.9855 -70.9209 -907.725
    endloop
  endfacet
  facet normal 0 0 1
    outer loop
      vertex -63.459 57.3625 -898.2
      vertex -26.8517 9.77322 -898.2
      vertex -62.9855 57.4291 -898.2
    endloop
  endfacet
  facet normal -0.139284 0.990253 0
    outer loop
      vertex -63.459 57.3625 -898.2
      vertex -62.9855 57.4291 -898.2
      vertex -62.9855 57.4291 -907.725
    endloop
  endfacet
  facet normal 0 0 -1
    outer loop
      vertex -63.459 57.3625 -907.725
      vertex -62.9855 57.4291 -907.725
      vertex -25.527 0 -907.725
    endloop
  endfacet
  facet normal -0.139284 0.990253 0
    outer loop
      vertex -63.459 57.3625 -907.725
      vertex -63.459 57.3625 -898.2
      vertex -62.9855 57.4291 -907.725
    endloop
  endfacet
  facet normal -0.139284 -0.990253 0
    outer loop
      vertex -63.459 70.9875 -907.725
      vertex -62.9855 70.9209 -898.2
      vertex -63.459 70.9875 -898.2
    endloop
  endfacet
  facet normal -0.139284 -0.990253 0
    outer loop
      vertex -63.459 70.9875 -907.725
      vertex -62.9855 70.9209 -907.725
      vertex -62.9855 70.9209 -898.2
    endloop
  endfacet
  facet normal 0 0 1
    outer loop
      vertex -63.9359 -57.3292 -898.2
      vertex -63.459 -57.3625 -898.2
      vertex -28.575 0 -898.2
    endloop
  endfacet
  facet normal 0 0 -1
    outer loop
      vertex -63.9359 -57.3292 -907.725
      vertex -24.5381 -7.03619 -907.725
      vertex -63.459 -57.3625 -907.725
    endloop
  endfacet
  facet normal -0.0696564 -0.997571 0
    outer loop
      vertex -63.9359 -57.3292 -907.725
      vertex -63.459 -57.3625 -898.2
      vertex -63.9359 -57.3292 -898.2
    endloop
  endfacet
  facet normal -0.0696564 -0.997571 0
    outer loop
      vertex -63.9359 -57.3292 -907.725
      vertex -63.459 -57.3625 -907.725
      vertex -63.459 -57.3625 -898.2
    endloop
  endfacet
  facet normal -0.0696564 0.997571 0
    outer loop
      vertex -63.9359 -71.0208 -898.2
      vertex -63.459 -70.9875 -898.2
      vertex -63.459 -70.9875 -907.725
    endloop
  endfacet
  facet normal -0.0696564 0.997571 0
    outer loop
      vertex -63.9359 -71.0208 -907.725
      vertex -63.9359 -71.0208 -898.2
      vertex -63.459 -70.9875 -907.725
    endloop
  endfacet
  facet normal 0 0 1
    outer loop
      vertex -63.9359 57.3292 -898.2
      vertex -26.8517 9.77322 -898.2
      vertex -63.459 57.3625 -898.2
    endloop
  endfacet
  facet normal 0 0 1
    outer loop
      vertex -63.9359 57.3292 -898.2
      vertex -27.4681 7.87634 -898.2
      vertex -26.8517 9.77322 -898.2
    endloop
  endfacet
  facet normal -0.0696564 0.997571 0
    outer loop
      vertex -63.9359 57.3292 -898.2
      vertex -63.459 57.3625 -898.2
      vertex -63.459 57.3625 -907.725
    endloop
  endfacet
  facet normal 0 0 -1
    outer loop
      vertex -63.9359 57.3292 -907.725
      vertex -63.459 57.3625 -907.725
      vertex -25.527 0 -907.725
    endloop
  endfacet
  facet normal -0.0696564 0.997571 0
    outer loop
      vertex -63.9359 57.3292 -907.725
      vertex -63.9359 57.3292 -898.2
      vertex -63.459 57.3625 -907.725
    endloop
  endfacet
  facet normal -0.0696564 -0.997571 0
    outer loop
      vertex -63.9359 71.0208 -907.725
      vertex -63.459 70.9875 -898.2
      vertex -63.9359 71.0208 -898.2
    endloop
  endfacet
  facet normal -0.0696564 -0.997571 0
    outer loop
      vertex -63.9359 71.0208 -907.725
      vertex -63.459 70.9875 -907.725
      vertex -63.459 70.9875 -898.2
    endloop
  endfacet
  facet normal 0 0 1
    outer loop
      vertex -64.414 -57.3292 -898.2
      vertex -63.9359 -57.3292 -898.2
      vertex -28.575 0 -898.2
    endloop
  endfacet
  facet normal 0 0 -1
    outer loop
      vertex -64.414 -57.3292 -907.725
      vertex -24.5381 -7.03619 -907.725
      vertex -63.9359 -57.3292 -907.725
    endloop
  endfacet
  facet normal 0 0 -1
    outer loop
      vertex -64.414 -57.3292 -907.725
      vertex -24.9692 -5.30736 -907.725
      vertex -24.5381 -7.03619 -907.725
    endloop
  endfacet
  facet normal 0 -1 0
    outer loop
      vertex -64.414 -57.3292 -907.725
      vertex -63.9359 -57.3292 -898.2
      vertex -64.414 -57.3292 -898.2
    endloop
  endfacet
  facet normal 0 -1 0
    outer loop
      vertex -64.414 -57.3292 -907.725
      vertex -63.9359 -57.3292 -907.725
      vertex -63.9359 -57.3292 -898.2
    endloop
  endfacet
  facet normal 0 1 0
    outer loop
      vertex -64.414 -71.0208 -898.2
      vertex -63.9359 -71.0208 -898.2
      vertex -63.9359 -71.0208 -907.725
    endloop
  endfacet
  facet normal 0 1 0
    outer loop
      vertex -64.414 -71.0208 -907.725
      vertex -64.414 -71.0208 -898.2
      vertex -63.9359 -71.0208 -907.725
    endloop
  endfacet
  facet normal 0 0 1
    outer loop
      vertex -64.414 57.3292 -898.2
      vertex -27.4681 7.87634 -898.2
      vertex -63.9359 57.3292 -898.2
    endloop
  endfacet
  facet normal 0 0 1
    outer loop
      vertex -64.414 57.3292 -898.2
      vertex -27.9506 5.94108 -898.2
      vertex -27.4681 7.87634 -898.2
    endloop
  endfacet
  facet normal 0 1 0
    outer loop
      vertex -64.414 57.3292 -898.2
      vertex -63.9359 57.3292 -898.2
      vertex -63.9359 57.3292 -907.725
    endloop
  endfacet
  facet normal 0 0 -1
    outer loop
      vertex -64.414 57.3292 -907.725
      vertex -63.9359 57.3292 -907.725
      vertex -25.527 0 -907.725
    endloop
  endfacet
  facet normal 0 1 0
    outer loop
      vertex -64.414 57.3292 -907.725
      vertex -64.414 57.3292 -898.2
      vertex -63.9359 57.3292 -907.725
    endloop
  endfacet
  facet normal 0 -1 0
    outer loop
      vertex -64.414 71.0208 -907.725
      vertex -63.9359 71.0208 -898.2
      vertex -64.414 71.0208 -898.2
    endloop
  endfacet
  facet normal 0 -1 0
    outer loop
      vertex -64.414 71.0208 -907.725
      vertex -63.9359 71.0208 -907.725
      vertex -63.9359 71.0208 -898.2
    endloop
  endfacet
  facet normal 0 0 1
    outer loop
      vertex -64.891 -57.3625 -898.2
      vertex -64.414 -57.3292 -898.2
      vertex -28.575 0 -898.2
    endloop
  endfacet
  facet normal 0 0 -1
    outer loop
      vertex -64.891 -57.3625 -907.725
      vertex -24.9692 -5.30736 -907.725
      vertex -64.414 -57.3292 -907.725
    endloop
  endfacet
  facet normal 0 0 -1
    outer loop
      vertex -64.891 -57.3625 -907.725
      vertex -25.2786 -3.55266 -907.725
      vertex -24.9692 -5.30736 -907.725
    endloop
  endfacet
  facet normal 0.0696418 -0.997572 0
    outer loop
      vertex -64.891 -57.3625 -907.725
      vertex -64.414 -57.3292 -898.2
      vertex -64.891 -57.3625 -898.2
    endloop
  endfacet
  facet normal 0.0696418 -0.997572 0
    outer loop
      vertex -64.891 -57.3625 -907.725
      vertex -64.414 -57.3292 -907.725
      vertex -64.414 -57.3292 -898.2
    endloop
  endfacet
  facet normal 0.0696418 0.997572 0
    outer loop
      vertex -64.891 -70.9875 -898.2
      vertex -64.414 -71.0208 -898.2
      vertex -64.414 -71.0208 -907.725
    endloop
  endfacet
  facet normal 0.0696418 0.997572 0
    outer loop
      vertex -64.891 -70.9875 -907.725
      vertex -64.891 -70.9875 -898.2
      vertex -64.414 -71.0208 -907.725
    endloop
  endfacet
  facet normal 0 0 1
    outer loop
      vertex -64.891 57.3625 -898.2
      vertex -27.9506 5.94108 -898.2
      vertex -64.414 57.3292 -898.2
    endloop
  endfacet
  facet normal 0.0696418 0.997572 0
    outer loop
      vertex -64.891 57.3625 -898.2
      vertex -64.414 57.3292 -898.2
      vertex -64.414 57.3292 -907.725
    endloop
  endfacet
  facet normal 0 0 -1
    outer loop
      vertex -64.891 57.3625 -907.725
      vertex -64.414 57.3292 -907.725
      vertex -25.527 0 -907.725
    endloop
  endfacet
  facet normal 0.0696418 0.997572 0
    outer loop
      vertex -64.891 57.3625 -907.725
      vertex -64.891 57.3625 -898.2
      vertex -64.414 57.3292 -907.725
    endloop
  endfacet
  facet normal 0.0696418 -0.997572 0
    outer loop
      vertex -64.891 70.9875 -907.725
      vertex -64.414 71.0208 -898.2
      vertex -64.891 70.9875 -898.2
    endloop
  endfacet
  facet normal 0.0696418 -0.997572 0
    outer loop
      vertex -64.891 70.9875 -907.725
      vertex -64.414 71.0208 -907.725
      vertex -64.414 71.0208 -898.2
    endloop
  endfacet
  facet normal 0 0 1
    outer loop
      vertex -65.3645 -57.4291 -898.2
      vertex -64.891 -57.3625 -898.2
      vertex -28.575 0 -898.2
    endloop
  endfacet
  facet normal 0 0 -1
    outer loop
      vertex -65.3645 -57.4291 -907.725
      vertex -25.2786 -3.55266 -907.725
      vertex -64.891 -57.3625 -907.725
    endloop
  endfacet
  facet normal 0 0 -1
    outer loop
      vertex -65.3645 -57.4291 -907.725
      vertex -25.4648 -1.78067 -907.725
      vertex -25.2786 -3.55266 -907.725
    endloop
  endfacet
  facet normal 0.139284 -0.990253 0
    outer loop
      vertex -65.3645 -57.4291 -907.725
      vertex -64.891 -57.3625 -898.2
      vertex -65.3645 -57.4291 -898.2
    endloop
  endfacet
  facet normal 0.139284 -0.990253 0
    outer loop
      vertex -65.3645 -57.4291 -907.725
      vertex -64.891 -57.3625 -907.725
      vertex -64.891 -57.3625 -898.2
    endloop
  endfacet
  facet normal 0.139284 0.990253 0
    outer loop
      vertex -65.3645 -70.9209 -898.2
      vertex -64.891 -70.9875 -898.2
      vertex -64.891 -70.9875 -907.725
    endloop
  endfacet
  facet normal 0.139284 0.990253 0
    outer loop
      vertex -65.3645 -70.9209 -907.725
      vertex -65.3645 -70.9209 -898.2
      vertex -64.891 -70.9875 -907.725
    endloop
  endfacet
  facet normal 0 0 1
    outer loop
      vertex -65.3645 57.4291 -898.2
      vertex -27.9506 5.94108 -898.2
      vertex -64.891 57.3625 -898.2
    endloop
  endfacet
  facet normal 0 0 1
    outer loop
      vertex -65.3645 57.4291 -898.2
      vertex -28.2969 3.97687 -898.2
      vertex -27.9506 5.94108 -898.2
    endloop
  endfacet
  facet normal 0.139284 0.990253 0
    outer loop
      vertex -65.3645 57.4291 -898.2
      vertex -64.891 57.3625 -898.2
      vertex -64.891 57.3625 -907.725
    endloop
  endfacet
  facet normal 0 0 -1
    outer loop
      vertex -65.3645 57.4291 -907.725
      vertex -64.891 57.3625 -907.725
      vertex -25.527 0 -907.725
    endloop
  endfacet
  facet normal 0.139284 0.990253 0
    outer loop
      vertex -65.3645 57.4291 -907.725
      vertex -65.3645 57.4291 -898.2
      vertex -64.891 57.3625 -907.725
    endloop
  endfacet
  facet normal 0.139284 -0.990253 0
    outer loop
      vertex -65.3645 70.9209 -907.725
      vertex -64.891 70.9875 -898.2
      vertex -65.3645 70.9209 -898.2
    endloop
  endfacet
  facet normal 0.139284 -0.990253 0
    outer loop
      vertex -65.3645 70.9209 -907.725
      vertex -64.891 70.9875 -907.725
      vertex -64.891 70.9875 -898.2
    endloop
  endfacet
  facet normal 0 0 1
    outer loop
      vertex -65.8322 -57.5285 -898.2
      vertex -65.3645 -57.4291 -898.2
      vertex -28.575 0 -898.2
    endloop
  endfacet
  facet normal 0 0 -1
    outer loop
      vertex -65.8322 -57.5285 -907.725
      vertex -25.4648 -1.78067 -907.725
      vertex -65.3645 -57.4291 -907.725
    endloop
  endfacet
  facet normal 0.207886 -0.978153 0
    outer loop
      vertex -65.8322 -57.5285 -907.725
      vertex -65.3645 -57.4291 -898.2
      vertex -65.8322 -57.5285 -898.2
    endloop
  endfacet
  facet normal 0.207886 -0.978153 0
    outer loop
      vertex -65.8322 -57.5285 -907.725
      vertex -65.3645 -57.4291 -907.725
      vertex -65.3645 -57.4291 -898.2
    endloop
  endfacet
  facet normal 0.207886 0.978153 0
    outer loop
      vertex -65.8322 -70.8215 -898.2
      vertex -65.3645 -70.9209 -898.2
      vertex -65.3645 -70.9209 -907.725
    endloop
  endfacet
  facet normal 0.207886 0.978153 0
    outer loop
      vertex -65.8322 -70.8215 -907.725
      vertex -65.8322 -70.8215 -898.2
      vertex -65.3645 -70.9209 -907.725
    endloop
  endfacet
  facet normal 0 0 1
    outer loop
      vertex -65.8322 57.5285 -898.2
      vertex -28.2969 3.97687 -898.2
      vertex -65.3645 57.4291 -898.2
    endloop
  endfacet
  facet normal 0 0 1
    outer loop
      vertex -65.8322 57.5285 -898.2
      vertex -28.5054 1.99329 -898.2
      vertex -28.2969 3.97687 -898.2
    endloop
  endfacet
  facet normal 0.207886 0.978153 0
    outer loop
      vertex -65.8322 57.5285 -898.2
      vertex -65.3645 57.4291 -898.2
      vertex -65.3645 57.4291 -907.725
    endloop
  endfacet
  facet normal 0 0 -1
    outer loop
      vertex -65.8322 57.5285 -907.725
      vertex -65.3645 57.4291 -907.725
      vertex -25.527 0 -907.725
    endloop
  endfacet
  facet normal 0.207886 0.978153 0
    outer loop
      vertex -65.8322 57.5285 -907.725
      vertex -65.8322 57.5285 -898.2
      vertex -65.3645 57.4291 -907.725
    endloop
  endfacet
  facet normal 0.207886 -0.978153 0
    outer loop
      vertex -65.8322 70.8215 -907.725
      vertex -65.3645 70.9209 -898.2
      vertex -65.8322 70.8215 -898.2
    endloop
  endfacet
  facet normal 0.207886 -0.978153 0
    outer loop
      vertex -65.8322 70.8215 -907.725
      vertex -65.3645 70.9209 -907.725
      vertex -65.3645 70.9209 -898.2
    endloop
  endfacet
  facet normal 0 0 1
    outer loop
      vertex -66.2918 -57.6602 -898.2
      vertex -65.8322 -57.5285 -898.2
      vertex -28.575 0 -898.2
    endloop
  endfacet
  facet normal 0 0 -1
    outer loop
      vertex -66.2918 -57.6602 -907.725
      vertex -25.4648 -1.78067 -907.725
      vertex -65.8322 -57.5285 -907.725
    endloop
  endfacet
  facet normal 0 0 -1
    outer loop
      vertex -66.2918 -57.6602 -907.725
      vertex -25.527 0 -907.725
      vertex -25.4648 -1.78067 -907.725
    endloop
  endfacet
  facet normal 0.275467 -0.961311 0
    outer loop
      vertex -66.2918 -57.6602 -907.725
      vertex -65.8322 -57.5285 -898.2
      vertex -66.2918 -57.6602 -898.2
    endloop
  endfacet
  facet normal 0.275467 -0.961311 0
    outer loop
      vertex -66.2918 -57.6602 -907.725
      vertex -65.8322 -57.5285 -907.725
      vertex -65.8322 -57.5285 -898.2
    endloop
  endfacet
  facet normal 0 0 -1
    outer loop
      vertex -66.2918 -57.6602 -907.725
      vertex -66.2918 57.6602 -907.725
      vertex -25.527 0 -907.725
    endloop
  endfacet
  facet normal 0.27566 0.961255 0
    outer loop
      vertex -66.2918 -70.6897 -898.2
      vertex -65.8322 -70.8215 -898.2
      vertex -65.8322 -70.8215 -907.725
    endloop
  endfacet
  facet normal 0.27566 0.961255 0
    outer loop
      vertex -66.2918 -70.6897 -907.725
      vertex -66.2918 -70.6897 -898.2
      vertex -65.8322 -70.8215 -907.725
    endloop
  endfacet
  facet normal 0 0 1
    outer loop
      vertex -66.2918 57.6602 -898.2
      vertex -28.5054 1.99329 -898.2
      vertex -65.8322 57.5285 -898.2
    endloop
  endfacet
  facet normal 0 0 1
    outer loop
      vertex -66.2918 57.6602 -898.2
      vertex -28.575 0 -898.2
      vertex -28.5054 1.99329 -898.2
    endloop
  endfacet
  facet normal 0.275467 0.961311 0
    outer loop
      vertex -66.2918 57.6602 -898.2
      vertex -65.8322 57.5285 -898.2
      vertex -65.8322 57.5285 -907.725
    endloop
  endfacet
  facet normal 0 0 -1
    outer loop
      vertex -66.2918 57.6602 -907.725
      vertex -65.8322 57.5285 -907.725
      vertex -25.527 0 -907.725
    endloop
  endfacet
  facet normal 0.275467 0.961311 0
    outer loop
      vertex -66.2918 57.6602 -907.725
      vertex -66.2918 57.6602 -898.2
      vertex -65.8322 57.5285 -907.725
    endloop
  endfacet
  facet normal 0.27566 -0.961255 0
    outer loop
      vertex -66.2918 70.6897 -907.725
      vertex -65.8322 70.8215 -898.2
      vertex -66.2918 70.6897 -898.2
    endloop
  endfacet
  facet normal 0.27566 -0.961255 0
    outer loop
      vertex -66.2918 70.6897 -907.725
      vertex -65.8322 70.8215 -907.725
      vertex -65.8322 70.8215 -898.2
    endloop
  endfacet
  facet normal 0 0 1
    outer loop
      vertex -66.741 -57.8238 -898.2
      vertex -28.575 0 -898.2
      vertex -66.741 57.8238 -898.2
    endloop
  endfacet
  facet normal 0 0 1
    outer loop
      vertex -66.741 -57.8238 -898.2
      vertex -66.2918 -57.6602 -898.2
      vertex -28.575 0 -898.2
    endloop
  endfacet
  facet normal 0.342213 -0.939622 0
    outer loop
      vertex -66.741 -57.8238 -907.725
      vertex -66.2918 -57.6602 -898.2
      vertex -66.741 -57.8238 -898.2
    endloop
  endfacet
  facet normal 0.342213 -0.939622 0
    outer loop
      vertex -66.741 -57.8238 -907.725
      vertex -66.2918 -57.6602 -907.725
      vertex -66.2918 -57.6602 -898.2
    endloop
  endfacet
  facet normal 0 0 -1
    outer loop
      vertex -66.741 -57.8238 -907.725
      vertex -66.2918 57.6602 -907.725
      vertex -66.2918 -57.6602 -907.725
    endloop
  endfacet
  facet normal 0 0 -1
    outer loop
      vertex -66.741 -57.8238 -907.725
      vertex -66.741 57.8238 -907.725
      vertex -66.2918 57.6602 -907.725
    endloop
  endfacet
  facet normal 0.342029 0.93969 0
    outer loop
      vertex -66.741 -70.5262 -898.2
      vertex -66.2918 -70.6897 -898.2
      vertex -66.2918 -70.6897 -907.725
    endloop
  endfacet
  facet normal 0.342029 0.93969 0
    outer loop
      vertex -66.741 -70.5262 -907.725
      vertex -66.741 -70.5262 -898.2
      vertex -66.2918 -70.6897 -907.725
    endloop
  endfacet
  facet normal 0 0 1
    outer loop
      vertex -66.741 57.8238 -898.2
      vertex -28.575 0 -898.2
      vertex -66.2918 57.6602 -898.2
    endloop
  endfacet
  facet normal 0.342213 0.939622 0
    outer loop
      vertex -66.741 57.8238 -898.2
      vertex -66.2918 57.6602 -898.2
      vertex -66.2918 57.6602 -907.725
    endloop
  endfacet
  facet normal 0.342213 0.939622 0
    outer loop
      vertex -66.741 57.8238 -907.725
      vertex -66.741 57.8238 -898.2
      vertex -66.2918 57.6602 -907.725
    endloop
  endfacet
  facet normal 0.342029 -0.93969 0
    outer loop
      vertex -66.741 70.5262 -907.725
      vertex -66.2918 70.6897 -898.2
      vertex -66.741 70.5262 -898.2
    endloop
  endfacet
  facet normal 0.342029 -0.93969 0
    outer loop
      vertex -66.741 70.5262 -907.725
      vertex -66.2918 70.6897 -907.725
      vertex -66.2918 70.6897 -898.2
    endloop
  endfacet
  facet normal 0 0 1
    outer loop
      vertex -67.1778 -58.0182 -898.2
      vertex -66.741 -57.8238 -898.2
      vertex -67.1778 58.0182 -898.2
    endloop
  endfacet
  facet normal 0.406604 -0.913604 0
    outer loop
      vertex -67.1778 -58.0182 -907.725
      vertex -66.741 -57.8238 -898.2
      vertex -67.1778 -58.0182 -898.2
    endloop
  endfacet
  facet normal 0.406604 -0.913604 0
    outer loop
      vertex -67.1778 -58.0182 -907.725
      vertex -66.741 -57.8238 -907.725
      vertex -66.741 -57.8238 -898.2
    endloop
  endfacet
  facet normal 0 0 -1
    outer loop
      vertex -67.1778 -58.0182 -907.725
      vertex -66.741 57.8238 -907.725
      vertex -66.741 -57.8238 -907.725
    endloop
  endfacet
  facet normal 0 0 -1
    outer loop
      vertex -67.1778 -58.0182 -907.725
      vertex -67.1778 58.0182 -907.725
      vertex -66.741 57.8238 -907.725
    endloop
  endfacet
  facet normal 0.406779 0.913527 0
    outer loop
      vertex -67.1778 -70.3317 -898.2
      vertex -66.741 -70.5262 -898.2
      vertex -66.741 -70.5262 -907.725
    endloop
  endfacet
  facet normal 0.406779 0.913527 0
    outer loop
      vertex -67.1778 -70.3317 -907.725
      vertex -67.1778 -70.3317 -898.2
      vertex -66.741 -70.5262 -907.725
    endloop
  endfacet
  facet normal 0 0 1
    outer loop
      vertex -67.1778 58.0182 -898.2
      vertex -66.741 -57.8238 -898.2
      vertex -66.741 57.8238 -898.2
    endloop
  endfacet
  facet normal 0.406604 0.913604 0
    outer loop
      vertex -67.1778 58.0182 -898.2
      vertex -66.741 57.8238 -898.2
      vertex -66.741 57.8238 -907.725
    endloop
  endfacet
  facet normal 0.406604 0.913604 0
    outer loop
      vertex -67.1778 58.0182 -907.725
      vertex -67.1778 58.0182 -898.2
      vertex -66.741 57.8238 -907.725
    endloop
  endfacet
  facet normal 0.406779 -0.913527 0
    outer loop
      vertex -67.1778 70.3317 -907.725
      vertex -66.741 70.5262 -898.2
      vertex -67.1778 70.3317 -898.2
    endloop
  endfacet
  facet normal 0.406779 -0.913527 0
    outer loop
      vertex -67.1778 70.3317 -907.725
      vertex -66.741 70.5262 -907.725
      vertex -66.741 70.5262 -898.2
    endloop
  endfacet
  facet normal 0 0 1
    outer loop
      vertex -67.6 -58.2427 -898.2
      vertex -67.1778 -58.0182 -898.2
      vertex -67.6 58.2427 -898.2
    endloop
  endfacet
  facet normal 0.469492 -0.882937 0
    outer loop
      vertex -67.6 -58.2427 -907.725
      vertex -67.1778 -58.0182 -898.2
      vertex -67.6 -58.2427 -898.2
    endloop
  endfacet
  facet normal 0.469492 -0.882937 0
    outer loop
      vertex -67.6 -58.2427 -907.725
      vertex -67.1778 -58.0182 -907.725
      vertex -67.1778 -58.0182 -898.2
    endloop
  endfacet
  facet normal 0 0 -1
    outer loop
      vertex -67.6 -58.2427 -907.725
      vertex -67.1778 58.0182 -907.725
      vertex -67.1778 -58.0182 -907.725
    endloop
  endfacet
  facet normal 0 0 -1
    outer loop
      vertex -67.6 -58.2427 -907.725
      vertex -67.6 58.2427 -907.725
      vertex -67.1778 58.0182 -907.725
    endloop
  endfacet
  facet normal 0.469329 0.883024 0
    outer loop
      vertex -67.6 -70.1073 -898.2
      vertex -67.1778 -70.3317 -898.2
      vertex -67.1778 -70.3317 -907.725
    endloop
  endfacet
  facet normal 0.469329 0.883024 0
    outer loop
      vertex -67.6 -70.1073 -907.725
      vertex -67.6 -70.1073 -898.2
      vertex -67.1778 -70.3317 -907.725
    endloop
  endfacet
  facet normal 0 0 1
    outer loop
      vertex -67.6 58.2427 -898.2
      vertex -67.1778 -58.0182 -898.2
      vertex -67.1778 58.0182 -898.2
    endloop
  endfacet
  facet normal 0.469492 0.882937 0
    outer loop
      vertex -67.6 58.2427 -898.2
      vertex -67.1778 58.0182 -898.2
      vertex -67.1778 58.0182 -907.725
    endloop
  endfacet
  facet normal 0.469492 0.882937 0
    outer loop
      vertex -67.6 58.2427 -907.725
      vertex -67.6 58.2427 -898.2
      vertex -67.1778 58.0182 -907.725
    endloop
  endfacet
  facet normal 0.469329 -0.883024 0
    outer loop
      vertex -67.6 70.1073 -907.725
      vertex -67.1778 70.3317 -898.2
      vertex -67.6 70.1073 -898.2
    endloop
  endfacet
  facet normal 0.469329 -0.883024 0
    outer loop
      vertex -67.6 70.1073 -907.725
      vertex -67.1778 70.3317 -907.725
      vertex -67.1778 70.3317 -898.2
    endloop
  endfacet
  facet normal 0 0 1
    outer loop
      vertex -68.0055 -58.4961 -898.2
      vertex -67.6 -58.2427 -898.2
      vertex -68.0055 58.4961 -898.2
    endloop
  endfacet
  facet normal 0.529943 -0.848034 0
    outer loop
      vertex -68.0055 -58.4961 -907.725
      vertex -67.6 -58.2427 -898.2
      vertex -68.0055 -58.4961 -898.2
    endloop
  endfacet
  facet normal 0.529943 -0.848034 0
    outer loop
      vertex -68.0055 -58.4961 -907.725
      vertex -67.6 -58.2427 -907.725
      vertex -67.6 -58.2427 -898.2
    endloop
  endfacet
  facet normal 0 0 -1
    outer loop
      vertex -68.0055 -58.4961 -907.725
      vertex -67.6 58.2427 -907.725
      vertex -67.6 -58.2427 -907.725
    endloop
  endfacet
  facet normal 0 0 -1
    outer loop
      vertex -68.0055 -58.4961 -907.725
      vertex -68.0055 58.4961 -907.725
      vertex -67.6 58.2427 -907.725
    endloop
  endfacet
  facet normal 0.529943 0.848034 0
    outer loop
      vertex -68.0055 -69.8539 -898.2
      vertex -67.6 -70.1073 -898.2
      vertex -67.6 -70.1073 -907.725
    endloop
  endfacet
  facet normal 0.529943 0.848034 0
    outer loop
      vertex -68.0055 -69.8539 -907.725
      vertex -68.0055 -69.8539 -898.2
      vertex -67.6 -70.1073 -907.725
    endloop
  endfacet
  facet normal 0 0 1
    outer loop
      vertex -68.0055 58.4961 -898.2
      vertex -67.6 -58.2427 -898.2
      vertex -67.6 58.2427 -898.2
    endloop
  endfacet
  facet normal 0.529943 0.848034 0
    outer loop
      vertex -68.0055 58.4961 -898.2
      vertex -67.6 58.2427 -898.2
      vertex -67.6 58.2427 -907.725
    endloop
  endfacet
  facet normal 0.529943 0.848034 0
    outer loop
      vertex -68.0055 58.4961 -907.725
      vertex -68.0055 58.4961 -898.2
      vertex -67.6 58.2427 -907.725
    endloop
  endfacet
  facet normal 0.529943 -0.848034 0
    outer loop
      vertex -68.0055 69.8539 -907.725
      vertex -67.6 70.1073 -898.2
      vertex -68.0055 69.8539 -898.2
    endloop
  endfacet
  facet normal 0.529943 -0.848034 0
    outer loop
      vertex -68.0055 69.8539 -907.725
      vertex -67.6 70.1073 -907.725
      vertex -67.6 70.1073 -898.2
    endloop
  endfacet
  facet normal 0 0 1
    outer loop
      vertex -68.3923 -58.7771 -898.2
      vertex -68.0055 -58.4961 -898.2
      vertex -68.3923 58.7771 -898.2
    endloop
  endfacet
  facet normal 0.587749 -0.809044 0
    outer loop
      vertex -68.3923 -58.7771 -907.725
      vertex -68.0055 -58.4961 -898.2
      vertex -68.3923 -58.7771 -898.2
    endloop
  endfacet
  facet normal 0.587749 -0.809044 0
    outer loop
      vertex -68.3923 -58.7771 -907.725
      vertex -68.0055 -58.4961 -907.725
      vertex -68.0055 -58.4961 -898.2
    endloop
  endfacet
  facet normal 0 0 -1
    outer loop
      vertex -68.3923 -58.7771 -907.725
      vertex -68.0055 58.4961 -907.725
      vertex -68.0055 -58.4961 -907.725
    endloop
  endfacet
  facet normal 0 0 -1
    outer loop
      vertex -68.3923 -58.7771 -907.725
      vertex -68.3923 58.7771 -907.725
      vertex -68.0055 58.4961 -907.725
    endloop
  endfacet
  facet normal 0.587749 0.809044 0
    outer loop
      vertex -68.3923 -69.5729 -898.2
      vertex -68.0055 -69.8539 -898.2
      vertex -68.0055 -69.8539 -907.725
    endloop
  endfacet
  facet normal 0.587749 0.809044 0
    outer loop
      vertex -68.3923 -69.5729 -907.725
      vertex -68.3923 -69.5729 -898.2
      vertex -68.0055 -69.8539 -907.725
    endloop
  endfacet
  facet normal 0 0 1
    outer loop
      vertex -68.3923 58.7771 -898.2
      vertex -68.0055 -58.4961 -898.2
      vertex -68.0055 58.4961 -898.2
    endloop
  endfacet
  facet normal 0.587749 0.809044 0
    outer loop
      vertex -68.3923 58.7771 -898.2
      vertex -68.0055 58.4961 -898.2
      vertex -68.0055 58.4961 -907.725
    endloop
  endfacet
  facet normal 0.587749 0.809044 0
    outer loop
      vertex -68.3923 58.7771 -907.725
      vertex -68.3923 58.7771 -898.2
      vertex -68.0055 58.4961 -907.725
    endloop
  endfacet
  facet normal 0.587749 -0.809044 0
    outer loop
      vertex -68.3923 69.5729 -907.725
      vertex -68.0055 69.8539 -898.2
      vertex -68.3923 69.5729 -898.2
    endloop
  endfacet
  facet normal 0.587749 -0.809044 0
    outer loop
      vertex -68.3923 69.5729 -907.725
      vertex -68.0055 69.8539 -907.725
      vertex -68.0055 69.8539 -898.2
    endloop
  endfacet
  facet normal 0 0 1
    outer loop
      vertex -68.7585 -59.0845 -898.2
      vertex -68.3923 -58.7771 -898.2
      vertex -68.7585 59.0845 -898.2
    endloop
  endfacet
  facet normal 0.642937 -0.765919 0
    outer loop
      vertex -68.7585 -59.0845 -907.725
      vertex -68.3923 -58.7771 -898.2
      vertex -68.7585 -59.0845 -898.2
    endloop
  endfacet
  facet normal 0.642937 -0.765919 0
    outer loop
      vertex -68.7585 -59.0845 -907.725
      vertex -68.3923 -58.7771 -907.725
      vertex -68.3923 -58.7771 -898.2
    endloop
  endfacet
  facet normal 0 0 -1
    outer loop
      vertex -68.7585 -59.0845 -907.725
      vertex -68.3923 58.7771 -907.725
      vertex -68.3923 -58.7771 -907.725
    endloop
  endfacet
  facet normal 0 0 -1
    outer loop
      vertex -68.7585 -59.0845 -907.725
      vertex -68.7585 59.0845 -907.725
      vertex -68.3923 58.7771 -907.725
    endloop
  endfacet
  facet normal 0.642937 0.765919 0
    outer loop
      vertex -68.7585 -69.2655 -898.2
      vertex -68.3923 -69.5729 -898.2
      vertex -68.3923 -69.5729 -907.725
    endloop
  endfacet
  facet normal 0.642937 0.765919 0
    outer loop
      vertex -68.7585 -69.2655 -907.725
      vertex -68.7585 -69.2655 -898.2
      vertex -68.3923 -69.5729 -907.725
    endloop
  endfacet
  facet normal 0 0 1
    outer loop
      vertex -68.7585 59.0845 -898.2
      vertex -68.3923 -58.7771 -898.2
      vertex -68.3923 58.7771 -898.2
    endloop
  endfacet
  facet normal 0.642937 0.765919 0
    outer loop
      vertex -68.7585 59.0845 -898.2
      vertex -68.3923 58.7771 -898.2
      vertex -68.3923 58.7771 -907.725
    endloop
  endfacet
  facet normal 0.642937 0.765919 0
    outer loop
      vertex -68.7585 59.0845 -907.725
      vertex -68.7585 59.0845 -898.2
      vertex -68.3923 58.7771 -907.725
    endloop
  endfacet
  facet normal 0.642937 -0.765919 0
    outer loop
      vertex -68.7585 69.2655 -907.725
      vertex -68.3923 69.5729 -898.2
      vertex -68.7585 69.2655 -898.2
    endloop
  endfacet
  facet normal 0.642937 -0.765919 0
    outer loop
      vertex -68.7585 69.2655 -907.725
      vertex -68.3923 69.5729 -907.725
      vertex -68.3923 69.5729 -898.2
    endloop
  endfacet
  facet normal 0 0 1
    outer loop
      vertex -69.1025 -59.4166 -898.2
      vertex -68.7585 -59.0845 -898.2
      vertex -69.1025 59.4166 -898.2
    endloop
  endfacet
  facet normal 0.694553 -0.719441 0
    outer loop
      vertex -69.1025 -59.4166 -907.725
      vertex -68.7585 -59.0845 -898.2
      vertex -69.1025 -59.4166 -898.2
    endloop
  endfacet
  facet normal 0.694553 -0.719441 0
    outer loop
      vertex -69.1025 -59.4166 -907.725
      vertex -68.7585 -59.0845 -907.725
      vertex -68.7585 -59.0845 -898.2
    endloop
  endfacet
  facet normal 0 0 -1
    outer loop
      vertex -69.1025 -59.4166 -907.725
      vertex -68.7585 59.0845 -907.725
      vertex -68.7585 -59.0845 -907.725
    endloop
  endfacet
  facet normal 0 0 -1
    outer loop
      vertex -69.1025 -59.4166 -907.725
      vertex -69.1025 59.4166 -907.725
      vertex -68.7585 59.0845 -907.725
    endloop
  endfacet
  facet normal 0.694553 0.719441 0
    outer loop
      vertex -69.1025 -68.9334 -898.2
      vertex -68.7585 -69.2655 -898.2
      vertex -68.7585 -69.2655 -907.725
    endloop
  endfacet
  facet normal 0.694553 0.719441 0
    outer loop
      vertex -69.1025 -68.9334 -907.725
      vertex -69.1025 -68.9334 -898.2
      vertex -68.7585 -69.2655 -907.725
    endloop
  endfacet
  facet normal 0 0 1
    outer loop
      vertex -69.1025 59.4166 -898.2
      vertex -68.7585 -59.0845 -898.2
      vertex -68.7585 59.0845 -898.2
    endloop
  endfacet
  facet normal 0.694553 0.719441 0
    outer loop
      vertex -69.1025 59.4166 -898.2
      vertex -68.7585 59.0845 -898.2
      vertex -68.7585 59.0845 -907.725
    endloop
  endfacet
  facet normal 0.694553 0.719441 0
    outer loop
      vertex -69.1025 59.4166 -907.725
      vertex -69.1025 59.4166 -898.2
      vertex -68.7585 59.0845 -907.725
    endloop
  endfacet
  facet normal 0.694553 -0.719441 0
    outer loop
      vertex -69.1025 68.9334 -907.725
      vertex -68.7585 69.2655 -898.2
      vertex -69.1025 68.9334 -898.2
    endloop
  endfacet
  facet normal 0.694553 -0.719441 0
    outer loop
      vertex -69.1025 68.9334 -907.725
      vertex -68.7585 69.2655 -907.725
      vertex -68.7585 69.2655 -898.2
    endloop
  endfacet
  facet normal 0 0 1
    outer loop
      vertex -69.4224 -59.7719 -898.2
      vertex -69.1025 -59.4166 -898.2
      vertex -69.4224 59.7719 -898.2
    endloop
  endfacet
  facet normal 0.743159 -0.669115 0
    outer loop
      vertex -69.4224 -59.7719 -898.2
      vertex -69.1025 -59.4166 -907.725
      vertex -69.1025 -59.4166 -898.2
    endloop
  endfacet
  facet normal 0.743159 -0.669115 0
    outer loop
      vertex -69.4224 -59.7719 -907.725
      vertex -69.1025 -59.4166 -907.725
      vertex -69.4224 -59.7719 -898.2
    endloop
  endfacet
  facet normal 0 0 -1
    outer loop
      vertex -69.4224 -59.7719 -907.725
      vertex -69.1025 59.4166 -907.725
      vertex -69.1025 -59.4166 -907.725
    endloop
  endfacet
  facet normal 0 0 -1
    outer loop
      vertex -69.4224 -59.7719 -907.725
      vertex -69.4224 59.7719 -907.725
      vertex -69.1025 59.4166 -907.725
    endloop
  endfacet
  facet normal 0.743159 0.669115 0
    outer loop
      vertex -69.4224 -68.5781 -907.725
      vertex -69.1025 -68.9334 -898.2
      vertex -69.1025 -68.9334 -907.725
    endloop
  endfacet
  facet normal 0.743159 0.669115 0
    outer loop
      vertex -69.4224 -68.5781 -907.725
      vertex -69.4224 -68.5781 -898.2
      vertex -69.1025 -68.9334 -898.2
    endloop
  endfacet
  facet normal 0 0 1
    outer loop
      vertex -69.4224 59.7719 -898.2
      vertex -69.1025 -59.4166 -898.2
      vertex -69.1025 59.4166 -898.2
    endloop
  endfacet
  facet normal 0.743159 0.669115 0
    outer loop
      vertex -69.4224 59.7719 -907.725
      vertex -69.1025 59.4166 -898.2
      vertex -69.1025 59.4166 -907.725
    endloop
  endfacet
  facet normal 0.743159 0.669115 0
    outer loop
      vertex -69.4224 59.7719 -907.725
      vertex -69.4224 59.7719 -898.2
      vertex -69.1025 59.4166 -898.2
    endloop
  endfacet
  facet normal 0.743159 -0.669115 0
    outer loop
      vertex -69.4224 68.5781 -898.2
      vertex -69.1025 68.9334 -907.725
      vertex -69.1025 68.9334 -898.2
    endloop
  endfacet
  facet normal 0.743159 -0.669115 0
    outer loop
      vertex -69.4224 68.5781 -907.725
      vertex -69.1025 68.9334 -907.725
      vertex -69.4224 68.5781 -898.2
    endloop
  endfacet
  facet normal 0 0 1
    outer loop
      vertex -69.7168 -60.1487 -898.2
      vertex -69.4224 -59.7719 -898.2
      vertex -69.7168 60.1487 -898.2
    endloop
  endfacet
  facet normal 0.787999 -0.615677 0
    outer loop
      vertex -69.7168 -60.1487 -898.2
      vertex -69.4224 -59.7719 -907.725
      vertex -69.4224 -59.7719 -898.2
    endloop
  endfacet
  facet normal 0.787999 -0.615677 0
    outer loop
      vertex -69.7168 -60.1487 -907.725
      vertex -69.4224 -59.7719 -907.725
      vertex -69.7168 -60.1487 -898.2
    endloop
  endfacet
  facet normal 0 0 -1
    outer loop
      vertex -69.7168 -60.1487 -907.725
      vertex -69.4224 59.7719 -907.725
      vertex -69.4224 -59.7719 -907.725
    endloop
  endfacet
  facet normal 0 0 -1
    outer loop
      vertex -69.7168 -60.1487 -907.725
      vertex -69.7168 60.1487 -907.725
      vertex -69.4224 59.7719 -907.725
    endloop
  endfacet
  facet normal 0.787999 0.615677 0
    outer loop
      vertex -69.7168 -68.2013 -907.725
      vertex -69.4224 -68.5781 -898.2
      vertex -69.4224 -68.5781 -907.725
    endloop
  endfacet
  facet normal 0.787999 0.615677 0
    outer loop
      vertex -69.7168 -68.2013 -907.725
      vertex -69.7168 -68.2013 -898.2
      vertex -69.4224 -68.5781 -898.2
    endloop
  endfacet
  facet normal 0 0 1
    outer loop
      vertex -69.7168 60.1487 -898.2
      vertex -69.4224 -59.7719 -898.2
      vertex -69.4224 59.7719 -898.2
    endloop
  endfacet
  facet normal 0.787999 0.615677 0
    outer loop
      vertex -69.7168 60.1487 -907.725
      vertex -69.4224 59.7719 -898.2
      vertex -69.4224 59.7719 -907.725
    endloop
  endfacet
  facet normal 0.787999 0.615677 0
    outer loop
      vertex -69.7168 60.1487 -907.725
      vertex -69.7168 60.1487 -898.2
      vertex -69.4224 59.7719 -898.2
    endloop
  endfacet
  facet normal 0.787999 -0.615677 0
    outer loop
      vertex -69.7168 68.2013 -898.2
      vertex -69.4224 68.5781 -907.725
      vertex -69.4224 68.5781 -898.2
    endloop
  endfacet
  facet normal 0.787999 -0.615677 0
    outer loop
      vertex -69.7168 68.2013 -907.725
      vertex -69.4224 68.5781 -907.725
      vertex -69.7168 68.2013 -898.2
    endloop
  endfacet
  facet normal 0 0 1
    outer loop
      vertex -69.9841 -60.545 -898.2
      vertex -69.7168 -60.1487 -898.2
      vertex -69.9841 60.545 -898.2
    endloop
  endfacet
  facet normal 0.829045 -0.559182 0
    outer loop
      vertex -69.9841 -60.545 -898.2
      vertex -69.7168 -60.1487 -907.725
      vertex -69.7168 -60.1487 -898.2
    endloop
  endfacet
  facet normal 0.829045 -0.559182 0
    outer loop
      vertex -69.9841 -60.545 -907.725
      vertex -69.7168 -60.1487 -907.725
      vertex -69.9841 -60.545 -898.2
    endloop
  endfacet
  facet normal 0 0 -1
    outer loop
      vertex -69.9841 -60.545 -907.725
      vertex -69.7168 60.1487 -907.725
      vertex -69.7168 -60.1487 -907.725
    endloop
  endfacet
  facet normal 0 0 -1
    outer loop
      vertex -69.9841 -60.545 -907.725
      vertex -69.9841 60.545 -907.725
      vertex -69.7168 60.1487 -907.725
    endloop
  endfacet
  facet normal 0.82911 0.559085 0
    outer loop
      vertex -69.9841 -67.8049 -907.725
      vertex -69.7168 -68.2013 -898.2
      vertex -69.7168 -68.2013 -907.725
    endloop
  endfacet
  facet normal 0.82911 0.559085 0
    outer loop
      vertex -69.9841 -67.8049 -907.725
      vertex -69.9841 -67.8049 -898.2
      vertex -69.7168 -68.2013 -898.2
    endloop
  endfacet
  facet normal 0 0 1
    outer loop
      vertex -69.9841 60.545 -898.2
      vertex -69.7168 -60.1487 -898.2
      vertex -69.7168 60.1487 -898.2
    endloop
  endfacet
  facet normal 0.829045 0.559182 0
    outer loop
      vertex -69.9841 60.545 -907.725
      vertex -69.7168 60.1487 -898.2
      vertex -69.7168 60.1487 -907.725
    endloop
  endfacet
  facet normal 0.829045 0.559182 0
    outer loop
      vertex -69.9841 60.545 -907.725
      vertex -69.9841 60.545 -898.2
      vertex -69.7168 60.1487 -898.2
    endloop
  endfacet
  facet normal 0.82911 -0.559085 0
    outer loop
      vertex -69.9841 67.8049 -898.2
      vertex -69.7168 68.2013 -907.725
      vertex -69.7168 68.2013 -898.2
    endloop
  endfacet
  facet normal 0.82911 -0.559085 0
    outer loop
      vertex -69.9841 67.8049 -907.725
      vertex -69.7168 68.2013 -907.725
      vertex -69.9841 67.8049 -898.2
    endloop
  endfacet
  facet normal 0.275627 0.961265 0
    outer loop
      vertex -7.88828 -24.2776 -1.90735e-07
      vertex -6.17554 -24.7687 -1.90735e-07
      vertex -6.17554 -24.7687 -898.2
    endloop
  endfacet
  facet normal 0 0 1
    outer loop
      vertex -7.88828 -24.2776 -1.90735e-07
      vertex -6.91292 -27.7262 -1.90735e-07
      vertex -6.17554 -24.7687 -1.90735e-07
    endloop
  endfacet
  facet normal 0.275627 0.961265 0
    outer loop
      vertex -7.88828 -24.2776 -898.2
      vertex -6.17554 -24.7687 -898.2
      vertex -6.17554 -24.7687 -907.725
    endloop
  endfacet
  facet normal 0.275627 0.961265 0
    outer loop
      vertex -7.88828 -24.2776 -898.2
      vertex -7.88828 -24.2776 -1.90735e-07
      vertex -6.17554 -24.7687 -898.2
    endloop
  endfacet
  facet normal 0.275627 0.961265 0
    outer loop
      vertex -7.88828 -24.2776 -907.725
      vertex -7.88828 -24.2776 -898.2
      vertex -6.17554 -24.7687 -907.725
    endloop
  endfacet
  facet normal 0 0 1
    outer loop
      vertex -7.88828 24.2776 -1.90735e-07
      vertex -6.17554 24.7687 -1.90735e-07
      vertex -6.91292 27.7262 -1.90735e-07
    endloop
  endfacet
  facet normal 0.275627 -0.961265 0
    outer loop
      vertex -7.88828 24.2776 -898.2
      vertex -6.17554 24.7687 -1.90735e-07
      vertex -7.88828 24.2776 -1.90735e-07
    endloop
  endfacet
  facet normal 0.275627 -0.961265 0
    outer loop
      vertex -7.88828 24.2776 -898.2
      vertex -6.17554 24.7687 -898.2
      vertex -6.17554 24.7687 -1.90735e-07
    endloop
  endfacet
  facet normal 0.275627 -0.961265 0
    outer loop
      vertex -7.88828 24.2776 -907.725
      vertex -6.17554 24.7687 -898.2
      vertex -7.88828 24.2776 -898.2
    endloop
  endfacet
  facet normal 0.275627 -0.961265 0
    outer loop
      vertex -7.88828 24.2776 -907.725
      vertex -6.17554 24.7687 -907.725
      vertex -6.17554 24.7687 -898.2
    endloop
  endfacet
  facet normal 0 0 1
    outer loop
      vertex -70.2232 -60.9591 -898.2
      vertex -69.9841 -60.545 -898.2
      vertex -70.2232 60.9591 -898.2
    endloop
  endfacet
  facet normal 0.866008 -0.50003 0
    outer loop
      vertex -70.2232 -60.9591 -898.2
      vertex -69.9841 -60.545 -907.725
      vertex -69.9841 -60.545 -898.2
    endloop
  endfacet
  facet normal 0.866008 -0.50003 0
    outer loop
      vertex -70.2232 -60.9591 -907.725
      vertex -69.9841 -60.545 -907.725
      vertex -70.2232 -60.9591 -898.2
    endloop
  endfacet
  facet normal 0 0 -1
    outer loop
      vertex -70.2232 -60.9591 -907.725
      vertex -69.9841 60.545 -907.725
      vertex -69.9841 -60.545 -907.725
    endloop
  endfacet
  facet normal 0 0 -1
    outer loop
      vertex -70.2232 -60.9591 -907.725
      vertex -70.2232 60.9591 -907.725
      vertex -69.9841 60.545 -907.725
    endloop
  endfacet
  facet normal 0.865956 0.500121 0
    outer loop
      vertex -70.2232 -67.3909 -907.725
      vertex -69.9841 -67.8049 -898.2
      vertex -69.9841 -67.8049 -907.725
    endloop
  endfacet
  facet normal 0.865956 0.500121 0
    outer loop
      vertex -70.2232 -67.3909 -907.725
      vertex -70.2232 -67.3909 -898.2
      vertex -69.9841 -67.8049 -898.2
    endloop
  endfacet
  facet normal 0 0 1
    outer loop
      vertex -70.2232 60.9591 -898.2
      vertex -69.9841 -60.545 -898.2
      vertex -69.9841 60.545 -898.2
    endloop
  endfacet
  facet normal 0.866008 0.50003 0
    outer loop
      vertex -70.2232 60.9591 -907.725
      vertex -69.9841 60.545 -898.2
      vertex -69.9841 60.545 -907.725
    endloop
  endfacet
  facet normal 0.866008 0.50003 0
    outer loop
      vertex -70.2232 60.9591 -907.725
      vertex -70.2232 60.9591 -898.2
      vertex -69.9841 60.545 -898.2
    endloop
  endfacet
  facet normal 0.865956 -0.500121 0
    outer loop
      vertex -70.2232 67.3909 -898.2
      vertex -69.9841 67.8049 -907.725
      vertex -69.9841 67.8049 -898.2
    endloop
  endfacet
  facet normal 0.865956 -0.500121 0
    outer loop
      vertex -70.2232 67.3909 -907.725
      vertex -69.9841 67.8049 -907.725
      vertex -70.2232 67.3909 -898.2
    endloop
  endfacet
  facet normal 0 0 1
    outer loop
      vertex -70.4328 -61.3888 -898.2
      vertex -70.2232 -60.9591 -898.2
      vertex -70.4328 61.3888 -898.2
    endloop
  endfacet
  facet normal 0.898776 -0.438407 0
    outer loop
      vertex -70.4328 -61.3888 -898.2
      vertex -70.2232 -60.9591 -907.725
      vertex -70.2232 -60.9591 -898.2
    endloop
  endfacet
  facet normal 0.898776 -0.438407 0
    outer loop
      vertex -70.4328 -61.3888 -907.725
      vertex -70.2232 -60.9591 -907.725
      vertex -70.4328 -61.3888 -898.2
    endloop
  endfacet
  facet normal 0 0 -1
    outer loop
      vertex -70.4328 -61.3888 -907.725
      vertex -70.2232 60.9591 -907.725
      vertex -70.2232 -60.9591 -907.725
    endloop
  endfacet
  facet normal 0 0 -1
    outer loop
      vertex -70.4328 -61.3888 -907.725
      vertex -70.4328 61.3888 -907.725
      vertex -70.2232 60.9591 -907.725
    endloop
  endfacet
  facet normal 0.898817 0.438325 0
    outer loop
      vertex -70.4328 -66.9611 -907.725
      vertex -70.2232 -67.3909 -898.2
      vertex -70.2232 -67.3909 -907.725
    endloop
  endfacet
  facet normal 0.898817 0.438325 0
    outer loop
      vertex -70.4328 -66.9611 -907.725
      vertex -70.4328 -66.9611 -898.2
      vertex -70.2232 -67.3909 -898.2
    endloop
  endfacet
  facet normal 0 0 1
    outer loop
      vertex -70.4328 61.3888 -898.2
      vertex -70.2232 -60.9591 -898.2
      vertex -70.2232 60.9591 -898.2
    endloop
  endfacet
  facet normal 0.898776 0.438407 0
    outer loop
      vertex -70.4328 61.3888 -907.725
      vertex -70.2232 60.9591 -898.2
      vertex -70.2232 60.9591 -907.725
    endloop
  endfacet
  facet normal 0.898776 0.438407 0
    outer loop
      vertex -70.4328 61.3888 -907.725
      vertex -70.4328 61.3888 -898.2
      vertex -70.2232 60.9591 -898.2
    endloop
  endfacet
  facet normal 0.898817 -0.438325 0
    outer loop
      vertex -70.4328 66.9611 -898.2
      vertex -70.2232 67.3909 -907.725
      vertex -70.2232 67.3909 -898.2
    endloop
  endfacet
  facet normal 0.898817 -0.438325 0
    outer loop
      vertex -70.4328 66.9611 -907.725
      vertex -70.2232 67.3909 -907.725
      vertex -70.4328 66.9611 -898.2
    endloop
  endfacet
  facet normal 0.927217 -0.374525 0
    outer loop
      vertex -70.6119 -61.8322 -898.2
      vertex -70.4328 -61.3888 -907.725
      vertex -70.4328 -61.3888 -898.2
    endloop
  endfacet
  facet normal 0.927217 -0.374525 0
    outer loop
      vertex -70.6119 -61.8322 -907.725
      vertex -70.4328 -61.3888 -907.725
      vertex -70.6119 -61.8322 -898.2
    endloop
  endfacet
  facet normal 0.927187 0.374598 0
    outer loop
      vertex -70.6119 -66.5178 -907.725
      vertex -70.4328 -66.9611 -898.2
      vertex -70.4328 -66.9611 -907.725
    endloop
  endfacet
  facet normal 0.927187 0.374598 0
    outer loop
      vertex -70.6119 -66.5178 -907.725
      vertex -70.6119 -66.5178 -898.2
      vertex -70.4328 -66.9611 -898.2
    endloop
  endfacet
  facet normal 0.927217 0.374525 0
    outer loop
      vertex -70.6119 61.8322 -907.725
      vertex -70.4328 61.3888 -898.2
      vertex -70.4328 61.3888 -907.725
    endloop
  endfacet
  facet normal 0.927217 0.374525 0
    outer loop
      vertex -70.6119 61.8322 -907.725
      vertex -70.6119 61.8322 -898.2
      vertex -70.4328 61.3888 -898.2
    endloop
  endfacet
  facet normal 0.927187 -0.374598 0
    outer loop
      vertex -70.6119 66.5178 -898.2
      vertex -70.4328 66.9611 -907.725
      vertex -70.4328 66.9611 -898.2
    endloop
  endfacet
  facet normal 0.927187 -0.374598 0
    outer loop
      vertex -70.6119 66.5178 -907.725
      vertex -70.4328 66.9611 -907.725
      vertex -70.6119 66.5178 -898.2
    endloop
  endfacet
  facet normal 0.951082 -0.308939 0
    outer loop
      vertex -70.7596 -62.2869 -898.2
      vertex -70.6119 -61.8322 -907.725
      vertex -70.6119 -61.8322 -898.2
    endloop
  endfacet
  facet normal 0.951082 -0.308939 0
    outer loop
      vertex -70.7596 -62.2869 -907.725
      vertex -70.6119 -61.8322 -907.725
      vertex -70.7596 -62.2869 -898.2
    endloop
  endfacet
  facet normal 0.951082 0.308939 0
    outer loop
      vertex -70.7596 -66.0631 -907.725
      vertex -70.6119 -66.5178 -898.2
      vertex -70.6119 -66.5178 -907.725
    endloop
  endfacet
  facet normal 0.951082 0.308939 0
    outer loop
      vertex -70.7596 -66.0631 -907.725
      vertex -70.7596 -66.0631 -898.2
      vertex -70.6119 -66.5178 -898.2
    endloop
  endfacet
  facet normal 0.951082 0.308939 0
    outer loop
      vertex -70.7596 62.2869 -907.725
      vertex -70.6119 61.8322 -898.2
      vertex -70.6119 61.8322 -907.725
    endloop
  endfacet
  facet normal 0.951082 0.308939 0
    outer loop
      vertex -70.7596 62.2869 -907.725
      vertex -70.7596 62.2869 -898.2
      vertex -70.6119 61.8322 -898.2
    endloop
  endfacet
  facet normal 0.951082 -0.308939 0
    outer loop
      vertex -70.7596 66.0631 -898.2
      vertex -70.6119 66.5178 -907.725
      vertex -70.6119 66.5178 -898.2
    endloop
  endfacet
  facet normal 0.951082 -0.308939 0
    outer loop
      vertex -70.7596 66.0631 -907.725
      vertex -70.6119 66.5178 -907.725
      vertex -70.7596 66.0631 -898.2
    endloop
  endfacet
  facet normal 0.970278 -0.241994 0
    outer loop
      vertex -70.8753 -62.7508 -898.2
      vertex -70.7596 -62.2869 -907.725
      vertex -70.7596 -62.2869 -898.2
    endloop
  endfacet
  facet normal 0.970278 -0.241994 0
    outer loop
      vertex -70.8753 -62.7508 -907.725
      vertex -70.7596 -62.2869 -907.725
      vertex -70.8753 -62.7508 -898.2
    endloop
  endfacet
  facet normal 0.970278 0.241994 0
    outer loop
      vertex -70.8753 -65.5992 -907.725
      vertex -70.7596 -66.0631 -898.2
      vertex -70.7596 -66.0631 -907.725
    endloop
  endfacet
  facet normal 0.970278 0.241994 0
    outer loop
      vertex -70.8753 -65.5992 -907.725
      vertex -70.8753 -65.5992 -898.2
      vertex -70.7596 -66.0631 -898.2
    endloop
  endfacet
  facet normal 0.970278 0.241994 0
    outer loop
      vertex -70.8753 62.7508 -907.725
      vertex -70.7596 62.2869 -898.2
      vertex -70.7596 62.2869 -907.725
    endloop
  endfacet
  facet normal 0.970278 0.241994 0
    outer loop
      vertex -70.8753 62.7508 -907.725
      vertex -70.8753 62.7508 -898.2
      vertex -70.7596 62.2869 -898.2
    endloop
  endfacet
  facet normal 0.970278 -0.241994 0
    outer loop
      vertex -70.8753 65.5992 -898.2
      vertex -70.7596 66.0631 -907.725
      vertex -70.7596 66.0631 -898.2
    endloop
  endfacet
  facet normal 0.970278 -0.241994 0
    outer loop
      vertex -70.8753 65.5992 -907.725
      vertex -70.7596 66.0631 -907.725
      vertex -70.8753 65.5992 -898.2
    endloop
  endfacet
  facet normal 0.984813 -0.173618 0
    outer loop
      vertex -70.9583 -63.2216 -898.2
      vertex -70.8753 -62.7508 -907.725
      vertex -70.8753 -62.7508 -898.2
    endloop
  endfacet
  facet normal 0.984813 -0.173618 0
    outer loop
      vertex -70.9583 -63.2216 -907.725
      vertex -70.8753 -62.7508 -907.725
      vertex -70.9583 -63.2216 -898.2
    endloop
  endfacet
  facet normal 0.984819 0.173583 0
    outer loop
      vertex -70.9583 -65.1283 -907.725
      vertex -70.8753 -65.5992 -898.2
      vertex -70.8753 -65.5992 -907.725
    endloop
  endfacet
  facet normal 0.984819 0.173583 0
    outer loop
      vertex -70.9583 -65.1283 -907.725
      vertex -70.9583 -65.1283 -898.2
      vertex -70.8753 -65.5992 -898.2
    endloop
  endfacet
  facet normal 0.984813 0.173618 0
    outer loop
      vertex -70.9583 63.2216 -907.725
      vertex -70.8753 62.7508 -898.2
      vertex -70.8753 62.7508 -907.725
    endloop
  endfacet
  facet normal 0.984813 0.173618 0
    outer loop
      vertex -70.9583 63.2216 -907.725
      vertex -70.9583 63.2216 -898.2
      vertex -70.8753 62.7508 -898.2
    endloop
  endfacet
  facet normal 0.984819 -0.173583 0
    outer loop
      vertex -70.9583 65.1283 -898.2
      vertex -70.8753 65.5992 -907.725
      vertex -70.8753 65.5992 -898.2
    endloop
  endfacet
  facet normal 0.984819 -0.173583 0
    outer loop
      vertex -70.9583 65.1283 -907.725
      vertex -70.8753 65.5992 -907.725
      vertex -70.9583 65.1283 -898.2
    endloop
  endfacet
  facet normal 0.994519 -0.104554 0
    outer loop
      vertex -71.0083 -63.6972 -898.2
      vertex -70.9583 -63.2216 -907.725
      vertex -70.9583 -63.2216 -898.2
    endloop
  endfacet
  facet normal 0.994519 -0.104554 0
    outer loop
      vertex -71.0083 -63.6972 -907.725
      vertex -70.9583 -63.2216 -907.725
      vertex -71.0083 -63.6972 -898.2
    endloop
  endfacet
  facet normal 0.994517 0.104576 0
    outer loop
      vertex -71.0083 -64.6528 -907.725
      vertex -70.9583 -65.1283 -898.2
      vertex -70.9583 -65.1283 -907.725
    endloop
  endfacet
  facet normal 0.994517 0.104576 0
    outer loop
      vertex -71.0083 -64.6528 -907.725
      vertex -71.0083 -64.6528 -898.2
      vertex -70.9583 -65.1283 -898.2
    endloop
  endfacet
  facet normal 0.994519 0.104554 0
    outer loop
      vertex -71.0083 63.6972 -907.725
      vertex -70.9583 63.2216 -898.2
      vertex -70.9583 63.2216 -907.725
    endloop
  endfacet
  facet normal 0.994519 0.104554 0
    outer loop
      vertex -71.0083 63.6972 -907.725
      vertex -71.0083 63.6972 -898.2
      vertex -70.9583 63.2216 -898.2
    endloop
  endfacet
  facet normal 0.994517 -0.104576 0
    outer loop
      vertex -71.0083 64.6528 -898.2
      vertex -70.9583 65.1283 -907.725
      vertex -70.9583 65.1283 -898.2
    endloop
  endfacet
  facet normal 0.994517 -0.104576 0
    outer loop
      vertex -71.0083 64.6528 -907.725
      vertex -70.9583 65.1283 -907.725
      vertex -71.0083 64.6528 -898.2
    endloop
  endfacet
  facet normal 0.99939 -0.0349305 0
    outer loop
      vertex -71.025 -64.175 -898.2
      vertex -71.0083 -63.6972 -907.725
      vertex -71.0083 -63.6972 -898.2
    endloop
  endfacet
  facet normal 0.99939 -0.0349305 0
    outer loop
      vertex -71.025 -64.175 -907.725
      vertex -71.0083 -63.6972 -907.725
      vertex -71.025 -64.175 -898.2
    endloop
  endfacet
  facet normal 0.99939 0.0349305 0
    outer loop
      vertex -71.025 -64.175 -907.725
      vertex -71.0083 -64.6528 -898.2
      vertex -71.0083 -64.6528 -907.725
    endloop
  endfacet
  facet normal 0.99939 0.0349305 0
    outer loop
      vertex -71.025 -64.175 -907.725
      vertex -71.025 -64.175 -898.2
      vertex -71.0083 -64.6528 -898.2
    endloop
  endfacet
  facet normal 0.99939 -0.0349305 0
    outer loop
      vertex -71.025 64.175 -898.2
      vertex -71.0083 64.6528 -907.725
      vertex -71.0083 64.6528 -898.2
    endloop
  endfacet
  facet normal 0.99939 0.0349305 0
    outer loop
      vertex -71.025 64.175 -907.725
      vertex -71.0083 63.6972 -898.2
      vertex -71.0083 63.6972 -907.725
    endloop
  endfacet
  facet normal 0.99939 -0.0349305 0
    outer loop
      vertex -71.025 64.175 -907.725
      vertex -71.0083 64.6528 -907.725
      vertex -71.025 64.175 -898.2
    endloop
  endfacet
  facet normal 0.99939 0.0349305 0
    outer loop
      vertex -71.025 64.175 -907.725
      vertex -71.025 64.175 -898.2
      vertex -71.0083 63.6972 -898.2
    endloop
  endfacet
  facet normal 0 0 1
    outer loop
      vertex -8.83016 -27.1764 -1.90735e-07
      vertex -6.91292 -27.7262 -1.90735e-07
      vertex -7.88828 -24.2776 -1.90735e-07
    endloop
  endfacet
  facet normal -0.275656 -0.961256 0
    outer loop
      vertex -8.83016 -27.1764 -898.2
      vertex -6.91292 -27.7262 -1.90735e-07
      vertex -8.83016 -27.1764 -1.90735e-07
    endloop
  endfacet
  facet normal -0.275656 -0.961256 0
    outer loop
      vertex -8.83016 -27.1764 -898.2
      vertex -6.91292 -27.7262 -898.2
      vertex -6.91292 -27.7262 -1.90735e-07
    endloop
  endfacet
  facet normal -0.275656 0.961256 0
    outer loop
      vertex -8.83016 27.1764 -1.90735e-07
      vertex -6.91292 27.7262 -1.90735e-07
      vertex -6.91292 27.7262 -898.2
    endloop
  endfacet
  facet normal 0 0 1
    outer loop
      vertex -8.83016 27.1764 -1.90735e-07
      vertex -7.88828 24.2776 -1.90735e-07
      vertex -6.91292 27.7262 -1.90735e-07
    endloop
  endfacet
  facet normal -0.275656 0.961256 0
    outer loop
      vertex -8.83016 27.1764 -898.2
      vertex -8.83016 27.1764 -1.90735e-07
      vertex -6.91292 27.7262 -898.2
    endloop
  endfacet
  facet normal 0 0 1
    outer loop
      vertex -85.725 -85.725 -898.2
      vertex -61.1721 -70.3317 -898.2
      vertex -61.6089 -70.5262 -898.2
    endloop
  endfacet
  facet normal 0 0 1
    outer loop
      vertex -85.725 -85.725 -898.2
      vertex -61.6089 -70.5262 -898.2
      vertex -62.0582 -70.6897 -898.2
    endloop
  endfacet
  facet normal 0 0 1
    outer loop
      vertex -85.725 -85.725 -898.2
      vertex -62.0582 -70.6897 -898.2
      vertex -62.5178 -70.8215 -898.2
    endloop
  endfacet
  facet normal 0 0 1
    outer loop
      vertex -85.725 -85.725 -898.2
      vertex -62.5178 -70.8215 -898.2
      vertex -62.9855 -70.9209 -898.2
    endloop
  endfacet
  facet normal 0 0 1
    outer loop
      vertex -85.725 -85.725 -898.2
      vertex -62.9855 -70.9209 -898.2
      vertex -63.459 -70.9875 -898.2
    endloop
  endfacet
  facet normal 0 0 1
    outer loop
      vertex -85.725 -85.725 -898.2
      vertex -63.459 -70.9875 -898.2
      vertex -63.9359 -71.0208 -898.2
    endloop
  endfacet
  facet normal 0 0 1
    outer loop
      vertex -85.725 -85.725 -898.2
      vertex -63.9359 -71.0208 -898.2
      vertex -64.414 -71.0208 -898.2
    endloop
  endfacet
  facet normal 0 0 1
    outer loop
      vertex -85.725 -85.725 -898.2
      vertex -64.414 -71.0208 -898.2
      vertex -64.891 -70.9875 -898.2
    endloop
  endfacet
  facet normal 0 0 1
    outer loop
      vertex -85.725 -85.725 -898.2
      vertex -64.891 -70.9875 -898.2
      vertex -65.3645 -70.9209 -898.2
    endloop
  endfacet
  facet normal 0 0 1
    outer loop
      vertex -85.725 -85.725 -898.2
      vertex -65.3645 -70.9209 -898.2
      vertex -65.8322 -70.8215 -898.2
    endloop
  endfacet
  facet normal 0 0 1
    outer loop
      vertex -85.725 -85.725 -898.2
      vertex -65.8322 -70.8215 -898.2
      vertex -66.2918 -70.6897 -898.2
    endloop
  endfacet
  facet normal 0 0 1
    outer loop
      vertex -85.725 -85.725 -898.2
      vertex -66.2918 -70.6897 -898.2
      vertex -66.741 -70.5262 -898.2
    endloop
  endfacet
  facet normal 0 0 1
    outer loop
      vertex -85.725 -85.725 -898.2
      vertex -66.741 -70.5262 -898.2
      vertex -67.1778 -70.3317 -898.2
    endloop
  endfacet
  facet normal 0 0 1
    outer loop
      vertex -85.725 -85.725 -898.2
      vertex -67.1778 -70.3317 -898.2
      vertex -67.6 -70.1073 -898.2
    endloop
  endfacet
  facet normal 0 0 1
    outer loop
      vertex -85.725 -85.725 -898.2
      vertex -67.6 -70.1073 -898.2
      vertex -68.0055 -69.8539 -898.2
    endloop
  endfacet
  facet normal 0 0 1
    outer loop
      vertex -85.725 -85.725 -898.2
      vertex -68.0055 -69.8539 -898.2
      vertex -68.3923 -69.5729 -898.2
    endloop
  endfacet
  facet normal 0 0 1
    outer loop
      vertex -85.725 -85.725 -898.2
      vertex -68.3923 -69.5729 -898.2
      vertex -68.7585 -69.2655 -898.2
    endloop
  endfacet
  facet normal 0 0 1
    outer loop
      vertex -85.725 -85.725 -898.2
      vertex -68.7585 -69.2655 -898.2
      vertex -69.1025 -68.9334 -898.2
    endloop
  endfacet
  facet normal 0 0 1
    outer loop
      vertex -85.725 -85.725 -898.2
      vertex -69.1025 -68.9334 -898.2
      vertex -69.4224 -68.5781 -898.2
    endloop
  endfacet
  facet normal 0 0 1
    outer loop
      vertex -85.725 -85.725 -898.2
      vertex -69.4224 -68.5781 -898.2
      vertex -69.7168 -68.2013 -898.2
    endloop
  endfacet
  facet normal 0 0 1
    outer loop
      vertex -85.725 -85.725 -898.2
      vertex -69.7168 -68.2013 -898.2
      vertex -69.9841 -67.8049 -898.2
    endloop
  endfacet
  facet normal 0 0 1
    outer loop
      vertex -85.725 -85.725 -898.2
      vertex -69.9841 -67.8049 -898.2
      vertex -70.2232 -67.3909 -898.2
    endloop
  endfacet
  facet normal 0 0 1
    outer loop
      vertex -85.725 -85.725 -898.2
      vertex -70.2232 -67.3909 -898.2
      vertex -70.4328 -66.9611 -898.2
    endloop
  endfacet
  facet normal 0 0 1
    outer loop
      vertex -85.725 -85.725 -898.2
      vertex -70.4328 -61.3888 -898.2
      vertex -85.725 85.725 -898.2
    endloop
  endfacet
  facet normal 0 0 1
    outer loop
      vertex -85.725 -85.725 -898.2
      vertex -70.4328 -66.9611 -898.2
      vertex -70.6119 -66.5178 -898.2
    endloop
  endfacet
  facet normal 0 0 1
    outer loop
      vertex -85.725 -85.725 -898.2
      vertex -70.6119 -61.8322 -898.2
      vertex -70.4328 -61.3888 -898.2
    endloop
  endfacet
  facet normal 0 0 1
    outer loop
      vertex -85.725 -85.725 -898.2
      vertex -70.6119 -66.5178 -898.2
      vertex -70.7596 -66.0631 -898.2
    endloop
  endfacet
  facet normal 0 0 1
    outer loop
      vertex -85.725 -85.725 -898.2
      vertex -70.7596 -62.2869 -898.2
      vertex -70.6119 -61.8322 -898.2
    endloop
  endfacet
  facet normal 0 0 1
    outer loop
      vertex -85.725 -85.725 -898.2
      vertex -70.7596 -66.0631 -898.2
      vertex -70.8753 -65.5992 -898.2
    endloop
  endfacet
  facet normal 0 0 1
    outer loop
      vertex -85.725 -85.725 -898.2
      vertex -70.8753 -62.7508 -898.2
      vertex -70.7596 -62.2869 -898.2
    endloop
  endfacet
  facet normal 0 0 1
    outer loop
      vertex -85.725 -85.725 -898.2
      vertex -70.8753 -65.5992 -898.2
      vertex -70.9583 -65.1283 -898.2
    endloop
  endfacet
  facet normal 0 0 1
    outer loop
      vertex -85.725 -85.725 -898.2
      vertex -70.9583 -63.2216 -898.2
      vertex -70.8753 -62.7508 -898.2
    endloop
  endfacet
  facet normal 0 0 1
    outer loop
      vertex -85.725 -85.725 -898.2
      vertex -70.9583 -65.1283 -898.2
      vertex -71.0083 -64.6528 -898.2
    endloop
  endfacet
  facet normal 0 0 1
    outer loop
      vertex -85.725 -85.725 -898.2
      vertex -71.0083 -63.6972 -898.2
      vertex -70.9583 -63.2216 -898.2
    endloop
  endfacet
  facet normal 0 0 1
    outer loop
      vertex -85.725 -85.725 -898.2
      vertex -71.0083 -64.6528 -898.2
      vertex -71.025 -64.175 -898.2
    endloop
  endfacet
  facet normal 0 0 1
    outer loop
      vertex -85.725 -85.725 -898.2
      vertex -71.025 -64.175 -898.2
      vertex -71.0083 -63.6972 -898.2
    endloop
  endfacet
  facet normal 0 0 1
    outer loop
      vertex -85.725 -85.725 -898.2
      vertex 85.725 -85.725 -898.2
      vertex -61.1721 -70.3317 -898.2
    endloop
  endfacet
  facet normal 0 0 -1
    outer loop
      vertex -85.725 -85.725 -907.725
      vertex -61.1721 -70.3317 -907.725
      vertex 85.725 -85.725 -907.725
    endloop
  endfacet
  facet normal 0 0 -1
    outer loop
      vertex -85.725 -85.725 -907.725
      vertex -61.6089 -70.5262 -907.725
      vertex -61.1721 -70.3317 -907.725
    endloop
  endfacet
  facet normal 0 0 -1
    outer loop
      vertex -85.725 -85.725 -907.725
      vertex -62.0582 -70.6897 -907.725
      vertex -61.6089 -70.5262 -907.725
    endloop
  endfacet
  facet normal 0 0 -1
    outer loop
      vertex -85.725 -85.725 -907.725
      vertex -62.5178 -70.8215 -907.725
      vertex -62.0582 -70.6897 -907.725
    endloop
  endfacet
  facet normal 0 0 -1
    outer loop
      vertex -85.725 -85.725 -907.725
      vertex -62.9855 -70.9209 -907.725
      vertex -62.5178 -70.8215 -907.725
    endloop
  endfacet
  facet normal 0 0 -1
    outer loop
      vertex -85.725 -85.725 -907.725
      vertex -63.459 -70.9875 -907.725
      vertex -62.9855 -70.9209 -907.725
    endloop
  endfacet
  facet normal 0 0 -1
    outer loop
      vertex -85.725 -85.725 -907.725
      vertex -63.9359 -71.0208 -907.725
      vertex -63.459 -70.9875 -907.725
    endloop
  endfacet
  facet normal 0 0 -1
    outer loop
      vertex -85.725 -85.725 -907.725
      vertex -64.414 -71.0208 -907.725
      vertex -63.9359 -71.0208 -907.725
    endloop
  endfacet
  facet normal 0 0 -1
    outer loop
      vertex -85.725 -85.725 -907.725
      vertex -64.891 -70.9875 -907.725
      vertex -64.414 -71.0208 -907.725
    endloop
  endfacet
  facet normal 0 0 -1
    outer loop
      vertex -85.725 -85.725 -907.725
      vertex -65.3645 -70.9209 -907.725
      vertex -64.891 -70.9875 -907.725
    endloop
  endfacet
  facet normal 0 0 -1
    outer loop
      vertex -85.725 -85.725 -907.725
      vertex -65.8322 -70.8215 -907.725
      vertex -65.3645 -70.9209 -907.725
    endloop
  endfacet
  facet normal 0 0 -1
    outer loop
      vertex -85.725 -85.725 -907.725
      vertex -66.2918 -70.6897 -907.725
      vertex -65.8322 -70.8215 -907.725
    endloop
  endfacet
  facet normal 0 0 -1
    outer loop
      vertex -85.725 -85.725 -907.725
      vertex -66.741 -70.5262 -907.725
      vertex -66.2918 -70.6897 -907.725
    endloop
  endfacet
  facet normal 0 0 -1
    outer loop
      vertex -85.725 -85.725 -907.725
      vertex -67.1778 -70.3317 -907.725
      vertex -66.741 -70.5262 -907.725
    endloop
  endfacet
  facet normal 0 0 -1
    outer loop
      vertex -85.725 -85.725 -907.725
      vertex -67.6 -70.1073 -907.725
      vertex -67.1778 -70.3317 -907.725
    endloop
  endfacet
  facet normal 0 0 -1
    outer loop
      vertex -85.725 -85.725 -907.725
      vertex -68.0055 -69.8539 -907.725
      vertex -67.6 -70.1073 -907.725
    endloop
  endfacet
  facet normal 0 0 -1
    outer loop
      vertex -85.725 -85.725 -907.725
      vertex -68.3923 -69.5729 -907.725
      vertex -68.0055 -69.8539 -907.725
    endloop
  endfacet
  facet normal 0 0 -1
    outer loop
      vertex -85.725 -85.725 -907.725
      vertex -68.7585 -69.2655 -907.725
      vertex -68.3923 -69.5729 -907.725
    endloop
  endfacet
  facet normal 0 0 -1
    outer loop
      vertex -85.725 -85.725 -907.725
      vertex -69.1025 -68.9334 -907.725
      vertex -68.7585 -69.2655 -907.725
    endloop
  endfacet
  facet normal 0 0 -1
    outer loop
      vertex -85.725 -85.725 -907.725
      vertex -69.4224 -68.5781 -907.725
      vertex -69.1025 -68.9334 -907.725
    endloop
  endfacet
  facet normal 0 0 -1
    outer loop
      vertex -85.725 -85.725 -907.725
      vertex -69.7168 -68.2013 -907.725
      vertex -69.4224 -68.5781 -907.725
    endloop
  endfacet
  facet normal 0 0 -1
    outer loop
      vertex -85.725 -85.725 -907.725
      vertex -69.9841 -67.8049 -907.725
      vertex -69.7168 -68.2013 -907.725
    endloop
  endfacet
  facet normal 0 0 -1
    outer loop
      vertex -85.725 -85.725 -907.725
      vertex -70.2232 -67.3909 -907.725
      vertex -69.9841 -67.8049 -907.725
    endloop
  endfacet
  facet normal 0 0 -1
    outer loop
      vertex -85.725 -85.725 -907.725
      vertex -70.4328 -61.3888 -907.725
      vertex -70.6119 -61.8322 -907.725
    endloop
  endfacet
  facet normal 0 0 -1
    outer loop
      vertex -85.725 -85.725 -907.725
      vertex -70.4328 -66.9611 -907.725
      vertex -70.2232 -67.3909 -907.725
    endloop
  endfacet
  facet normal 0 0 -1
    outer loop
      vertex -85.725 -85.725 -907.725
      vertex -70.4328 61.3888 -907.725
      vertex -70.4328 -61.3888 -907.725
    endloop
  endfacet
  facet normal 0 0 -1
    outer loop
      vertex -85.725 -85.725 -907.725
      vertex -70.6119 -61.8322 -907.725
      vertex -70.7596 -62.2869 -907.725
    endloop
  endfacet
  facet normal 0 0 -1
    outer loop
      vertex -85.725 -85.725 -907.725
      vertex -70.6119 -66.5178 -907.725
      vertex -70.4328 -66.9611 -907.725
    endloop
  endfacet
  facet normal 0 0 -1
    outer loop
      vertex -85.725 -85.725 -907.725
      vertex -70.7596 -62.2869 -907.725
      vertex -70.8753 -62.7508 -907.725
    endloop
  endfacet
  facet normal 0 0 -1
    outer loop
      vertex -85.725 -85.725 -907.725
      vertex -70.7596 -66.0631 -907.725
      vertex -70.6119 -66.5178 -907.725
    endloop
  endfacet
  facet normal 0 0 -1
    outer loop
      vertex -85.725 -85.725 -907.725
      vertex -70.8753 -62.7508 -907.725
      vertex -70.9583 -63.2216 -907.725
    endloop
  endfacet
  facet normal 0 0 -1
    outer loop
      vertex -85.725 -85.725 -907.725
      vertex -70.8753 -65.5992 -907.725
      vertex -70.7596 -66.0631 -907.725
    endloop
  endfacet
  facet normal 0 0 -1
    outer loop
      vertex -85.725 -85.725 -907.725
      vertex -70.9583 -63.2216 -907.725
      vertex -71.0083 -63.6972 -907.725
    endloop
  endfacet
  facet normal 0 0 -1
    outer loop
      vertex -85.725 -85.725 -907.725
      vertex -70.9583 -65.1283 -907.725
      vertex -70.8753 -65.5992 -907.725
    endloop
  endfacet
  facet normal 0 0 -1
    outer loop
      vertex -85.725 -85.725 -907.725
      vertex -71.0083 -63.6972 -907.725
      vertex -71.025 -64.175 -907.725
    endloop
  endfacet
  facet normal 0 0 -1
    outer loop
      vertex -85.725 -85.725 -907.725
      vertex -71.0083 -64.6528 -907.725
      vertex -70.9583 -65.1283 -907.725
    endloop
  endfacet
  facet normal 0 0 -1
    outer loop
      vertex -85.725 -85.725 -907.725
      vertex -71.025 -64.175 -907.725
      vertex -71.0083 -64.6528 -907.725
    endloop
  endfacet
  facet normal -1 0 0
    outer loop
      vertex -85.725 -85.725 -907.725
      vertex -85.725 -85.725 -898.2
      vertex -85.725 85.725 -898.2
    endloop
  endfacet
  facet normal -1 0 0
    outer loop
      vertex -85.725 -85.725 -907.725
      vertex -85.725 85.725 -898.2
      vertex -85.725 85.725 -907.725
    endloop
  endfacet
  facet normal 0 0 -1
    outer loop
      vertex -85.725 -85.725 -907.725
      vertex -85.725 85.725 -907.725
      vertex -70.4328 61.3888 -907.725
    endloop
  endfacet
  facet normal 0 -1 0
    outer loop
      vertex -85.725 -85.725 -907.725
      vertex 85.725 -85.725 -898.2
      vertex -85.725 -85.725 -898.2
    endloop
  endfacet
  facet normal 0 -1 0
    outer loop
      vertex -85.725 -85.725 -907.725
      vertex 85.725 -85.725 -907.725
      vertex 85.725 -85.725 -898.2
    endloop
  endfacet
  facet normal 0 0 1
    outer loop
      vertex -85.725 85.725 -898.2
      vertex -61.1721 70.3317 -898.2
      vertex 85.725 85.725 -898.2
    endloop
  endfacet
  facet normal 0 0 1
    outer loop
      vertex -85.725 85.725 -898.2
      vertex -61.6089 70.5262 -898.2
      vertex -61.1721 70.3317 -898.2
    endloop
  endfacet
  facet normal 0 0 1
    outer loop
      vertex -85.725 85.725 -898.2
      vertex -62.0582 70.6897 -898.2
      vertex -61.6089 70.5262 -898.2
    endloop
  endfacet
  facet normal 0 0 1
    outer loop
      vertex -85.725 85.725 -898.2
      vertex -62.5178 70.8215 -898.2
      vertex -62.0582 70.6897 -898.2
    endloop
  endfacet
  facet normal 0 0 1
    outer loop
      vertex -85.725 85.725 -898.2
      vertex -62.9855 70.9209 -898.2
      vertex -62.5178 70.8215 -898.2
    endloop
  endfacet
  facet normal 0 0 1
    outer loop
      vertex -85.725 85.725 -898.2
      vertex -63.459 70.9875 -898.2
      vertex -62.9855 70.9209 -898.2
    endloop
  endfacet
  facet normal 0 0 1
    outer loop
      vertex -85.725 85.725 -898.2
      vertex -63.9359 71.0208 -898.2
      vertex -63.459 70.9875 -898.2
    endloop
  endfacet
  facet normal 0 0 1
    outer loop
      vertex -85.725 85.725 -898.2
      vertex -64.414 71.0208 -898.2
      vertex -63.9359 71.0208 -898.2
    endloop
  endfacet
  facet normal 0 0 1
    outer loop
      vertex -85.725 85.725 -898.2
      vertex -64.891 70.9875 -898.2
      vertex -64.414 71.0208 -898.2
    endloop
  endfacet
  facet normal 0 0 1
    outer loop
      vertex -85.725 85.725 -898.2
      vertex -65.3645 70.9209 -898.2
      vertex -64.891 70.9875 -898.2
    endloop
  endfacet
  facet normal 0 0 1
    outer loop
      vertex -85.725 85.725 -898.2
      vertex -65.8322 70.8215 -898.2
      vertex -65.3645 70.9209 -898.2
    endloop
  endfacet
  facet normal 0 0 1
    outer loop
      vertex -85.725 85.725 -898.2
      vertex -66.2918 70.6897 -898.2
      vertex -65.8322 70.8215 -898.2
    endloop
  endfacet
  facet normal 0 0 1
    outer loop
      vertex -85.725 85.725 -898.2
      vertex -66.741 70.5262 -898.2
      vertex -66.2918 70.6897 -898.2
    endloop
  endfacet
  facet normal 0 0 1
    outer loop
      vertex -85.725 85.725 -898.2
      vertex -67.1778 70.3317 -898.2
      vertex -66.741 70.5262 -898.2
    endloop
  endfacet
  facet normal 0 0 1
    outer loop
      vertex -85.725 85.725 -898.2
      vertex -67.6 70.1073 -898.2
      vertex -67.1778 70.3317 -898.2
    endloop
  endfacet
  facet normal 0 0 1
    outer loop
      vertex -85.725 85.725 -898.2
      vertex -68.0055 69.8539 -898.2
      vertex -67.6 70.1073 -898.2
    endloop
  endfacet
  facet normal 0 0 1
    outer loop
      vertex -85.725 85.725 -898.2
      vertex -68.3923 69.5729 -898.2
      vertex -68.0055 69.8539 -898.2
    endloop
  endfacet
  facet normal 0 0 1
    outer loop
      vertex -85.725 85.725 -898.2
      vertex -68.7585 69.2655 -898.2
      vertex -68.3923 69.5729 -898.2
    endloop
  endfacet
  facet normal 0 0 1
    outer loop
      vertex -85.725 85.725 -898.2
      vertex -69.1025 68.9334 -898.2
      vertex -68.7585 69.2655 -898.2
    endloop
  endfacet
  facet normal 0 0 1
    outer loop
      vertex -85.725 85.725 -898.2
      vertex -69.4224 68.5781 -898.2
      vertex -69.1025 68.9334 -898.2
    endloop
  endfacet
  facet normal 0 0 1
    outer loop
      vertex -85.725 85.725 -898.2
      vertex -69.7168 68.2013 -898.2
      vertex -69.4224 68.5781 -898.2
    endloop
  endfacet
  facet normal 0 0 1
    outer loop
      vertex -85.725 85.725 -898.2
      vertex -69.9841 67.8049 -898.2
      vertex -69.7168 68.2013 -898.2
    endloop
  endfacet
  facet normal 0 0 1
    outer loop
      vertex -85.725 85.725 -898.2
      vertex -70.2232 67.3909 -898.2
      vertex -69.9841 67.8049 -898.2
    endloop
  endfacet
  facet normal 0 0 1
    outer loop
      vertex -85.725 85.725 -898.2
      vertex -70.4328 -61.3888 -898.2
      vertex -70.4328 61.3888 -898.2
    endloop
  endfacet
  facet normal 0 0 1
    outer loop
      vertex -85.725 85.725 -898.2
      vertex -70.4328 61.3888 -898.2
      vertex -70.6119 61.8322 -898.2
    endloop
  endfacet
  facet normal 0 0 1
    outer loop
      vertex -85.725 85.725 -898.2
      vertex -70.4328 66.9611 -898.2
      vertex -70.2232 67.3909 -898.2
    endloop
  endfacet
  facet normal 0 0 1
    outer loop
      vertex -85.725 85.725 -898.2
      vertex -70.6119 61.8322 -898.2
      vertex -70.7596 62.2869 -898.2
    endloop
  endfacet
  facet normal 0 0 1
    outer loop
      vertex -85.725 85.725 -898.2
      vertex -70.6119 66.5178 -898.2
      vertex -70.4328 66.9611 -898.2
    endloop
  endfacet
  facet normal 0 0 1
    outer loop
      vertex -85.725 85.725 -898.2
      vertex -70.7596 62.2869 -898.2
      vertex -70.8753 62.7508 -898.2
    endloop
  endfacet
  facet normal 0 0 1
    outer loop
      vertex -85.725 85.725 -898.2
      vertex -70.7596 66.0631 -898.2
      vertex -70.6119 66.5178 -898.2
    endloop
  endfacet
  facet normal 0 0 1
    outer loop
      vertex -85.725 85.725 -898.2
      vertex -70.8753 62.7508 -898.2
      vertex -70.9583 63.2216 -898.2
    endloop
  endfacet
  facet normal 0 0 1
    outer loop
      vertex -85.725 85.725 -898.2
      vertex -70.8753 65.5992 -898.2
      vertex -70.7596 66.0631 -898.2
    endloop
  endfacet
  facet normal 0 0 1
    outer loop
      vertex -85.725 85.725 -898.2
      vertex -70.9583 63.2216 -898.2
      vertex -71.0083 63.6972 -898.2
    endloop
  endfacet
  facet normal 0 0 1
    outer loop
      vertex -85.725 85.725 -898.2
      vertex -70.9583 65.1283 -898.2
      vertex -70.8753 65.5992 -898.2
    endloop
  endfacet
  facet normal 0 0 1
    outer loop
      vertex -85.725 85.725 -898.2
      vertex -71.0083 63.6972 -898.2
      vertex -71.025 64.175 -898.2
    endloop
  endfacet
  facet normal 0 0 1
    outer loop
      vertex -85.725 85.725 -898.2
      vertex -71.0083 64.6528 -898.2
      vertex -70.9583 65.1283 -898.2
    endloop
  endfacet
  facet normal 0 0 1
    outer loop
      vertex -85.725 85.725 -898.2
      vertex -71.025 64.175 -898.2
      vertex -71.0083 64.6528 -898.2
    endloop
  endfacet
  facet normal 0 1 0
    outer loop
      vertex -85.725 85.725 -898.2
      vertex 85.725 85.725 -898.2
      vertex 85.725 85.725 -907.725
    endloop
  endfacet
  facet normal 0 0 -1
    outer loop
      vertex -85.725 85.725 -907.725
      vertex -61.1721 70.3317 -907.725
      vertex -61.6089 70.5262 -907.725
    endloop
  endfacet
  facet normal 0 0 -1
    outer loop
      vertex -85.725 85.725 -907.725
      vertex -61.6089 70.5262 -907.725
      vertex -62.0582 70.6897 -907.725
    endloop
  endfacet
  facet normal 0 0 -1
    outer loop
      vertex -85.725 85.725 -907.725
      vertex -62.0582 70.6897 -907.725
      vertex -62.5178 70.8215 -907.725
    endloop
  endfacet
  facet normal 0 0 -1
    outer loop
      vertex -85.725 85.725 -907.725
      vertex -62.5178 70.8215 -907.725
      vertex -62.9855 70.9209 -907.725
    endloop
  endfacet
  facet normal 0 0 -1
    outer loop
      vertex -85.725 85.725 -907.725
      vertex -62.9855 70.9209 -907.725
      vertex -63.459 70.9875 -907.725
    endloop
  endfacet
  facet normal 0 0 -1
    outer loop
      vertex -85.725 85.725 -907.725
      vertex -63.459 70.9875 -907.725
      vertex -63.9359 71.0208 -907.725
    endloop
  endfacet
  facet normal 0 0 -1
    outer loop
      vertex -85.725 85.725 -907.725
      vertex -63.9359 71.0208 -907.725
      vertex -64.414 71.0208 -907.725
    endloop
  endfacet
  facet normal 0 0 -1
    outer loop
      vertex -85.725 85.725 -907.725
      vertex -64.414 71.0208 -907.725
      vertex -64.891 70.9875 -907.725
    endloop
  endfacet
  facet normal 0 0 -1
    outer loop
      vertex -85.725 85.725 -907.725
      vertex -64.891 70.9875 -907.725
      vertex -65.3645 70.9209 -907.725
    endloop
  endfacet
  facet normal 0 0 -1
    outer loop
      vertex -85.725 85.725 -907.725
      vertex -65.3645 70.9209 -907.725
      vertex -65.8322 70.8215 -907.725
    endloop
  endfacet
  facet normal 0 0 -1
    outer loop
      vertex -85.725 85.725 -907.725
      vertex -65.8322 70.8215 -907.725
      vertex -66.2918 70.6897 -907.725
    endloop
  endfacet
  facet normal 0 0 -1
    outer loop
      vertex -85.725 85.725 -907.725
      vertex -66.2918 70.6897 -907.725
      vertex -66.741 70.5262 -907.725
    endloop
  endfacet
  facet normal 0 0 -1
    outer loop
      vertex -85.725 85.725 -907.725
      vertex -66.741 70.5262 -907.725
      vertex -67.1778 70.3317 -907.725
    endloop
  endfacet
  facet normal 0 0 -1
    outer loop
      vertex -85.725 85.725 -907.725
      vertex -67.1778 70.3317 -907.725
      vertex -67.6 70.1073 -907.725
    endloop
  endfacet
  facet normal 0 0 -1
    outer loop
      vertex -85.725 85.725 -907.725
      vertex -67.6 70.1073 -907.725
      vertex -68.0055 69.8539 -907.725
    endloop
  endfacet
  facet normal 0 0 -1
    outer loop
      vertex -85.725 85.725 -907.725
      vertex -68.0055 69.8539 -907.725
      vertex -68.3923 69.5729 -907.725
    endloop
  endfacet
  facet normal 0 0 -1
    outer loop
      vertex -85.725 85.725 -907.725
      vertex -68.3923 69.5729 -907.725
      vertex -68.7585 69.2655 -907.725
    endloop
  endfacet
  facet normal 0 0 -1
    outer loop
      vertex -85.725 85.725 -907.725
      vertex -68.7585 69.2655 -907.725
      vertex -69.1025 68.9334 -907.725
    endloop
  endfacet
  facet normal 0 0 -1
    outer loop
      vertex -85.725 85.725 -907.725
      vertex -69.1025 68.9334 -907.725
      vertex -69.4224 68.5781 -907.725
    endloop
  endfacet
  facet normal 0 0 -1
    outer loop
      vertex -85.725 85.725 -907.725
      vertex -69.4224 68.5781 -907.725
      vertex -69.7168 68.2013 -907.725
    endloop
  endfacet
  facet normal 0 0 -1
    outer loop
      vertex -85.725 85.725 -907.725
      vertex -69.7168 68.2013 -907.725
      vertex -69.9841 67.8049 -907.725
    endloop
  endfacet
  facet normal 0 0 -1
    outer loop
      vertex -85.725 85.725 -907.725
      vertex -69.9841 67.8049 -907.725
      vertex -70.2232 67.3909 -907.725
    endloop
  endfacet
  facet normal 0 0 -1
    outer loop
      vertex -85.725 85.725 -907.725
      vertex -70.2232 67.3909 -907.725
      vertex -70.4328 66.9611 -907.725
    endloop
  endfacet
  facet normal 0 0 -1
    outer loop
      vertex -85.725 85.725 -907.725
      vertex -70.4328 66.9611 -907.725
      vertex -70.6119 66.5178 -907.725
    endloop
  endfacet
  facet normal 0 0 -1
    outer loop
      vertex -85.725 85.725 -907.725
      vertex -70.6119 61.8322 -907.725
      vertex -70.4328 61.3888 -907.725
    endloop
  endfacet
  facet normal 0 0 -1
    outer loop
      vertex -85.725 85.725 -907.725
      vertex -70.6119 66.5178 -907.725
      vertex -70.7596 66.0631 -907.725
    endloop
  endfacet
  facet normal 0 0 -1
    outer loop
      vertex -85.725 85.725 -907.725
      vertex -70.7596 62.2869 -907.725
      vertex -70.6119 61.8322 -907.725
    endloop
  endfacet
  facet normal 0 0 -1
    outer loop
      vertex -85.725 85.725 -907.725
      vertex -70.7596 66.0631 -907.725
      vertex -70.8753 65.5992 -907.725
    endloop
  endfacet
  facet normal 0 0 -1
    outer loop
      vertex -85.725 85.725 -907.725
      vertex -70.8753 62.7508 -907.725
      vertex -70.7596 62.2869 -907.725
    endloop
  endfacet
  facet normal 0 0 -1
    outer loop
      vertex -85.725 85.725 -907.725
      vertex -70.8753 65.5992 -907.725
      vertex -70.9583 65.1283 -907.725
    endloop
  endfacet
  facet normal 0 0 -1
    outer loop
      vertex -85.725 85.725 -907.725
      vertex -70.9583 63.2216 -907.725
      vertex -70.8753 62.7508 -907.725
    endloop
  endfacet
  facet normal 0 0 -1
    outer loop
      vertex -85.725 85.725 -907.725
      vertex -70.9583 65.1283 -907.725
      vertex -71.0083 64.6528 -907.725
    endloop
  endfacet
  facet normal 0 0 -1
    outer loop
      vertex -85.725 85.725 -907.725
      vertex -71.0083 63.6972 -907.725
      vertex -70.9583 63.2216 -907.725
    endloop
  endfacet
  facet normal 0 0 -1
    outer loop
      vertex -85.725 85.725 -907.725
      vertex -71.0083 64.6528 -907.725
      vertex -71.025 64.175 -907.725
    endloop
  endfacet
  facet normal 0 0 -1
    outer loop
      vertex -85.725 85.725 -907.725
      vertex -71.025 64.175 -907.725
      vertex -71.0083 63.6972 -907.725
    endloop
  endfacet
  facet normal 0 1 0
    outer loop
      vertex -85.725 85.725 -907.725
      vertex -85.725 85.725 -898.2
      vertex 85.725 85.725 -907.725
    endloop
  endfacet
  facet normal 0 0 -1
    outer loop
      vertex -85.725 85.725 -907.725
      vertex 85.725 85.725 -907.725
      vertex -61.1721 70.3317 -907.725
    endloop
  endfacet
  facet normal 0.342022 0.939692 0
    outer loop
      vertex -9.56258 -23.6682 -1.90735e-07
      vertex -7.88828 -24.2776 -1.90735e-07
      vertex -7.88828 -24.2776 -898.2
    endloop
  endfacet
  facet normal 0 0 1
    outer loop
      vertex -9.56258 -23.6682 -1.90735e-07
      vertex -8.83016 -27.1764 -1.90735e-07
      vertex -7.88828 -24.2776 -1.90735e-07
    endloop
  endfacet
  facet normal 0.342022 0.939692 0
    outer loop
      vertex -9.56258 -23.6682 -898.2
      vertex -7.88828 -24.2776 -898.2
      vertex -7.88828 -24.2776 -907.725
    endloop
  endfacet
  facet normal 0.342022 0.939692 0
    outer loop
      vertex -9.56258 -23.6682 -898.2
      vertex -9.56258 -23.6682 -1.90735e-07
      vertex -7.88828 -24.2776 -898.2
    endloop
  endfacet
  facet normal 0.342022 0.939692 0
    outer loop
      vertex -9.56258 -23.6682 -907.725
      vertex -9.56258 -23.6682 -898.2
      vertex -7.88828 -24.2776 -907.725
    endloop
  endfacet
  facet normal 0 0 1
    outer loop
      vertex -9.56258 23.6682 -1.90735e-07
      vertex -7.88828 24.2776 -1.90735e-07
      vertex -8.83016 27.1764 -1.90735e-07
    endloop
  endfacet
  facet normal 0.342022 -0.939692 0
    outer loop
      vertex -9.56258 23.6682 -898.2
      vertex -7.88828 24.2776 -1.90735e-07
      vertex -9.56258 23.6682 -1.90735e-07
    endloop
  endfacet
  facet normal 0.342022 -0.939692 0
    outer loop
      vertex -9.56258 23.6682 -898.2
      vertex -7.88828 24.2776 -898.2
      vertex -7.88828 24.2776 -1.90735e-07
    endloop
  endfacet
  facet normal 0.342022 -0.939692 0
    outer loop
      vertex -9.56258 23.6682 -907.725
      vertex -7.88828 24.2776 -898.2
      vertex -9.56258 23.6682 -898.2
    endloop
  endfacet
  facet normal 0.342022 -0.939692 0
    outer loop
      vertex -9.56258 23.6682 -907.725
      vertex -7.88828 24.2776 -907.725
      vertex -7.88828 24.2776 -898.2
    endloop
  endfacet
  facet normal 0 0 1
    outer loop
      vertex 0.890869 -25.5114 -898.2
      vertex 0.890879 -25.5114 -898.2
      vertex 2.66829 -25.3871 -898.2
    endloop
  endfacet
  facet normal -0.0697624 0.997564 0
    outer loop
      vertex 0.890869 -25.5114 -898.2
      vertex 2.66829 -25.3871 -898.2
      vertex 2.66829 -25.3871 -907.725
    endloop
  endfacet
  facet normal -0.0697624 0.997564 0
    outer loop
      vertex 0.890869 -25.5114 -907.725
      vertex 0.890869 -25.5114 -898.2
      vertex 2.66829 -25.3871 -907.725
    endloop
  endfacet
  facet normal 0 0 -1
    outer loop
      vertex 0.890869 -25.5114 -907.725
      vertex 2.66829 -25.3871 -907.725
      vertex 57.5903 -66.0631 -907.725
    endloop
  endfacet
  facet normal 0 0 -1
    outer loop
      vertex 0.890869 -25.5114 -907.725
      vertex 57.5903 -66.0631 -907.725
      vertex 57.7381 -66.5178 -907.725
    endloop
  endfacet
  facet normal 0 0 1
    outer loop
      vertex 0.890869 25.5114 -898.2
      vertex 2.66829 25.3871 -898.2
      vertex 0.890879 25.5114 -898.2
    endloop
  endfacet
  facet normal -0.0697624 -0.997564 0
    outer loop
      vertex 0.890869 25.5114 -907.725
      vertex 2.66829 25.3871 -898.2
      vertex 0.890869 25.5114 -898.2
    endloop
  endfacet
  facet normal -0.0697624 -0.997564 0
    outer loop
      vertex 0.890869 25.5114 -907.725
      vertex 2.66829 25.3871 -907.725
      vertex 2.66829 25.3871 -898.2
    endloop
  endfacet
  facet normal 0 0 -1
    outer loop
      vertex 0.890869 25.5114 -907.725
      vertex 57.5903 66.0631 -907.725
      vertex 2.66829 25.3871 -907.725
    endloop
  endfacet
  facet normal 0 0 -1
    outer loop
      vertex 0.890869 25.5114 -907.725
      vertex 57.7381 66.5178 -907.725
      vertex 57.5903 66.0631 -907.725
    endloop
  endfacet
  facet normal 0 0 1
    outer loop
      vertex 0.890879 -25.5114 -1.90735e-07
      vertex 0.997252 -28.5576 -1.90735e-07
      vertex 2.6683 -25.3872 -1.90735e-07
    endloop
  endfacet
  facet normal -0.0697066 0.997568 0
    outer loop
      vertex 0.890879 -25.5114 -1.90735e-07
      vertex 2.6683 -25.3872 -1.90735e-07
      vertex 2.6683 -25.3872 -898.2
    endloop
  endfacet
  facet normal -0.0697066 0.997568 0
    outer loop
      vertex 0.890879 -25.5114 -898.2
      vertex 0.890879 -25.5114 -1.90735e-07
      vertex 2.6683 -25.3872 -898.2
    endloop
  endfacet
  facet normal 0 0 1
    outer loop
      vertex 0.890879 -25.5114 -898.2
      vertex 2.6683 -25.3872 -898.2
      vertex 2.66829 -25.3871 -898.2
    endloop
  endfacet
  facet normal 0 0 1
    outer loop
      vertex 0.890879 25.5114 -1.90735e-07
      vertex 2.6683 25.3872 -1.90735e-07
      vertex 0.997252 28.5576 -1.90735e-07
    endloop
  endfacet
  facet normal 0 0 1
    outer loop
      vertex 0.890879 25.5114 -898.2
      vertex 2.66829 25.3871 -898.2
      vertex 2.6683 25.3872 -898.2
    endloop
  endfacet
  facet normal -0.0697066 -0.997568 0
    outer loop
      vertex 0.890879 25.5114 -898.2
      vertex 2.6683 25.3872 -1.90735e-07
      vertex 0.890879 25.5114 -1.90735e-07
    endloop
  endfacet
  facet normal -0.0697066 -0.997568 0
    outer loop
      vertex 0.890879 25.5114 -898.2
      vertex 2.6683 25.3872 -898.2
      vertex 2.6683 25.3872 -1.90735e-07
    endloop
  endfacet
  facet normal 0 0 1
    outer loop
      vertex 0.997252 -28.5576 -1.90735e-07
      vertex 2.9869 -28.4185 -1.90735e-07
      vertex 2.6683 -25.3872 -1.90735e-07
    endloop
  endfacet
  facet normal 0.0697416 -0.997565 0
    outer loop
      vertex 0.997252 -28.5576 -898.2
      vertex 2.9869 -28.4185 -1.90735e-07
      vertex 0.997252 -28.5576 -1.90735e-07
    endloop
  endfacet
  facet normal 0.0697416 -0.997565 0
    outer loop
      vertex 0.997252 -28.5576 -898.2
      vertex 2.9869 -28.4185 -898.2
      vertex 2.9869 -28.4185 -1.90735e-07
    endloop
  endfacet
  facet normal 0 0 1
    outer loop
      vertex 0.997252 -28.5576 -898.2
      vertex 57.7381 -66.5178 -898.2
      vertex 2.9869 -28.4185 -898.2
    endloop
  endfacet
  facet normal 0 0 1
    outer loop
      vertex 0.997252 -28.5576 -898.2
      vertex 57.9172 -66.9611 -898.2
      vertex 57.7381 -66.5178 -898.2
    endloop
  endfacet
  facet normal 0 0 1
    outer loop
      vertex 0.997252 28.5576 -1.90735e-07
      vertex 2.6683 25.3872 -1.90735e-07
      vertex 2.9869 28.4185 -1.90735e-07
    endloop
  endfacet
  facet normal 0.0697416 0.997565 0
    outer loop
      vertex 0.997252 28.5576 -1.90735e-07
      vertex 2.9869 28.4185 -1.90735e-07
      vertex 2.9869 28.4185 -898.2
    endloop
  endfacet
  facet normal 0.0697416 0.997565 0
    outer loop
      vertex 0.997252 28.5576 -898.2
      vertex 0.997252 28.5576 -1.90735e-07
      vertex 2.9869 28.4185 -898.2
    endloop
  endfacet
  facet normal 0 0 1
    outer loop
      vertex 0.997252 28.5576 -898.2
      vertex 2.9869 28.4185 -898.2
      vertex 57.7381 66.5178 -898.2
    endloop
  endfacet
  facet normal 0 0 1
    outer loop
      vertex 0.997252 28.5576 -898.2
      vertex 57.7381 66.5178 -898.2
      vertex 57.9172 66.9611 -898.2
    endloop
  endfacet
  facet normal 0 0 1
    outer loop
      vertex 10.7044 -26.4943 -1.90735e-07
      vertex 12.5265 -25.683 -1.90735e-07
      vertex 11.1903 -22.9435 -1.90735e-07
    endloop
  endfacet
  facet normal 0.406757 -0.913536 0
    outer loop
      vertex 10.7044 -26.4943 -898.2
      vertex 12.5265 -25.683 -1.90735e-07
      vertex 10.7044 -26.4943 -1.90735e-07
    endloop
  endfacet
  facet normal 0.406757 -0.913536 0
    outer loop
      vertex 10.7044 -26.4943 -898.2
      vertex 12.5265 -25.683 -898.2
      vertex 12.5265 -25.683 -1.90735e-07
    endloop
  endfacet
  facet normal 0 0 1
    outer loop
      vertex 10.7044 -26.4943 -898.2
      vertex 57.3417 -63.6972 -898.2
      vertex 57.3917 -63.2216 -898.2
    endloop
  endfacet
  facet normal 0 0 1
    outer loop
      vertex 10.7044 -26.4943 -898.2
      vertex 57.3917 -63.2216 -898.2
      vertex 57.4747 -62.7508 -898.2
    endloop
  endfacet
  facet normal 0 0 1
    outer loop
      vertex 10.7044 -26.4943 -898.2
      vertex 57.4747 -62.7508 -898.2
      vertex 12.5265 -25.683 -898.2
    endloop
  endfacet
  facet normal 0 0 1
    outer loop
      vertex 10.7044 26.4943 -1.90735e-07
      vertex 11.1903 22.9435 -1.90735e-07
      vertex 12.5265 25.683 -1.90735e-07
    endloop
  endfacet
  facet normal 0.406757 0.913536 0
    outer loop
      vertex 10.7044 26.4943 -1.90735e-07
      vertex 12.5265 25.683 -1.90735e-07
      vertex 12.5265 25.683 -898.2
    endloop
  endfacet
  facet normal 0.406757 0.913536 0
    outer loop
      vertex 10.7044 26.4943 -898.2
      vertex 10.7044 26.4943 -1.90735e-07
      vertex 12.5265 25.683 -898.2
    endloop
  endfacet
  facet normal 0 0 1
    outer loop
      vertex 10.7044 26.4943 -898.2
      vertex 12.5265 25.683 -898.2
      vertex 57.4747 62.7508 -898.2
    endloop
  endfacet
  facet normal 0 0 1
    outer loop
      vertex 10.7044 26.4943 -898.2
      vertex 57.3917 63.2216 -898.2
      vertex 57.3417 63.6972 -898.2
    endloop
  endfacet
  facet normal 0 0 1
    outer loop
      vertex 10.7044 26.4943 -898.2
      vertex 57.4747 62.7508 -898.2
      vertex 57.3917 63.2216 -898.2
    endloop
  endfacet
  facet normal 0 0 1
    outer loop
      vertex 11.1903 -22.9435 -1.90735e-07
      vertex 12.5265 -25.683 -1.90735e-07
      vertex 12.7635 -22.107 -1.90735e-07
    endloop
  endfacet
  facet normal -0.469478 0.882944 0
    outer loop
      vertex 11.1903 -22.9435 -1.90735e-07
      vertex 12.7635 -22.107 -1.90735e-07
      vertex 12.7635 -22.107 -898.2
    endloop
  endfacet
  facet normal -0.469478 0.882944 0
    outer loop
      vertex 11.1903 -22.9435 -898.2
      vertex 11.1903 -22.9435 -1.90735e-07
      vertex 12.7635 -22.107 -898.2
    endloop
  endfacet
  facet normal -0.469478 0.882944 0
    outer loop
      vertex 11.1903 -22.9435 -898.2
      vertex 12.7635 -22.107 -898.2
      vertex 12.7635 -22.107 -907.725
    endloop
  endfacet
  facet normal -0.469478 0.882944 0
    outer loop
      vertex 11.1903 -22.9435 -907.725
      vertex 11.1903 -22.9435 -898.2
      vertex 12.7635 -22.107 -907.725
    endloop
  endfacet
  facet normal 0 0 -1
    outer loop
      vertex 11.1903 -22.9435 -907.725
      vertex 12.7635 -22.107 -907.725
      vertex 57.7381 -61.8322 -907.725
    endloop
  endfacet
  facet normal 0 0 -1
    outer loop
      vertex 11.1903 -22.9435 -907.725
      vertex 57.5903 -62.2869 -907.725
      vertex 57.4747 -62.7508 -907.725
    endloop
  endfacet
  facet normal 0 0 -1
    outer loop
      vertex 11.1903 -22.9435 -907.725
      vertex 57.7381 -61.8322 -907.725
      vertex 57.5903 -62.2869 -907.725
    endloop
  endfacet
  facet normal 0 0 1
    outer loop
      vertex 11.1903 22.9435 -1.90735e-07
      vertex 12.7635 22.107 -1.90735e-07
      vertex 12.5265 25.683 -1.90735e-07
    endloop
  endfacet
  facet normal -0.469478 -0.882944 0
    outer loop
      vertex 11.1903 22.9435 -898.2
      vertex 12.7635 22.107 -1.90735e-07
      vertex 11.1903 22.9435 -1.90735e-07
    endloop
  endfacet
  facet normal -0.469478 -0.882944 0
    outer loop
      vertex 11.1903 22.9435 -898.2
      vertex 12.7635 22.107 -898.2
      vertex 12.7635 22.107 -1.90735e-07
    endloop
  endfacet
  facet normal -0.469478 -0.882944 0
    outer loop
      vertex 11.1903 22.9435 -907.725
      vertex 12.7635 22.107 -898.2
      vertex 11.1903 22.9435 -898.2
    endloop
  endfacet
  facet normal -0.469478 -0.882944 0
    outer loop
      vertex 11.1903 22.9435 -907.725
      vertex 12.7635 22.107 -907.725
      vertex 12.7635 22.107 -898.2
    endloop
  endfacet
  facet normal 0 0 -1
    outer loop
      vertex 11.1903 22.9435 -907.725
      vertex 57.4747 62.7508 -907.725
      vertex 57.5903 62.2869 -907.725
    endloop
  endfacet
  facet normal 0 0 -1
    outer loop
      vertex 11.1903 22.9435 -907.725
      vertex 57.5903 62.2869 -907.725
      vertex 57.7381 61.8322 -907.725
    endloop
  endfacet
  facet normal 0 0 -1
    outer loop
      vertex 11.1903 22.9435 -907.725
      vertex 57.7381 61.8322 -907.725
      vertex 12.7635 22.107 -907.725
    endloop
  endfacet
  facet normal 0 0 1
    outer loop
      vertex 12.5265 -25.683 -1.90735e-07
      vertex 14.2875 -24.7467 -1.90735e-07
      vertex 12.7635 -22.107 -1.90735e-07
    endloop
  endfacet
  facet normal 0.469456 -0.882956 0
    outer loop
      vertex 12.5265 -25.683 -898.2
      vertex 14.2875 -24.7467 -1.90735e-07
      vertex 12.5265 -25.683 -1.90735e-07
    endloop
  endfacet
  facet normal 0.469456 -0.882956 0
    outer loop
      vertex 12.5265 -25.683 -898.2
      vertex 14.2875 -24.7467 -898.2
      vertex 14.2875 -24.7467 -1.90735e-07
    endloop
  endfacet
  facet normal 0 0 1
    outer loop
      vertex 12.5265 -25.683 -898.2
      vertex 57.4747 -62.7508 -898.2
      vertex 57.5903 -62.2869 -898.2
    endloop
  endfacet
  facet normal 0 0 1
    outer loop
      vertex 12.5265 -25.683 -898.2
      vertex 57.5903 -62.2869 -898.2
      vertex 14.2875 -24.7467 -898.2
    endloop
  endfacet
  facet normal 0 0 1
    outer loop
      vertex 12.5265 25.683 -1.90735e-07
      vertex 12.7635 22.107 -1.90735e-07
      vertex 14.2875 24.7467 -1.90735e-07
    endloop
  endfacet
  facet normal 0.469456 0.882956 0
    outer loop
      vertex 12.5265 25.683 -1.90735e-07
      vertex 14.2875 24.7467 -1.90735e-07
      vertex 14.2875 24.7467 -898.2
    endloop
  endfacet
  facet normal 0.469456 0.882956 0
    outer loop
      vertex 12.5265 25.683 -898.2
      vertex 12.5265 25.683 -1.90735e-07
      vertex 14.2875 24.7467 -898.2
    endloop
  endfacet
  facet normal 0 0 1
    outer loop
      vertex 12.5265 25.683 -898.2
      vertex 14.2875 24.7467 -898.2
      vertex 57.5903 62.2869 -898.2
    endloop
  endfacet
  facet normal 0 0 1
    outer loop
      vertex 12.5265 25.683 -898.2
      vertex 57.5903 62.2869 -898.2
      vertex 57.4747 62.7508 -898.2
    endloop
  endfacet
  facet normal -0.529928 0.848042 0
    outer loop
      vertex 12.7635 -22.107 -1.90735e-07
      vertex 14.2745 -21.1628 -1.90735e-07
      vertex 14.2745 -21.1628 -898.2
    endloop
  endfacet
  facet normal 0 0 1
    outer loop
      vertex 12.7635 -22.107 -1.90735e-07
      vertex 14.2875 -24.7467 -1.90735e-07
      vertex 14.2745 -21.1628 -1.90735e-07
    endloop
  endfacet
  facet normal -0.529928 0.848042 0
    outer loop
      vertex 12.7635 -22.107 -898.2
      vertex 12.7635 -22.107 -1.90735e-07
      vertex 14.2745 -21.1628 -898.2
    endloop
  endfacet
  facet normal -0.529928 0.848042 0
    outer loop
      vertex 12.7635 -22.107 -898.2
      vertex 14.2745 -21.1628 -898.2
      vertex 14.2745 -21.1628 -907.725
    endloop
  endfacet
  facet normal -0.529928 0.848042 0
    outer loop
      vertex 12.7635 -22.107 -907.725
      vertex 12.7635 -22.107 -898.2
      vertex 14.2745 -21.1628 -907.725
    endloop
  endfacet
  facet normal 0 0 -1
    outer loop
      vertex 12.7635 -22.107 -907.725
      vertex 14.2745 -21.1628 -907.725
      vertex 57.9172 -61.3888 -907.725
    endloop
  endfacet
  facet normal 0 0 -1
    outer loop
      vertex 12.7635 -22.107 -907.725
      vertex 57.9172 -61.3888 -907.725
      vertex 57.7381 -61.8322 -907.725
    endloop
  endfacet
  facet normal 0 0 1
    outer loop
      vertex 12.7635 22.107 -1.90735e-07
      vertex 14.2745 21.1628 -1.90735e-07
      vertex 14.2875 24.7467 -1.90735e-07
    endloop
  endfacet
  facet normal -0.529928 -0.848042 0
    outer loop
      vertex 12.7635 22.107 -898.2
      vertex 14.2745 21.1628 -1.90735e-07
      vertex 12.7635 22.107 -1.90735e-07
    endloop
  endfacet
  facet normal -0.529928 -0.848042 0
    outer loop
      vertex 12.7635 22.107 -898.2
      vertex 14.2745 21.1628 -898.2
      vertex 14.2745 21.1628 -1.90735e-07
    endloop
  endfacet
  facet normal -0.529928 -0.848042 0
    outer loop
      vertex 12.7635 22.107 -907.725
      vertex 14.2745 21.1628 -898.2
      vertex 12.7635 22.107 -898.2
    endloop
  endfacet
  facet normal -0.529928 -0.848042 0
    outer loop
      vertex 12.7635 22.107 -907.725
      vertex 14.2745 21.1628 -907.725
      vertex 14.2745 21.1628 -898.2
    endloop
  endfacet
  facet normal 0 0 -1
    outer loop
      vertex 12.7635 22.107 -907.725
      vertex 57.7381 61.8322 -907.725
      vertex 57.9172 61.3888 -907.725
    endloop
  endfacet
  facet normal 0 0 -1
    outer loop
      vertex 12.7635 22.107 -907.725
      vertex 57.9172 61.3888 -907.725
      vertex 14.2745 21.1628 -907.725
    endloop
  endfacet
  facet normal 0 0 1
    outer loop
      vertex 14.2745 -21.1628 -1.90735e-07
      vertex 14.2875 -24.7467 -1.90735e-07
      vertex 15.9789 -23.6897 -1.90735e-07
    endloop
  endfacet
  facet normal -0.587744 0.809047 0
    outer loop
      vertex 14.2745 -21.1628 -1.90735e-07
      vertex 15.716 -20.1156 -1.90735e-07
      vertex 15.716 -20.1156 -898.2
    endloop
  endfacet
  facet normal 0 0 1
    outer loop
      vertex 14.2745 -21.1628 -1.90735e-07
      vertex 15.9789 -23.6897 -1.90735e-07
      vertex 15.716 -20.1156 -1.90735e-07
    endloop
  endfacet
  facet normal -0.587744 0.809047 0
    outer loop
      vertex 14.2745 -21.1628 -898.2
      vertex 14.2745 -21.1628 -1.90735e-07
      vertex 15.716 -20.1156 -898.2
    endloop
  endfacet
  facet normal -0.587781 0.80902 0
    outer loop
      vertex 14.2745 -21.1628 -898.2
      vertex 15.716 -20.1155 -898.2
      vertex 15.716 -20.1155 -907.725
    endloop
  endfacet
  facet normal 0 0 1
    outer loop
      vertex 14.2745 -21.1628 -898.2
      vertex 15.716 -20.1156 -898.2
      vertex 15.716 -20.1155 -898.2
    endloop
  endfacet
  facet normal -0.587781 0.80902 0
    outer loop
      vertex 14.2745 -21.1628 -907.725
      vertex 14.2745 -21.1628 -898.2
      vertex 15.716 -20.1155 -907.725
    endloop
  endfacet
  facet normal 0 0 -1
    outer loop
      vertex 14.2745 -21.1628 -907.725
      vertex 15.716 -20.1155 -907.725
      vertex 58.3659 -60.545 -907.725
    endloop
  endfacet
  facet normal 0 0 -1
    outer loop
      vertex 14.2745 -21.1628 -907.725
      vertex 58.1268 -60.9591 -907.725
      vertex 57.9172 -61.3888 -907.725
    endloop
  endfacet
  facet normal 0 0 -1
    outer loop
      vertex 14.2745 -21.1628 -907.725
      vertex 58.3659 -60.545 -907.725
      vertex 58.1268 -60.9591 -907.725
    endloop
  endfacet
  facet normal 0 0 1
    outer loop
      vertex 14.2745 21.1628 -1.90735e-07
      vertex 15.716 20.1156 -1.90735e-07
      vertex 15.9789 23.6897 -1.90735e-07
    endloop
  endfacet
  facet normal 0 0 1
    outer loop
      vertex 14.2745 21.1628 -1.90735e-07
      vertex 15.9789 23.6897 -1.90735e-07
      vertex 14.2875 24.7467 -1.90735e-07
    endloop
  endfacet
  facet normal 0 0 1
    outer loop
      vertex 14.2745 21.1628 -898.2
      vertex 15.716 20.1155 -898.2
      vertex 15.716 20.1156 -898.2
    endloop
  endfacet
  facet normal -0.587744 -0.809047 0
    outer loop
      vertex 14.2745 21.1628 -898.2
      vertex 15.716 20.1156 -1.90735e-07
      vertex 14.2745 21.1628 -1.90735e-07
    endloop
  endfacet
  facet normal -0.587744 -0.809047 0
    outer loop
      vertex 14.2745 21.1628 -898.2
      vertex 15.716 20.1156 -898.2
      vertex 15.716 20.1156 -1.90735e-07
    endloop
  endfacet
  facet normal -0.587781 -0.80902 0
    outer loop
      vertex 14.2745 21.1628 -907.725
      vertex 15.716 20.1155 -898.2
      vertex 14.2745 21.1628 -898.2
    endloop
  endfacet
  facet normal -0.587781 -0.80902 0
    outer loop
      vertex 14.2745 21.1628 -907.725
      vertex 15.716 20.1155 -907.725
      vertex 15.716 20.1155 -898.2
    endloop
  endfacet
  facet normal 0 0 -1
    outer loop
      vertex 14.2745 21.1628 -907.725
      vertex 57.9172 61.3888 -907.725
      vertex 58.1268 60.9591 -907.725
    endloop
  endfacet
  facet normal 0 0 -1
    outer loop
      vertex 14.2745 21.1628 -907.725
      vertex 58.1268 60.9591 -907.725
      vertex 58.3659 60.545 -907.725
    endloop
  endfacet
  facet normal 0 0 -1
    outer loop
      vertex 14.2745 21.1628 -907.725
      vertex 58.3659 60.545 -907.725
      vertex 15.716 20.1155 -907.725
    endloop
  endfacet
  facet normal 0.529954 -0.848026 0
    outer loop
      vertex 14.2875 -24.7467 -898.2
      vertex 15.9789 -23.6897 -1.90735e-07
      vertex 14.2875 -24.7467 -1.90735e-07
    endloop
  endfacet
  facet normal 0.529954 -0.848026 0
    outer loop
      vertex 14.2875 -24.7467 -898.2
      vertex 15.9789 -23.6897 -898.2
      vertex 15.9789 -23.6897 -1.90735e-07
    endloop
  endfacet
  facet normal 0 0 1
    outer loop
      vertex 14.2875 -24.7467 -898.2
      vertex 57.5903 -62.2869 -898.2
      vertex 57.7381 -61.8322 -898.2
    endloop
  endfacet
  facet normal 0 0 1
    outer loop
      vertex 14.2875 -24.7467 -898.2
      vertex 57.7381 -61.8322 -898.2
      vertex 57.9172 -61.3888 -898.2
    endloop
  endfacet
  facet normal 0 0 1
    outer loop
      vertex 14.2875 -24.7467 -898.2
      vertex 57.9172 -61.3888 -898.2
      vertex 15.9789 -23.6897 -898.2
    endloop
  endfacet
  facet normal 0.529954 0.848026 0
    outer loop
      vertex 14.2875 24.7467 -1.90735e-07
      vertex 15.9789 23.6897 -1.90735e-07
      vertex 15.9789 23.6897 -898.2
    endloop
  endfacet
  facet normal 0.529954 0.848026 0
    outer loop
      vertex 14.2875 24.7467 -898.2
      vertex 14.2875 24.7467 -1.90735e-07
      vertex 15.9789 23.6897 -898.2
    endloop
  endfacet
  facet normal 0 0 1
    outer loop
      vertex 14.2875 24.7467 -898.2
      vertex 15.9789 23.6897 -898.2
      vertex 57.9172 61.3888 -898.2
    endloop
  endfacet
  facet normal 0 0 1
    outer loop
      vertex 14.2875 24.7467 -898.2
      vertex 57.7381 61.8322 -898.2
      vertex 57.5903 62.2869 -898.2
    endloop
  endfacet
  facet normal 0 0 1
    outer loop
      vertex 14.2875 24.7467 -898.2
      vertex 57.9172 61.3888 -898.2
      vertex 57.7381 61.8322 -898.2
    endloop
  endfacet
  facet normal -0.642792 0.766041 0
    outer loop
      vertex 15.716 -20.1155 -898.2
      vertex 17.0809 -18.9702 -898.2
      vertex 17.0809 -18.9702 -907.725
    endloop
  endfacet
  facet normal 0 0 1
    outer loop
      vertex 15.716 -20.1155 -898.2
      vertex 17.0809 -18.9703 -898.2
      vertex 17.0809 -18.9702 -898.2
    endloop
  endfacet
  facet normal -0.642792 0.766041 0
    outer loop
      vertex 15.716 -20.1155 -907.725
      vertex 15.716 -20.1155 -898.2
      vertex 17.0809 -18.9702 -907.725
    endloop
  endfacet
  facet normal 0 0 -1
    outer loop
      vertex 15.716 -20.1155 -907.725
      vertex 17.0809 -18.9702 -907.725
      vertex 58.6332 -60.1487 -907.725
    endloop
  endfacet
  facet normal 0 0 -1
    outer loop
      vertex 15.716 -20.1155 -907.725
      vertex 58.6332 -60.1487 -907.725
      vertex 58.3659 -60.545 -907.725
    endloop
  endfacet
  facet normal 0 0 1
    outer loop
      vertex 15.716 -20.1156 -1.90735e-07
      vertex 15.9789 -23.6897 -1.90735e-07
      vertex 17.5925 -22.5174 -1.90735e-07
    endloop
  endfacet
  facet normal -0.642792 0.766041 0
    outer loop
      vertex 15.716 -20.1156 -1.90735e-07
      vertex 17.0809 -18.9703 -1.90735e-07
      vertex 17.0809 -18.9703 -898.2
    endloop
  endfacet
  facet normal 0 0 1
    outer loop
      vertex 15.716 -20.1156 -1.90735e-07
      vertex 17.5925 -22.5174 -1.90735e-07
      vertex 17.0809 -18.9703 -1.90735e-07
    endloop
  endfacet
  facet normal -0.642792 0.766041 0
    outer loop
      vertex 15.716 -20.1156 -898.2
      vertex 15.716 -20.1156 -1.90735e-07
      vertex 17.0809 -18.9703 -898.2
    endloop
  endfacet
  facet normal 0 0 1
    outer loop
      vertex 15.716 -20.1156 -898.2
      vertex 17.0809 -18.9703 -898.2
      vertex 15.716 -20.1155 -898.2
    endloop
  endfacet
  facet normal 0 0 1
    outer loop
      vertex 15.716 20.1155 -898.2
      vertex 17.0809 18.9702 -898.2
      vertex 17.0809 18.9703 -898.2
    endloop
  endfacet
  facet normal 0 0 1
    outer loop
      vertex 15.716 20.1155 -898.2
      vertex 17.0809 18.9703 -898.2
      vertex 15.716 20.1156 -898.2
    endloop
  endfacet
  facet normal -0.642792 -0.766041 0
    outer loop
      vertex 15.716 20.1155 -907.725
      vertex 17.0809 18.9702 -898.2
      vertex 15.716 20.1155 -898.2
    endloop
  endfacet
  facet normal -0.642792 -0.766041 0
    outer loop
      vertex 15.716 20.1155 -907.725
      vertex 17.0809 18.9702 -907.725
      vertex 17.0809 18.9702 -898.2
    endloop
  endfacet
  facet normal 0 0 -1
    outer loop
      vertex 15.716 20.1155 -907.725
      vertex 58.3659 60.545 -907.725
      vertex 58.6332 60.1487 -907.725
    endloop
  endfacet
  facet normal 0 0 -1
    outer loop
      vertex 15.716 20.1155 -907.725
      vertex 58.6332 60.1487 -907.725
      vertex 17.0809 18.9702 -907.725
    endloop
  endfacet
  facet normal 0 0 1
    outer loop
      vertex 15.716 20.1156 -1.90735e-07
      vertex 17.0809 18.9703 -1.90735e-07
      vertex 17.5925 22.5174 -1.90735e-07
    endloop
  endfacet
  facet normal 0 0 1
    outer loop
      vertex 15.716 20.1156 -1.90735e-07
      vertex 17.5925 22.5174 -1.90735e-07
      vertex 15.9789 23.6897 -1.90735e-07
    endloop
  endfacet
  facet normal -0.642792 -0.766041 0
    outer loop
      vertex 15.716 20.1156 -898.2
      vertex 17.0809 18.9703 -1.90735e-07
      vertex 15.716 20.1156 -1.90735e-07
    endloop
  endfacet
  facet normal -0.642792 -0.766041 0
    outer loop
      vertex 15.716 20.1156 -898.2
      vertex 17.0809 18.9703 -898.2
      vertex 17.0809 18.9703 -1.90735e-07
    endloop
  endfacet
  facet normal 0.587769 -0.809029 0
    outer loop
      vertex 15.9789 -23.6897 -898.2
      vertex 17.5925 -22.5174 -1.90735e-07
      vertex 15.9789 -23.6897 -1.90735e-07
    endloop
  endfacet
  facet normal 0.587769 -0.809029 0
    outer loop
      vertex 15.9789 -23.6897 -898.2
      vertex 17.5925 -22.5174 -898.2
      vertex 17.5925 -22.5174 -1.90735e-07
    endloop
  endfacet
  facet normal 0 0 1
    outer loop
      vertex 15.9789 -23.6897 -898.2
      vertex 57.9172 -61.3888 -898.2
      vertex 58.1268 -60.9591 -898.2
    endloop
  endfacet
  facet normal 0 0 1
    outer loop
      vertex 15.9789 -23.6897 -898.2
      vertex 58.1268 -60.9591 -898.2
      vertex 17.5925 -22.5174 -898.2
    endloop
  endfacet
  facet normal 0.587769 0.809029 0
    outer loop
      vertex 15.9789 23.6897 -1.90735e-07
      vertex 17.5925 22.5174 -1.90735e-07
      vertex 17.5925 22.5174 -898.2
    endloop
  endfacet
  facet normal 0.587769 0.809029 0
    outer loop
      vertex 15.9789 23.6897 -898.2
      vertex 15.9789 23.6897 -1.90735e-07
      vertex 17.5925 22.5174 -898.2
    endloop
  endfacet
  facet normal 0 0 1
    outer loop
      vertex 15.9789 23.6897 -898.2
      vertex 17.5925 22.5174 -898.2
      vertex 58.1268 60.9591 -898.2
    endloop
  endfacet
  facet normal 0 0 1
    outer loop
      vertex 15.9789 23.6897 -898.2
      vertex 58.1268 60.9591 -898.2
      vertex 57.9172 61.3888 -898.2
    endloop
  endfacet
  facet normal -0.694652 0.719346 0
    outer loop
      vertex 17.0809 -18.9702 -898.2
      vertex 18.3626 -17.7325 -898.2
      vertex 18.3626 -17.7325 -907.725
    endloop
  endfacet
  facet normal -0.694652 0.719346 0
    outer loop
      vertex 17.0809 -18.9702 -907.725
      vertex 17.0809 -18.9702 -898.2
      vertex 18.3626 -17.7325 -907.725
    endloop
  endfacet
  facet normal 0 0 -1
    outer loop
      vertex 17.0809 -18.9702 -907.725
      vertex 18.3626 -17.7325 -907.725
      vertex 59.2475 -59.4166 -907.725
    endloop
  endfacet
  facet normal 0 0 -1
    outer loop
      vertex 17.0809 -18.9702 -907.725
      vertex 58.9276 -59.7719 -907.725
      vertex 58.6332 -60.1487 -907.725
    endloop
  endfacet
  facet normal 0 0 -1
    outer loop
      vertex 17.0809 -18.9702 -907.725
      vertex 59.2475 -59.4166 -907.725
      vertex 58.9276 -59.7719 -907.725
    endloop
  endfacet
  facet normal 0 0 1
    outer loop
      vertex 17.0809 -18.9703 -1.90735e-07
      vertex 17.5925 -22.5174 -1.90735e-07
      vertex 19.1204 -21.2354 -1.90735e-07
    endloop
  endfacet
  facet normal -0.694681 0.719318 0
    outer loop
      vertex 17.0809 -18.9703 -1.90735e-07
      vertex 18.3626 -17.7325 -1.90735e-07
      vertex 18.3626 -17.7325 -898.2
    endloop
  endfacet
  facet normal 0 0 1
    outer loop
      vertex 17.0809 -18.9703 -1.90735e-07
      vertex 19.1204 -21.2354 -1.90735e-07
      vertex 18.3626 -17.7325 -1.90735e-07
    endloop
  endfacet
  facet normal -0.694681 0.719318 0
    outer loop
      vertex 17.0809 -18.9703 -898.2
      vertex 17.0809 -18.9703 -1.90735e-07
      vertex 18.3626 -17.7325 -898.2
    endloop
  endfacet
  facet normal 0 0 1
    outer loop
      vertex 17.0809 -18.9703 -898.2
      vertex 18.3626 -17.7325 -898.2
      vertex 17.0809 -18.9702 -898.2
    endloop
  endfacet
  facet normal 0 0 1
    outer loop
      vertex 17.0809 18.9702 -898.2
      vertex 18.3626 17.7325 -898.2
      vertex 17.0809 18.9703 -898.2
    endloop
  endfacet
  facet normal -0.694652 -0.719346 0
    outer loop
      vertex 17.0809 18.9702 -907.725
      vertex 18.3626 17.7325 -898.2
      vertex 17.0809 18.9702 -898.2
    endloop
  endfacet
  facet normal -0.694652 -0.719346 0
    outer loop
      vertex 17.0809 18.9702 -907.725
      vertex 18.3626 17.7325 -907.725
      vertex 18.3626 17.7325 -898.2
    endloop
  endfacet
  facet normal 0 0 -1
    outer loop
      vertex 17.0809 18.9702 -907.725
      vertex 58.6332 60.1487 -907.725
      vertex 58.9276 59.7719 -907.725
    endloop
  endfacet
  facet normal 0 0 -1
    outer loop
      vertex 17.0809 18.9702 -907.725
      vertex 58.9276 59.7719 -907.725
      vertex 59.2475 59.4166 -907.725
    endloop
  endfacet
  facet normal 0 0 -1
    outer loop
      vertex 17.0809 18.9702 -907.725
      vertex 59.2475 59.4166 -907.725
      vertex 18.3626 17.7325 -907.725
    endloop
  endfacet
  facet normal 0 0 1
    outer loop
      vertex 17.0809 18.9703 -1.90735e-07
      vertex 18.3626 17.7325 -1.90735e-07
      vertex 19.1204 21.2354 -1.90735e-07
    endloop
  endfacet
  facet normal 0 0 1
    outer loop
      vertex 17.0809 18.9703 -1.90735e-07
      vertex 19.1204 21.2354 -1.90735e-07
      vertex 17.5925 22.5174 -1.90735e-07
    endloop
  endfacet
  facet normal -0.694681 -0.719318 0
    outer loop
      vertex 17.0809 18.9703 -898.2
      vertex 18.3626 17.7325 -1.90735e-07
      vertex 17.0809 18.9703 -1.90735e-07
    endloop
  endfacet
  facet normal -0.694681 -0.719318 0
    outer loop
      vertex 17.0809 18.9703 -898.2
      vertex 18.3626 17.7325 -898.2
      vertex 18.3626 17.7325 -1.90735e-07
    endloop
  endfacet
  facet normal 0.64277 -0.766059 0
    outer loop
      vertex 17.5925 -22.5174 -898.2
      vertex 19.1204 -21.2354 -1.90735e-07
      vertex 17.5925 -22.5174 -1.90735e-07
    endloop
  endfacet
  facet normal 0.64277 -0.766059 0
    outer loop
      vertex 17.5925 -22.5174 -898.2
      vertex 19.1204 -21.2354 -898.2
      vertex 19.1204 -21.2354 -1.90735e-07
    endloop
  endfacet
  facet normal 0 0 1
    outer loop
      vertex 17.5925 -22.5174 -898.2
      vertex 58.1268 -60.9591 -898.2
      vertex 58.3659 -60.545 -898.2
    endloop
  endfacet
  facet normal 0 0 1
    outer loop
      vertex 17.5925 -22.5174 -898.2
      vertex 58.3659 -60.545 -898.2
      vertex 58.6332 -60.1487 -898.2
    endloop
  endfacet
  facet normal 0 0 1
    outer loop
      vertex 17.5925 -22.5174 -898.2
      vertex 58.6332 -60.1487 -898.2
      vertex 19.1204 -21.2354 -898.2
    endloop
  endfacet
  facet normal 0.64277 0.766059 0
    outer loop
      vertex 17.5925 22.5174 -1.90735e-07
      vertex 19.1204 21.2354 -1.90735e-07
      vertex 19.1204 21.2354 -898.2
    endloop
  endfacet
  facet normal 0.64277 0.766059 0
    outer loop
      vertex 17.5925 22.5174 -898.2
      vertex 17.5925 22.5174 -1.90735e-07
      vertex 19.1204 21.2354 -898.2
    endloop
  endfacet
  facet normal 0 0 1
    outer loop
      vertex 17.5925 22.5174 -898.2
      vertex 19.1204 21.2354 -898.2
      vertex 58.6332 60.1487 -898.2
    endloop
  endfacet
  facet normal 0 0 1
    outer loop
      vertex 17.5925 22.5174 -898.2
      vertex 58.3659 60.545 -898.2
      vertex 58.1268 60.9591 -898.2
    endloop
  endfacet
  facet normal 0 0 1
    outer loop
      vertex 17.5925 22.5174 -898.2
      vertex 58.6332 60.1487 -898.2
      vertex 58.3659 60.545 -898.2
    endloop
  endfacet
  facet normal 0 0 1
    outer loop
      vertex 18.3626 -17.7325 -1.90735e-07
      vertex 19.1204 -21.2354 -1.90735e-07
      vertex 20.5551 -19.8499 -1.90735e-07
    endloop
  endfacet
  facet normal 0 0 1
    outer loop
      vertex 18.3626 -17.7325 -1.90735e-07
      vertex 20.5551 -19.8499 -1.90735e-07
      vertex 19.5548 -16.4084 -1.90735e-07
    endloop
  endfacet
  facet normal -0.743152 0.669123 0
    outer loop
      vertex 18.3626 -17.7325 -898.2
      vertex 18.3626 -17.7325 -1.90735e-07
      vertex 19.5548 -16.4084 -1.90735e-07
    endloop
  endfacet
  facet normal -0.743152 0.669123 0
    outer loop
      vertex 18.3626 -17.7325 -898.2
      vertex 19.5548 -16.4084 -1.90735e-07
      vertex 19.5548 -16.4084 -898.2
    endloop
  endfacet
  facet normal -0.743152 0.669123 0
    outer loop
      vertex 18.3626 -17.7325 -907.725
      vertex 18.3626 -17.7325 -898.2
      vertex 19.5548 -16.4084 -898.2
    endloop
  endfacet
  facet normal -0.743152 0.669123 0
    outer loop
      vertex 18.3626 -17.7325 -907.725
      vertex 19.5548 -16.4084 -898.2
      vertex 19.5548 -16.4084 -907.725
    endloop
  endfacet
  facet normal 0 0 -1
    outer loop
      vertex 18.3626 -17.7325 -907.725
      vertex 19.5548 -16.4084 -907.725
      vertex 59.5914 -59.0845 -907.725
    endloop
  endfacet
  facet normal 0 0 -1
    outer loop
      vertex 18.3626 -17.7325 -907.725
      vertex 59.5914 -59.0845 -907.725
      vertex 59.2475 -59.4166 -907.725
    endloop
  endfacet
  facet normal 0 0 1
    outer loop
      vertex 18.3626 17.7325 -1.90735e-07
      vertex 19.5548 16.4084 -1.90735e-07
      vertex 20.5551 19.8499 -1.90735e-07
    endloop
  endfacet
  facet normal -0.743152 -0.669123 0
    outer loop
      vertex 18.3626 17.7325 -1.90735e-07
      vertex 19.5548 16.4084 -898.2
      vertex 19.5548 16.4084 -1.90735e-07
    endloop
  endfacet
  facet normal 0 0 1
    outer loop
      vertex 18.3626 17.7325 -1.90735e-07
      vertex 20.5551 19.8499 -1.90735e-07
      vertex 19.1204 21.2354 -1.90735e-07
    endloop
  endfacet
  facet normal -0.743152 -0.669123 0
    outer loop
      vertex 18.3626 17.7325 -898.2
      vertex 19.5548 16.4084 -898.2
      vertex 18.3626 17.7325 -1.90735e-07
    endloop
  endfacet
  facet normal -0.743152 -0.669123 0
    outer loop
      vertex 18.3626 17.7325 -898.2
      vertex 19.5548 16.4084 -907.725
      vertex 19.5548 16.4084 -898.2
    endloop
  endfacet
  facet normal -0.743152 -0.669123 0
    outer loop
      vertex 18.3626 17.7325 -907.725
      vertex 19.5548 16.4084 -907.725
      vertex 18.3626 17.7325 -898.2
    endloop
  endfacet
  facet normal 0 0 -1
    outer loop
      vertex 18.3626 17.7325 -907.725
      vertex 59.2475 59.4166 -907.725
      vertex 59.5914 59.0845 -907.725
    endloop
  endfacet
  facet normal 0 0 -1
    outer loop
      vertex 18.3626 17.7325 -907.725
      vertex 59.5914 59.0845 -907.725
      vertex 19.5548 16.4084 -907.725
    endloop
  endfacet
  facet normal 0.694665 -0.719333 0
    outer loop
      vertex 19.1204 -21.2354 -898.2
      vertex 20.5551 -19.8499 -1.90735e-07
      vertex 19.1204 -21.2354 -1.90735e-07
    endloop
  endfacet
  facet normal 0.694665 -0.719333 0
    outer loop
      vertex 19.1204 -21.2354 -898.2
      vertex 20.5551 -19.8499 -898.2
      vertex 20.5551 -19.8499 -1.90735e-07
    endloop
  endfacet
  facet normal 0 0 1
    outer loop
      vertex 19.1204 -21.2354 -898.2
      vertex 58.6332 -60.1487 -898.2
      vertex 58.9276 -59.7719 -898.2
    endloop
  endfacet
  facet normal 0 0 1
    outer loop
      vertex 19.1204 -21.2354 -898.2
      vertex 58.9276 -59.7719 -898.2
      vertex 59.2475 -59.4166 -898.2
    endloop
  endfacet
  facet normal 0 0 1
    outer loop
      vertex 19.1204 -21.2354 -898.2
      vertex 59.2475 -59.4166 -898.2
      vertex 20.5551 -19.8499 -898.2
    endloop
  endfacet
  facet normal 0.694665 0.719333 0
    outer loop
      vertex 19.1204 21.2354 -1.90735e-07
      vertex 20.5551 19.8499 -1.90735e-07
      vertex 20.5551 19.8499 -898.2
    endloop
  endfacet
  facet normal 0.694665 0.719333 0
    outer loop
      vertex 19.1204 21.2354 -898.2
      vertex 19.1204 21.2354 -1.90735e-07
      vertex 20.5551 19.8499 -898.2
    endloop
  endfacet
  facet normal 0 0 1
    outer loop
      vertex 19.1204 21.2354 -898.2
      vertex 20.5551 19.8499 -898.2
      vertex 59.2475 59.4166 -898.2
    endloop
  endfacet
  facet normal 0 0 1
    outer loop
      vertex 19.1204 21.2354 -898.2
      vertex 58.9276 59.7719 -898.2
      vertex 58.6332 60.1487 -898.2
    endloop
  endfacet
  facet normal 0 0 1
    outer loop
      vertex 19.1204 21.2354 -898.2
      vertex 59.2475 59.4166 -898.2
      vertex 58.9276 59.7719 -898.2
    endloop
  endfacet
  facet normal 0 0 1
    outer loop
      vertex 19.5548 -16.4084 -1.90735e-07
      vertex 20.5551 -19.8499 -1.90735e-07
      vertex 21.8897 -18.3677 -1.90735e-07
    endloop
  endfacet
  facet normal 0 0 1
    outer loop
      vertex 19.5548 -16.4084 -1.90735e-07
      vertex 21.8897 -18.3677 -1.90735e-07
      vertex 20.6518 -15.0044 -1.90735e-07
    endloop
  endfacet
  facet normal -0.78799 0.615688 0
    outer loop
      vertex 19.5548 -16.4084 -898.2
      vertex 19.5548 -16.4084 -1.90735e-07
      vertex 20.6518 -15.0044 -1.90735e-07
    endloop
  endfacet
  facet normal -0.78799 0.615688 0
    outer loop
      vertex 19.5548 -16.4084 -898.2
      vertex 20.6518 -15.0044 -1.90735e-07
      vertex 20.6518 -15.0044 -898.2
    endloop
  endfacet
  facet normal -0.78799 0.615688 0
    outer loop
      vertex 19.5548 -16.4084 -907.725
      vertex 19.5548 -16.4084 -898.2
      vertex 20.6518 -15.0044 -898.2
    endloop
  endfacet
  facet normal -0.78799 0.615688 0
    outer loop
      vertex 19.5548 -16.4084 -907.725
      vertex 20.6518 -15.0044 -898.2
      vertex 20.6518 -15.0044 -907.725
    endloop
  endfacet
  facet normal 0 0 -1
    outer loop
      vertex 19.5548 -16.4084 -907.725
      vertex 20.6518 -15.0044 -907.725
      vertex 60.3445 -58.4961 -907.725
    endloop
  endfacet
  facet normal 0 0 -1
    outer loop
      vertex 19.5548 -16.4084 -907.725
      vertex 59.9577 -58.7771 -907.725
      vertex 59.5914 -59.0845 -907.725
    endloop
  endfacet
  facet normal 0 0 -1
    outer loop
      vertex 19.5548 -16.4084 -907.725
      vertex 60.3445 -58.4961 -907.725
      vertex 59.9577 -58.7771 -907.725
    endloop
  endfacet
  facet normal 0 0 1
    outer loop
      vertex 19.5548 16.4084 -1.90735e-07
      vertex 20.6518 15.0044 -1.90735e-07
      vertex 21.8897 18.3677 -1.90735e-07
    endloop
  endfacet
  facet normal -0.78799 -0.615688 0
    outer loop
      vertex 19.5548 16.4084 -1.90735e-07
      vertex 20.6518 15.0044 -898.2
      vertex 20.6518 15.0044 -1.90735e-07
    endloop
  endfacet
  facet normal 0 0 1
    outer loop
      vertex 19.5548 16.4084 -1.90735e-07
      vertex 21.8897 18.3677 -1.90735e-07
      vertex 20.5551 19.8499 -1.90735e-07
    endloop
  endfacet
  facet normal -0.78799 -0.615688 0
    outer loop
      vertex 19.5548 16.4084 -898.2
      vertex 20.6518 15.0044 -898.2
      vertex 19.5548 16.4084 -1.90735e-07
    endloop
  endfacet
  facet normal -0.78799 -0.615688 0
    outer loop
      vertex 19.5548 16.4084 -898.2
      vertex 20.6518 15.0044 -907.725
      vertex 20.6518 15.0044 -898.2
    endloop
  endfacet
  facet normal -0.78799 -0.615688 0
    outer loop
      vertex 19.5548 16.4084 -907.725
      vertex 20.6518 15.0044 -907.725
      vertex 19.5548 16.4084 -898.2
    endloop
  endfacet
  facet normal 0 0 -1
    outer loop
      vertex 19.5548 16.4084 -907.725
      vertex 59.5914 59.0845 -907.725
      vertex 59.9577 58.7771 -907.725
    endloop
  endfacet
  facet normal 0 0 -1
    outer loop
      vertex 19.5548 16.4084 -907.725
      vertex 59.9577 58.7771 -907.725
      vertex 60.3445 58.4961 -907.725
    endloop
  endfacet
  facet normal 0 0 -1
    outer loop
      vertex 19.5548 16.4084 -907.725
      vertex 60.3445 58.4961 -907.725
      vertex 20.6518 15.0044 -907.725
    endloop
  endfacet
  facet normal 0 0 1
    outer loop
      vertex 2.66829 -25.3871 -898.2
      vertex 2.6683 -25.3872 -898.2
      vertex 4.43271 -25.1392 -898.2
    endloop
  endfacet
  facet normal -0.139133 0.990274 0
    outer loop
      vertex 2.66829 -25.3871 -898.2
      vertex 4.43271 -25.1392 -898.2
      vertex 4.43271 -25.1392 -907.725
    endloop
  endfacet
  facet normal -0.139133 0.990274 0
    outer loop
      vertex 2.66829 -25.3871 -907.725
      vertex 2.66829 -25.3871 -898.2
      vertex 4.43271 -25.1392 -907.725
    endloop
  endfacet
  facet normal 0 0 -1
    outer loop
      vertex 2.66829 -25.3871 -907.725
      vertex 4.43271 -25.1392 -907.725
      vertex 57.3917 -65.1283 -907.725
    endloop
  endfacet
  facet normal 0 0 -1
    outer loop
      vertex 2.66829 -25.3871 -907.725
      vertex 57.3917 -65.1283 -907.725
      vertex 57.4747 -65.5992 -907.725
    endloop
  endfacet
  facet normal 0 0 -1
    outer loop
      vertex 2.66829 -25.3871 -907.725
      vertex 57.4747 -65.5992 -907.725
      vertex 57.5903 -66.0631 -907.725
    endloop
  endfacet
  facet normal 0 0 1
    outer loop
      vertex 2.66829 25.3871 -898.2
      vertex 4.43271 25.1392 -898.2
      vertex 2.6683 25.3872 -898.2
    endloop
  endfacet
  facet normal -0.139133 -0.990274 0
    outer loop
      vertex 2.66829 25.3871 -907.725
      vertex 4.43271 25.1392 -898.2
      vertex 2.66829 25.3871 -898.2
    endloop
  endfacet
  facet normal -0.139133 -0.990274 0
    outer loop
      vertex 2.66829 25.3871 -907.725
      vertex 4.43271 25.1392 -907.725
      vertex 4.43271 25.1392 -898.2
    endloop
  endfacet
  facet normal 0 0 -1
    outer loop
      vertex 2.66829 25.3871 -907.725
      vertex 57.3917 65.1283 -907.725
      vertex 4.43271 25.1392 -907.725
    endloop
  endfacet
  facet normal 0 0 -1
    outer loop
      vertex 2.66829 25.3871 -907.725
      vertex 57.4747 65.5992 -907.725
      vertex 57.3917 65.1283 -907.725
    endloop
  endfacet
  facet normal 0 0 -1
    outer loop
      vertex 2.66829 25.3871 -907.725
      vertex 57.5903 66.0631 -907.725
      vertex 57.4747 65.5992 -907.725
    endloop
  endfacet
  facet normal 0 0 1
    outer loop
      vertex 2.6683 -25.3872 -1.90735e-07
      vertex 2.9869 -28.4185 -1.90735e-07
      vertex 4.43272 -25.1392 -1.90735e-07
    endloop
  endfacet
  facet normal -0.139188 0.990266 0
    outer loop
      vertex 2.6683 -25.3872 -1.90735e-07
      vertex 4.43272 -25.1392 -1.90735e-07
      vertex 4.43272 -25.1392 -898.2
    endloop
  endfacet
  facet normal -0.139188 0.990266 0
    outer loop
      vertex 2.6683 -25.3872 -898.2
      vertex 2.6683 -25.3872 -1.90735e-07
      vertex 4.43272 -25.1392 -898.2
    endloop
  endfacet
  facet normal 0 0 1
    outer loop
      vertex 2.6683 -25.3872 -898.2
      vertex 4.43272 -25.1392 -898.2
      vertex 4.43271 -25.1392 -898.2
    endloop
  endfacet
  facet normal 0 0 1
    outer loop
      vertex 2.6683 25.3872 -1.90735e-07
      vertex 4.43272 25.1392 -1.90735e-07
      vertex 2.9869 28.4185 -1.90735e-07
    endloop
  endfacet
  facet normal 0 0 1
    outer loop
      vertex 2.6683 25.3872 -898.2
      vertex 4.43271 25.1392 -898.2
      vertex 4.43272 25.1392 -898.2
    endloop
  endfacet
  facet normal -0.139188 -0.990266 0
    outer loop
      vertex 2.6683 25.3872 -898.2
      vertex 4.43272 25.1392 -1.90735e-07
      vertex 2.6683 25.3872 -1.90735e-07
    endloop
  endfacet
  facet normal -0.139188 -0.990266 0
    outer loop
      vertex 2.6683 25.3872 -898.2
      vertex 4.43272 25.1392 -898.2
      vertex 4.43272 25.1392 -1.90735e-07
    endloop
  endfacet
  facet normal 0 0 1
    outer loop
      vertex 2.9869 -28.4185 -1.90735e-07
      vertex 4.962 -28.1409 -1.90735e-07
      vertex 4.43272 -25.1392 -1.90735e-07
    endloop
  endfacet
  facet normal 0.139182 -0.990267 0
    outer loop
      vertex 2.9869 -28.4185 -898.2
      vertex 4.962 -28.1409 -1.90735e-07
      vertex 2.9869 -28.4185 -1.90735e-07
    endloop
  endfacet
  facet normal 0.139182 -0.990267 0
    outer loop
      vertex 2.9869 -28.4185 -898.2
      vertex 4.962 -28.1409 -898.2
      vertex 4.962 -28.1409 -1.90735e-07
    endloop
  endfacet
  facet normal 0 0 1
    outer loop
      vertex 2.9869 -28.4185 -898.2
      vertex 57.4747 -65.5992 -898.2
      vertex 4.962 -28.1409 -898.2
    endloop
  endfacet
  facet normal 0 0 1
    outer loop
      vertex 2.9869 -28.4185 -898.2
      vertex 57.5903 -66.0631 -898.2
      vertex 57.4747 -65.5992 -898.2
    endloop
  endfacet
  facet normal 0 0 1
    outer loop
      vertex 2.9869 -28.4185 -898.2
      vertex 57.7381 -66.5178 -898.2
      vertex 57.5903 -66.0631 -898.2
    endloop
  endfacet
  facet normal 0 0 1
    outer loop
      vertex 2.9869 28.4185 -1.90735e-07
      vertex 4.43272 25.1392 -1.90735e-07
      vertex 4.962 28.1409 -1.90735e-07
    endloop
  endfacet
  facet normal 0.139182 0.990267 0
    outer loop
      vertex 2.9869 28.4185 -1.90735e-07
      vertex 4.962 28.1409 -1.90735e-07
      vertex 4.962 28.1409 -898.2
    endloop
  endfacet
  facet normal 0.139182 0.990267 0
    outer loop
      vertex 2.9869 28.4185 -898.2
      vertex 2.9869 28.4185 -1.90735e-07
      vertex 4.962 28.1409 -898.2
    endloop
  endfacet
  facet normal 0 0 1
    outer loop
      vertex 2.9869 28.4185 -898.2
      vertex 4.962 28.1409 -898.2
      vertex 57.4747 65.5992 -898.2
    endloop
  endfacet
  facet normal 0 0 1
    outer loop
      vertex 2.9869 28.4185 -898.2
      vertex 57.4747 65.5992 -898.2
      vertex 57.5903 66.0631 -898.2
    endloop
  endfacet
  facet normal 0 0 1
    outer loop
      vertex 2.9869 28.4185 -898.2
      vertex 57.5903 66.0631 -898.2
      vertex 57.7381 66.5178 -898.2
    endloop
  endfacet
  facet normal 0.74314 -0.669136 0
    outer loop
      vertex 20.5551 -19.8499 -1.90735e-07
      vertex 21.8897 -18.3677 -898.2
      vertex 21.8897 -18.3677 -1.90735e-07
    endloop
  endfacet
  facet normal 0.74314 -0.669136 0
    outer loop
      vertex 20.5551 -19.8499 -898.2
      vertex 21.8897 -18.3677 -898.2
      vertex 20.5551 -19.8499 -1.90735e-07
    endloop
  endfacet
  facet normal 0 0 1
    outer loop
      vertex 20.5551 -19.8499 -898.2
      vertex 59.2475 -59.4166 -898.2
      vertex 59.5914 -59.0845 -898.2
    endloop
  endfacet
  facet normal 0 0 1
    outer loop
      vertex 20.5551 -19.8499 -898.2
      vertex 59.5914 -59.0845 -898.2
      vertex 21.8897 -18.3677 -898.2
    endloop
  endfacet
  facet normal 0.74314 0.669136 0
    outer loop
      vertex 20.5551 19.8499 -898.2
      vertex 20.5551 19.8499 -1.90735e-07
      vertex 21.8897 18.3677 -1.90735e-07
    endloop
  endfacet
  facet normal 0.74314 0.669136 0
    outer loop
      vertex 20.5551 19.8499 -898.2
      vertex 21.8897 18.3677 -1.90735e-07
      vertex 21.8897 18.3677 -898.2
    endloop
  endfacet
  facet normal 0 0 1
    outer loop
      vertex 20.5551 19.8499 -898.2
      vertex 21.8897 18.3677 -898.2
      vertex 59.5914 59.0845 -898.2
    endloop
  endfacet
  facet normal 0 0 1
    outer loop
      vertex 20.5551 19.8499 -898.2
      vertex 59.5914 59.0845 -898.2
      vertex 59.2475 59.4166 -898.2
    endloop
  endfacet
  facet normal 0 0 1
    outer loop
      vertex 20.6518 -15.0044 -1.90735e-07
      vertex 21.8897 -18.3677 -1.90735e-07
      vertex 23.1177 -16.796 -1.90735e-07
    endloop
  endfacet
  facet normal 0 0 1
    outer loop
      vertex 20.6518 -15.0044 -1.90735e-07
      vertex 23.1177 -16.796 -1.90735e-07
      vertex 21.6481 -13.5272 -1.90735e-07
    endloop
  endfacet
  facet normal -0.829059 0.559161 0
    outer loop
      vertex 20.6518 -15.0044 -898.2
      vertex 20.6518 -15.0044 -1.90735e-07
      vertex 21.6481 -13.5272 -1.90735e-07
    endloop
  endfacet
  facet normal -0.829059 0.559161 0
    outer loop
      vertex 20.6518 -15.0044 -898.2
      vertex 21.6481 -13.5272 -1.90735e-07
      vertex 21.6481 -13.5272 -898.2
    endloop
  endfacet
  facet normal -0.829059 0.559161 0
    outer loop
      vertex 20.6518 -15.0044 -907.725
      vertex 20.6518 -15.0044 -898.2
      vertex 21.6481 -13.5272 -898.2
    endloop
  endfacet
  facet normal -0.829059 0.559161 0
    outer loop
      vertex 20.6518 -15.0044 -907.725
      vertex 21.6481 -13.5272 -898.2
      vertex 21.6481 -13.5272 -907.725
    endloop
  endfacet
  facet normal 0 0 -1
    outer loop
      vertex 20.6518 -15.0044 -907.725
      vertex 21.6481 -13.5272 -907.725
      vertex 60.75 -58.2427 -907.725
    endloop
  endfacet
  facet normal 0 0 -1
    outer loop
      vertex 20.6518 -15.0044 -907.725
      vertex 60.75 -58.2427 -907.725
      vertex 60.3445 -58.4961 -907.725
    endloop
  endfacet
  facet normal 0 0 1
    outer loop
      vertex 20.6518 15.0044 -1.90735e-07
      vertex 21.6481 13.5272 -1.90735e-07
      vertex 23.1177 16.796 -1.90735e-07
    endloop
  endfacet
  facet normal -0.829059 -0.559161 0
    outer loop
      vertex 20.6518 15.0044 -1.90735e-07
      vertex 21.6481 13.5272 -898.2
      vertex 21.6481 13.5272 -1.90735e-07
    endloop
  endfacet
  facet normal 0 0 1
    outer loop
      vertex 20.6518 15.0044 -1.90735e-07
      vertex 23.1177 16.796 -1.90735e-07
      vertex 21.8897 18.3677 -1.90735e-07
    endloop
  endfacet
  facet normal -0.829059 -0.559161 0
    outer loop
      vertex 20.6518 15.0044 -898.2
      vertex 21.6481 13.5272 -898.2
      vertex 20.6518 15.0044 -1.90735e-07
    endloop
  endfacet
  facet normal -0.829059 -0.559161 0
    outer loop
      vertex 20.6518 15.0044 -898.2
      vertex 21.6481 13.5272 -907.725
      vertex 21.6481 13.5272 -898.2
    endloop
  endfacet
  facet normal -0.829059 -0.559161 0
    outer loop
      vertex 20.6518 15.0044 -907.725
      vertex 21.6481 13.5272 -907.725
      vertex 20.6518 15.0044 -898.2
    endloop
  endfacet
  facet normal 0 0 -1
    outer loop
      vertex 20.6518 15.0044 -907.725
      vertex 60.3445 58.4961 -907.725
      vertex 60.75 58.2427 -907.725
    endloop
  endfacet
  facet normal 0 0 -1
    outer loop
      vertex 20.6518 15.0044 -907.725
      vertex 60.75 58.2427 -907.725
      vertex 21.6481 13.5272 -907.725
    endloop
  endfacet
  facet normal 0 0 1
    outer loop
      vertex 21.6481 -13.5272 -1.90735e-07
      vertex 23.1177 -16.796 -1.90735e-07
      vertex 24.233 -15.1424 -1.90735e-07
    endloop
  endfacet
  facet normal 0 0 1
    outer loop
      vertex 21.6481 -13.5272 -1.90735e-07
      vertex 24.233 -15.1424 -1.90735e-07
      vertex 22.539 -11.9842 -1.90735e-07
    endloop
  endfacet
  facet normal -0.866014 0.50002 0
    outer loop
      vertex 21.6481 -13.5272 -898.2
      vertex 21.6481 -13.5272 -1.90735e-07
      vertex 22.539 -11.9842 -1.90735e-07
    endloop
  endfacet
  facet normal -0.866014 0.50002 0
    outer loop
      vertex 21.6481 -13.5272 -898.2
      vertex 22.539 -11.9842 -1.90735e-07
      vertex 22.539 -11.9842 -898.2
    endloop
  endfacet
  facet normal -0.866014 0.50002 0
    outer loop
      vertex 21.6481 -13.5272 -907.725
      vertex 21.6481 -13.5272 -898.2
      vertex 22.539 -11.9842 -898.2
    endloop
  endfacet
  facet normal -0.866014 0.50002 0
    outer loop
      vertex 21.6481 -13.5272 -907.725
      vertex 22.539 -11.9842 -898.2
      vertex 22.539 -11.9842 -907.725
    endloop
  endfacet
  facet normal 0 0 -1
    outer loop
      vertex 21.6481 -13.5272 -907.725
      vertex 22.539 -11.9842 -907.725
      vertex 61.6089 -57.8238 -907.725
    endloop
  endfacet
  facet normal 0 0 -1
    outer loop
      vertex 21.6481 -13.5272 -907.725
      vertex 61.1721 -58.0182 -907.725
      vertex 60.75 -58.2427 -907.725
    endloop
  endfacet
  facet normal 0 0 -1
    outer loop
      vertex 21.6481 -13.5272 -907.725
      vertex 61.6089 -57.8238 -907.725
      vertex 61.1721 -58.0182 -907.725
    endloop
  endfacet
  facet normal 0 0 1
    outer loop
      vertex 21.6481 13.5272 -1.90735e-07
      vertex 22.539 11.9842 -1.90735e-07
      vertex 24.233 15.1424 -1.90735e-07
    endloop
  endfacet
  facet normal -0.866014 -0.50002 0
    outer loop
      vertex 21.6481 13.5272 -1.90735e-07
      vertex 22.539 11.9842 -898.2
      vertex 22.539 11.9842 -1.90735e-07
    endloop
  endfacet
  facet normal 0 0 1
    outer loop
      vertex 21.6481 13.5272 -1.90735e-07
      vertex 24.233 15.1424 -1.90735e-07
      vertex 23.1177 16.796 -1.90735e-07
    endloop
  endfacet
  facet normal -0.866014 -0.50002 0
    outer loop
      vertex 21.6481 13.5272 -898.2
      vertex 22.539 11.9842 -898.2
      vertex 21.6481 13.5272 -1.90735e-07
    endloop
  endfacet
  facet normal -0.866014 -0.50002 0
    outer loop
      vertex 21.6481 13.5272 -898.2
      vertex 22.539 11.9842 -907.725
      vertex 22.539 11.9842 -898.2
    endloop
  endfacet
  facet normal -0.866014 -0.50002 0
    outer loop
      vertex 21.6481 13.5272 -907.725
      vertex 22.539 11.9842 -907.725
      vertex 21.6481 13.5272 -898.2
    endloop
  endfacet
  facet normal 0 0 -1
    outer loop
      vertex 21.6481 13.5272 -907.725
      vertex 60.75 58.2427 -907.725
      vertex 61.1721 58.0182 -907.725
    endloop
  endfacet
  facet normal 0 0 -1
    outer loop
      vertex 21.6481 13.5272 -907.725
      vertex 61.1721 58.0182 -907.725
      vertex 61.6089 57.8238 -907.725
    endloop
  endfacet
  facet normal 0 0 -1
    outer loop
      vertex 21.6481 13.5272 -907.725
      vertex 61.6089 57.8238 -907.725
      vertex 22.539 11.9842 -907.725
    endloop
  endfacet
  facet normal 0.787998 -0.615678 0
    outer loop
      vertex 21.8897 -18.3677 -1.90735e-07
      vertex 23.1177 -16.796 -898.2
      vertex 23.1177 -16.796 -1.90735e-07
    endloop
  endfacet
  facet normal 0.787998 -0.615678 0
    outer loop
      vertex 21.8897 -18.3677 -898.2
      vertex 23.1177 -16.796 -898.2
      vertex 21.8897 -18.3677 -1.90735e-07
    endloop
  endfacet
  facet normal 0 0 1
    outer loop
      vertex 21.8897 -18.3677 -898.2
      vertex 59.5914 -59.0845 -898.2
      vertex 59.9577 -58.7771 -898.2
    endloop
  endfacet
  facet normal 0 0 1
    outer loop
      vertex 21.8897 -18.3677 -898.2
      vertex 59.9577 -58.7771 -898.2
      vertex 60.3445 -58.4961 -898.2
    endloop
  endfacet
  facet normal 0 0 1
    outer loop
      vertex 21.8897 -18.3677 -898.2
      vertex 60.3445 -58.4961 -898.2
      vertex 23.1177 -16.796 -898.2
    endloop
  endfacet
  facet normal 0.787998 0.615678 0
    outer loop
      vertex 21.8897 18.3677 -898.2
      vertex 21.8897 18.3677 -1.90735e-07
      vertex 23.1177 16.796 -1.90735e-07
    endloop
  endfacet
  facet normal 0.787998 0.615678 0
    outer loop
      vertex 21.8897 18.3677 -898.2
      vertex 23.1177 16.796 -1.90735e-07
      vertex 23.1177 16.796 -898.2
    endloop
  endfacet
  facet normal 0 0 1
    outer loop
      vertex 21.8897 18.3677 -898.2
      vertex 23.1177 16.796 -898.2
      vertex 60.3445 58.4961 -898.2
    endloop
  endfacet
  facet normal 0 0 1
    outer loop
      vertex 21.8897 18.3677 -898.2
      vertex 59.9577 58.7771 -898.2
      vertex 59.5914 59.0845 -898.2
    endloop
  endfacet
  facet normal 0 0 1
    outer loop
      vertex 21.8897 18.3677 -898.2
      vertex 60.3445 58.4961 -898.2
      vertex 59.9577 58.7771 -898.2
    endloop
  endfacet
  facet normal 0 0 1
    outer loop
      vertex 22.539 -11.9842 -1.90735e-07
      vertex 24.233 -15.1424 -1.90735e-07
      vertex 25.2302 -13.4151 -1.90735e-07
    endloop
  endfacet
  facet normal 0 0 1
    outer loop
      vertex 22.539 -11.9842 -1.90735e-07
      vertex 25.2302 -13.4151 -1.90735e-07
      vertex 23.3201 -10.3828 -1.90735e-07
    endloop
  endfacet
  facet normal -0.898784 0.438392 0
    outer loop
      vertex 22.539 -11.9842 -898.2
      vertex 22.539 -11.9842 -1.90735e-07
      vertex 23.3201 -10.3828 -1.90735e-07
    endloop
  endfacet
  facet normal -0.898784 0.438392 0
    outer loop
      vertex 22.539 -11.9842 -898.2
      vertex 23.3201 -10.3828 -1.90735e-07
      vertex 23.3201 -10.3828 -898.2
    endloop
  endfacet
  facet normal -0.898784 0.438392 0
    outer loop
      vertex 22.539 -11.9842 -907.725
      vertex 22.539 -11.9842 -898.2
      vertex 23.3201 -10.3828 -898.2
    endloop
  endfacet
  facet normal -0.898784 0.438392 0
    outer loop
      vertex 22.539 -11.9842 -907.725
      vertex 23.3201 -10.3828 -898.2
      vertex 23.3201 -10.3828 -907.725
    endloop
  endfacet
  facet normal 0 0 -1
    outer loop
      vertex 22.539 -11.9842 -907.725
      vertex 23.3201 -10.3828 -907.725
      vertex 62.0582 -57.6602 -907.725
    endloop
  endfacet
  facet normal 0 0 -1
    outer loop
      vertex 22.539 -11.9842 -907.725
      vertex 62.0582 -57.6602 -907.725
      vertex 61.6089 -57.8238 -907.725
    endloop
  endfacet
  facet normal 0 0 1
    outer loop
      vertex 22.539 11.9842 -1.90735e-07
      vertex 23.3201 10.3828 -1.90735e-07
      vertex 25.2302 13.4151 -1.90735e-07
    endloop
  endfacet
  facet normal -0.898784 -0.438392 0
    outer loop
      vertex 22.539 11.9842 -1.90735e-07
      vertex 23.3201 10.3828 -898.2
      vertex 23.3201 10.3828 -1.90735e-07
    endloop
  endfacet
  facet normal 0 0 1
    outer loop
      vertex 22.539 11.9842 -1.90735e-07
      vertex 25.2302 13.4151 -1.90735e-07
      vertex 24.233 15.1424 -1.90735e-07
    endloop
  endfacet
  facet normal -0.898784 -0.438392 0
    outer loop
      vertex 22.539 11.9842 -898.2
      vertex 23.3201 10.3828 -898.2
      vertex 22.539 11.9842 -1.90735e-07
    endloop
  endfacet
  facet normal -0.898784 -0.438392 0
    outer loop
      vertex 22.539 11.9842 -898.2
      vertex 23.3201 10.3828 -907.725
      vertex 23.3201 10.3828 -898.2
    endloop
  endfacet
  facet normal -0.898784 -0.438392 0
    outer loop
      vertex 22.539 11.9842 -907.725
      vertex 23.3201 10.3828 -907.725
      vertex 22.539 11.9842 -898.2
    endloop
  endfacet
  facet normal 0 0 -1
    outer loop
      vertex 22.539 11.9842 -907.725
      vertex 61.6089 57.8238 -907.725
      vertex 62.0582 57.6602 -907.725
    endloop
  endfacet
  facet normal 0 0 -1
    outer loop
      vertex 22.539 11.9842 -907.725
      vertex 62.0582 57.6602 -907.725
      vertex 23.3201 10.3828 -907.725
    endloop
  endfacet
  facet normal 0.829053 -0.55917 0
    outer loop
      vertex 23.1177 -16.796 -1.90735e-07
      vertex 24.233 -15.1424 -898.2
      vertex 24.233 -15.1424 -1.90735e-07
    endloop
  endfacet
  facet normal 0.829053 -0.55917 0
    outer loop
      vertex 23.1177 -16.796 -898.2
      vertex 24.233 -15.1424 -898.2
      vertex 23.1177 -16.796 -1.90735e-07
    endloop
  endfacet
  facet normal 0 0 1
    outer loop
      vertex 23.1177 -16.796 -898.2
      vertex 60.3445 -58.4961 -898.2
      vertex 60.75 -58.2427 -898.2
    endloop
  endfacet
  facet normal 0 0 1
    outer loop
      vertex 23.1177 -16.796 -898.2
      vertex 60.75 -58.2427 -898.2
      vertex 61.1721 -58.0182 -898.2
    endloop
  endfacet
  facet normal 0 0 1
    outer loop
      vertex 23.1177 -16.796 -898.2
      vertex 61.1721 -58.0182 -898.2
      vertex 24.233 -15.1424 -898.2
    endloop
  endfacet
  facet normal 0.829053 0.55917 0
    outer loop
      vertex 23.1177 16.796 -898.2
      vertex 23.1177 16.796 -1.90735e-07
      vertex 24.233 15.1424 -1.90735e-07
    endloop
  endfacet
  facet normal 0.829053 0.55917 0
    outer loop
      vertex 23.1177 16.796 -898.2
      vertex 24.233 15.1424 -1.90735e-07
      vertex 24.233 15.1424 -898.2
    endloop
  endfacet
  facet normal 0 0 1
    outer loop
      vertex 23.1177 16.796 -898.2
      vertex 24.233 15.1424 -898.2
      vertex 61.1721 58.0182 -898.2
    endloop
  endfacet
  facet normal 0 0 1
    outer loop
      vertex 23.1177 16.796 -898.2
      vertex 60.75 58.2427 -898.2
      vertex 60.3445 58.4961 -898.2
    endloop
  endfacet
  facet normal 0 0 1
    outer loop
      vertex 23.1177 16.796 -898.2
      vertex 61.1721 58.0182 -898.2
      vertex 60.75 58.2427 -898.2
    endloop
  endfacet
  facet normal 0 0 1
    outer loop
      vertex 23.3201 -10.3828 -1.90735e-07
      vertex 25.2302 -13.4151 -1.90735e-07
      vertex 26.1046 -11.6225 -1.90735e-07
    endloop
  endfacet
  facet normal 0 0 1
    outer loop
      vertex 23.3201 -10.3828 -1.90735e-07
      vertex 26.1046 -11.6225 -1.90735e-07
      vertex 23.9875 -8.73075 -1.90735e-07
    endloop
  endfacet
  facet normal -0.927198 0.374572 0
    outer loop
      vertex 23.3201 -10.3828 -898.2
      vertex 23.3201 -10.3828 -1.90735e-07
      vertex 23.9875 -8.73075 -1.90735e-07
    endloop
  endfacet
  facet normal -0.927198 0.374572 0
    outer loop
      vertex 23.3201 -10.3828 -898.2
      vertex 23.9875 -8.73075 -1.90735e-07
      vertex 23.9875 -8.73075 -898.2
    endloop
  endfacet
  facet normal 0 0 1
    outer loop
      vertex 23.3201 -10.3828 -898.2
      vertex 23.9875 -8.73075 -898.2
      vertex 23.9875 -8.73074 -898.2
    endloop
  endfacet
  facet normal -0.927199 0.37457 0
    outer loop
      vertex 23.3201 -10.3828 -907.725
      vertex 23.3201 -10.3828 -898.2
      vertex 23.9875 -8.73074 -898.2
    endloop
  endfacet
  facet normal -0.927199 0.37457 0
    outer loop
      vertex 23.3201 -10.3828 -907.725
      vertex 23.9875 -8.73074 -898.2
      vertex 23.9875 -8.73074 -907.725
    endloop
  endfacet
  facet normal 0 0 -1
    outer loop
      vertex 23.3201 -10.3828 -907.725
      vertex 23.9875 -8.73074 -907.725
      vertex 62.9855 -57.4291 -907.725
    endloop
  endfacet
  facet normal 0 0 -1
    outer loop
      vertex 23.3201 -10.3828 -907.725
      vertex 62.5178 -57.5285 -907.725
      vertex 62.0582 -57.6602 -907.725
    endloop
  endfacet
  facet normal 0 0 -1
    outer loop
      vertex 23.3201 -10.3828 -907.725
      vertex 62.9855 -57.4291 -907.725
      vertex 62.5178 -57.5285 -907.725
    endloop
  endfacet
  facet normal 0 0 1
    outer loop
      vertex 23.3201 10.3828 -1.90735e-07
      vertex 23.9875 8.73075 -1.90735e-07
      vertex 26.1046 11.6225 -1.90735e-07
    endloop
  endfacet
  facet normal -0.927198 -0.374572 0
    outer loop
      vertex 23.3201 10.3828 -1.90735e-07
      vertex 23.9875 8.73075 -898.2
      vertex 23.9875 8.73075 -1.90735e-07
    endloop
  endfacet
  facet normal 0 0 1
    outer loop
      vertex 23.3201 10.3828 -1.90735e-07
      vertex 26.1046 11.6225 -1.90735e-07
      vertex 25.2302 13.4151 -1.90735e-07
    endloop
  endfacet
  facet normal 0 0 1
    outer loop
      vertex 23.3201 10.3828 -898.2
      vertex 23.9875 8.73074 -898.2
      vertex 23.9875 8.73075 -898.2
    endloop
  endfacet
  facet normal -0.927199 -0.37457 0
    outer loop
      vertex 23.3201 10.3828 -898.2
      vertex 23.9875 8.73074 -907.725
      vertex 23.9875 8.73074 -898.2
    endloop
  endfacet
  facet normal -0.927198 -0.374572 0
    outer loop
      vertex 23.3201 10.3828 -898.2
      vertex 23.9875 8.73075 -898.2
      vertex 23.3201 10.3828 -1.90735e-07
    endloop
  endfacet
  facet normal -0.927199 -0.37457 0
    outer loop
      vertex 23.3201 10.3828 -907.725
      vertex 23.9875 8.73074 -907.725
      vertex 23.3201 10.3828 -898.2
    endloop
  endfacet
  facet normal 0 0 -1
    outer loop
      vertex 23.3201 10.3828 -907.725
      vertex 62.0582 57.6602 -907.725
      vertex 62.5178 57.5285 -907.725
    endloop
  endfacet
  facet normal 0 0 -1
    outer loop
      vertex 23.3201 10.3828 -907.725
      vertex 62.5178 57.5285 -907.725
      vertex 62.9855 57.4291 -907.725
    endloop
  endfacet
  facet normal 0 0 -1
    outer loop
      vertex 23.3201 10.3828 -907.725
      vertex 62.9855 57.4291 -907.725
      vertex 23.9875 8.73074 -907.725
    endloop
  endfacet
  facet normal -0.951055 0.309021 0
    outer loop
      vertex 23.9875 -8.73074 -907.725
      vertex 23.9875 -8.73074 -898.2
      vertex 24.5381 -7.03619 -898.2
    endloop
  endfacet
  facet normal -0.951055 0.309021 0
    outer loop
      vertex 23.9875 -8.73074 -907.725
      vertex 24.5381 -7.03619 -898.2
      vertex 24.5381 -7.03619 -907.725
    endloop
  endfacet
  facet normal 0 0 -1
    outer loop
      vertex 23.9875 -8.73074 -907.725
      vertex 24.5381 -7.03619 -907.725
      vertex 63.459 -57.3625 -907.725
    endloop
  endfacet
  facet normal 0 0 -1
    outer loop
      vertex 23.9875 -8.73074 -907.725
      vertex 63.459 -57.3625 -907.725
      vertex 62.9855 -57.4291 -907.725
    endloop
  endfacet
  facet normal 0 0 1
    outer loop
      vertex 23.9875 -8.73075 -1.90735e-07
      vertex 26.1046 -11.6225 -1.90735e-07
      vertex 26.8517 -9.77322 -1.90735e-07
    endloop
  endfacet
  facet normal 0 0 1
    outer loop
      vertex 23.9875 -8.73075 -1.90735e-07
      vertex 26.8517 -9.77322 -1.90735e-07
      vertex 24.5381 -7.03619 -1.90735e-07
    endloop
  endfacet
  facet normal -0.951056 0.309019 0
    outer loop
      vertex 23.9875 -8.73075 -898.2
      vertex 23.9875 -8.73075 -1.90735e-07
      vertex 24.5381 -7.03619 -1.90735e-07
    endloop
  endfacet
  facet normal -0.951056 0.309019 0
    outer loop
      vertex 23.9875 -8.73075 -898.2
      vertex 24.5381 -7.03619 -1.90735e-07
      vertex 24.5381 -7.03619 -898.2
    endloop
  endfacet
  facet normal 0 0 1
    outer loop
      vertex 23.9875 -8.73075 -898.2
      vertex 24.5381 -7.03619 -898.2
      vertex 23.9875 -8.73074 -898.2
    endloop
  endfacet
  facet normal 0 0 1
    outer loop
      vertex 23.9875 8.73074 -898.2
      vertex 24.5381 7.03619 -898.2
      vertex 23.9875 8.73075 -898.2
    endloop
  endfacet
  facet normal -0.951055 -0.309021 0
    outer loop
      vertex 23.9875 8.73074 -898.2
      vertex 24.5381 7.03619 -907.725
      vertex 24.5381 7.03619 -898.2
    endloop
  endfacet
  facet normal -0.951055 -0.309021 0
    outer loop
      vertex 23.9875 8.73074 -907.725
      vertex 24.5381 7.03619 -907.725
      vertex 23.9875 8.73074 -898.2
    endloop
  endfacet
  facet normal 0 0 -1
    outer loop
      vertex 23.9875 8.73074 -907.725
      vertex 62.9855 57.4291 -907.725
      vertex 63.459 57.3625 -907.725
    endloop
  endfacet
  facet normal 0 0 -1
    outer loop
      vertex 23.9875 8.73074 -907.725
      vertex 63.459 57.3625 -907.725
      vertex 24.5381 7.03619 -907.725
    endloop
  endfacet
  facet normal 0 0 1
    outer loop
      vertex 23.9875 8.73075 -1.90735e-07
      vertex 24.5381 7.03619 -1.90735e-07
      vertex 26.8517 9.77322 -1.90735e-07
    endloop
  endfacet
  facet normal -0.951056 -0.309019 0
    outer loop
      vertex 23.9875 8.73075 -1.90735e-07
      vertex 24.5381 7.03619 -898.2
      vertex 24.5381 7.03619 -1.90735e-07
    endloop
  endfacet
  facet normal 0 0 1
    outer loop
      vertex 23.9875 8.73075 -1.90735e-07
      vertex 26.8517 9.77322 -1.90735e-07
      vertex 26.1046 11.6225 -1.90735e-07
    endloop
  endfacet
  facet normal -0.951056 -0.309019 0
    outer loop
      vertex 23.9875 8.73075 -898.2
      vertex 24.5381 7.03619 -898.2
      vertex 23.9875 8.73075 -1.90735e-07
    endloop
  endfacet
  facet normal 0.866038 -0.499979 0
    outer loop
      vertex 24.233 -15.1424 -1.90735e-07
      vertex 25.2302 -13.4151 -898.2
      vertex 25.2302 -13.4151 -1.90735e-07
    endloop
  endfacet
  facet normal 0.866038 -0.499979 0
    outer loop
      vertex 24.233 -15.1424 -898.2
      vertex 25.2302 -13.4151 -898.2
      vertex 24.233 -15.1424 -1.90735e-07
    endloop
  endfacet
  facet normal 0 0 1
    outer loop
      vertex 24.233 -15.1424 -898.2
      vertex 61.1721 -58.0182 -898.2
      vertex 61.6089 -57.8238 -898.2
    endloop
  endfacet
  facet normal 0 0 1
    outer loop
      vertex 24.233 -15.1424 -898.2
      vertex 61.6089 -57.8238 -898.2
      vertex 25.2302 -13.4151 -898.2
    endloop
  endfacet
  facet normal 0.866038 0.499979 0
    outer loop
      vertex 24.233 15.1424 -898.2
      vertex 24.233 15.1424 -1.90735e-07
      vertex 25.2302 13.4151 -1.90735e-07
    endloop
  endfacet
  facet normal 0.866038 0.499979 0
    outer loop
      vertex 24.233 15.1424 -898.2
      vertex 25.2302 13.4151 -1.90735e-07
      vertex 25.2302 13.4151 -898.2
    endloop
  endfacet
  facet normal 0 0 1
    outer loop
      vertex 24.233 15.1424 -898.2
      vertex 25.2302 13.4151 -898.2
      vertex 61.6089 57.8238 -898.2
    endloop
  endfacet
  facet normal 0 0 1
    outer loop
      vertex 24.233 15.1424 -898.2
      vertex 61.6089 57.8238 -898.2
      vertex 61.1721 58.0182 -898.2
    endloop
  endfacet
  facet normal 0 0 1
    outer loop
      vertex 24.5381 -7.03619 -1.90735e-07
      vertex 26.8517 -9.77322 -1.90735e-07
      vertex 27.4681 -7.87634 -1.90735e-07
    endloop
  endfacet
  facet normal 0 0 1
    outer loop
      vertex 24.5381 -7.03619 -1.90735e-07
      vertex 27.4681 -7.87634 -1.90735e-07
      vertex 24.9692 -5.30736 -1.90735e-07
    endloop
  endfacet
  facet normal -0.970289 0.241951 0
    outer loop
      vertex 24.5381 -7.03619 -898.2
      vertex 24.5381 -7.03619 -1.90735e-07
      vertex 24.9692 -5.30736 -1.90735e-07
    endloop
  endfacet
  facet normal -0.970289 0.241951 0
    outer loop
      vertex 24.5381 -7.03619 -898.2
      vertex 24.9692 -5.30736 -1.90735e-07
      vertex 24.9692 -5.30736 -898.2
    endloop
  endfacet
  facet normal -0.970289 0.241951 0
    outer loop
      vertex 24.5381 -7.03619 -907.725
      vertex 24.5381 -7.03619 -898.2
      vertex 24.9692 -5.30736 -898.2
    endloop
  endfacet
  facet normal -0.970289 0.241951 0
    outer loop
      vertex 24.5381 -7.03619 -907.725
      vertex 24.9692 -5.30736 -898.2
      vertex 24.9692 -5.30736 -907.725
    endloop
  endfacet
  facet normal 0 0 -1
    outer loop
      vertex 24.5381 -7.03619 -907.725
      vertex 24.9692 -5.30736 -907.725
      vertex 64.414 -57.3292 -907.725
    endloop
  endfacet
  facet normal 0 0 -1
    outer loop
      vertex 24.5381 -7.03619 -907.725
      vertex 63.9359 -57.3292 -907.725
      vertex 63.459 -57.3625 -907.725
    endloop
  endfacet
  facet normal 0 0 -1
    outer loop
      vertex 24.5381 -7.03619 -907.725
      vertex 64.414 -57.3292 -907.725
      vertex 63.9359 -57.3292 -907.725
    endloop
  endfacet
  facet normal 0 0 1
    outer loop
      vertex 24.5381 7.03619 -1.90735e-07
      vertex 24.9692 5.30736 -1.90735e-07
      vertex 27.4681 7.87634 -1.90735e-07
    endloop
  endfacet
  facet normal -0.970289 -0.241951 0
    outer loop
      vertex 24.5381 7.03619 -1.90735e-07
      vertex 24.9692 5.30736 -898.2
      vertex 24.9692 5.30736 -1.90735e-07
    endloop
  endfacet
  facet normal 0 0 1
    outer loop
      vertex 24.5381 7.03619 -1.90735e-07
      vertex 27.4681 7.87634 -1.90735e-07
      vertex 26.8517 9.77322 -1.90735e-07
    endloop
  endfacet
  facet normal -0.970289 -0.241951 0
    outer loop
      vertex 24.5381 7.03619 -898.2
      vertex 24.9692 5.30736 -898.2
      vertex 24.5381 7.03619 -1.90735e-07
    endloop
  endfacet
  facet normal -0.970289 -0.241951 0
    outer loop
      vertex 24.5381 7.03619 -898.2
      vertex 24.9692 5.30736 -907.725
      vertex 24.9692 5.30736 -898.2
    endloop
  endfacet
  facet normal -0.970289 -0.241951 0
    outer loop
      vertex 24.5381 7.03619 -907.725
      vertex 24.9692 5.30736 -907.725
      vertex 24.5381 7.03619 -898.2
    endloop
  endfacet
  facet normal 0 0 -1
    outer loop
      vertex 24.5381 7.03619 -907.725
      vertex 63.459 57.3625 -907.725
      vertex 63.9359 57.3292 -907.725
    endloop
  endfacet
  facet normal 0 0 -1
    outer loop
      vertex 24.5381 7.03619 -907.725
      vertex 63.9359 57.3292 -907.725
      vertex 64.414 57.3292 -907.725
    endloop
  endfacet
  facet normal 0 0 -1
    outer loop
      vertex 24.5381 7.03619 -907.725
      vertex 64.414 57.3292 -907.725
      vertex 24.9692 5.30736 -907.725
    endloop
  endfacet
  facet normal 0 0 1
    outer loop
      vertex 24.9692 -5.30736 -1.90735e-07
      vertex 27.4681 -7.87634 -1.90735e-07
      vertex 27.9506 -5.94108 -1.90735e-07
    endloop
  endfacet
  facet normal 0 0 1
    outer loop
      vertex 24.9692 -5.30736 -1.90735e-07
      vertex 27.9506 -5.94108 -1.90735e-07
      vertex 25.2786 -3.55267 -1.90735e-07
    endloop
  endfacet
  facet normal -0.984808 0.173649 0
    outer loop
      vertex 24.9692 -5.30736 -898.2
      vertex 24.9692 -5.30736 -1.90735e-07
      vertex 25.2786 -3.55267 -1.90735e-07
    endloop
  endfacet
  facet normal -0.984808 0.173649 0
    outer loop
      vertex 24.9692 -5.30736 -898.2
      vertex 25.2786 -3.55267 -1.90735e-07
      vertex 25.2786 -3.55267 -898.2
    endloop
  endfacet
  facet normal 0 0 1
    outer loop
      vertex 24.9692 -5.30736 -898.2
      vertex 25.2786 -3.55267 -898.2
      vertex 25.2786 -3.55266 -898.2
    endloop
  endfacet
  facet normal -0.984808 0.173648 0
    outer loop
      vertex 24.9692 -5.30736 -907.725
      vertex 24.9692 -5.30736 -898.2
      vertex 25.2786 -3.55266 -898.2
    endloop
  endfacet
  facet normal -0.984808 0.173648 0
    outer loop
      vertex 24.9692 -5.30736 -907.725
      vertex 25.2786 -3.55266 -898.2
      vertex 25.2786 -3.55266 -907.725
    endloop
  endfacet
  facet normal 0 0 -1
    outer loop
      vertex 24.9692 -5.30736 -907.725
      vertex 25.2786 -3.55266 -907.725
      vertex 64.891 -57.3625 -907.725
    endloop
  endfacet
  facet normal 0 0 -1
    outer loop
      vertex 24.9692 -5.30736 -907.725
      vertex 64.891 -57.3625 -907.725
      vertex 64.414 -57.3292 -907.725
    endloop
  endfacet
  facet normal 0 0 1
    outer loop
      vertex 24.9692 5.30736 -1.90735e-07
      vertex 25.2786 3.55267 -1.90735e-07
      vertex 27.9506 5.94108 -1.90735e-07
    endloop
  endfacet
  facet normal -0.984808 -0.173649 0
    outer loop
      vertex 24.9692 5.30736 -1.90735e-07
      vertex 25.2786 3.55267 -898.2
      vertex 25.2786 3.55267 -1.90735e-07
    endloop
  endfacet
  facet normal 0 0 1
    outer loop
      vertex 24.9692 5.30736 -1.90735e-07
      vertex 27.9506 5.94108 -1.90735e-07
      vertex 27.4681 7.87634 -1.90735e-07
    endloop
  endfacet
  facet normal 0 0 1
    outer loop
      vertex 24.9692 5.30736 -898.2
      vertex 25.2786 3.55266 -898.2
      vertex 25.2786 3.55267 -898.2
    endloop
  endfacet
  facet normal -0.984808 -0.173648 0
    outer loop
      vertex 24.9692 5.30736 -898.2
      vertex 25.2786 3.55266 -907.725
      vertex 25.2786 3.55266 -898.2
    endloop
  endfacet
  facet normal -0.984808 -0.173649 0
    outer loop
      vertex 24.9692 5.30736 -898.2
      vertex 25.2786 3.55267 -898.2
      vertex 24.9692 5.30736 -1.90735e-07
    endloop
  endfacet
  facet normal -0.984808 -0.173648 0
    outer loop
      vertex 24.9692 5.30736 -907.725
      vertex 25.2786 3.55266 -907.725
      vertex 24.9692 5.30736 -898.2
    endloop
  endfacet
  facet normal 0 0 -1
    outer loop
      vertex 24.9692 5.30736 -907.725
      vertex 64.414 57.3292 -907.725
      vertex 64.891 57.3625 -907.725
    endloop
  endfacet
  facet normal 0 0 -1
    outer loop
      vertex 24.9692 5.30736 -907.725
      vertex 64.891 57.3625 -907.725
      vertex 25.2786 3.55266 -907.725
    endloop
  endfacet
  facet normal 0.898776 -0.438408 0
    outer loop
      vertex 25.2302 -13.4151 -1.90735e-07
      vertex 26.1046 -11.6225 -898.2
      vertex 26.1046 -11.6225 -1.90735e-07
    endloop
  endfacet
  facet normal 0.898776 -0.438408 0
    outer loop
      vertex 25.2302 -13.4151 -898.2
      vertex 26.1046 -11.6225 -898.2
      vertex 25.2302 -13.4151 -1.90735e-07
    endloop
  endfacet
  facet normal 0 0 1
    outer loop
      vertex 25.2302 -13.4151 -898.2
      vertex 61.6089 -57.8238 -898.2
      vertex 62.0582 -57.6602 -898.2
    endloop
  endfacet
  facet normal 0 0 1
    outer loop
      vertex 25.2302 -13.4151 -898.2
      vertex 62.0582 -57.6602 -898.2
      vertex 62.5178 -57.5285 -898.2
    endloop
  endfacet
  facet normal 0 0 1
    outer loop
      vertex 25.2302 -13.4151 -898.2
      vertex 62.5178 -57.5285 -898.2
      vertex 26.1046 -11.6225 -898.2
    endloop
  endfacet
  facet normal 0.898776 0.438408 0
    outer loop
      vertex 25.2302 13.4151 -898.2
      vertex 25.2302 13.4151 -1.90735e-07
      vertex 26.1046 11.6225 -1.90735e-07
    endloop
  endfacet
  facet normal 0.898776 0.438408 0
    outer loop
      vertex 25.2302 13.4151 -898.2
      vertex 26.1046 11.6225 -1.90735e-07
      vertex 26.1046 11.6225 -898.2
    endloop
  endfacet
  facet normal 0 0 1
    outer loop
      vertex 25.2302 13.4151 -898.2
      vertex 26.1046 11.6225 -898.2
      vertex 62.5178 57.5285 -898.2
    endloop
  endfacet
  facet normal 0 0 1
    outer loop
      vertex 25.2302 13.4151 -898.2
      vertex 62.0582 57.6602 -898.2
      vertex 61.6089 57.8238 -898.2
    endloop
  endfacet
  facet normal 0 0 1
    outer loop
      vertex 25.2302 13.4151 -898.2
      vertex 62.5178 57.5285 -898.2
      vertex 62.0582 57.6602 -898.2
    endloop
  endfacet
  facet normal -0.994524 0.104504 0
    outer loop
      vertex 25.2786 -3.55266 -907.725
      vertex 25.2786 -3.55266 -898.2
      vertex 25.4648 -1.78067 -898.2
    endloop
  endfacet
  facet normal -0.994524 0.104504 0
    outer loop
      vertex 25.2786 -3.55266 -907.725
      vertex 25.4648 -1.78067 -898.2
      vertex 25.4648 -1.78067 -907.725
    endloop
  endfacet
  facet normal 0 0 -1
    outer loop
      vertex 25.2786 -3.55266 -907.725
      vertex 25.4648 -1.78067 -907.725
      vertex 65.3645 -57.4291 -907.725
    endloop
  endfacet
  facet normal 0 0 -1
    outer loop
      vertex 25.2786 -3.55266 -907.725
      vertex 65.3645 -57.4291 -907.725
      vertex 64.891 -57.3625 -907.725
    endloop
  endfacet
  facet normal 0 0 1
    outer loop
      vertex 25.2786 -3.55267 -1.90735e-07
      vertex 27.9506 -5.94108 -1.90735e-07
      vertex 28.2969 -3.97687 -1.90735e-07
    endloop
  endfacet
  facet normal 0 0 1
    outer loop
      vertex 25.2786 -3.55267 -1.90735e-07
      vertex 28.2969 -3.97687 -1.90735e-07
      vertex 25.4648 -1.78067 -1.90735e-07
    endloop
  endfacet
  facet normal -0.994525 0.104504 0
    outer loop
      vertex 25.2786 -3.55267 -898.2
      vertex 25.2786 -3.55267 -1.90735e-07
      vertex 25.4648 -1.78067 -1.90735e-07
    endloop
  endfacet
  facet normal -0.994525 0.104504 0
    outer loop
      vertex 25.2786 -3.55267 -898.2
      vertex 25.4648 -1.78067 -1.90735e-07
      vertex 25.4648 -1.78067 -898.2
    endloop
  endfacet
  facet normal 0 0 1
    outer loop
      vertex 25.2786 -3.55267 -898.2
      vertex 25.4648 -1.78067 -898.2
      vertex 25.2786 -3.55266 -898.2
    endloop
  endfacet
  facet normal 0 0 1
    outer loop
      vertex 25.2786 3.55266 -898.2
      vertex 25.4648 1.78067 -898.2
      vertex 25.2786 3.55267 -898.2
    endloop
  endfacet
  facet normal -0.994524 -0.104504 0
    outer loop
      vertex 25.2786 3.55266 -898.2
      vertex 25.4648 1.78067 -907.725
      vertex 25.4648 1.78067 -898.2
    endloop
  endfacet
  facet normal -0.994524 -0.104504 0
    outer loop
      vertex 25.2786 3.55266 -907.725
      vertex 25.4648 1.78067 -907.725
      vertex 25.2786 3.55266 -898.2
    endloop
  endfacet
  facet normal 0 0 -1
    outer loop
      vertex 25.2786 3.55266 -907.725
      vertex 64.891 57.3625 -907.725
      vertex 65.3645 57.4291 -907.725
    endloop
  endfacet
  facet normal 0 0 -1
    outer loop
      vertex 25.2786 3.55266 -907.725
      vertex 65.3645 57.4291 -907.725
      vertex 25.4648 1.78067 -907.725
    endloop
  endfacet
  facet normal 0 0 1
    outer loop
      vertex 25.2786 3.55267 -1.90735e-07
      vertex 25.4648 1.78067 -1.90735e-07
      vertex 28.2969 3.97687 -1.90735e-07
    endloop
  endfacet
  facet normal -0.994525 -0.104504 0
    outer loop
      vertex 25.2786 3.55267 -1.90735e-07
      vertex 25.4648 1.78067 -898.2
      vertex 25.4648 1.78067 -1.90735e-07
    endloop
  endfacet
  facet normal 0 0 1
    outer loop
      vertex 25.2786 3.55267 -1.90735e-07
      vertex 28.2969 3.97687 -1.90735e-07
      vertex 27.9506 5.94108 -1.90735e-07
    endloop
  endfacet
  facet normal -0.994525 -0.104504 0
    outer loop
      vertex 25.2786 3.55267 -898.2
      vertex 25.4648 1.78067 -898.2
      vertex 25.2786 3.55267 -1.90735e-07
    endloop
  endfacet
  facet normal 0 0 1
    outer loop
      vertex 25.4648 -1.78067 -1.90735e-07
      vertex 28.2969 -3.97687 -1.90735e-07
      vertex 28.5054 -1.99329 -1.90735e-07
    endloop
  endfacet
  facet normal 0 0 1
    outer loop
      vertex 25.4648 -1.78067 -1.90735e-07
      vertex 28.5054 -1.99329 -1.90735e-07
      vertex 25.527 0 -1.90735e-07
    endloop
  endfacet
  facet normal -0.99939 0.0349094 0
    outer loop
      vertex 25.4648 -1.78067 -898.2
      vertex 25.4648 -1.78067 -1.90735e-07
      vertex 25.527 0 -1.90735e-07
    endloop
  endfacet
  facet normal -0.99939 0.0349094 0
    outer loop
      vertex 25.4648 -1.78067 -898.2
      vertex 25.527 0 -1.90735e-07
      vertex 25.527 0 -898.2
    endloop
  endfacet
  facet normal -0.99939 0.0349094 0
    outer loop
      vertex 25.4648 -1.78067 -907.725
      vertex 25.4648 -1.78067 -898.2
      vertex 25.527 0 -898.2
    endloop
  endfacet
  facet normal -0.99939 0.0349094 0
    outer loop
      vertex 25.4648 -1.78067 -907.725
      vertex 25.527 0 -898.2
      vertex 25.527 0 -907.725
    endloop
  endfacet
  facet normal 0 0 -1
    outer loop
      vertex 25.4648 -1.78067 -907.725
      vertex 25.527 0 -907.725
      vertex 66.2918 -57.6602 -907.725
    endloop
  endfacet
  facet normal 0 0 -1
    outer loop
      vertex 25.4648 -1.78067 -907.725
      vertex 65.8322 -57.5285 -907.725
      vertex 65.3645 -57.4291 -907.725
    endloop
  endfacet
  facet normal 0 0 -1
    outer loop
      vertex 25.4648 -1.78067 -907.725
      vertex 66.2918 -57.6602 -907.725
      vertex 65.8322 -57.5285 -907.725
    endloop
  endfacet
  facet normal 0 0 1
    outer loop
      vertex 25.4648 1.78067 -1.90735e-07
      vertex 25.527 0 -1.90735e-07
      vertex 28.5054 1.99329 -1.90735e-07
    endloop
  endfacet
  facet normal -0.99939 -0.0349094 0
    outer loop
      vertex 25.4648 1.78067 -1.90735e-07
      vertex 25.527 0 -898.2
      vertex 25.527 0 -1.90735e-07
    endloop
  endfacet
  facet normal 0 0 1
    outer loop
      vertex 25.4648 1.78067 -1.90735e-07
      vertex 28.5054 1.99329 -1.90735e-07
      vertex 28.2969 3.97687 -1.90735e-07
    endloop
  endfacet
  facet normal -0.99939 -0.0349094 0
    outer loop
      vertex 25.4648 1.78067 -898.2
      vertex 25.527 0 -898.2
      vertex 25.4648 1.78067 -1.90735e-07
    endloop
  endfacet
  facet normal -0.99939 -0.0349094 0
    outer loop
      vertex 25.4648 1.78067 -898.2
      vertex 25.527 0 -907.725
      vertex 25.527 0 -898.2
    endloop
  endfacet
  facet normal -0.99939 -0.0349094 0
    outer loop
      vertex 25.4648 1.78067 -907.725
      vertex 25.527 0 -907.725
      vertex 25.4648 1.78067 -898.2
    endloop
  endfacet
  facet normal 0 0 -1
    outer loop
      vertex 25.4648 1.78067 -907.725
      vertex 65.3645 57.4291 -907.725
      vertex 65.8322 57.5285 -907.725
    endloop
  endfacet
  facet normal 0 0 -1
    outer loop
      vertex 25.4648 1.78067 -907.725
      vertex 65.8322 57.5285 -907.725
      vertex 66.2918 57.6602 -907.725
    endloop
  endfacet
  facet normal 0 0 -1
    outer loop
      vertex 25.4648 1.78067 -907.725
      vertex 66.2918 57.6602 -907.725
      vertex 25.527 0 -907.725
    endloop
  endfacet
  facet normal 0 0 1
    outer loop
      vertex 25.527 0 -1.90735e-07
      vertex 28.5054 -1.99329 -1.90735e-07
      vertex 28.575 0 -1.90735e-07
    endloop
  endfacet
  facet normal 0 0 1
    outer loop
      vertex 25.527 0 -1.90735e-07
      vertex 28.575 0 -1.90735e-07
      vertex 28.5054 1.99329 -1.90735e-07
    endloop
  endfacet
  facet normal 0 0 -1
    outer loop
      vertex 25.527 0 -907.725
      vertex 66.2918 57.6602 -907.725
      vertex 66.2918 -57.6602 -907.725
    endloop
  endfacet
  facet normal 0.927194 -0.374582 0
    outer loop
      vertex 26.1046 -11.6225 -1.90735e-07
      vertex 26.8517 -9.77322 -898.2
      vertex 26.8517 -9.77322 -1.90735e-07
    endloop
  endfacet
  facet normal 0.927194 -0.374582 0
    outer loop
      vertex 26.1046 -11.6225 -898.2
      vertex 26.8517 -9.77322 -898.2
      vertex 26.1046 -11.6225 -1.90735e-07
    endloop
  endfacet
  facet normal 0 0 1
    outer loop
      vertex 26.1046 -11.6225 -898.2
      vertex 62.5178 -57.5285 -898.2
      vertex 62.9855 -57.4291 -898.2
    endloop
  endfacet
  facet normal 0 0 1
    outer loop
      vertex 26.1046 -11.6225 -898.2
      vertex 62.9855 -57.4291 -898.2
      vertex 26.8517 -9.77322 -898.2
    endloop
  endfacet
  facet normal 0.927194 0.374582 0
    outer loop
      vertex 26.1046 11.6225 -898.2
      vertex 26.1046 11.6225 -1.90735e-07
      vertex 26.8517 9.77322 -1.90735e-07
    endloop
  endfacet
  facet normal 0.927194 0.374582 0
    outer loop
      vertex 26.1046 11.6225 -898.2
      vertex 26.8517 9.77322 -1.90735e-07
      vertex 26.8517 9.77322 -898.2
    endloop
  endfacet
  facet normal 0 0 1
    outer loop
      vertex 26.1046 11.6225 -898.2
      vertex 26.8517 9.77322 -898.2
      vertex 62.9855 57.4291 -898.2
    endloop
  endfacet
  facet normal 0 0 1
    outer loop
      vertex 26.1046 11.6225 -898.2
      vertex 62.9855 57.4291 -898.2
      vertex 62.5178 57.5285 -898.2
    endloop
  endfacet
  facet normal 0.951047 -0.309047 0
    outer loop
      vertex 26.8517 -9.77322 -1.90735e-07
      vertex 27.4681 -7.87634 -898.2
      vertex 27.4681 -7.87634 -1.90735e-07
    endloop
  endfacet
  facet normal 0.951047 -0.309047 0
    outer loop
      vertex 26.8517 -9.77322 -898.2
      vertex 27.4681 -7.87634 -898.2
      vertex 26.8517 -9.77322 -1.90735e-07
    endloop
  endfacet
  facet normal 0 0 1
    outer loop
      vertex 26.8517 -9.77322 -898.2
      vertex 62.9855 -57.4291 -898.2
      vertex 63.459 -57.3625 -898.2
    endloop
  endfacet
  facet normal 0 0 1
    outer loop
      vertex 26.8517 -9.77322 -898.2
      vertex 63.459 -57.3625 -898.2
      vertex 63.9359 -57.3292 -898.2
    endloop
  endfacet
  facet normal 0 0 1
    outer loop
      vertex 26.8517 -9.77322 -898.2
      vertex 63.9359 -57.3292 -898.2
      vertex 27.4681 -7.87634 -898.2
    endloop
  endfacet
  facet normal 0.951047 0.309047 0
    outer loop
      vertex 26.8517 9.77322 -898.2
      vertex 26.8517 9.77322 -1.90735e-07
      vertex 27.4681 7.87634 -1.90735e-07
    endloop
  endfacet
  facet normal 0.951047 0.309047 0
    outer loop
      vertex 26.8517 9.77322 -898.2
      vertex 27.4681 7.87634 -1.90735e-07
      vertex 27.4681 7.87634 -898.2
    endloop
  endfacet
  facet normal 0 0 1
    outer loop
      vertex 26.8517 9.77322 -898.2
      vertex 27.4681 7.87634 -898.2
      vertex 63.9359 57.3292 -898.2
    endloop
  endfacet
  facet normal 0 0 1
    outer loop
      vertex 26.8517 9.77322 -898.2
      vertex 63.459 57.3625 -898.2
      vertex 62.9855 57.4291 -898.2
    endloop
  endfacet
  facet normal 0 0 1
    outer loop
      vertex 26.8517 9.77322 -898.2
      vertex 63.9359 57.3292 -898.2
      vertex 63.459 57.3625 -898.2
    endloop
  endfacet
  facet normal 0.970297 -0.241915 0
    outer loop
      vertex 27.4681 -7.87634 -1.90735e-07
      vertex 27.9506 -5.94108 -898.2
      vertex 27.9506 -5.94108 -1.90735e-07
    endloop
  endfacet
  facet normal 0.970297 -0.241915 0
    outer loop
      vertex 27.4681 -7.87634 -898.2
      vertex 27.9506 -5.94108 -898.2
      vertex 27.4681 -7.87634 -1.90735e-07
    endloop
  endfacet
  facet normal 0 0 1
    outer loop
      vertex 27.4681 -7.87634 -898.2
      vertex 63.9359 -57.3292 -898.2
      vertex 64.414 -57.3292 -898.2
    endloop
  endfacet
  facet normal 0 0 1
    outer loop
      vertex 27.4681 -7.87634 -898.2
      vertex 64.414 -57.3292 -898.2
      vertex 27.9506 -5.94108 -898.2
    endloop
  endfacet
  facet normal 0.970297 0.241915 0
    outer loop
      vertex 27.4681 7.87634 -898.2
      vertex 27.4681 7.87634 -1.90735e-07
      vertex 27.9506 5.94108 -1.90735e-07
    endloop
  endfacet
  facet normal 0.970297 0.241915 0
    outer loop
      vertex 27.4681 7.87634 -898.2
      vertex 27.9506 5.94108 -1.90735e-07
      vertex 27.9506 5.94108 -898.2
    endloop
  endfacet
  facet normal 0 0 1
    outer loop
      vertex 27.4681 7.87634 -898.2
      vertex 27.9506 5.94108 -898.2
      vertex 64.414 57.3292 -898.2
    endloop
  endfacet
  facet normal 0 0 1
    outer loop
      vertex 27.4681 7.87634 -898.2
      vertex 64.414 57.3292 -898.2
      vertex 63.9359 57.3292 -898.2
    endloop
  endfacet
  facet normal 0.984811 -0.173627 0
    outer loop
      vertex 27.9506 -5.94108 -1.90735e-07
      vertex 28.2969 -3.97687 -898.2
      vertex 28.2969 -3.97687 -1.90735e-07
    endloop
  endfacet
  facet normal 0.984811 -0.173627 0
    outer loop
      vertex 27.9506 -5.94108 -898.2
      vertex 28.2969 -3.97687 -898.2
      vertex 27.9506 -5.94108 -1.90735e-07
    endloop
  endfacet
  facet normal 0 0 1
    outer loop
      vertex 27.9506 -5.94108 -898.2
      vertex 64.414 -57.3292 -898.2
      vertex 64.891 -57.3625 -898.2
    endloop
  endfacet
  facet normal 0 0 1
    outer loop
      vertex 27.9506 -5.94108 -898.2
      vertex 64.891 -57.3625 -898.2
      vertex 65.3645 -57.4291 -898.2
    endloop
  endfacet
  facet normal 0 0 1
    outer loop
      vertex 27.9506 -5.94108 -898.2
      vertex 65.3645 -57.4291 -898.2
      vertex 28.2969 -3.97687 -898.2
    endloop
  endfacet
  facet normal 0.984811 0.173627 0
    outer loop
      vertex 27.9506 5.94108 -898.2
      vertex 27.9506 5.94108 -1.90735e-07
      vertex 28.2969 3.97687 -1.90735e-07
    endloop
  endfacet
  facet normal 0.984811 0.173627 0
    outer loop
      vertex 27.9506 5.94108 -898.2
      vertex 28.2969 3.97687 -1.90735e-07
      vertex 28.2969 3.97687 -898.2
    endloop
  endfacet
  facet normal 0 0 1
    outer loop
      vertex 27.9506 5.94108 -898.2
      vertex 28.2969 3.97687 -898.2
      vertex 65.3645 57.4291 -898.2
    endloop
  endfacet
  facet normal 0 0 1
    outer loop
      vertex 27.9506 5.94108 -898.2
      vertex 64.891 57.3625 -898.2
      vertex 64.414 57.3292 -898.2
    endloop
  endfacet
  facet normal 0 0 1
    outer loop
      vertex 27.9506 5.94108 -898.2
      vertex 65.3645 57.4291 -898.2
      vertex 64.891 57.3625 -898.2
    endloop
  endfacet
  facet normal 0.994521 -0.104537 0
    outer loop
      vertex 28.2969 -3.97687 -1.90735e-07
      vertex 28.5054 -1.99329 -898.2
      vertex 28.5054 -1.99329 -1.90735e-07
    endloop
  endfacet
  facet normal 0.994521 -0.104537 0
    outer loop
      vertex 28.2969 -3.97687 -898.2
      vertex 28.5054 -1.99329 -898.2
      vertex 28.2969 -3.97687 -1.90735e-07
    endloop
  endfacet
  facet normal 0 0 1
    outer loop
      vertex 28.2969 -3.97687 -898.2
      vertex 65.3645 -57.4291 -898.2
      vertex 65.8322 -57.5285 -898.2
    endloop
  endfacet
  facet normal 0 0 1
    outer loop
      vertex 28.2969 -3.97687 -898.2
      vertex 65.8322 -57.5285 -898.2
      vertex 28.5054 -1.99329 -898.2
    endloop
  endfacet
  facet normal 0.994521 0.104537 0
    outer loop
      vertex 28.2969 3.97687 -898.2
      vertex 28.2969 3.97687 -1.90735e-07
      vertex 28.5054 1.99329 -1.90735e-07
    endloop
  endfacet
  facet normal 0.994521 0.104537 0
    outer loop
      vertex 28.2969 3.97687 -898.2
      vertex 28.5054 1.99329 -1.90735e-07
      vertex 28.5054 1.99329 -898.2
    endloop
  endfacet
  facet normal 0 0 1
    outer loop
      vertex 28.2969 3.97687 -898.2
      vertex 28.5054 1.99329 -898.2
      vertex 65.8322 57.5285 -898.2
    endloop
  endfacet
  facet normal 0 0 1
    outer loop
      vertex 28.2969 3.97687 -898.2
      vertex 65.8322 57.5285 -898.2
      vertex 65.3645 57.4291 -898.2
    endloop
  endfacet
  facet normal 0.999391 -0.0348959 0
    outer loop
      vertex 28.5054 -1.99329 -1.90735e-07
      vertex 28.575 0 -898.2
      vertex 28.575 0 -1.90735e-07
    endloop
  endfacet
  facet normal 0.999391 -0.0348959 0
    outer loop
      vertex 28.5054 -1.99329 -898.2
      vertex 28.575 0 -898.2
      vertex 28.5054 -1.99329 -1.90735e-07
    endloop
  endfacet
  facet normal 0 0 1
    outer loop
      vertex 28.5054 -1.99329 -898.2
      vertex 65.8322 -57.5285 -898.2
      vertex 66.2918 -57.6602 -898.2
    endloop
  endfacet
  facet normal 0 0 1
    outer loop
      vertex 28.5054 -1.99329 -898.2
      vertex 66.2918 -57.6602 -898.2
      vertex 28.575 0 -898.2
    endloop
  endfacet
  facet normal 0.999391 0.0348959 0
    outer loop
      vertex 28.5054 1.99329 -898.2
      vertex 28.5054 1.99329 -1.90735e-07
      vertex 28.575 0 -1.90735e-07
    endloop
  endfacet
  facet normal 0.999391 0.0348959 0
    outer loop
      vertex 28.5054 1.99329 -898.2
      vertex 28.575 0 -1.90735e-07
      vertex 28.575 0 -898.2
    endloop
  endfacet
  facet normal 0 0 1
    outer loop
      vertex 28.5054 1.99329 -898.2
      vertex 28.575 0 -898.2
      vertex 66.2918 57.6602 -898.2
    endloop
  endfacet
  facet normal 0 0 1
    outer loop
      vertex 28.5054 1.99329 -898.2
      vertex 66.2918 57.6602 -898.2
      vertex 65.8322 57.5285 -898.2
    endloop
  endfacet
  facet normal 0 0 1
    outer loop
      vertex 28.575 0 -898.2
      vertex 66.2918 -57.6602 -898.2
      vertex 66.741 -57.8238 -898.2
    endloop
  endfacet
  facet normal 0 0 1
    outer loop
      vertex 28.575 0 -898.2
      vertex 66.741 -57.8238 -898.2
      vertex 66.741 57.8238 -898.2
    endloop
  endfacet
  facet normal 0 0 1
    outer loop
      vertex 28.575 0 -898.2
      vertex 66.741 57.8238 -898.2
      vertex 66.2918 57.6602 -898.2
    endloop
  endfacet
  facet normal 0 0 1
    outer loop
      vertex 4.43271 -25.1392 -898.2
      vertex 4.43272 -25.1392 -898.2
      vertex 6.17554 -24.7687 -898.2
    endloop
  endfacet
  facet normal -0.207939 0.978142 0
    outer loop
      vertex 4.43271 -25.1392 -898.2
      vertex 6.17554 -24.7687 -898.2
      vertex 6.17554 -24.7687 -907.725
    endloop
  endfacet
  facet normal -0.207939 0.978142 0
    outer loop
      vertex 4.43271 -25.1392 -907.725
      vertex 4.43271 -25.1392 -898.2
      vertex 6.17554 -24.7687 -907.725
    endloop
  endfacet
  facet normal 0 0 -1
    outer loop
      vertex 4.43271 -25.1392 -907.725
      vertex 57.3417 -64.6528 -907.725
      vertex 57.3917 -65.1283 -907.725
    endloop
  endfacet
  facet normal 0 0 -1
    outer loop
      vertex 4.43271 -25.1392 -907.725
      vertex 6.17554 -24.7687 -907.725
      vertex 57.3417 -64.6528 -907.725
    endloop
  endfacet
  facet normal 0 0 1
    outer loop
      vertex 4.43271 25.1392 -898.2
      vertex 6.17554 24.7687 -898.2
      vertex 4.43272 25.1392 -898.2
    endloop
  endfacet
  facet normal 0 0 -1
    outer loop
      vertex 4.43271 25.1392 -907.725
      vertex 57.3417 64.6528 -907.725
      vertex 6.17554 24.7687 -907.725
    endloop
  endfacet
  facet normal 0 0 -1
    outer loop
      vertex 4.43271 25.1392 -907.725
      vertex 57.3917 65.1283 -907.725
      vertex 57.3417 64.6528 -907.725
    endloop
  endfacet
  facet normal -0.207939 -0.978142 0
    outer loop
      vertex 4.43271 25.1392 -907.725
      vertex 6.17554 24.7687 -898.2
      vertex 4.43271 25.1392 -898.2
    endloop
  endfacet
  facet normal -0.207939 -0.978142 0
    outer loop
      vertex 4.43271 25.1392 -907.725
      vertex 6.17554 24.7687 -907.725
      vertex 6.17554 24.7687 -898.2
    endloop
  endfacet
  facet normal 0 0 1
    outer loop
      vertex 4.43272 -25.1392 -1.90735e-07
      vertex 4.962 -28.1409 -1.90735e-07
      vertex 6.17554 -24.7687 -1.90735e-07
    endloop
  endfacet
  facet normal -0.20794 0.978142 0
    outer loop
      vertex 4.43272 -25.1392 -1.90735e-07
      vertex 6.17554 -24.7687 -1.90735e-07
      vertex 6.17554 -24.7687 -898.2
    endloop
  endfacet
  facet normal -0.20794 0.978142 0
    outer loop
      vertex 4.43272 -25.1392 -898.2
      vertex 4.43272 -25.1392 -1.90735e-07
      vertex 6.17554 -24.7687 -898.2
    endloop
  endfacet
  facet normal 0 0 1
    outer loop
      vertex 4.43272 25.1392 -1.90735e-07
      vertex 6.17554 24.7687 -1.90735e-07
      vertex 4.962 28.1409 -1.90735e-07
    endloop
  endfacet
  facet normal -0.20794 -0.978142 0
    outer loop
      vertex 4.43272 25.1392 -898.2
      vertex 6.17554 24.7687 -1.90735e-07
      vertex 4.43272 25.1392 -1.90735e-07
    endloop
  endfacet
  facet normal -0.20794 -0.978142 0
    outer loop
      vertex 4.43272 25.1392 -898.2
      vertex 6.17554 24.7687 -898.2
      vertex 6.17554 24.7687 -1.90735e-07
    endloop
  endfacet
  facet normal 0 0 1
    outer loop
      vertex 4.962 -28.1409 -1.90735e-07
      vertex 6.91292 -27.7262 -1.90735e-07
      vertex 6.17554 -24.7687 -1.90735e-07
    endloop
  endfacet
  facet normal 0 0 1
    outer loop
      vertex 4.962 -28.1409 -898.2
      vertex 57.3917 -65.1283 -898.2
      vertex 6.91292 -27.7262 -898.2
    endloop
  endfacet
  facet normal 0 0 1
    outer loop
      vertex 4.962 -28.1409 -898.2
      vertex 57.4747 -65.5992 -898.2
      vertex 57.3917 -65.1283 -898.2
    endloop
  endfacet
  facet normal 0.207921 -0.978146 0
    outer loop
      vertex 4.962 -28.1409 -898.2
      vertex 6.91292 -27.7262 -1.90735e-07
      vertex 4.962 -28.1409 -1.90735e-07
    endloop
  endfacet
  facet normal 0.207921 -0.978146 0
    outer loop
      vertex 4.962 -28.1409 -898.2
      vertex 6.91292 -27.7262 -898.2
      vertex 6.91292 -27.7262 -1.90735e-07
    endloop
  endfacet
  facet normal 0 0 1
    outer loop
      vertex 4.962 28.1409 -1.90735e-07
      vertex 6.17554 24.7687 -1.90735e-07
      vertex 6.91292 27.7262 -1.90735e-07
    endloop
  endfacet
  facet normal 0.207921 0.978146 0
    outer loop
      vertex 4.962 28.1409 -1.90735e-07
      vertex 6.91292 27.7262 -1.90735e-07
      vertex 6.91292 27.7262 -898.2
    endloop
  endfacet
  facet normal 0.207921 0.978146 0
    outer loop
      vertex 4.962 28.1409 -898.2
      vertex 4.962 28.1409 -1.90735e-07
      vertex 6.91292 27.7262 -898.2
    endloop
  endfacet
  facet normal 0 0 1
    outer loop
      vertex 4.962 28.1409 -898.2
      vertex 57.3917 65.1283 -898.2
      vertex 57.4747 65.5992 -898.2
    endloop
  endfacet
  facet normal 0 0 1
    outer loop
      vertex 4.962 28.1409 -898.2
      vertex 6.91292 27.7262 -898.2
      vertex 57.3917 65.1283 -898.2
    endloop
  endfacet
  facet normal 0.99939 -0.0349305 0
    outer loop
      vertex 57.325 -64.175 -898.2
      vertex 57.3417 -63.6972 -907.725
      vertex 57.3417 -63.6972 -898.2
    endloop
  endfacet
  facet normal 0.99939 0.0349305 0
    outer loop
      vertex 57.325 -64.175 -907.725
      vertex 57.325 -64.175 -898.2
      vertex 57.3417 -64.6528 -898.2
    endloop
  endfacet
  facet normal 0.99939 -0.0349305 0
    outer loop
      vertex 57.325 -64.175 -907.725
      vertex 57.3417 -63.6972 -907.725
      vertex 57.325 -64.175 -898.2
    endloop
  endfacet
  facet normal 0.99939 0.0349305 0
    outer loop
      vertex 57.325 -64.175 -907.725
      vertex 57.3417 -64.6528 -898.2
      vertex 57.3417 -64.6528 -907.725
    endloop
  endfacet
  facet normal 0.99939 -0.0349305 0
    outer loop
      vertex 57.325 64.175 -898.2
      vertex 57.3417 64.6528 -907.725
      vertex 57.3417 64.6528 -898.2
    endloop
  endfacet
  facet normal 0.99939 0.0349305 0
    outer loop
      vertex 57.325 64.175 -907.725
      vertex 57.325 64.175 -898.2
      vertex 57.3417 63.6972 -898.2
    endloop
  endfacet
  facet normal 0.99939 0.0349305 0
    outer loop
      vertex 57.325 64.175 -907.725
      vertex 57.3417 63.6972 -898.2
      vertex 57.3417 63.6972 -907.725
    endloop
  endfacet
  facet normal 0.99939 -0.0349305 0
    outer loop
      vertex 57.325 64.175 -907.725
      vertex 57.3417 64.6528 -907.725
      vertex 57.325 64.175 -898.2
    endloop
  endfacet
  facet normal 0.994519 -0.104554 0
    outer loop
      vertex 57.3417 -63.6972 -898.2
      vertex 57.3917 -63.2216 -907.725
      vertex 57.3917 -63.2216 -898.2
    endloop
  endfacet
  facet normal 0.994519 -0.104554 0
    outer loop
      vertex 57.3417 -63.6972 -907.725
      vertex 57.3917 -63.2216 -907.725
      vertex 57.3417 -63.6972 -898.2
    endloop
  endfacet
  facet normal 0.994517 0.104576 0
    outer loop
      vertex 57.3417 -64.6528 -907.725
      vertex 57.3417 -64.6528 -898.2
      vertex 57.3917 -65.1283 -898.2
    endloop
  endfacet
  facet normal 0.994517 0.104576 0
    outer loop
      vertex 57.3417 -64.6528 -907.725
      vertex 57.3917 -65.1283 -898.2
      vertex 57.3917 -65.1283 -907.725
    endloop
  endfacet
  facet normal 0.994519 0.104554 0
    outer loop
      vertex 57.3417 63.6972 -907.725
      vertex 57.3417 63.6972 -898.2
      vertex 57.3917 63.2216 -898.2
    endloop
  endfacet
  facet normal 0.994519 0.104554 0
    outer loop
      vertex 57.3417 63.6972 -907.725
      vertex 57.3917 63.2216 -898.2
      vertex 57.3917 63.2216 -907.725
    endloop
  endfacet
  facet normal 0.994517 -0.104576 0
    outer loop
      vertex 57.3417 64.6528 -898.2
      vertex 57.3917 65.1283 -907.725
      vertex 57.3917 65.1283 -898.2
    endloop
  endfacet
  facet normal 0.994517 -0.104576 0
    outer loop
      vertex 57.3417 64.6528 -907.725
      vertex 57.3917 65.1283 -907.725
      vertex 57.3417 64.6528 -898.2
    endloop
  endfacet
  facet normal 0.984813 -0.173618 0
    outer loop
      vertex 57.3917 -63.2216 -898.2
      vertex 57.4747 -62.7508 -907.725
      vertex 57.4747 -62.7508 -898.2
    endloop
  endfacet
  facet normal 0.984813 -0.173618 0
    outer loop
      vertex 57.3917 -63.2216 -907.725
      vertex 57.4747 -62.7508 -907.725
      vertex 57.3917 -63.2216 -898.2
    endloop
  endfacet
  facet normal 0.984819 0.173583 0
    outer loop
      vertex 57.3917 -65.1283 -907.725
      vertex 57.3917 -65.1283 -898.2
      vertex 57.4747 -65.5992 -898.2
    endloop
  endfacet
  facet normal 0.984819 0.173583 0
    outer loop
      vertex 57.3917 -65.1283 -907.725
      vertex 57.4747 -65.5992 -898.2
      vertex 57.4747 -65.5992 -907.725
    endloop
  endfacet
  facet normal 0.984813 0.173618 0
    outer loop
      vertex 57.3917 63.2216 -907.725
      vertex 57.3917 63.2216 -898.2
      vertex 57.4747 62.7508 -898.2
    endloop
  endfacet
  facet normal 0.984813 0.173618 0
    outer loop
      vertex 57.3917 63.2216 -907.725
      vertex 57.4747 62.7508 -898.2
      vertex 57.4747 62.7508 -907.725
    endloop
  endfacet
  facet normal 0.984819 -0.173583 0
    outer loop
      vertex 57.3917 65.1283 -898.2
      vertex 57.4747 65.5992 -907.725
      vertex 57.4747 65.5992 -898.2
    endloop
  endfacet
  facet normal 0.984819 -0.173583 0
    outer loop
      vertex 57.3917 65.1283 -907.725
      vertex 57.4747 65.5992 -907.725
      vertex 57.3917 65.1283 -898.2
    endloop
  endfacet
  facet normal 0.970327 -0.241797 0
    outer loop
      vertex 57.4747 -62.7508 -898.2
      vertex 57.5903 -62.2869 -907.725
      vertex 57.5903 -62.2869 -898.2
    endloop
  endfacet
  facet normal 0.970327 -0.241797 0
    outer loop
      vertex 57.4747 -62.7508 -907.725
      vertex 57.5903 -62.2869 -907.725
      vertex 57.4747 -62.7508 -898.2
    endloop
  endfacet
  facet normal 0.970327 0.241797 0
    outer loop
      vertex 57.4747 -65.5992 -907.725
      vertex 57.4747 -65.5992 -898.2
      vertex 57.5903 -66.0631 -898.2
    endloop
  endfacet
  facet normal 0.970327 0.241797 0
    outer loop
      vertex 57.4747 -65.5992 -907.725
      vertex 57.5903 -66.0631 -898.2
      vertex 57.5903 -66.0631 -907.725
    endloop
  endfacet
  facet normal 0.970327 0.241797 0
    outer loop
      vertex 57.4747 62.7508 -907.725
      vertex 57.4747 62.7508 -898.2
      vertex 57.5903 62.2869 -898.2
    endloop
  endfacet
  facet normal 0.970327 0.241797 0
    outer loop
      vertex 57.4747 62.7508 -907.725
      vertex 57.5903 62.2869 -898.2
      vertex 57.5903 62.2869 -907.725
    endloop
  endfacet
  facet normal 0.970327 -0.241797 0
    outer loop
      vertex 57.4747 65.5992 -898.2
      vertex 57.5903 66.0631 -907.725
      vertex 57.5903 66.0631 -898.2
    endloop
  endfacet
  facet normal 0.970327 -0.241797 0
    outer loop
      vertex 57.4747 65.5992 -907.725
      vertex 57.5903 66.0631 -907.725
      vertex 57.4747 65.5992 -898.2
    endloop
  endfacet
  facet normal 0.95102 -0.309129 0
    outer loop
      vertex 57.5903 -62.2869 -898.2
      vertex 57.7381 -61.8322 -907.725
      vertex 57.7381 -61.8322 -898.2
    endloop
  endfacet
  facet normal 0.95102 -0.309129 0
    outer loop
      vertex 57.5903 -62.2869 -907.725
      vertex 57.7381 -61.8322 -907.725
      vertex 57.5903 -62.2869 -898.2
    endloop
  endfacet
  facet normal 0.95102 0.309129 0
    outer loop
      vertex 57.5903 -66.0631 -907.725
      vertex 57.5903 -66.0631 -898.2
      vertex 57.7381 -66.5178 -898.2
    endloop
  endfacet
  facet normal 0.95102 0.309129 0
    outer loop
      vertex 57.5903 -66.0631 -907.725
      vertex 57.7381 -66.5178 -898.2
      vertex 57.7381 -66.5178 -907.725
    endloop
  endfacet
  facet normal 0.95102 0.309129 0
    outer loop
      vertex 57.5903 62.2869 -907.725
      vertex 57.5903 62.2869 -898.2
      vertex 57.7381 61.8322 -898.2
    endloop
  endfacet
  facet normal 0.95102 0.309129 0
    outer loop
      vertex 57.5903 62.2869 -907.725
      vertex 57.7381 61.8322 -898.2
      vertex 57.7381 61.8322 -907.725
    endloop
  endfacet
  facet normal 0.95102 -0.309129 0
    outer loop
      vertex 57.5903 66.0631 -898.2
      vertex 57.7381 66.5178 -907.725
      vertex 57.7381 66.5178 -898.2
    endloop
  endfacet
  facet normal 0.95102 -0.309129 0
    outer loop
      vertex 57.5903 66.0631 -907.725
      vertex 57.7381 66.5178 -907.725
      vertex 57.5903 66.0631 -898.2
    endloop
  endfacet
  facet normal 0.927217 -0.374525 0
    outer loop
      vertex 57.7381 -61.8322 -898.2
      vertex 57.9172 -61.3888 -907.725
      vertex 57.9172 -61.3888 -898.2
    endloop
  endfacet
  facet normal 0.927217 -0.374525 0
    outer loop
      vertex 57.7381 -61.8322 -907.725
      vertex 57.9172 -61.3888 -907.725
      vertex 57.7381 -61.8322 -898.2
    endloop
  endfacet
  facet normal 0.927187 0.374598 0
    outer loop
      vertex 57.7381 -66.5178 -907.725
      vertex 57.7381 -66.5178 -898.2
      vertex 57.9172 -66.9611 -898.2
    endloop
  endfacet
  facet normal 0.927187 0.374598 0
    outer loop
      vertex 57.7381 -66.5178 -907.725
      vertex 57.9172 -66.9611 -898.2
      vertex 57.9172 -66.9611 -907.725
    endloop
  endfacet
  facet normal 0.927217 0.374525 0
    outer loop
      vertex 57.7381 61.8322 -907.725
      vertex 57.7381 61.8322 -898.2
      vertex 57.9172 61.3888 -898.2
    endloop
  endfacet
  facet normal 0.927217 0.374525 0
    outer loop
      vertex 57.7381 61.8322 -907.725
      vertex 57.9172 61.3888 -898.2
      vertex 57.9172 61.3888 -907.725
    endloop
  endfacet
  facet normal 0.927187 -0.374598 0
    outer loop
      vertex 57.7381 66.5178 -898.2
      vertex 57.9172 66.9611 -907.725
      vertex 57.9172 66.9611 -898.2
    endloop
  endfacet
  facet normal 0.927187 -0.374598 0
    outer loop
      vertex 57.7381 66.5178 -907.725
      vertex 57.9172 66.9611 -907.725
      vertex 57.7381 66.5178 -898.2
    endloop
  endfacet
  facet normal 0.898776 -0.438407 0
    outer loop
      vertex 57.9172 -61.3888 -898.2
      vertex 58.1268 -60.9591 -907.725
      vertex 58.1268 -60.9591 -898.2
    endloop
  endfacet
  facet normal 0.898776 -0.438407 0
    outer loop
      vertex 57.9172 -61.3888 -907.725
      vertex 58.1268 -60.9591 -907.725
      vertex 57.9172 -61.3888 -898.2
    endloop
  endfacet
  facet normal 0.898817 0.438325 0
    outer loop
      vertex 57.9172 -66.9611 -907.725
      vertex 57.9172 -66.9611 -898.2
      vertex 58.1268 -67.3909 -898.2
    endloop
  endfacet
  facet normal 0.898817 0.438325 0
    outer loop
      vertex 57.9172 -66.9611 -907.725
      vertex 58.1268 -67.3909 -898.2
      vertex 58.1268 -67.3909 -907.725
    endloop
  endfacet
  facet normal 0.898776 0.438407 0
    outer loop
      vertex 57.9172 61.3888 -907.725
      vertex 57.9172 61.3888 -898.2
      vertex 58.1268 60.9591 -898.2
    endloop
  endfacet
  facet normal 0.898776 0.438407 0
    outer loop
      vertex 57.9172 61.3888 -907.725
      vertex 58.1268 60.9591 -898.2
      vertex 58.1268 60.9591 -907.725
    endloop
  endfacet
  facet normal 0.898817 -0.438325 0
    outer loop
      vertex 57.9172 66.9611 -898.2
      vertex 58.1268 67.3909 -907.725
      vertex 58.1268 67.3909 -898.2
    endloop
  endfacet
  facet normal 0.898817 -0.438325 0
    outer loop
      vertex 57.9172 66.9611 -907.725
      vertex 58.1268 67.3909 -907.725
      vertex 57.9172 66.9611 -898.2
    endloop
  endfacet
  facet normal 0.866008 -0.50003 0
    outer loop
      vertex 58.1268 -60.9591 -898.2
      vertex 58.3659 -60.545 -907.725
      vertex 58.3659 -60.545 -898.2
    endloop
  endfacet
  facet normal 0.866008 -0.50003 0
    outer loop
      vertex 58.1268 -60.9591 -907.725
      vertex 58.3659 -60.545 -907.725
      vertex 58.1268 -60.9591 -898.2
    endloop
  endfacet
  facet normal 0.865956 0.500121 0
    outer loop
      vertex 58.1268 -67.3909 -907.725
      vertex 58.1268 -67.3909 -898.2
      vertex 58.3659 -67.8049 -898.2
    endloop
  endfacet
  facet normal 0.865956 0.500121 0
    outer loop
      vertex 58.1268 -67.3909 -907.725
      vertex 58.3659 -67.8049 -898.2
      vertex 58.3659 -67.8049 -907.725
    endloop
  endfacet
  facet normal 0.866008 0.50003 0
    outer loop
      vertex 58.1268 60.9591 -907.725
      vertex 58.1268 60.9591 -898.2
      vertex 58.3659 60.545 -898.2
    endloop
  endfacet
  facet normal 0.866008 0.50003 0
    outer loop
      vertex 58.1268 60.9591 -907.725
      vertex 58.3659 60.545 -898.2
      vertex 58.3659 60.545 -907.725
    endloop
  endfacet
  facet normal 0.865956 -0.500121 0
    outer loop
      vertex 58.1268 67.3909 -898.2
      vertex 58.3659 67.8049 -907.725
      vertex 58.3659 67.8049 -898.2
    endloop
  endfacet
  facet normal 0.865956 -0.500121 0
    outer loop
      vertex 58.1268 67.3909 -907.725
      vertex 58.3659 67.8049 -907.725
      vertex 58.1268 67.3909 -898.2
    endloop
  endfacet
  facet normal 0.829045 -0.559182 0
    outer loop
      vertex 58.3659 -60.545 -898.2
      vertex 58.6332 -60.1487 -907.725
      vertex 58.6332 -60.1487 -898.2
    endloop
  endfacet
  facet normal 0.829045 -0.559182 0
    outer loop
      vertex 58.3659 -60.545 -907.725
      vertex 58.6332 -60.1487 -907.725
      vertex 58.3659 -60.545 -898.2
    endloop
  endfacet
  facet normal 0.82911 0.559085 0
    outer loop
      vertex 58.3659 -67.8049 -907.725
      vertex 58.3659 -67.8049 -898.2
      vertex 58.6332 -68.2013 -898.2
    endloop
  endfacet
  facet normal 0.82911 0.559085 0
    outer loop
      vertex 58.3659 -67.8049 -907.725
      vertex 58.6332 -68.2013 -898.2
      vertex 58.6332 -68.2013 -907.725
    endloop
  endfacet
  facet normal 0.829045 0.559182 0
    outer loop
      vertex 58.3659 60.545 -907.725
      vertex 58.3659 60.545 -898.2
      vertex 58.6332 60.1487 -898.2
    endloop
  endfacet
  facet normal 0.829045 0.559182 0
    outer loop
      vertex 58.3659 60.545 -907.725
      vertex 58.6332 60.1487 -898.2
      vertex 58.6332 60.1487 -907.725
    endloop
  endfacet
  facet normal 0.82911 -0.559085 0
    outer loop
      vertex 58.3659 67.8049 -898.2
      vertex 58.6332 68.2013 -907.725
      vertex 58.6332 68.2013 -898.2
    endloop
  endfacet
  facet normal 0.82911 -0.559085 0
    outer loop
      vertex 58.3659 67.8049 -907.725
      vertex 58.6332 68.2013 -907.725
      vertex 58.3659 67.8049 -898.2
    endloop
  endfacet
  facet normal 0.787999 -0.615677 0
    outer loop
      vertex 58.6332 -60.1487 -898.2
      vertex 58.9276 -59.7719 -907.725
      vertex 58.9276 -59.7719 -898.2
    endloop
  endfacet
  facet normal 0.787999 -0.615677 0
    outer loop
      vertex 58.6332 -60.1487 -907.725
      vertex 58.9276 -59.7719 -907.725
      vertex 58.6332 -60.1487 -898.2
    endloop
  endfacet
  facet normal 0.787999 0.615677 0
    outer loop
      vertex 58.6332 -68.2013 -907.725
      vertex 58.6332 -68.2013 -898.2
      vertex 58.9276 -68.5781 -898.2
    endloop
  endfacet
  facet normal 0.787999 0.615677 0
    outer loop
      vertex 58.6332 -68.2013 -907.725
      vertex 58.9276 -68.5781 -898.2
      vertex 58.9276 -68.5781 -907.725
    endloop
  endfacet
  facet normal 0.787999 0.615677 0
    outer loop
      vertex 58.6332 60.1487 -907.725
      vertex 58.6332 60.1487 -898.2
      vertex 58.9276 59.7719 -898.2
    endloop
  endfacet
  facet normal 0.787999 0.615677 0
    outer loop
      vertex 58.6332 60.1487 -907.725
      vertex 58.9276 59.7719 -898.2
      vertex 58.9276 59.7719 -907.725
    endloop
  endfacet
  facet normal 0.787999 -0.615677 0
    outer loop
      vertex 58.6332 68.2013 -898.2
      vertex 58.9276 68.5781 -907.725
      vertex 58.9276 68.5781 -898.2
    endloop
  endfacet
  facet normal 0.787999 -0.615677 0
    outer loop
      vertex 58.6332 68.2013 -907.725
      vertex 58.9276 68.5781 -907.725
      vertex 58.6332 68.2013 -898.2
    endloop
  endfacet
  facet normal 0.743159 -0.669115 0
    outer loop
      vertex 58.9276 -59.7719 -898.2
      vertex 59.2475 -59.4166 -907.725
      vertex 59.2475 -59.4166 -898.2
    endloop
  endfacet
  facet normal 0.743159 -0.669115 0
    outer loop
      vertex 58.9276 -59.7719 -907.725
      vertex 59.2475 -59.4166 -907.725
      vertex 58.9276 -59.7719 -898.2
    endloop
  endfacet
  facet normal 0.743159 0.669115 0
    outer loop
      vertex 58.9276 -68.5781 -907.725
      vertex 58.9276 -68.5781 -898.2
      vertex 59.2475 -68.9334 -898.2
    endloop
  endfacet
  facet normal 0.743159 0.669115 0
    outer loop
      vertex 58.9276 -68.5781 -907.725
      vertex 59.2475 -68.9334 -898.2
      vertex 59.2475 -68.9334 -907.725
    endloop
  endfacet
  facet normal 0.743159 0.669115 0
    outer loop
      vertex 58.9276 59.7719 -907.725
      vertex 58.9276 59.7719 -898.2
      vertex 59.2475 59.4166 -898.2
    endloop
  endfacet
  facet normal 0.743159 0.669115 0
    outer loop
      vertex 58.9276 59.7719 -907.725
      vertex 59.2475 59.4166 -898.2
      vertex 59.2475 59.4166 -907.725
    endloop
  endfacet
  facet normal 0.743159 -0.669115 0
    outer loop
      vertex 58.9276 68.5781 -898.2
      vertex 59.2475 68.9334 -907.725
      vertex 59.2475 68.9334 -898.2
    endloop
  endfacet
  facet normal 0.743159 -0.669115 0
    outer loop
      vertex 58.9276 68.5781 -907.725
      vertex 59.2475 68.9334 -907.725
      vertex 58.9276 68.5781 -898.2
    endloop
  endfacet
  facet normal 0.694658 -0.71934 0
    outer loop
      vertex 59.2475 -59.4166 -907.725
      vertex 59.5914 -59.0845 -898.2
      vertex 59.2475 -59.4166 -898.2
    endloop
  endfacet
  facet normal 0.694658 -0.71934 0
    outer loop
      vertex 59.2475 -59.4166 -907.725
      vertex 59.5914 -59.0845 -907.725
      vertex 59.5914 -59.0845 -898.2
    endloop
  endfacet
  facet normal 0.694658 0.71934 0
    outer loop
      vertex 59.2475 -68.9334 -898.2
      vertex 59.5914 -69.2655 -898.2
      vertex 59.5914 -69.2655 -907.725
    endloop
  endfacet
  facet normal 0.694658 0.71934 0
    outer loop
      vertex 59.2475 -68.9334 -907.725
      vertex 59.2475 -68.9334 -898.2
      vertex 59.5914 -69.2655 -907.725
    endloop
  endfacet
  facet normal 0.694658 0.71934 0
    outer loop
      vertex 59.2475 59.4166 -898.2
      vertex 59.5914 59.0845 -898.2
      vertex 59.5914 59.0845 -907.725
    endloop
  endfacet
  facet normal 0.694658 0.71934 0
    outer loop
      vertex 59.2475 59.4166 -907.725
      vertex 59.2475 59.4166 -898.2
      vertex 59.5914 59.0845 -907.725
    endloop
  endfacet
  facet normal 0.694658 -0.71934 0
    outer loop
      vertex 59.2475 68.9334 -907.725
      vertex 59.5914 69.2655 -898.2
      vertex 59.2475 68.9334 -898.2
    endloop
  endfacet
  facet normal 0.694658 -0.71934 0
    outer loop
      vertex 59.2475 68.9334 -907.725
      vertex 59.5914 69.2655 -907.725
      vertex 59.5914 69.2655 -898.2
    endloop
  endfacet
  facet normal 0.642834 -0.766006 0
    outer loop
      vertex 59.5914 -59.0845 -907.725
      vertex 59.9577 -58.7771 -898.2
      vertex 59.5914 -59.0845 -898.2
    endloop
  endfacet
  facet normal 0.642834 -0.766006 0
    outer loop
      vertex 59.5914 -59.0845 -907.725
      vertex 59.9577 -58.7771 -907.725
      vertex 59.9577 -58.7771 -898.2
    endloop
  endfacet
  facet normal 0.642834 0.766006 0
    outer loop
      vertex 59.5914 -69.2655 -898.2
      vertex 59.9577 -69.5729 -898.2
      vertex 59.9577 -69.5729 -907.725
    endloop
  endfacet
  facet normal 0.642834 0.766006 0
    outer loop
      vertex 59.5914 -69.2655 -907.725
      vertex 59.5914 -69.2655 -898.2
      vertex 59.9577 -69.5729 -907.725
    endloop
  endfacet
  facet normal 0.642834 0.766006 0
    outer loop
      vertex 59.5914 59.0845 -898.2
      vertex 59.9577 58.7771 -898.2
      vertex 59.9577 58.7771 -907.725
    endloop
  endfacet
  facet normal 0.642834 0.766006 0
    outer loop
      vertex 59.5914 59.0845 -907.725
      vertex 59.5914 59.0845 -898.2
      vertex 59.9577 58.7771 -907.725
    endloop
  endfacet
  facet normal 0.642834 -0.766006 0
    outer loop
      vertex 59.5914 69.2655 -907.725
      vertex 59.9577 69.5729 -898.2
      vertex 59.5914 69.2655 -898.2
    endloop
  endfacet
  facet normal 0.642834 -0.766006 0
    outer loop
      vertex 59.5914 69.2655 -907.725
      vertex 59.9577 69.5729 -907.725
      vertex 59.9577 69.5729 -898.2
    endloop
  endfacet
  facet normal 0.587749 -0.809044 0
    outer loop
      vertex 59.9577 -58.7771 -907.725
      vertex 60.3445 -58.4961 -898.2
      vertex 59.9577 -58.7771 -898.2
    endloop
  endfacet
  facet normal 0.587749 -0.809044 0
    outer loop
      vertex 59.9577 -58.7771 -907.725
      vertex 60.3445 -58.4961 -907.725
      vertex 60.3445 -58.4961 -898.2
    endloop
  endfacet
  facet normal 0.587749 0.809044 0
    outer loop
      vertex 59.9577 -69.5729 -898.2
      vertex 60.3445 -69.8539 -898.2
      vertex 60.3445 -69.8539 -907.725
    endloop
  endfacet
  facet normal 0.587749 0.809044 0
    outer loop
      vertex 59.9577 -69.5729 -907.725
      vertex 59.9577 -69.5729 -898.2
      vertex 60.3445 -69.8539 -907.725
    endloop
  endfacet
  facet normal 0.587749 0.809044 0
    outer loop
      vertex 59.9577 58.7771 -898.2
      vertex 60.3445 58.4961 -898.2
      vertex 60.3445 58.4961 -907.725
    endloop
  endfacet
  facet normal 0.587749 0.809044 0
    outer loop
      vertex 59.9577 58.7771 -907.725
      vertex 59.9577 58.7771 -898.2
      vertex 60.3445 58.4961 -907.725
    endloop
  endfacet
  facet normal 0.587749 -0.809044 0
    outer loop
      vertex 59.9577 69.5729 -907.725
      vertex 60.3445 69.8539 -898.2
      vertex 59.9577 69.5729 -898.2
    endloop
  endfacet
  facet normal 0.587749 -0.809044 0
    outer loop
      vertex 59.9577 69.5729 -907.725
      vertex 60.3445 69.8539 -907.725
      vertex 60.3445 69.8539 -898.2
    endloop
  endfacet
  facet normal 0 0 1
    outer loop
      vertex 6.17554 -24.7687 -1.90735e-07
      vertex 6.91292 -27.7262 -1.90735e-07
      vertex 7.88828 -24.2776 -1.90735e-07
    endloop
  endfacet
  facet normal -0.275627 0.961265 0
    outer loop
      vertex 6.17554 -24.7687 -1.90735e-07
      vertex 7.88828 -24.2776 -1.90735e-07
      vertex 7.88828 -24.2776 -898.2
    endloop
  endfacet
  facet normal -0.275627 0.961265 0
    outer loop
      vertex 6.17554 -24.7687 -898.2
      vertex 6.17554 -24.7687 -1.90735e-07
      vertex 7.88828 -24.2776 -898.2
    endloop
  endfacet
  facet normal -0.275627 0.961265 0
    outer loop
      vertex 6.17554 -24.7687 -898.2
      vertex 7.88828 -24.2776 -898.2
      vertex 7.88828 -24.2776 -907.725
    endloop
  endfacet
  facet normal 0 0 -1
    outer loop
      vertex 6.17554 -24.7687 -907.725
      vertex 57.325 -64.175 -907.725
      vertex 57.3417 -64.6528 -907.725
    endloop
  endfacet
  facet normal -0.275627 0.961265 0
    outer loop
      vertex 6.17554 -24.7687 -907.725
      vertex 6.17554 -24.7687 -898.2
      vertex 7.88828 -24.2776 -907.725
    endloop
  endfacet
  facet normal 0 0 -1
    outer loop
      vertex 6.17554 -24.7687 -907.725
      vertex 7.88828 -24.2776 -907.725
      vertex 57.325 -64.175 -907.725
    endloop
  endfacet
  facet normal 0 0 1
    outer loop
      vertex 6.17554 24.7687 -1.90735e-07
      vertex 7.88828 24.2776 -1.90735e-07
      vertex 6.91292 27.7262 -1.90735e-07
    endloop
  endfacet
  facet normal -0.275627 -0.961265 0
    outer loop
      vertex 6.17554 24.7687 -898.2
      vertex 7.88828 24.2776 -1.90735e-07
      vertex 6.17554 24.7687 -1.90735e-07
    endloop
  endfacet
  facet normal -0.275627 -0.961265 0
    outer loop
      vertex 6.17554 24.7687 -898.2
      vertex 7.88828 24.2776 -898.2
      vertex 7.88828 24.2776 -1.90735e-07
    endloop
  endfacet
  facet normal 0 0 -1
    outer loop
      vertex 6.17554 24.7687 -907.725
      vertex 57.325 64.175 -907.725
      vertex 7.88828 24.2776 -907.725
    endloop
  endfacet
  facet normal 0 0 -1
    outer loop
      vertex 6.17554 24.7687 -907.725
      vertex 57.3417 64.6528 -907.725
      vertex 57.325 64.175 -907.725
    endloop
  endfacet
  facet normal -0.275627 -0.961265 0
    outer loop
      vertex 6.17554 24.7687 -907.725
      vertex 7.88828 24.2776 -898.2
      vertex 6.17554 24.7687 -898.2
    endloop
  endfacet
  facet normal -0.275627 -0.961265 0
    outer loop
      vertex 6.17554 24.7687 -907.725
      vertex 7.88828 24.2776 -907.725
      vertex 7.88828 24.2776 -898.2
    endloop
  endfacet
  facet normal 0 0 1
    outer loop
      vertex 6.91292 -27.7262 -1.90735e-07
      vertex 8.83016 -27.1764 -1.90735e-07
      vertex 7.88828 -24.2776 -1.90735e-07
    endloop
  endfacet
  facet normal 0 0 1
    outer loop
      vertex 6.91292 -27.7262 -898.2
      vertex 57.325 -64.175 -898.2
      vertex 8.83016 -27.1764 -898.2
    endloop
  endfacet
  facet normal 0 0 1
    outer loop
      vertex 6.91292 -27.7262 -898.2
      vertex 57.3417 -64.6528 -898.2
      vertex 57.325 -64.175 -898.2
    endloop
  endfacet
  facet normal 0 0 1
    outer loop
      vertex 6.91292 -27.7262 -898.2
      vertex 57.3917 -65.1283 -898.2
      vertex 57.3417 -64.6528 -898.2
    endloop
  endfacet
  facet normal 0.275656 -0.961256 0
    outer loop
      vertex 6.91292 -27.7262 -898.2
      vertex 8.83016 -27.1764 -1.90735e-07
      vertex 6.91292 -27.7262 -1.90735e-07
    endloop
  endfacet
  facet normal 0.275656 -0.961256 0
    outer loop
      vertex 6.91292 -27.7262 -898.2
      vertex 8.83016 -27.1764 -898.2
      vertex 8.83016 -27.1764 -1.90735e-07
    endloop
  endfacet
  facet normal 0 0 1
    outer loop
      vertex 6.91292 27.7262 -1.90735e-07
      vertex 7.88828 24.2776 -1.90735e-07
      vertex 8.83016 27.1764 -1.90735e-07
    endloop
  endfacet
  facet normal 0.275656 0.961256 0
    outer loop
      vertex 6.91292 27.7262 -1.90735e-07
      vertex 8.83016 27.1764 -1.90735e-07
      vertex 8.83016 27.1764 -898.2
    endloop
  endfacet
  facet normal 0 0 1
    outer loop
      vertex 6.91292 27.7262 -898.2
      vertex 57.325 64.175 -898.2
      vertex 57.3417 64.6528 -898.2
    endloop
  endfacet
  facet normal 0 0 1
    outer loop
      vertex 6.91292 27.7262 -898.2
      vertex 57.3417 64.6528 -898.2
      vertex 57.3917 65.1283 -898.2
    endloop
  endfacet
  facet normal 0.275656 0.961256 0
    outer loop
      vertex 6.91292 27.7262 -898.2
      vertex 6.91292 27.7262 -1.90735e-07
      vertex 8.83016 27.1764 -898.2
    endloop
  endfacet
  facet normal 0 0 1
    outer loop
      vertex 6.91292 27.7262 -898.2
      vertex 8.83016 27.1764 -898.2
      vertex 57.325 64.175 -898.2
    endloop
  endfacet
  facet normal 0.529943 -0.848034 0
    outer loop
      vertex 60.3445 -58.4961 -907.725
      vertex 60.75 -58.2427 -898.2
      vertex 60.3445 -58.4961 -898.2
    endloop
  endfacet
  facet normal 0.529943 -0.848034 0
    outer loop
      vertex 60.3445 -58.4961 -907.725
      vertex 60.75 -58.2427 -907.725
      vertex 60.75 -58.2427 -898.2
    endloop
  endfacet
  facet normal 0.529943 0.848034 0
    outer loop
      vertex 60.3445 -69.8539 -898.2
      vertex 60.75 -70.1073 -898.2
      vertex 60.75 -70.1073 -907.725
    endloop
  endfacet
  facet normal 0.529943 0.848034 0
    outer loop
      vertex 60.3445 -69.8539 -907.725
      vertex 60.3445 -69.8539 -898.2
      vertex 60.75 -70.1073 -907.725
    endloop
  endfacet
  facet normal 0.529943 0.848034 0
    outer loop
      vertex 60.3445 58.4961 -898.2
      vertex 60.75 58.2427 -898.2
      vertex 60.75 58.2427 -907.725
    endloop
  endfacet
  facet normal 0.529943 0.848034 0
    outer loop
      vertex 60.3445 58.4961 -907.725
      vertex 60.3445 58.4961 -898.2
      vertex 60.75 58.2427 -907.725
    endloop
  endfacet
  facet normal 0.529943 -0.848034 0
    outer loop
      vertex 60.3445 69.8539 -907.725
      vertex 60.75 70.1073 -898.2
      vertex 60.3445 69.8539 -898.2
    endloop
  endfacet
  facet normal 0.529943 -0.848034 0
    outer loop
      vertex 60.3445 69.8539 -907.725
      vertex 60.75 70.1073 -907.725
      vertex 60.75 70.1073 -898.2
    endloop
  endfacet
  facet normal 0.469578 -0.882891 0
    outer loop
      vertex 60.75 -58.2427 -907.725
      vertex 61.1721 -58.0182 -898.2
      vertex 60.75 -58.2427 -898.2
    endloop
  endfacet
  facet normal 0.469578 -0.882891 0
    outer loop
      vertex 60.75 -58.2427 -907.725
      vertex 61.1721 -58.0182 -907.725
      vertex 61.1721 -58.0182 -898.2
    endloop
  endfacet
  facet normal 0.469415 0.882978 0
    outer loop
      vertex 60.75 -70.1073 -898.2
      vertex 61.1721 -70.3317 -898.2
      vertex 61.1721 -70.3317 -907.725
    endloop
  endfacet
  facet normal 0.469415 0.882978 0
    outer loop
      vertex 60.75 -70.1073 -907.725
      vertex 60.75 -70.1073 -898.2
      vertex 61.1721 -70.3317 -907.725
    endloop
  endfacet
  facet normal 0.469578 0.882891 0
    outer loop
      vertex 60.75 58.2427 -898.2
      vertex 61.1721 58.0182 -898.2
      vertex 61.1721 58.0182 -907.725
    endloop
  endfacet
  facet normal 0.469578 0.882891 0
    outer loop
      vertex 60.75 58.2427 -907.725
      vertex 60.75 58.2427 -898.2
      vertex 61.1721 58.0182 -907.725
    endloop
  endfacet
  facet normal 0.469415 -0.882978 0
    outer loop
      vertex 60.75 70.1073 -907.725
      vertex 61.1721 70.3317 -898.2
      vertex 60.75 70.1073 -898.2
    endloop
  endfacet
  facet normal 0.469415 -0.882978 0
    outer loop
      vertex 60.75 70.1073 -907.725
      vertex 61.1721 70.3317 -907.725
      vertex 61.1721 70.3317 -898.2
    endloop
  endfacet
  facet normal 0.406604 -0.913604 0
    outer loop
      vertex 61.1721 -58.0182 -907.725
      vertex 61.6089 -57.8238 -898.2
      vertex 61.1721 -58.0182 -898.2
    endloop
  endfacet
  facet normal 0.406604 -0.913604 0
    outer loop
      vertex 61.1721 -58.0182 -907.725
      vertex 61.6089 -57.8238 -907.725
      vertex 61.6089 -57.8238 -898.2
    endloop
  endfacet
  facet normal 0.406779 0.913527 0
    outer loop
      vertex 61.1721 -70.3317 -898.2
      vertex 61.6089 -70.5262 -898.2
      vertex 61.6089 -70.5262 -907.725
    endloop
  endfacet
  facet normal 0 0 1
    outer loop
      vertex 61.1721 -70.3317 -898.2
      vertex 85.725 -85.725 -898.2
      vertex 61.6089 -70.5262 -898.2
    endloop
  endfacet
  facet normal 0.406779 0.913527 0
    outer loop
      vertex 61.1721 -70.3317 -907.725
      vertex 61.1721 -70.3317 -898.2
      vertex 61.6089 -70.5262 -907.725
    endloop
  endfacet
  facet normal 0 0 -1
    outer loop
      vertex 61.1721 -70.3317 -907.725
      vertex 61.6089 -70.5262 -907.725
      vertex 85.725 -85.725 -907.725
    endloop
  endfacet
  facet normal 0.406604 0.913604 0
    outer loop
      vertex 61.1721 58.0182 -898.2
      vertex 61.6089 57.8238 -898.2
      vertex 61.6089 57.8238 -907.725
    endloop
  endfacet
  facet normal 0.406604 0.913604 0
    outer loop
      vertex 61.1721 58.0182 -907.725
      vertex 61.1721 58.0182 -898.2
      vertex 61.6089 57.8238 -907.725
    endloop
  endfacet
  facet normal 0 0 1
    outer loop
      vertex 61.1721 70.3317 -898.2
      vertex 61.6089 70.5262 -898.2
      vertex 85.725 85.725 -898.2
    endloop
  endfacet
  facet normal 0.406779 -0.913527 0
    outer loop
      vertex 61.1721 70.3317 -907.725
      vertex 61.6089 70.5262 -898.2
      vertex 61.1721 70.3317 -898.2
    endloop
  endfacet
  facet normal 0.406779 -0.913527 0
    outer loop
      vertex 61.1721 70.3317 -907.725
      vertex 61.6089 70.5262 -907.725
      vertex 61.6089 70.5262 -898.2
    endloop
  endfacet
  facet normal 0 0 -1
    outer loop
      vertex 61.1721 70.3317 -907.725
      vertex 85.725 85.725 -907.725
      vertex 61.6089 70.5262 -907.725
    endloop
  endfacet
  facet normal 0.342146 -0.939647 0
    outer loop
      vertex 61.6089 -57.8238 -907.725
      vertex 62.0582 -57.6602 -898.2
      vertex 61.6089 -57.8238 -898.2
    endloop
  endfacet
  facet normal 0.342146 -0.939647 0
    outer loop
      vertex 61.6089 -57.8238 -907.725
      vertex 62.0582 -57.6602 -907.725
      vertex 62.0582 -57.6602 -898.2
    endloop
  endfacet
  facet normal 0.341961 0.939714 0
    outer loop
      vertex 61.6089 -70.5262 -898.2
      vertex 62.0582 -70.6897 -898.2
      vertex 62.0582 -70.6897 -907.725
    endloop
  endfacet
  facet normal 0 0 1
    outer loop
      vertex 61.6089 -70.5262 -898.2
      vertex 85.725 -85.725 -898.2
      vertex 62.0582 -70.6897 -898.2
    endloop
  endfacet
  facet normal 0.341961 0.939714 0
    outer loop
      vertex 61.6089 -70.5262 -907.725
      vertex 61.6089 -70.5262 -898.2
      vertex 62.0582 -70.6897 -907.725
    endloop
  endfacet
  facet normal 0 0 -1
    outer loop
      vertex 61.6089 -70.5262 -907.725
      vertex 62.0582 -70.6897 -907.725
      vertex 85.725 -85.725 -907.725
    endloop
  endfacet
  facet normal 0.342146 0.939647 0
    outer loop
      vertex 61.6089 57.8238 -898.2
      vertex 62.0582 57.6602 -898.2
      vertex 62.0582 57.6602 -907.725
    endloop
  endfacet
  facet normal 0.342146 0.939647 0
    outer loop
      vertex 61.6089 57.8238 -907.725
      vertex 61.6089 57.8238 -898.2
      vertex 62.0582 57.6602 -907.725
    endloop
  endfacet
  facet normal 0 0 1
    outer loop
      vertex 61.6089 70.5262 -898.2
      vertex 62.0582 70.6897 -898.2
      vertex 85.725 85.725 -898.2
    endloop
  endfacet
  facet normal 0.341961 -0.939714 0
    outer loop
      vertex 61.6089 70.5262 -907.725
      vertex 62.0582 70.6897 -898.2
      vertex 61.6089 70.5262 -898.2
    endloop
  endfacet
  facet normal 0.341961 -0.939714 0
    outer loop
      vertex 61.6089 70.5262 -907.725
      vertex 62.0582 70.6897 -907.725
      vertex 62.0582 70.6897 -898.2
    endloop
  endfacet
  facet normal 0 0 -1
    outer loop
      vertex 61.6089 70.5262 -907.725
      vertex 85.725 85.725 -907.725
      vertex 62.0582 70.6897 -907.725
    endloop
  endfacet
  facet normal 0.275467 -0.961311 0
    outer loop
      vertex 62.0582 -57.6602 -907.725
      vertex 62.5178 -57.5285 -898.2
      vertex 62.0582 -57.6602 -898.2
    endloop
  endfacet
  facet normal 0.275467 -0.961311 0
    outer loop
      vertex 62.0582 -57.6602 -907.725
      vertex 62.5178 -57.5285 -907.725
      vertex 62.5178 -57.5285 -898.2
    endloop
  endfacet
  facet normal 0.27566 0.961255 0
    outer loop
      vertex 62.0582 -70.6897 -898.2
      vertex 62.5178 -70.8215 -898.2
      vertex 62.5178 -70.8215 -907.725
    endloop
  endfacet
  facet normal 0 0 1
    outer loop
      vertex 62.0582 -70.6897 -898.2
      vertex 85.725 -85.725 -898.2
      vertex 62.5178 -70.8215 -898.2
    endloop
  endfacet
  facet normal 0.27566 0.961255 0
    outer loop
      vertex 62.0582 -70.6897 -907.725
      vertex 62.0582 -70.6897 -898.2
      vertex 62.5178 -70.8215 -907.725
    endloop
  endfacet
  facet normal 0 0 -1
    outer loop
      vertex 62.0582 -70.6897 -907.725
      vertex 62.5178 -70.8215 -907.725
      vertex 85.725 -85.725 -907.725
    endloop
  endfacet
  facet normal 0.275467 0.961311 0
    outer loop
      vertex 62.0582 57.6602 -898.2
      vertex 62.5178 57.5285 -898.2
      vertex 62.5178 57.5285 -907.725
    endloop
  endfacet
  facet normal 0.275467 0.961311 0
    outer loop
      vertex 62.0582 57.6602 -907.725
      vertex 62.0582 57.6602 -898.2
      vertex 62.5178 57.5285 -907.725
    endloop
  endfacet
  facet normal 0 0 1
    outer loop
      vertex 62.0582 70.6897 -898.2
      vertex 62.5178 70.8215 -898.2
      vertex 85.725 85.725 -898.2
    endloop
  endfacet
  facet normal 0.27566 -0.961255 0
    outer loop
      vertex 62.0582 70.6897 -907.725
      vertex 62.5178 70.8215 -898.2
      vertex 62.0582 70.6897 -898.2
    endloop
  endfacet
  facet normal 0.27566 -0.961255 0
    outer loop
      vertex 62.0582 70.6897 -907.725
      vertex 62.5178 70.8215 -907.725
      vertex 62.5178 70.8215 -898.2
    endloop
  endfacet
  facet normal 0 0 -1
    outer loop
      vertex 62.0582 70.6897 -907.725
      vertex 85.725 85.725 -907.725
      vertex 62.5178 70.8215 -907.725
    endloop
  endfacet
  facet normal 0.207886 -0.978153 0
    outer loop
      vertex 62.5178 -57.5285 -907.725
      vertex 62.9855 -57.4291 -898.2
      vertex 62.5178 -57.5285 -898.2
    endloop
  endfacet
  facet normal 0.207886 -0.978153 0
    outer loop
      vertex 62.5178 -57.5285 -907.725
      vertex 62.9855 -57.4291 -907.725
      vertex 62.9855 -57.4291 -898.2
    endloop
  endfacet
  facet normal 0.207886 0.978153 0
    outer loop
      vertex 62.5178 -70.8215 -898.2
      vertex 62.9855 -70.9209 -898.2
      vertex 62.9855 -70.9209 -907.725
    endloop
  endfacet
  facet normal 0 0 1
    outer loop
      vertex 62.5178 -70.8215 -898.2
      vertex 85.725 -85.725 -898.2
      vertex 62.9855 -70.9209 -898.2
    endloop
  endfacet
  facet normal 0.207886 0.978153 0
    outer loop
      vertex 62.5178 -70.8215 -907.725
      vertex 62.5178 -70.8215 -898.2
      vertex 62.9855 -70.9209 -907.725
    endloop
  endfacet
  facet normal 0 0 -1
    outer loop
      vertex 62.5178 -70.8215 -907.725
      vertex 62.9855 -70.9209 -907.725
      vertex 85.725 -85.725 -907.725
    endloop
  endfacet
  facet normal 0.207886 0.978153 0
    outer loop
      vertex 62.5178 57.5285 -898.2
      vertex 62.9855 57.4291 -898.2
      vertex 62.9855 57.4291 -907.725
    endloop
  endfacet
  facet normal 0.207886 0.978153 0
    outer loop
      vertex 62.5178 57.5285 -907.725
      vertex 62.5178 57.5285 -898.2
      vertex 62.9855 57.4291 -907.725
    endloop
  endfacet
  facet normal 0 0 1
    outer loop
      vertex 62.5178 70.8215 -898.2
      vertex 62.9855 70.9209 -898.2
      vertex 85.725 85.725 -898.2
    endloop
  endfacet
  facet normal 0.207886 -0.978153 0
    outer loop
      vertex 62.5178 70.8215 -907.725
      vertex 62.9855 70.9209 -898.2
      vertex 62.5178 70.8215 -898.2
    endloop
  endfacet
  facet normal 0.207886 -0.978153 0
    outer loop
      vertex 62.5178 70.8215 -907.725
      vertex 62.9855 70.9209 -907.725
      vertex 62.9855 70.9209 -898.2
    endloop
  endfacet
  facet normal 0 0 -1
    outer loop
      vertex 62.5178 70.8215 -907.725
      vertex 85.725 85.725 -907.725
      vertex 62.9855 70.9209 -907.725
    endloop
  endfacet
  facet normal 0.139284 -0.990253 0
    outer loop
      vertex 62.9855 -57.4291 -907.725
      vertex 63.459 -57.3625 -898.2
      vertex 62.9855 -57.4291 -898.2
    endloop
  endfacet
  facet normal 0.139284 -0.990253 0
    outer loop
      vertex 62.9855 -57.4291 -907.725
      vertex 63.459 -57.3625 -907.725
      vertex 63.459 -57.3625 -898.2
    endloop
  endfacet
  facet normal 0.139284 0.990253 0
    outer loop
      vertex 62.9855 -70.9209 -898.2
      vertex 63.459 -70.9875 -898.2
      vertex 63.459 -70.9875 -907.725
    endloop
  endfacet
  facet normal 0 0 1
    outer loop
      vertex 62.9855 -70.9209 -898.2
      vertex 85.725 -85.725 -898.2
      vertex 63.459 -70.9875 -898.2
    endloop
  endfacet
  facet normal 0.139284 0.990253 0
    outer loop
      vertex 62.9855 -70.9209 -907.725
      vertex 62.9855 -70.9209 -898.2
      vertex 63.459 -70.9875 -907.725
    endloop
  endfacet
  facet normal 0 0 -1
    outer loop
      vertex 62.9855 -70.9209 -907.725
      vertex 63.459 -70.9875 -907.725
      vertex 85.725 -85.725 -907.725
    endloop
  endfacet
  facet normal 0.139284 0.990253 0
    outer loop
      vertex 62.9855 57.4291 -898.2
      vertex 63.459 57.3625 -898.2
      vertex 63.459 57.3625 -907.725
    endloop
  endfacet
  facet normal 0.139284 0.990253 0
    outer loop
      vertex 62.9855 57.4291 -907.725
      vertex 62.9855 57.4291 -898.2
      vertex 63.459 57.3625 -907.725
    endloop
  endfacet
  facet normal 0 0 1
    outer loop
      vertex 62.9855 70.9209 -898.2
      vertex 63.459 70.9875 -898.2
      vertex 85.725 85.725 -898.2
    endloop
  endfacet
  facet normal 0.139284 -0.990253 0
    outer loop
      vertex 62.9855 70.9209 -907.725
      vertex 63.459 70.9875 -898.2
      vertex 62.9855 70.9209 -898.2
    endloop
  endfacet
  facet normal 0.139284 -0.990253 0
    outer loop
      vertex 62.9855 70.9209 -907.725
      vertex 63.459 70.9875 -907.725
      vertex 63.459 70.9875 -898.2
    endloop
  endfacet
  facet normal 0 0 -1
    outer loop
      vertex 62.9855 70.9209 -907.725
      vertex 85.725 85.725 -907.725
      vertex 63.459 70.9875 -907.725
    endloop
  endfacet
  facet normal 0.0696564 -0.997571 0
    outer loop
      vertex 63.459 -57.3625 -907.725
      vertex 63.9359 -57.3292 -898.2
      vertex 63.459 -57.3625 -898.2
    endloop
  endfacet
  facet normal 0.0696564 -0.997571 0
    outer loop
      vertex 63.459 -57.3625 -907.725
      vertex 63.9359 -57.3292 -907.725
      vertex 63.9359 -57.3292 -898.2
    endloop
  endfacet
  facet normal 0.0696564 0.997571 0
    outer loop
      vertex 63.459 -70.9875 -898.2
      vertex 63.9359 -71.0208 -898.2
      vertex 63.9359 -71.0208 -907.725
    endloop
  endfacet
  facet normal 0 0 1
    outer loop
      vertex 63.459 -70.9875 -898.2
      vertex 85.725 -85.725 -898.2
      vertex 63.9359 -71.0208 -898.2
    endloop
  endfacet
  facet normal 0.0696564 0.997571 0
    outer loop
      vertex 63.459 -70.9875 -907.725
      vertex 63.459 -70.9875 -898.2
      vertex 63.9359 -71.0208 -907.725
    endloop
  endfacet
  facet normal 0 0 -1
    outer loop
      vertex 63.459 -70.9875 -907.725
      vertex 63.9359 -71.0208 -907.725
      vertex 85.725 -85.725 -907.725
    endloop
  endfacet
  facet normal 0.0696564 0.997571 0
    outer loop
      vertex 63.459 57.3625 -898.2
      vertex 63.9359 57.3292 -898.2
      vertex 63.9359 57.3292 -907.725
    endloop
  endfacet
  facet normal 0.0696564 0.997571 0
    outer loop
      vertex 63.459 57.3625 -907.725
      vertex 63.459 57.3625 -898.2
      vertex 63.9359 57.3292 -907.725
    endloop
  endfacet
  facet normal 0 0 1
    outer loop
      vertex 63.459 70.9875 -898.2
      vertex 63.9359 71.0208 -898.2
      vertex 85.725 85.725 -898.2
    endloop
  endfacet
  facet normal 0.0696564 -0.997571 0
    outer loop
      vertex 63.459 70.9875 -907.725
      vertex 63.9359 71.0208 -898.2
      vertex 63.459 70.9875 -898.2
    endloop
  endfacet
  facet normal 0.0696564 -0.997571 0
    outer loop
      vertex 63.459 70.9875 -907.725
      vertex 63.9359 71.0208 -907.725
      vertex 63.9359 71.0208 -898.2
    endloop
  endfacet
  facet normal 0 0 -1
    outer loop
      vertex 63.459 70.9875 -907.725
      vertex 85.725 85.725 -907.725
      vertex 63.9359 71.0208 -907.725
    endloop
  endfacet
  facet normal 0 -1 0
    outer loop
      vertex 63.9359 -57.3292 -907.725
      vertex 64.414 -57.3292 -898.2
      vertex 63.9359 -57.3292 -898.2
    endloop
  endfacet
  facet normal 0 -1 0
    outer loop
      vertex 63.9359 -57.3292 -907.725
      vertex 64.414 -57.3292 -907.725
      vertex 64.414 -57.3292 -898.2
    endloop
  endfacet
  facet normal 0 1 0
    outer loop
      vertex 63.9359 -71.0208 -898.2
      vertex 64.414 -71.0208 -898.2
      vertex 64.414 -71.0208 -907.725
    endloop
  endfacet
  facet normal 0 0 1
    outer loop
      vertex 63.9359 -71.0208 -898.2
      vertex 85.725 -85.725 -898.2
      vertex 64.414 -71.0208 -898.2
    endloop
  endfacet
  facet normal 0 1 0
    outer loop
      vertex 63.9359 -71.0208 -907.725
      vertex 63.9359 -71.0208 -898.2
      vertex 64.414 -71.0208 -907.725
    endloop
  endfacet
  facet normal 0 0 -1
    outer loop
      vertex 63.9359 -71.0208 -907.725
      vertex 64.414 -71.0208 -907.725
      vertex 85.725 -85.725 -907.725
    endloop
  endfacet
  facet normal 0 1 0
    outer loop
      vertex 63.9359 57.3292 -898.2
      vertex 64.414 57.3292 -898.2
      vertex 64.414 57.3292 -907.725
    endloop
  endfacet
  facet normal 0 1 0
    outer loop
      vertex 63.9359 57.3292 -907.725
      vertex 63.9359 57.3292 -898.2
      vertex 64.414 57.3292 -907.725
    endloop
  endfacet
  facet normal 0 0 1
    outer loop
      vertex 63.9359 71.0208 -898.2
      vertex 64.414 71.0208 -898.2
      vertex 85.725 85.725 -898.2
    endloop
  endfacet
  facet normal 0 -1 0
    outer loop
      vertex 63.9359 71.0208 -907.725
      vertex 64.414 71.0208 -898.2
      vertex 63.9359 71.0208 -898.2
    endloop
  endfacet
  facet normal 0 -1 0
    outer loop
      vertex 63.9359 71.0208 -907.725
      vertex 64.414 71.0208 -907.725
      vertex 64.414 71.0208 -898.2
    endloop
  endfacet
  facet normal 0 0 -1
    outer loop
      vertex 63.9359 71.0208 -907.725
      vertex 85.725 85.725 -907.725
      vertex 64.414 71.0208 -907.725
    endloop
  endfacet
  facet normal -0.0696418 -0.997572 0
    outer loop
      vertex 64.414 -57.3292 -907.725
      vertex 64.891 -57.3625 -898.2
      vertex 64.414 -57.3292 -898.2
    endloop
  endfacet
  facet normal -0.0696418 -0.997572 0
    outer loop
      vertex 64.414 -57.3292 -907.725
      vertex 64.891 -57.3625 -907.725
      vertex 64.891 -57.3625 -898.2
    endloop
  endfacet
  facet normal -0.0696418 0.997572 0
    outer loop
      vertex 64.414 -71.0208 -898.2
      vertex 64.891 -70.9875 -898.2
      vertex 64.891 -70.9875 -907.725
    endloop
  endfacet
  facet normal 0 0 1
    outer loop
      vertex 64.414 -71.0208 -898.2
      vertex 85.725 -85.725 -898.2
      vertex 64.891 -70.9875 -898.2
    endloop
  endfacet
  facet normal -0.0696418 0.997572 0
    outer loop
      vertex 64.414 -71.0208 -907.725
      vertex 64.414 -71.0208 -898.2
      vertex 64.891 -70.9875 -907.725
    endloop
  endfacet
  facet normal 0 0 -1
    outer loop
      vertex 64.414 -71.0208 -907.725
      vertex 64.891 -70.9875 -907.725
      vertex 85.725 -85.725 -907.725
    endloop
  endfacet
  facet normal -0.0696418 0.997572 0
    outer loop
      vertex 64.414 57.3292 -898.2
      vertex 64.891 57.3625 -898.2
      vertex 64.891 57.3625 -907.725
    endloop
  endfacet
  facet normal -0.0696418 0.997572 0
    outer loop
      vertex 64.414 57.3292 -907.725
      vertex 64.414 57.3292 -898.2
      vertex 64.891 57.3625 -907.725
    endloop
  endfacet
  facet normal 0 0 1
    outer loop
      vertex 64.414 71.0208 -898.2
      vertex 64.891 70.9875 -898.2
      vertex 85.725 85.725 -898.2
    endloop
  endfacet
  facet normal -0.0696418 -0.997572 0
    outer loop
      vertex 64.414 71.0208 -907.725
      vertex 64.891 70.9875 -898.2
      vertex 64.414 71.0208 -898.2
    endloop
  endfacet
  facet normal -0.0696418 -0.997572 0
    outer loop
      vertex 64.414 71.0208 -907.725
      vertex 64.891 70.9875 -907.725
      vertex 64.891 70.9875 -898.2
    endloop
  endfacet
  facet normal 0 0 -1
    outer loop
      vertex 64.414 71.0208 -907.725
      vertex 85.725 85.725 -907.725
      vertex 64.891 70.9875 -907.725
    endloop
  endfacet
  facet normal -0.139284 -0.990253 0
    outer loop
      vertex 64.891 -57.3625 -907.725
      vertex 65.3645 -57.4291 -898.2
      vertex 64.891 -57.3625 -898.2
    endloop
  endfacet
  facet normal -0.139284 -0.990253 0
    outer loop
      vertex 64.891 -57.3625 -907.725
      vertex 65.3645 -57.4291 -907.725
      vertex 65.3645 -57.4291 -898.2
    endloop
  endfacet
  facet normal -0.139284 0.990253 0
    outer loop
      vertex 64.891 -70.9875 -898.2
      vertex 65.3645 -70.9209 -898.2
      vertex 65.3645 -70.9209 -907.725
    endloop
  endfacet
  facet normal 0 0 1
    outer loop
      vertex 64.891 -70.9875 -898.2
      vertex 85.725 -85.725 -898.2
      vertex 65.3645 -70.9209 -898.2
    endloop
  endfacet
  facet normal -0.139284 0.990253 0
    outer loop
      vertex 64.891 -70.9875 -907.725
      vertex 64.891 -70.9875 -898.2
      vertex 65.3645 -70.9209 -907.725
    endloop
  endfacet
  facet normal 0 0 -1
    outer loop
      vertex 64.891 -70.9875 -907.725
      vertex 65.3645 -70.9209 -907.725
      vertex 85.725 -85.725 -907.725
    endloop
  endfacet
  facet normal -0.139284 0.990253 0
    outer loop
      vertex 64.891 57.3625 -898.2
      vertex 65.3645 57.4291 -898.2
      vertex 65.3645 57.4291 -907.725
    endloop
  endfacet
  facet normal -0.139284 0.990253 0
    outer loop
      vertex 64.891 57.3625 -907.725
      vertex 64.891 57.3625 -898.2
      vertex 65.3645 57.4291 -907.725
    endloop
  endfacet
  facet normal 0 0 1
    outer loop
      vertex 64.891 70.9875 -898.2
      vertex 65.3645 70.9209 -898.2
      vertex 85.725 85.725 -898.2
    endloop
  endfacet
  facet normal -0.139284 -0.990253 0
    outer loop
      vertex 64.891 70.9875 -907.725
      vertex 65.3645 70.9209 -898.2
      vertex 64.891 70.9875 -898.2
    endloop
  endfacet
  facet normal -0.139284 -0.990253 0
    outer loop
      vertex 64.891 70.9875 -907.725
      vertex 65.3645 70.9209 -907.725
      vertex 65.3645 70.9209 -898.2
    endloop
  endfacet
  facet normal 0 0 -1
    outer loop
      vertex 64.891 70.9875 -907.725
      vertex 85.725 85.725 -907.725
      vertex 65.3645 70.9209 -907.725
    endloop
  endfacet
  facet normal -0.207886 -0.978153 0
    outer loop
      vertex 65.3645 -57.4291 -907.725
      vertex 65.8322 -57.5285 -898.2
      vertex 65.3645 -57.4291 -898.2
    endloop
  endfacet
  facet normal -0.207886 -0.978153 0
    outer loop
      vertex 65.3645 -57.4291 -907.725
      vertex 65.8322 -57.5285 -907.725
      vertex 65.8322 -57.5285 -898.2
    endloop
  endfacet
  facet normal -0.207886 0.978153 0
    outer loop
      vertex 65.3645 -70.9209 -898.2
      vertex 65.8322 -70.8215 -898.2
      vertex 65.8322 -70.8215 -907.725
    endloop
  endfacet
  facet normal 0 0 1
    outer loop
      vertex 65.3645 -70.9209 -898.2
      vertex 85.725 -85.725 -898.2
      vertex 65.8322 -70.8215 -898.2
    endloop
  endfacet
  facet normal -0.207886 0.978153 0
    outer loop
      vertex 65.3645 -70.9209 -907.725
      vertex 65.3645 -70.9209 -898.2
      vertex 65.8322 -70.8215 -907.725
    endloop
  endfacet
  facet normal 0 0 -1
    outer loop
      vertex 65.3645 -70.9209 -907.725
      vertex 65.8322 -70.8215 -907.725
      vertex 85.725 -85.725 -907.725
    endloop
  endfacet
  facet normal -0.207886 0.978153 0
    outer loop
      vertex 65.3645 57.4291 -898.2
      vertex 65.8322 57.5285 -898.2
      vertex 65.8322 57.5285 -907.725
    endloop
  endfacet
  facet normal -0.207886 0.978153 0
    outer loop
      vertex 65.3645 57.4291 -907.725
      vertex 65.3645 57.4291 -898.2
      vertex 65.8322 57.5285 -907.725
    endloop
  endfacet
  facet normal 0 0 1
    outer loop
      vertex 65.3645 70.9209 -898.2
      vertex 65.8322 70.8215 -898.2
      vertex 85.725 85.725 -898.2
    endloop
  endfacet
  facet normal -0.207886 -0.978153 0
    outer loop
      vertex 65.3645 70.9209 -907.725
      vertex 65.8322 70.8215 -898.2
      vertex 65.3645 70.9209 -898.2
    endloop
  endfacet
  facet normal -0.207886 -0.978153 0
    outer loop
      vertex 65.3645 70.9209 -907.725
      vertex 65.8322 70.8215 -907.725
      vertex 65.8322 70.8215 -898.2
    endloop
  endfacet
  facet normal 0 0 -1
    outer loop
      vertex 65.3645 70.9209 -907.725
      vertex 85.725 85.725 -907.725
      vertex 65.8322 70.8215 -907.725
    endloop
  endfacet
  facet normal -0.275467 -0.961311 0
    outer loop
      vertex 65.8322 -57.5285 -907.725
      vertex 66.2918 -57.6602 -898.2
      vertex 65.8322 -57.5285 -898.2
    endloop
  endfacet
  facet normal -0.275467 -0.961311 0
    outer loop
      vertex 65.8322 -57.5285 -907.725
      vertex 66.2918 -57.6602 -907.725
      vertex 66.2918 -57.6602 -898.2
    endloop
  endfacet
  facet normal -0.27566 0.961255 0
    outer loop
      vertex 65.8322 -70.8215 -898.2
      vertex 66.2918 -70.6897 -898.2
      vertex 66.2918 -70.6897 -907.725
    endloop
  endfacet
  facet normal 0 0 1
    outer loop
      vertex 65.8322 -70.8215 -898.2
      vertex 85.725 -85.725 -898.2
      vertex 66.2918 -70.6897 -898.2
    endloop
  endfacet
  facet normal -0.27566 0.961255 0
    outer loop
      vertex 65.8322 -70.8215 -907.725
      vertex 65.8322 -70.8215 -898.2
      vertex 66.2918 -70.6897 -907.725
    endloop
  endfacet
  facet normal 0 0 -1
    outer loop
      vertex 65.8322 -70.8215 -907.725
      vertex 66.2918 -70.6897 -907.725
      vertex 85.725 -85.725 -907.725
    endloop
  endfacet
  facet normal -0.275467 0.961311 0
    outer loop
      vertex 65.8322 57.5285 -898.2
      vertex 66.2918 57.6602 -898.2
      vertex 66.2918 57.6602 -907.725
    endloop
  endfacet
  facet normal -0.275467 0.961311 0
    outer loop
      vertex 65.8322 57.5285 -907.725
      vertex 65.8322 57.5285 -898.2
      vertex 66.2918 57.6602 -907.725
    endloop
  endfacet
  facet normal 0 0 1
    outer loop
      vertex 65.8322 70.8215 -898.2
      vertex 66.2918 70.6897 -898.2
      vertex 85.725 85.725 -898.2
    endloop
  endfacet
  facet normal -0.27566 -0.961255 0
    outer loop
      vertex 65.8322 70.8215 -907.725
      vertex 66.2918 70.6897 -898.2
      vertex 65.8322 70.8215 -898.2
    endloop
  endfacet
  facet normal -0.27566 -0.961255 0
    outer loop
      vertex 65.8322 70.8215 -907.725
      vertex 66.2918 70.6897 -907.725
      vertex 66.2918 70.6897 -898.2
    endloop
  endfacet
  facet normal 0 0 -1
    outer loop
      vertex 65.8322 70.8215 -907.725
      vertex 85.725 85.725 -907.725
      vertex 66.2918 70.6897 -907.725
    endloop
  endfacet
  facet normal 0 0 -1
    outer loop
      vertex 66.2918 -57.6602 -907.725
      vertex 66.2918 57.6602 -907.725
      vertex 66.741 57.8238 -907.725
    endloop
  endfacet
  facet normal -0.342213 -0.939622 0
    outer loop
      vertex 66.2918 -57.6602 -907.725
      vertex 66.741 -57.8238 -898.2
      vertex 66.2918 -57.6602 -898.2
    endloop
  endfacet
  facet normal -0.342213 -0.939622 0
    outer loop
      vertex 66.2918 -57.6602 -907.725
      vertex 66.741 -57.8238 -907.725
      vertex 66.741 -57.8238 -898.2
    endloop
  endfacet
  facet normal 0 0 -1
    outer loop
      vertex 66.2918 -57.6602 -907.725
      vertex 66.741 57.8238 -907.725
      vertex 66.741 -57.8238 -907.725
    endloop
  endfacet
  facet normal -0.342029 0.93969 0
    outer loop
      vertex 66.2918 -70.6897 -898.2
      vertex 66.741 -70.5262 -898.2
      vertex 66.741 -70.5262 -907.725
    endloop
  endfacet
  facet normal 0 0 1
    outer loop
      vertex 66.2918 -70.6897 -898.2
      vertex 85.725 -85.725 -898.2
      vertex 66.741 -70.5262 -898.2
    endloop
  endfacet
  facet normal -0.342029 0.93969 0
    outer loop
      vertex 66.2918 -70.6897 -907.725
      vertex 66.2918 -70.6897 -898.2
      vertex 66.741 -70.5262 -907.725
    endloop
  endfacet
  facet normal 0 0 -1
    outer loop
      vertex 66.2918 -70.6897 -907.725
      vertex 66.741 -70.5262 -907.725
      vertex 85.725 -85.725 -907.725
    endloop
  endfacet
  facet normal -0.342213 0.939622 0
    outer loop
      vertex 66.2918 57.6602 -898.2
      vertex 66.741 57.8238 -898.2
      vertex 66.741 57.8238 -907.725
    endloop
  endfacet
  facet normal -0.342213 0.939622 0
    outer loop
      vertex 66.2918 57.6602 -907.725
      vertex 66.2918 57.6602 -898.2
      vertex 66.741 57.8238 -907.725
    endloop
  endfacet
  facet normal 0 0 1
    outer loop
      vertex 66.2918 70.6897 -898.2
      vertex 66.741 70.5262 -898.2
      vertex 85.725 85.725 -898.2
    endloop
  endfacet
  facet normal -0.342029 -0.93969 0
    outer loop
      vertex 66.2918 70.6897 -907.725
      vertex 66.741 70.5262 -898.2
      vertex 66.2918 70.6897 -898.2
    endloop
  endfacet
  facet normal -0.342029 -0.93969 0
    outer loop
      vertex 66.2918 70.6897 -907.725
      vertex 66.741 70.5262 -907.725
      vertex 66.741 70.5262 -898.2
    endloop
  endfacet
  facet normal 0 0 -1
    outer loop
      vertex 66.2918 70.6897 -907.725
      vertex 85.725 85.725 -907.725
      vertex 66.741 70.5262 -907.725
    endloop
  endfacet
  facet normal 0 0 1
    outer loop
      vertex 66.741 -57.8238 -898.2
      vertex 67.1778 -58.0182 -898.2
      vertex 66.741 57.8238 -898.2
    endloop
  endfacet
  facet normal 0 0 -1
    outer loop
      vertex 66.741 -57.8238 -907.725
      vertex 66.741 57.8238 -907.725
      vertex 67.1778 58.0182 -907.725
    endloop
  endfacet
  facet normal -0.406604 -0.913604 0
    outer loop
      vertex 66.741 -57.8238 -907.725
      vertex 67.1778 -58.0182 -898.2
      vertex 66.741 -57.8238 -898.2
    endloop
  endfacet
  facet normal -0.406604 -0.913604 0
    outer loop
      vertex 66.741 -57.8238 -907.725
      vertex 67.1778 -58.0182 -907.725
      vertex 67.1778 -58.0182 -898.2
    endloop
  endfacet
  facet normal 0 0 -1
    outer loop
      vertex 66.741 -57.8238 -907.725
      vertex 67.1778 58.0182 -907.725
      vertex 67.1778 -58.0182 -907.725
    endloop
  endfacet
  facet normal -0.406779 0.913527 0
    outer loop
      vertex 66.741 -70.5262 -898.2
      vertex 67.1778 -70.3317 -898.2
      vertex 67.1778 -70.3317 -907.725
    endloop
  endfacet
  facet normal 0 0 1
    outer loop
      vertex 66.741 -70.5262 -898.2
      vertex 85.725 -85.725 -898.2
      vertex 67.1778 -70.3317 -898.2
    endloop
  endfacet
  facet normal -0.406779 0.913527 0
    outer loop
      vertex 66.741 -70.5262 -907.725
      vertex 66.741 -70.5262 -898.2
      vertex 67.1778 -70.3317 -907.725
    endloop
  endfacet
  facet normal 0 0 -1
    outer loop
      vertex 66.741 -70.5262 -907.725
      vertex 67.1778 -70.3317 -907.725
      vertex 85.725 -85.725 -907.725
    endloop
  endfacet
  facet normal 0 0 1
    outer loop
      vertex 66.741 57.8238 -898.2
      vertex 67.1778 -58.0182 -898.2
      vertex 67.1778 58.0182 -898.2
    endloop
  endfacet
  facet normal -0.406604 0.913604 0
    outer loop
      vertex 66.741 57.8238 -898.2
      vertex 67.1778 58.0182 -898.2
      vertex 67.1778 58.0182 -907.725
    endloop
  endfacet
  facet normal -0.406604 0.913604 0
    outer loop
      vertex 66.741 57.8238 -907.725
      vertex 66.741 57.8238 -898.2
      vertex 67.1778 58.0182 -907.725
    endloop
  endfacet
  facet normal 0 0 1
    outer loop
      vertex 66.741 70.5262 -898.2
      vertex 67.1778 70.3317 -898.2
      vertex 85.725 85.725 -898.2
    endloop
  endfacet
  facet normal -0.406779 -0.913527 0
    outer loop
      vertex 66.741 70.5262 -907.725
      vertex 67.1778 70.3317 -898.2
      vertex 66.741 70.5262 -898.2
    endloop
  endfacet
  facet normal -0.406779 -0.913527 0
    outer loop
      vertex 66.741 70.5262 -907.725
      vertex 67.1778 70.3317 -907.725
      vertex 67.1778 70.3317 -898.2
    endloop
  endfacet
  facet normal 0 0 -1
    outer loop
      vertex 66.741 70.5262 -907.725
      vertex 85.725 85.725 -907.725
      vertex 67.1778 70.3317 -907.725
    endloop
  endfacet
  facet normal 0 0 1
    outer loop
      vertex 67.1778 -58.0182 -898.2
      vertex 67.6 -58.2427 -898.2
      vertex 67.1778 58.0182 -898.2
    endloop
  endfacet
  facet normal 0 0 -1
    outer loop
      vertex 67.1778 -58.0182 -907.725
      vertex 67.1778 58.0182 -907.725
      vertex 67.6 58.2427 -907.725
    endloop
  endfacet
  facet normal -0.469492 -0.882937 0
    outer loop
      vertex 67.1778 -58.0182 -907.725
      vertex 67.6 -58.2427 -898.2
      vertex 67.1778 -58.0182 -898.2
    endloop
  endfacet
  facet normal -0.469492 -0.882937 0
    outer loop
      vertex 67.1778 -58.0182 -907.725
      vertex 67.6 -58.2427 -907.725
      vertex 67.6 -58.2427 -898.2
    endloop
  endfacet
  facet normal 0 0 -1
    outer loop
      vertex 67.1778 -58.0182 -907.725
      vertex 67.6 58.2427 -907.725
      vertex 67.6 -58.2427 -907.725
    endloop
  endfacet
  facet normal -0.469329 0.883024 0
    outer loop
      vertex 67.1778 -70.3317 -898.2
      vertex 67.6 -70.1073 -898.2
      vertex 67.6 -70.1073 -907.725
    endloop
  endfacet
  facet normal 0 0 1
    outer loop
      vertex 67.1778 -70.3317 -898.2
      vertex 85.725 -85.725 -898.2
      vertex 67.6 -70.1073 -898.2
    endloop
  endfacet
  facet normal -0.469329 0.883024 0
    outer loop
      vertex 67.1778 -70.3317 -907.725
      vertex 67.1778 -70.3317 -898.2
      vertex 67.6 -70.1073 -907.725
    endloop
  endfacet
  facet normal 0 0 -1
    outer loop
      vertex 67.1778 -70.3317 -907.725
      vertex 67.6 -70.1073 -907.725
      vertex 85.725 -85.725 -907.725
    endloop
  endfacet
  facet normal 0 0 1
    outer loop
      vertex 67.1778 58.0182 -898.2
      vertex 67.6 -58.2427 -898.2
      vertex 67.6 58.2427 -898.2
    endloop
  endfacet
  facet normal -0.469492 0.882937 0
    outer loop
      vertex 67.1778 58.0182 -898.2
      vertex 67.6 58.2427 -898.2
      vertex 67.6 58.2427 -907.725
    endloop
  endfacet
  facet normal -0.469492 0.882937 0
    outer loop
      vertex 67.1778 58.0182 -907.725
      vertex 67.1778 58.0182 -898.2
      vertex 67.6 58.2427 -907.725
    endloop
  endfacet
  facet normal 0 0 1
    outer loop
      vertex 67.1778 70.3317 -898.2
      vertex 67.6 70.1073 -898.2
      vertex 85.725 85.725 -898.2
    endloop
  endfacet
  facet normal -0.469329 -0.883024 0
    outer loop
      vertex 67.1778 70.3317 -907.725
      vertex 67.6 70.1073 -898.2
      vertex 67.1778 70.3317 -898.2
    endloop
  endfacet
  facet normal -0.469329 -0.883024 0
    outer loop
      vertex 67.1778 70.3317 -907.725
      vertex 67.6 70.1073 -907.725
      vertex 67.6 70.1073 -898.2
    endloop
  endfacet
  facet normal 0 0 -1
    outer loop
      vertex 67.1778 70.3317 -907.725
      vertex 85.725 85.725 -907.725
      vertex 67.6 70.1073 -907.725
    endloop
  endfacet
  facet normal 0 0 1
    outer loop
      vertex 67.6 -58.2427 -898.2
      vertex 68.0055 -58.4961 -898.2
      vertex 67.6 58.2427 -898.2
    endloop
  endfacet
  facet normal 0 0 -1
    outer loop
      vertex 67.6 -58.2427 -907.725
      vertex 67.6 58.2427 -907.725
      vertex 68.0055 58.4961 -907.725
    endloop
  endfacet
  facet normal -0.529943 -0.848034 0
    outer loop
      vertex 67.6 -58.2427 -907.725
      vertex 68.0055 -58.4961 -898.2
      vertex 67.6 -58.2427 -898.2
    endloop
  endfacet
  facet normal -0.529943 -0.848034 0
    outer loop
      vertex 67.6 -58.2427 -907.725
      vertex 68.0055 -58.4961 -907.725
      vertex 68.0055 -58.4961 -898.2
    endloop
  endfacet
  facet normal 0 0 -1
    outer loop
      vertex 67.6 -58.2427 -907.725
      vertex 68.0055 58.4961 -907.725
      vertex 68.0055 -58.4961 -907.725
    endloop
  endfacet
  facet normal -0.529943 0.848034 0
    outer loop
      vertex 67.6 -70.1073 -898.2
      vertex 68.0055 -69.8539 -898.2
      vertex 68.0055 -69.8539 -907.725
    endloop
  endfacet
  facet normal 0 0 1
    outer loop
      vertex 67.6 -70.1073 -898.2
      vertex 85.725 -85.725 -898.2
      vertex 68.0055 -69.8539 -898.2
    endloop
  endfacet
  facet normal -0.529943 0.848034 0
    outer loop
      vertex 67.6 -70.1073 -907.725
      vertex 67.6 -70.1073 -898.2
      vertex 68.0055 -69.8539 -907.725
    endloop
  endfacet
  facet normal 0 0 -1
    outer loop
      vertex 67.6 -70.1073 -907.725
      vertex 68.0055 -69.8539 -907.725
      vertex 85.725 -85.725 -907.725
    endloop
  endfacet
  facet normal 0 0 1
    outer loop
      vertex 67.6 58.2427 -898.2
      vertex 68.0055 -58.4961 -898.2
      vertex 68.0055 58.4961 -898.2
    endloop
  endfacet
  facet normal -0.529943 0.848034 0
    outer loop
      vertex 67.6 58.2427 -898.2
      vertex 68.0055 58.4961 -898.2
      vertex 68.0055 58.4961 -907.725
    endloop
  endfacet
  facet normal -0.529943 0.848034 0
    outer loop
      vertex 67.6 58.2427 -907.725
      vertex 67.6 58.2427 -898.2
      vertex 68.0055 58.4961 -907.725
    endloop
  endfacet
  facet normal 0 0 1
    outer loop
      vertex 67.6 70.1073 -898.2
      vertex 68.0055 69.8539 -898.2
      vertex 85.725 85.725 -898.2
    endloop
  endfacet
  facet normal -0.529943 -0.848034 0
    outer loop
      vertex 67.6 70.1073 -907.725
      vertex 68.0055 69.8539 -898.2
      vertex 67.6 70.1073 -898.2
    endloop
  endfacet
  facet normal -0.529943 -0.848034 0
    outer loop
      vertex 67.6 70.1073 -907.725
      vertex 68.0055 69.8539 -907.725
      vertex 68.0055 69.8539 -898.2
    endloop
  endfacet
  facet normal 0 0 -1
    outer loop
      vertex 67.6 70.1073 -907.725
      vertex 85.725 85.725 -907.725
      vertex 68.0055 69.8539 -907.725
    endloop
  endfacet
  facet normal 0 0 1
    outer loop
      vertex 68.0055 -58.4961 -898.2
      vertex 68.3923 -58.7771 -898.2
      vertex 68.0055 58.4961 -898.2
    endloop
  endfacet
  facet normal 0 0 -1
    outer loop
      vertex 68.0055 -58.4961 -907.725
      vertex 68.0055 58.4961 -907.725
      vertex 68.3923 58.7771 -907.725
    endloop
  endfacet
  facet normal -0.587749 -0.809044 0
    outer loop
      vertex 68.0055 -58.4961 -907.725
      vertex 68.3923 -58.7771 -898.2
      vertex 68.0055 -58.4961 -898.2
    endloop
  endfacet
  facet normal -0.587749 -0.809044 0
    outer loop
      vertex 68.0055 -58.4961 -907.725
      vertex 68.3923 -58.7771 -907.725
      vertex 68.3923 -58.7771 -898.2
    endloop
  endfacet
  facet normal 0 0 -1
    outer loop
      vertex 68.0055 -58.4961 -907.725
      vertex 68.3923 58.7771 -907.725
      vertex 68.3923 -58.7771 -907.725
    endloop
  endfacet
  facet normal -0.587749 0.809044 0
    outer loop
      vertex 68.0055 -69.8539 -898.2
      vertex 68.3923 -69.5729 -898.2
      vertex 68.3923 -69.5729 -907.725
    endloop
  endfacet
  facet normal 0 0 1
    outer loop
      vertex 68.0055 -69.8539 -898.2
      vertex 85.725 -85.725 -898.2
      vertex 68.3923 -69.5729 -898.2
    endloop
  endfacet
  facet normal -0.587749 0.809044 0
    outer loop
      vertex 68.0055 -69.8539 -907.725
      vertex 68.0055 -69.8539 -898.2
      vertex 68.3923 -69.5729 -907.725
    endloop
  endfacet
  facet normal 0 0 -1
    outer loop
      vertex 68.0055 -69.8539 -907.725
      vertex 68.3923 -69.5729 -907.725
      vertex 85.725 -85.725 -907.725
    endloop
  endfacet
  facet normal 0 0 1
    outer loop
      vertex 68.0055 58.4961 -898.2
      vertex 68.3923 -58.7771 -898.2
      vertex 68.3923 58.7771 -898.2
    endloop
  endfacet
  facet normal -0.587749 0.809044 0
    outer loop
      vertex 68.0055 58.4961 -898.2
      vertex 68.3923 58.7771 -898.2
      vertex 68.3923 58.7771 -907.725
    endloop
  endfacet
  facet normal -0.587749 0.809044 0
    outer loop
      vertex 68.0055 58.4961 -907.725
      vertex 68.0055 58.4961 -898.2
      vertex 68.3923 58.7771 -907.725
    endloop
  endfacet
  facet normal 0 0 1
    outer loop
      vertex 68.0055 69.8539 -898.2
      vertex 68.3923 69.5729 -898.2
      vertex 85.725 85.725 -898.2
    endloop
  endfacet
  facet normal -0.587749 -0.809044 0
    outer loop
      vertex 68.0055 69.8539 -907.725
      vertex 68.3923 69.5729 -898.2
      vertex 68.0055 69.8539 -898.2
    endloop
  endfacet
  facet normal -0.587749 -0.809044 0
    outer loop
      vertex 68.0055 69.8539 -907.725
      vertex 68.3923 69.5729 -907.725
      vertex 68.3923 69.5729 -898.2
    endloop
  endfacet
  facet normal 0 0 -1
    outer loop
      vertex 68.0055 69.8539 -907.725
      vertex 85.725 85.725 -907.725
      vertex 68.3923 69.5729 -907.725
    endloop
  endfacet
  facet normal 0 0 1
    outer loop
      vertex 68.3923 -58.7771 -898.2
      vertex 68.7585 -59.0845 -898.2
      vertex 68.3923 58.7771 -898.2
    endloop
  endfacet
  facet normal 0 0 -1
    outer loop
      vertex 68.3923 -58.7771 -907.725
      vertex 68.3923 58.7771 -907.725
      vertex 68.7585 59.0845 -907.725
    endloop
  endfacet
  facet normal -0.642937 -0.765919 0
    outer loop
      vertex 68.3923 -58.7771 -907.725
      vertex 68.7585 -59.0845 -898.2
      vertex 68.3923 -58.7771 -898.2
    endloop
  endfacet
  facet normal -0.642937 -0.765919 0
    outer loop
      vertex 68.3923 -58.7771 -907.725
      vertex 68.7585 -59.0845 -907.725
      vertex 68.7585 -59.0845 -898.2
    endloop
  endfacet
  facet normal 0 0 -1
    outer loop
      vertex 68.3923 -58.7771 -907.725
      vertex 68.7585 59.0845 -907.725
      vertex 68.7585 -59.0845 -907.725
    endloop
  endfacet
  facet normal -0.642937 0.765919 0
    outer loop
      vertex 68.3923 -69.5729 -898.2
      vertex 68.7585 -69.2655 -898.2
      vertex 68.7585 -69.2655 -907.725
    endloop
  endfacet
  facet normal 0 0 1
    outer loop
      vertex 68.3923 -69.5729 -898.2
      vertex 85.725 -85.725 -898.2
      vertex 68.7585 -69.2655 -898.2
    endloop
  endfacet
  facet normal -0.642937 0.765919 0
    outer loop
      vertex 68.3923 -69.5729 -907.725
      vertex 68.3923 -69.5729 -898.2
      vertex 68.7585 -69.2655 -907.725
    endloop
  endfacet
  facet normal 0 0 -1
    outer loop
      vertex 68.3923 -69.5729 -907.725
      vertex 68.7585 -69.2655 -907.725
      vertex 85.725 -85.725 -907.725
    endloop
  endfacet
  facet normal 0 0 1
    outer loop
      vertex 68.3923 58.7771 -898.2
      vertex 68.7585 -59.0845 -898.2
      vertex 68.7585 59.0845 -898.2
    endloop
  endfacet
  facet normal -0.642937 0.765919 0
    outer loop
      vertex 68.3923 58.7771 -898.2
      vertex 68.7585 59.0845 -898.2
      vertex 68.7585 59.0845 -907.725
    endloop
  endfacet
  facet normal -0.642937 0.765919 0
    outer loop
      vertex 68.3923 58.7771 -907.725
      vertex 68.3923 58.7771 -898.2
      vertex 68.7585 59.0845 -907.725
    endloop
  endfacet
  facet normal 0 0 1
    outer loop
      vertex 68.3923 69.5729 -898.2
      vertex 68.7585 69.2655 -898.2
      vertex 85.725 85.725 -898.2
    endloop
  endfacet
  facet normal -0.642937 -0.765919 0
    outer loop
      vertex 68.3923 69.5729 -907.725
      vertex 68.7585 69.2655 -898.2
      vertex 68.3923 69.5729 -898.2
    endloop
  endfacet
  facet normal -0.642937 -0.765919 0
    outer loop
      vertex 68.3923 69.5729 -907.725
      vertex 68.7585 69.2655 -907.725
      vertex 68.7585 69.2655 -898.2
    endloop
  endfacet
  facet normal 0 0 -1
    outer loop
      vertex 68.3923 69.5729 -907.725
      vertex 85.725 85.725 -907.725
      vertex 68.7585 69.2655 -907.725
    endloop
  endfacet
  facet normal 0 0 1
    outer loop
      vertex 68.7585 -59.0845 -898.2
      vertex 69.1025 -59.4166 -898.2
      vertex 68.7585 59.0845 -898.2
    endloop
  endfacet
  facet normal 0 0 -1
    outer loop
      vertex 68.7585 -59.0845 -907.725
      vertex 68.7585 59.0845 -907.725
      vertex 69.1025 59.4166 -907.725
    endloop
  endfacet
  facet normal -0.694553 -0.719441 0
    outer loop
      vertex 68.7585 -59.0845 -907.725
      vertex 69.1025 -59.4166 -898.2
      vertex 68.7585 -59.0845 -898.2
    endloop
  endfacet
  facet normal -0.694553 -0.719441 0
    outer loop
      vertex 68.7585 -59.0845 -907.725
      vertex 69.1025 -59.4166 -907.725
      vertex 69.1025 -59.4166 -898.2
    endloop
  endfacet
  facet normal 0 0 -1
    outer loop
      vertex 68.7585 -59.0845 -907.725
      vertex 69.1025 59.4166 -907.725
      vertex 69.1025 -59.4166 -907.725
    endloop
  endfacet
  facet normal -0.694553 0.719441 0
    outer loop
      vertex 68.7585 -69.2655 -898.2
      vertex 69.1025 -68.9334 -898.2
      vertex 69.1025 -68.9334 -907.725
    endloop
  endfacet
  facet normal 0 0 1
    outer loop
      vertex 68.7585 -69.2655 -898.2
      vertex 85.725 -85.725 -898.2
      vertex 69.1025 -68.9334 -898.2
    endloop
  endfacet
  facet normal -0.694553 0.719441 0
    outer loop
      vertex 68.7585 -69.2655 -907.725
      vertex 68.7585 -69.2655 -898.2
      vertex 69.1025 -68.9334 -907.725
    endloop
  endfacet
  facet normal 0 0 -1
    outer loop
      vertex 68.7585 -69.2655 -907.725
      vertex 69.1025 -68.9334 -907.725
      vertex 85.725 -85.725 -907.725
    endloop
  endfacet
  facet normal 0 0 1
    outer loop
      vertex 68.7585 59.0845 -898.2
      vertex 69.1025 -59.4166 -898.2
      vertex 69.1025 59.4166 -898.2
    endloop
  endfacet
  facet normal -0.694553 0.719441 0
    outer loop
      vertex 68.7585 59.0845 -898.2
      vertex 69.1025 59.4166 -898.2
      vertex 69.1025 59.4166 -907.725
    endloop
  endfacet
  facet normal -0.694553 0.719441 0
    outer loop
      vertex 68.7585 59.0845 -907.725
      vertex 68.7585 59.0845 -898.2
      vertex 69.1025 59.4166 -907.725
    endloop
  endfacet
  facet normal 0 0 1
    outer loop
      vertex 68.7585 69.2655 -898.2
      vertex 69.1025 68.9334 -898.2
      vertex 85.725 85.725 -898.2
    endloop
  endfacet
  facet normal -0.694553 -0.719441 0
    outer loop
      vertex 68.7585 69.2655 -907.725
      vertex 69.1025 68.9334 -898.2
      vertex 68.7585 69.2655 -898.2
    endloop
  endfacet
  facet normal -0.694553 -0.719441 0
    outer loop
      vertex 68.7585 69.2655 -907.725
      vertex 69.1025 68.9334 -907.725
      vertex 69.1025 68.9334 -898.2
    endloop
  endfacet
  facet normal 0 0 -1
    outer loop
      vertex 68.7585 69.2655 -907.725
      vertex 85.725 85.725 -907.725
      vertex 69.1025 68.9334 -907.725
    endloop
  endfacet
  facet normal 0 0 1
    outer loop
      vertex 69.1025 -59.4166 -898.2
      vertex 69.4224 -59.7719 -898.2
      vertex 69.1025 59.4166 -898.2
    endloop
  endfacet
  facet normal -0.743159 -0.669115 0
    outer loop
      vertex 69.1025 -59.4166 -898.2
      vertex 69.4224 -59.7719 -907.725
      vertex 69.4224 -59.7719 -898.2
    endloop
  endfacet
  facet normal 0 0 -1
    outer loop
      vertex 69.1025 -59.4166 -907.725
      vertex 69.1025 59.4166 -907.725
      vertex 69.4224 59.7719 -907.725
    endloop
  endfacet
  facet normal -0.743159 -0.669115 0
    outer loop
      vertex 69.1025 -59.4166 -907.725
      vertex 69.4224 -59.7719 -907.725
      vertex 69.1025 -59.4166 -898.2
    endloop
  endfacet
  facet normal 0 0 -1
    outer loop
      vertex 69.1025 -59.4166 -907.725
      vertex 69.4224 59.7719 -907.725
      vertex 69.4224 -59.7719 -907.725
    endloop
  endfacet
  facet normal 0 0 1
    outer loop
      vertex 69.1025 -68.9334 -898.2
      vertex 85.725 -85.725 -898.2
      vertex 69.4224 -68.5781 -898.2
    endloop
  endfacet
  facet normal -0.743159 0.669115 0
    outer loop
      vertex 69.1025 -68.9334 -907.725
      vertex 69.1025 -68.9334 -898.2
      vertex 69.4224 -68.5781 -898.2
    endloop
  endfacet
  facet normal -0.743159 0.669115 0
    outer loop
      vertex 69.1025 -68.9334 -907.725
      vertex 69.4224 -68.5781 -898.2
      vertex 69.4224 -68.5781 -907.725
    endloop
  endfacet
  facet normal 0 0 -1
    outer loop
      vertex 69.1025 -68.9334 -907.725
      vertex 69.4224 -68.5781 -907.725
      vertex 85.725 -85.725 -907.725
    endloop
  endfacet
  facet normal 0 0 1
    outer loop
      vertex 69.1025 59.4166 -898.2
      vertex 69.4224 -59.7719 -898.2
      vertex 69.4224 59.7719 -898.2
    endloop
  endfacet
  facet normal -0.743159 0.669115 0
    outer loop
      vertex 69.1025 59.4166 -907.725
      vertex 69.1025 59.4166 -898.2
      vertex 69.4224 59.7719 -898.2
    endloop
  endfacet
  facet normal -0.743159 0.669115 0
    outer loop
      vertex 69.1025 59.4166 -907.725
      vertex 69.4224 59.7719 -898.2
      vertex 69.4224 59.7719 -907.725
    endloop
  endfacet
  facet normal 0 0 1
    outer loop
      vertex 69.1025 68.9334 -898.2
      vertex 69.4224 68.5781 -898.2
      vertex 85.725 85.725 -898.2
    endloop
  endfacet
  facet normal -0.743159 -0.669115 0
    outer loop
      vertex 69.1025 68.9334 -898.2
      vertex 69.4224 68.5781 -907.725
      vertex 69.4224 68.5781 -898.2
    endloop
  endfacet
  facet normal -0.743159 -0.669115 0
    outer loop
      vertex 69.1025 68.9334 -907.725
      vertex 69.4224 68.5781 -907.725
      vertex 69.1025 68.9334 -898.2
    endloop
  endfacet
  facet normal 0 0 -1
    outer loop
      vertex 69.1025 68.9334 -907.725
      vertex 85.725 85.725 -907.725
      vertex 69.4224 68.5781 -907.725
    endloop
  endfacet
  facet normal 0 0 1
    outer loop
      vertex 69.4224 -59.7719 -898.2
      vertex 69.7168 -60.1487 -898.2
      vertex 69.4224 59.7719 -898.2
    endloop
  endfacet
  facet normal -0.787999 -0.615677 0
    outer loop
      vertex 69.4224 -59.7719 -898.2
      vertex 69.7168 -60.1487 -907.725
      vertex 69.7168 -60.1487 -898.2
    endloop
  endfacet
  facet normal 0 0 -1
    outer loop
      vertex 69.4224 -59.7719 -907.725
      vertex 69.4224 59.7719 -907.725
      vertex 69.7168 60.1487 -907.725
    endloop
  endfacet
  facet normal -0.787999 -0.615677 0
    outer loop
      vertex 69.4224 -59.7719 -907.725
      vertex 69.7168 -60.1487 -907.725
      vertex 69.4224 -59.7719 -898.2
    endloop
  endfacet
  facet normal 0 0 -1
    outer loop
      vertex 69.4224 -59.7719 -907.725
      vertex 69.7168 60.1487 -907.725
      vertex 69.7168 -60.1487 -907.725
    endloop
  endfacet
  facet normal 0 0 1
    outer loop
      vertex 69.4224 -68.5781 -898.2
      vertex 85.725 -85.725 -898.2
      vertex 69.7168 -68.2013 -898.2
    endloop
  endfacet
  facet normal -0.787999 0.615677 0
    outer loop
      vertex 69.4224 -68.5781 -907.725
      vertex 69.4224 -68.5781 -898.2
      vertex 69.7168 -68.2013 -898.2
    endloop
  endfacet
  facet normal -0.787999 0.615677 0
    outer loop
      vertex 69.4224 -68.5781 -907.725
      vertex 69.7168 -68.2013 -898.2
      vertex 69.7168 -68.2013 -907.725
    endloop
  endfacet
  facet normal 0 0 -1
    outer loop
      vertex 69.4224 -68.5781 -907.725
      vertex 69.7168 -68.2013 -907.725
      vertex 85.725 -85.725 -907.725
    endloop
  endfacet
  facet normal 0 0 1
    outer loop
      vertex 69.4224 59.7719 -898.2
      vertex 69.7168 -60.1487 -898.2
      vertex 69.7168 60.1487 -898.2
    endloop
  endfacet
  facet normal -0.787999 0.615677 0
    outer loop
      vertex 69.4224 59.7719 -907.725
      vertex 69.4224 59.7719 -898.2
      vertex 69.7168 60.1487 -898.2
    endloop
  endfacet
  facet normal -0.787999 0.615677 0
    outer loop
      vertex 69.4224 59.7719 -907.725
      vertex 69.7168 60.1487 -898.2
      vertex 69.7168 60.1487 -907.725
    endloop
  endfacet
  facet normal 0 0 1
    outer loop
      vertex 69.4224 68.5781 -898.2
      vertex 69.7168 68.2013 -898.2
      vertex 85.725 85.725 -898.2
    endloop
  endfacet
  facet normal -0.787999 -0.615677 0
    outer loop
      vertex 69.4224 68.5781 -898.2
      vertex 69.7168 68.2013 -907.725
      vertex 69.7168 68.2013 -898.2
    endloop
  endfacet
  facet normal -0.787999 -0.615677 0
    outer loop
      vertex 69.4224 68.5781 -907.725
      vertex 69.7168 68.2013 -907.725
      vertex 69.4224 68.5781 -898.2
    endloop
  endfacet
  facet normal 0 0 -1
    outer loop
      vertex 69.4224 68.5781 -907.725
      vertex 85.725 85.725 -907.725
      vertex 69.7168 68.2013 -907.725
    endloop
  endfacet
  facet normal 0 0 1
    outer loop
      vertex 69.7168 -60.1487 -898.2
      vertex 69.9841 -60.545 -898.2
      vertex 69.7168 60.1487 -898.2
    endloop
  endfacet
  facet normal -0.829045 -0.559182 0
    outer loop
      vertex 69.7168 -60.1487 -898.2
      vertex 69.9841 -60.545 -907.725
      vertex 69.9841 -60.545 -898.2
    endloop
  endfacet
  facet normal 0 0 -1
    outer loop
      vertex 69.7168 -60.1487 -907.725
      vertex 69.7168 60.1487 -907.725
      vertex 69.9841 60.545 -907.725
    endloop
  endfacet
  facet normal -0.829045 -0.559182 0
    outer loop
      vertex 69.7168 -60.1487 -907.725
      vertex 69.9841 -60.545 -907.725
      vertex 69.7168 -60.1487 -898.2
    endloop
  endfacet
  facet normal 0 0 -1
    outer loop
      vertex 69.7168 -60.1487 -907.725
      vertex 69.9841 60.545 -907.725
      vertex 69.9841 -60.545 -907.725
    endloop
  endfacet
  facet normal 0 0 1
    outer loop
      vertex 69.7168 -68.2013 -898.2
      vertex 85.725 -85.725 -898.2
      vertex 69.9841 -67.8049 -898.2
    endloop
  endfacet
  facet normal -0.82911 0.559085 0
    outer loop
      vertex 69.7168 -68.2013 -907.725
      vertex 69.7168 -68.2013 -898.2
      vertex 69.9841 -67.8049 -898.2
    endloop
  endfacet
  facet normal -0.82911 0.559085 0
    outer loop
      vertex 69.7168 -68.2013 -907.725
      vertex 69.9841 -67.8049 -898.2
      vertex 69.9841 -67.8049 -907.725
    endloop
  endfacet
  facet normal 0 0 -1
    outer loop
      vertex 69.7168 -68.2013 -907.725
      vertex 69.9841 -67.8049 -907.725
      vertex 85.725 -85.725 -907.725
    endloop
  endfacet
  facet normal 0 0 1
    outer loop
      vertex 69.7168 60.1487 -898.2
      vertex 69.9841 -60.545 -898.2
      vertex 69.9841 60.545 -898.2
    endloop
  endfacet
  facet normal -0.829045 0.559182 0
    outer loop
      vertex 69.7168 60.1487 -907.725
      vertex 69.7168 60.1487 -898.2
      vertex 69.9841 60.545 -898.2
    endloop
  endfacet
  facet normal -0.829045 0.559182 0
    outer loop
      vertex 69.7168 60.1487 -907.725
      vertex 69.9841 60.545 -898.2
      vertex 69.9841 60.545 -907.725
    endloop
  endfacet
  facet normal 0 0 1
    outer loop
      vertex 69.7168 68.2013 -898.2
      vertex 69.9841 67.8049 -898.2
      vertex 85.725 85.725 -898.2
    endloop
  endfacet
  facet normal -0.82911 -0.559085 0
    outer loop
      vertex 69.7168 68.2013 -898.2
      vertex 69.9841 67.8049 -907.725
      vertex 69.9841 67.8049 -898.2
    endloop
  endfacet
  facet normal -0.82911 -0.559085 0
    outer loop
      vertex 69.7168 68.2013 -907.725
      vertex 69.9841 67.8049 -907.725
      vertex 69.7168 68.2013 -898.2
    endloop
  endfacet
  facet normal 0 0 -1
    outer loop
      vertex 69.7168 68.2013 -907.725
      vertex 85.725 85.725 -907.725
      vertex 69.9841 67.8049 -907.725
    endloop
  endfacet
  facet normal 0 0 1
    outer loop
      vertex 69.9841 -60.545 -898.2
      vertex 70.2232 -60.9591 -898.2
      vertex 69.9841 60.545 -898.2
    endloop
  endfacet
  facet normal -0.866008 -0.50003 0
    outer loop
      vertex 69.9841 -60.545 -898.2
      vertex 70.2232 -60.9591 -907.725
      vertex 70.2232 -60.9591 -898.2
    endloop
  endfacet
  facet normal 0 0 -1
    outer loop
      vertex 69.9841 -60.545 -907.725
      vertex 69.9841 60.545 -907.725
      vertex 70.2232 60.9591 -907.725
    endloop
  endfacet
  facet normal -0.866008 -0.50003 0
    outer loop
      vertex 69.9841 -60.545 -907.725
      vertex 70.2232 -60.9591 -907.725
      vertex 69.9841 -60.545 -898.2
    endloop
  endfacet
  facet normal 0 0 -1
    outer loop
      vertex 69.9841 -60.545 -907.725
      vertex 70.2232 60.9591 -907.725
      vertex 70.2232 -60.9591 -907.725
    endloop
  endfacet
  facet normal 0 0 1
    outer loop
      vertex 69.9841 -67.8049 -898.2
      vertex 85.725 -85.725 -898.2
      vertex 70.2232 -67.3909 -898.2
    endloop
  endfacet
  facet normal -0.865956 0.500121 0
    outer loop
      vertex 69.9841 -67.8049 -907.725
      vertex 69.9841 -67.8049 -898.2
      vertex 70.2232 -67.3909 -898.2
    endloop
  endfacet
  facet normal -0.865956 0.500121 0
    outer loop
      vertex 69.9841 -67.8049 -907.725
      vertex 70.2232 -67.3909 -898.2
      vertex 70.2232 -67.3909 -907.725
    endloop
  endfacet
  facet normal 0 0 -1
    outer loop
      vertex 69.9841 -67.8049 -907.725
      vertex 70.2232 -67.3909 -907.725
      vertex 85.725 -85.725 -907.725
    endloop
  endfacet
  facet normal 0 0 1
    outer loop
      vertex 69.9841 60.545 -898.2
      vertex 70.2232 -60.9591 -898.2
      vertex 70.2232 60.9591 -898.2
    endloop
  endfacet
  facet normal -0.866008 0.50003 0
    outer loop
      vertex 69.9841 60.545 -907.725
      vertex 69.9841 60.545 -898.2
      vertex 70.2232 60.9591 -898.2
    endloop
  endfacet
  facet normal -0.866008 0.50003 0
    outer loop
      vertex 69.9841 60.545 -907.725
      vertex 70.2232 60.9591 -898.2
      vertex 70.2232 60.9591 -907.725
    endloop
  endfacet
  facet normal 0 0 1
    outer loop
      vertex 69.9841 67.8049 -898.2
      vertex 70.2232 67.3909 -898.2
      vertex 85.725 85.725 -898.2
    endloop
  endfacet
  facet normal -0.865956 -0.500121 0
    outer loop
      vertex 69.9841 67.8049 -898.2
      vertex 70.2232 67.3909 -907.725
      vertex 70.2232 67.3909 -898.2
    endloop
  endfacet
  facet normal -0.865956 -0.500121 0
    outer loop
      vertex 69.9841 67.8049 -907.725
      vertex 70.2232 67.3909 -907.725
      vertex 69.9841 67.8049 -898.2
    endloop
  endfacet
  facet normal 0 0 -1
    outer loop
      vertex 69.9841 67.8049 -907.725
      vertex 85.725 85.725 -907.725
      vertex 70.2232 67.3909 -907.725
    endloop
  endfacet
  facet normal 0 0 1
    outer loop
      vertex 7.88828 -24.2776 -1.90735e-07
      vertex 8.83016 -27.1764 -1.90735e-07
      vertex 9.56258 -23.6682 -1.90735e-07
    endloop
  endfacet
  facet normal -0.342022 0.939692 0
    outer loop
      vertex 7.88828 -24.2776 -1.90735e-07
      vertex 9.56258 -23.6682 -1.90735e-07
      vertex 9.56258 -23.6682 -898.2
    endloop
  endfacet
  facet normal -0.342022 0.939692 0
    outer loop
      vertex 7.88828 -24.2776 -898.2
      vertex 7.88828 -24.2776 -1.90735e-07
      vertex 9.56258 -23.6682 -898.2
    endloop
  endfacet
  facet normal -0.342022 0.939692 0
    outer loop
      vertex 7.88828 -24.2776 -898.2
      vertex 9.56258 -23.6682 -898.2
      vertex 9.56258 -23.6682 -907.725
    endloop
  endfacet
  facet normal 0 0 -1
    outer loop
      vertex 7.88828 -24.2776 -907.725
      vertex 57.3417 -63.6972 -907.725
      vertex 57.325 -64.175 -907.725
    endloop
  endfacet
  facet normal 0 0 -1
    outer loop
      vertex 7.88828 -24.2776 -907.725
      vertex 57.3917 -63.2216 -907.725
      vertex 57.3417 -63.6972 -907.725
    endloop
  endfacet
  facet normal -0.342022 0.939692 0
    outer loop
      vertex 7.88828 -24.2776 -907.725
      vertex 7.88828 -24.2776 -898.2
      vertex 9.56258 -23.6682 -907.725
    endloop
  endfacet
  facet normal 0 0 -1
    outer loop
      vertex 7.88828 -24.2776 -907.725
      vertex 9.56258 -23.6682 -907.725
      vertex 57.3917 -63.2216 -907.725
    endloop
  endfacet
  facet normal 0 0 1
    outer loop
      vertex 7.88828 24.2776 -1.90735e-07
      vertex 9.56258 23.6682 -1.90735e-07
      vertex 8.83016 27.1764 -1.90735e-07
    endloop
  endfacet
  facet normal -0.342022 -0.939692 0
    outer loop
      vertex 7.88828 24.2776 -898.2
      vertex 9.56258 23.6682 -1.90735e-07
      vertex 7.88828 24.2776 -1.90735e-07
    endloop
  endfacet
  facet normal -0.342022 -0.939692 0
    outer loop
      vertex 7.88828 24.2776 -898.2
      vertex 9.56258 23.6682 -898.2
      vertex 9.56258 23.6682 -1.90735e-07
    endloop
  endfacet
  facet normal 0 0 -1
    outer loop
      vertex 7.88828 24.2776 -907.725
      vertex 57.325 64.175 -907.725
      vertex 57.3417 63.6972 -907.725
    endloop
  endfacet
  facet normal 0 0 -1
    outer loop
      vertex 7.88828 24.2776 -907.725
      vertex 57.3417 63.6972 -907.725
      vertex 57.3917 63.2216 -907.725
    endloop
  endfacet
  facet normal 0 0 -1
    outer loop
      vertex 7.88828 24.2776 -907.725
      vertex 57.3917 63.2216 -907.725
      vertex 9.56258 23.6682 -907.725
    endloop
  endfacet
  facet normal -0.342022 -0.939692 0
    outer loop
      vertex 7.88828 24.2776 -907.725
      vertex 9.56258 23.6682 -898.2
      vertex 7.88828 24.2776 -898.2
    endloop
  endfacet
  facet normal -0.342022 -0.939692 0
    outer loop
      vertex 7.88828 24.2776 -907.725
      vertex 9.56258 23.6682 -907.725
      vertex 9.56258 23.6682 -898.2
    endloop
  endfacet
  facet normal 0 0 1
    outer loop
      vertex 70.2232 -60.9591 -898.2
      vertex 70.4328 -61.3888 -898.2
      vertex 70.2232 60.9591 -898.2
    endloop
  endfacet
  facet normal -0.898776 -0.438407 0
    outer loop
      vertex 70.2232 -60.9591 -898.2
      vertex 70.4328 -61.3888 -907.725
      vertex 70.4328 -61.3888 -898.2
    endloop
  endfacet
  facet normal 0 0 -1
    outer loop
      vertex 70.2232 -60.9591 -907.725
      vertex 70.2232 60.9591 -907.725
      vertex 70.4328 61.3888 -907.725
    endloop
  endfacet
  facet normal -0.898776 -0.438407 0
    outer loop
      vertex 70.2232 -60.9591 -907.725
      vertex 70.4328 -61.3888 -907.725
      vertex 70.2232 -60.9591 -898.2
    endloop
  endfacet
  facet normal 0 0 -1
    outer loop
      vertex 70.2232 -60.9591 -907.725
      vertex 70.4328 61.3888 -907.725
      vertex 70.4328 -61.3888 -907.725
    endloop
  endfacet
  facet normal 0 0 1
    outer loop
      vertex 70.2232 -67.3909 -898.2
      vertex 85.725 -85.725 -898.2
      vertex 70.4328 -66.9611 -898.2
    endloop
  endfacet
  facet normal -0.898817 0.438325 0
    outer loop
      vertex 70.2232 -67.3909 -907.725
      vertex 70.2232 -67.3909 -898.2
      vertex 70.4328 -66.9611 -898.2
    endloop
  endfacet
  facet normal -0.898817 0.438325 0
    outer loop
      vertex 70.2232 -67.3909 -907.725
      vertex 70.4328 -66.9611 -898.2
      vertex 70.4328 -66.9611 -907.725
    endloop
  endfacet
  facet normal 0 0 -1
    outer loop
      vertex 70.2232 -67.3909 -907.725
      vertex 70.4328 -66.9611 -907.725
      vertex 85.725 -85.725 -907.725
    endloop
  endfacet
  facet normal 0 0 1
    outer loop
      vertex 70.2232 60.9591 -898.2
      vertex 70.4328 -61.3888 -898.2
      vertex 70.4328 61.3888 -898.2
    endloop
  endfacet
  facet normal -0.898776 0.438407 0
    outer loop
      vertex 70.2232 60.9591 -907.725
      vertex 70.2232 60.9591 -898.2
      vertex 70.4328 61.3888 -898.2
    endloop
  endfacet
  facet normal -0.898776 0.438407 0
    outer loop
      vertex 70.2232 60.9591 -907.725
      vertex 70.4328 61.3888 -898.2
      vertex 70.4328 61.3888 -907.725
    endloop
  endfacet
  facet normal 0 0 1
    outer loop
      vertex 70.2232 67.3909 -898.2
      vertex 70.4328 66.9611 -898.2
      vertex 85.725 85.725 -898.2
    endloop
  endfacet
  facet normal -0.898817 -0.438325 0
    outer loop
      vertex 70.2232 67.3909 -898.2
      vertex 70.4328 66.9611 -907.725
      vertex 70.4328 66.9611 -898.2
    endloop
  endfacet
  facet normal -0.898817 -0.438325 0
    outer loop
      vertex 70.2232 67.3909 -907.725
      vertex 70.4328 66.9611 -907.725
      vertex 70.2232 67.3909 -898.2
    endloop
  endfacet
  facet normal 0 0 -1
    outer loop
      vertex 70.2232 67.3909 -907.725
      vertex 85.725 85.725 -907.725
      vertex 70.4328 66.9611 -907.725
    endloop
  endfacet
  facet normal 0 0 1
    outer loop
      vertex 70.4328 -61.3888 -898.2
      vertex 70.6119 -61.8322 -898.2
      vertex 85.725 -85.725 -898.2
    endloop
  endfacet
  facet normal -0.927217 -0.374525 0
    outer loop
      vertex 70.4328 -61.3888 -898.2
      vertex 70.6119 -61.8322 -907.725
      vertex 70.6119 -61.8322 -898.2
    endloop
  endfacet
  facet normal 0 0 1
    outer loop
      vertex 70.4328 -61.3888 -898.2
      vertex 85.725 -85.725 -898.2
      vertex 70.4328 61.3888 -898.2
    endloop
  endfacet
  facet normal 0 0 -1
    outer loop
      vertex 70.4328 -61.3888 -907.725
      vertex 70.4328 61.3888 -907.725
      vertex 85.725 85.725 -907.725
    endloop
  endfacet
  facet normal -0.927217 -0.374525 0
    outer loop
      vertex 70.4328 -61.3888 -907.725
      vertex 70.6119 -61.8322 -907.725
      vertex 70.4328 -61.3888 -898.2
    endloop
  endfacet
  facet normal 0 0 -1
    outer loop
      vertex 70.4328 -61.3888 -907.725
      vertex 85.725 -85.725 -907.725
      vertex 70.6119 -61.8322 -907.725
    endloop
  endfacet
  facet normal 0 0 -1
    outer loop
      vertex 70.4328 -61.3888 -907.725
      vertex 85.725 85.725 -907.725
      vertex 85.725 -85.725 -907.725
    endloop
  endfacet
  facet normal 0 0 1
    outer loop
      vertex 70.4328 -66.9611 -898.2
      vertex 85.725 -85.725 -898.2
      vertex 70.6119 -66.5178 -898.2
    endloop
  endfacet
  facet normal -0.927187 0.374598 0
    outer loop
      vertex 70.4328 -66.9611 -907.725
      vertex 70.4328 -66.9611 -898.2
      vertex 70.6119 -66.5178 -898.2
    endloop
  endfacet
  facet normal -0.927187 0.374598 0
    outer loop
      vertex 70.4328 -66.9611 -907.725
      vertex 70.6119 -66.5178 -898.2
      vertex 70.6119 -66.5178 -907.725
    endloop
  endfacet
  facet normal 0 0 -1
    outer loop
      vertex 70.4328 -66.9611 -907.725
      vertex 70.6119 -66.5178 -907.725
      vertex 85.725 -85.725 -907.725
    endloop
  endfacet
  facet normal 0 0 1
    outer loop
      vertex 70.4328 61.3888 -898.2
      vertex 85.725 -85.725 -898.2
      vertex 85.725 85.725 -898.2
    endloop
  endfacet
  facet normal 0 0 1
    outer loop
      vertex 70.4328 61.3888 -898.2
      vertex 85.725 85.725 -898.2
      vertex 70.6119 61.8322 -898.2
    endloop
  endfacet
  facet normal -0.927217 0.374525 0
    outer loop
      vertex 70.4328 61.3888 -907.725
      vertex 70.4328 61.3888 -898.2
      vertex 70.6119 61.8322 -898.2
    endloop
  endfacet
  facet normal -0.927217 0.374525 0
    outer loop
      vertex 70.4328 61.3888 -907.725
      vertex 70.6119 61.8322 -898.2
      vertex 70.6119 61.8322 -907.725
    endloop
  endfacet
  facet normal 0 0 -1
    outer loop
      vertex 70.4328 61.3888 -907.725
      vertex 70.6119 61.8322 -907.725
      vertex 85.725 85.725 -907.725
    endloop
  endfacet
  facet normal 0 0 1
    outer loop
      vertex 70.4328 66.9611 -898.2
      vertex 70.6119 66.5178 -898.2
      vertex 85.725 85.725 -898.2
    endloop
  endfacet
  facet normal -0.927187 -0.374598 0
    outer loop
      vertex 70.4328 66.9611 -898.2
      vertex 70.6119 66.5178 -907.725
      vertex 70.6119 66.5178 -898.2
    endloop
  endfacet
  facet normal -0.927187 -0.374598 0
    outer loop
      vertex 70.4328 66.9611 -907.725
      vertex 70.6119 66.5178 -907.725
      vertex 70.4328 66.9611 -898.2
    endloop
  endfacet
  facet normal 0 0 -1
    outer loop
      vertex 70.4328 66.9611 -907.725
      vertex 85.725 85.725 -907.725
      vertex 70.6119 66.5178 -907.725
    endloop
  endfacet
  facet normal 0 0 1
    outer loop
      vertex 70.6119 -61.8322 -898.2
      vertex 70.7596 -62.2869 -898.2
      vertex 85.725 -85.725 -898.2
    endloop
  endfacet
  facet normal -0.951082 -0.308939 0
    outer loop
      vertex 70.6119 -61.8322 -898.2
      vertex 70.7596 -62.2869 -907.725
      vertex 70.7596 -62.2869 -898.2
    endloop
  endfacet
  facet normal -0.951082 -0.308939 0
    outer loop
      vertex 70.6119 -61.8322 -907.725
      vertex 70.7596 -62.2869 -907.725
      vertex 70.6119 -61.8322 -898.2
    endloop
  endfacet
  facet normal 0 0 -1
    outer loop
      vertex 70.6119 -61.8322 -907.725
      vertex 85.725 -85.725 -907.725
      vertex 70.7596 -62.2869 -907.725
    endloop
  endfacet
  facet normal 0 0 1
    outer loop
      vertex 70.6119 -66.5178 -898.2
      vertex 85.725 -85.725 -898.2
      vertex 70.7596 -66.0631 -898.2
    endloop
  endfacet
  facet normal -0.951082 0.308939 0
    outer loop
      vertex 70.6119 -66.5178 -907.725
      vertex 70.6119 -66.5178 -898.2
      vertex 70.7596 -66.0631 -898.2
    endloop
  endfacet
  facet normal -0.951082 0.308939 0
    outer loop
      vertex 70.6119 -66.5178 -907.725
      vertex 70.7596 -66.0631 -898.2
      vertex 70.7596 -66.0631 -907.725
    endloop
  endfacet
  facet normal 0 0 -1
    outer loop
      vertex 70.6119 -66.5178 -907.725
      vertex 70.7596 -66.0631 -907.725
      vertex 85.725 -85.725 -907.725
    endloop
  endfacet
  facet normal 0 0 1
    outer loop
      vertex 70.6119 61.8322 -898.2
      vertex 85.725 85.725 -898.2
      vertex 70.7596 62.2869 -898.2
    endloop
  endfacet
  facet normal -0.951082 0.308939 0
    outer loop
      vertex 70.6119 61.8322 -907.725
      vertex 70.6119 61.8322 -898.2
      vertex 70.7596 62.2869 -898.2
    endloop
  endfacet
  facet normal -0.951082 0.308939 0
    outer loop
      vertex 70.6119 61.8322 -907.725
      vertex 70.7596 62.2869 -898.2
      vertex 70.7596 62.2869 -907.725
    endloop
  endfacet
  facet normal 0 0 -1
    outer loop
      vertex 70.6119 61.8322 -907.725
      vertex 70.7596 62.2869 -907.725
      vertex 85.725 85.725 -907.725
    endloop
  endfacet
  facet normal 0 0 1
    outer loop
      vertex 70.6119 66.5178 -898.2
      vertex 70.7596 66.0631 -898.2
      vertex 85.725 85.725 -898.2
    endloop
  endfacet
  facet normal -0.951082 -0.308939 0
    outer loop
      vertex 70.6119 66.5178 -898.2
      vertex 70.7596 66.0631 -907.725
      vertex 70.7596 66.0631 -898.2
    endloop
  endfacet
  facet normal -0.951082 -0.308939 0
    outer loop
      vertex 70.6119 66.5178 -907.725
      vertex 70.7596 66.0631 -907.725
      vertex 70.6119 66.5178 -898.2
    endloop
  endfacet
  facet normal 0 0 -1
    outer loop
      vertex 70.6119 66.5178 -907.725
      vertex 85.725 85.725 -907.725
      vertex 70.7596 66.0631 -907.725
    endloop
  endfacet
  facet normal 0 0 1
    outer loop
      vertex 70.7596 -62.2869 -898.2
      vertex 70.8753 -62.7508 -898.2
      vertex 85.725 -85.725 -898.2
    endloop
  endfacet
  facet normal -0.970278 -0.241994 0
    outer loop
      vertex 70.7596 -62.2869 -898.2
      vertex 70.8753 -62.7508 -907.725
      vertex 70.8753 -62.7508 -898.2
    endloop
  endfacet
  facet normal -0.970278 -0.241994 0
    outer loop
      vertex 70.7596 -62.2869 -907.725
      vertex 70.8753 -62.7508 -907.725
      vertex 70.7596 -62.2869 -898.2
    endloop
  endfacet
  facet normal 0 0 -1
    outer loop
      vertex 70.7596 -62.2869 -907.725
      vertex 85.725 -85.725 -907.725
      vertex 70.8753 -62.7508 -907.725
    endloop
  endfacet
  facet normal 0 0 1
    outer loop
      vertex 70.7596 -66.0631 -898.2
      vertex 85.725 -85.725 -898.2
      vertex 70.8753 -65.5992 -898.2
    endloop
  endfacet
  facet normal -0.970278 0.241994 0
    outer loop
      vertex 70.7596 -66.0631 -907.725
      vertex 70.7596 -66.0631 -898.2
      vertex 70.8753 -65.5992 -898.2
    endloop
  endfacet
  facet normal -0.970278 0.241994 0
    outer loop
      vertex 70.7596 -66.0631 -907.725
      vertex 70.8753 -65.5992 -898.2
      vertex 70.8753 -65.5992 -907.725
    endloop
  endfacet
  facet normal 0 0 -1
    outer loop
      vertex 70.7596 -66.0631 -907.725
      vertex 70.8753 -65.5992 -907.725
      vertex 85.725 -85.725 -907.725
    endloop
  endfacet
  facet normal 0 0 1
    outer loop
      vertex 70.7596 62.2869 -898.2
      vertex 85.725 85.725 -898.2
      vertex 70.8753 62.7508 -898.2
    endloop
  endfacet
  facet normal -0.970278 0.241994 0
    outer loop
      vertex 70.7596 62.2869 -907.725
      vertex 70.7596 62.2869 -898.2
      vertex 70.8753 62.7508 -898.2
    endloop
  endfacet
  facet normal -0.970278 0.241994 0
    outer loop
      vertex 70.7596 62.2869 -907.725
      vertex 70.8753 62.7508 -898.2
      vertex 70.8753 62.7508 -907.725
    endloop
  endfacet
  facet normal 0 0 -1
    outer loop
      vertex 70.7596 62.2869 -907.725
      vertex 70.8753 62.7508 -907.725
      vertex 85.725 85.725 -907.725
    endloop
  endfacet
  facet normal 0 0 1
    outer loop
      vertex 70.7596 66.0631 -898.2
      vertex 70.8753 65.5992 -898.2
      vertex 85.725 85.725 -898.2
    endloop
  endfacet
  facet normal -0.970278 -0.241994 0
    outer loop
      vertex 70.7596 66.0631 -898.2
      vertex 70.8753 65.5992 -907.725
      vertex 70.8753 65.5992 -898.2
    endloop
  endfacet
  facet normal -0.970278 -0.241994 0
    outer loop
      vertex 70.7596 66.0631 -907.725
      vertex 70.8753 65.5992 -907.725
      vertex 70.7596 66.0631 -898.2
    endloop
  endfacet
  facet normal 0 0 -1
    outer loop
      vertex 70.7596 66.0631 -907.725
      vertex 85.725 85.725 -907.725
      vertex 70.8753 65.5992 -907.725
    endloop
  endfacet
  facet normal 0 0 1
    outer loop
      vertex 70.8753 -62.7508 -898.2
      vertex 70.9583 -63.2216 -898.2
      vertex 85.725 -85.725 -898.2
    endloop
  endfacet
  facet normal -0.984813 -0.173618 0
    outer loop
      vertex 70.8753 -62.7508 -898.2
      vertex 70.9583 -63.2216 -907.725
      vertex 70.9583 -63.2216 -898.2
    endloop
  endfacet
  facet normal -0.984813 -0.173618 0
    outer loop
      vertex 70.8753 -62.7508 -907.725
      vertex 70.9583 -63.2216 -907.725
      vertex 70.8753 -62.7508 -898.2
    endloop
  endfacet
  facet normal 0 0 -1
    outer loop
      vertex 70.8753 -62.7508 -907.725
      vertex 85.725 -85.725 -907.725
      vertex 70.9583 -63.2216 -907.725
    endloop
  endfacet
  facet normal 0 0 1
    outer loop
      vertex 70.8753 -65.5992 -898.2
      vertex 85.725 -85.725 -898.2
      vertex 70.9583 -65.1283 -898.2
    endloop
  endfacet
  facet normal -0.984819 0.173583 0
    outer loop
      vertex 70.8753 -65.5992 -907.725
      vertex 70.8753 -65.5992 -898.2
      vertex 70.9583 -65.1283 -898.2
    endloop
  endfacet
  facet normal -0.984819 0.173583 0
    outer loop
      vertex 70.8753 -65.5992 -907.725
      vertex 70.9583 -65.1283 -898.2
      vertex 70.9583 -65.1283 -907.725
    endloop
  endfacet
  facet normal 0 0 -1
    outer loop
      vertex 70.8753 -65.5992 -907.725
      vertex 70.9583 -65.1283 -907.725
      vertex 85.725 -85.725 -907.725
    endloop
  endfacet
  facet normal 0 0 1
    outer loop
      vertex 70.8753 62.7508 -898.2
      vertex 85.725 85.725 -898.2
      vertex 70.9583 63.2216 -898.2
    endloop
  endfacet
  facet normal -0.984813 0.173618 0
    outer loop
      vertex 70.8753 62.7508 -907.725
      vertex 70.8753 62.7508 -898.2
      vertex 70.9583 63.2216 -898.2
    endloop
  endfacet
  facet normal -0.984813 0.173618 0
    outer loop
      vertex 70.8753 62.7508 -907.725
      vertex 70.9583 63.2216 -898.2
      vertex 70.9583 63.2216 -907.725
    endloop
  endfacet
  facet normal 0 0 -1
    outer loop
      vertex 70.8753 62.7508 -907.725
      vertex 70.9583 63.2216 -907.725
      vertex 85.725 85.725 -907.725
    endloop
  endfacet
  facet normal 0 0 1
    outer loop
      vertex 70.8753 65.5992 -898.2
      vertex 70.9583 65.1283 -898.2
      vertex 85.725 85.725 -898.2
    endloop
  endfacet
  facet normal -0.984819 -0.173583 0
    outer loop
      vertex 70.8753 65.5992 -898.2
      vertex 70.9583 65.1283 -907.725
      vertex 70.9583 65.1283 -898.2
    endloop
  endfacet
  facet normal -0.984819 -0.173583 0
    outer loop
      vertex 70.8753 65.5992 -907.725
      vertex 70.9583 65.1283 -907.725
      vertex 70.8753 65.5992 -898.2
    endloop
  endfacet
  facet normal 0 0 -1
    outer loop
      vertex 70.8753 65.5992 -907.725
      vertex 85.725 85.725 -907.725
      vertex 70.9583 65.1283 -907.725
    endloop
  endfacet
  facet normal 0 0 1
    outer loop
      vertex 70.9583 -63.2216 -898.2
      vertex 71.0083 -63.6972 -898.2
      vertex 85.725 -85.725 -898.2
    endloop
  endfacet
  facet normal -0.994519 -0.104554 0
    outer loop
      vertex 70.9583 -63.2216 -898.2
      vertex 71.0083 -63.6972 -907.725
      vertex 71.0083 -63.6972 -898.2
    endloop
  endfacet
  facet normal -0.994519 -0.104554 0
    outer loop
      vertex 70.9583 -63.2216 -907.725
      vertex 71.0083 -63.6972 -907.725
      vertex 70.9583 -63.2216 -898.2
    endloop
  endfacet
  facet normal 0 0 -1
    outer loop
      vertex 70.9583 -63.2216 -907.725
      vertex 85.725 -85.725 -907.725
      vertex 71.0083 -63.6972 -907.725
    endloop
  endfacet
  facet normal 0 0 1
    outer loop
      vertex 70.9583 -65.1283 -898.2
      vertex 85.725 -85.725 -898.2
      vertex 71.0083 -64.6528 -898.2
    endloop
  endfacet
  facet normal -0.994517 0.104576 0
    outer loop
      vertex 70.9583 -65.1283 -907.725
      vertex 70.9583 -65.1283 -898.2
      vertex 71.0083 -64.6528 -898.2
    endloop
  endfacet
  facet normal -0.994517 0.104576 0
    outer loop
      vertex 70.9583 -65.1283 -907.725
      vertex 71.0083 -64.6528 -898.2
      vertex 71.0083 -64.6528 -907.725
    endloop
  endfacet
  facet normal 0 0 -1
    outer loop
      vertex 70.9583 -65.1283 -907.725
      vertex 71.0083 -64.6528 -907.725
      vertex 85.725 -85.725 -907.725
    endloop
  endfacet
  facet normal 0 0 1
    outer loop
      vertex 70.9583 63.2216 -898.2
      vertex 85.725 85.725 -898.2
      vertex 71.0083 63.6972 -898.2
    endloop
  endfacet
  facet normal -0.994519 0.104554 0
    outer loop
      vertex 70.9583 63.2216 -907.725
      vertex 70.9583 63.2216 -898.2
      vertex 71.0083 63.6972 -898.2
    endloop
  endfacet
  facet normal -0.994519 0.104554 0
    outer loop
      vertex 70.9583 63.2216 -907.725
      vertex 71.0083 63.6972 -898.2
      vertex 71.0083 63.6972 -907.725
    endloop
  endfacet
  facet normal 0 0 -1
    outer loop
      vertex 70.9583 63.2216 -907.725
      vertex 71.0083 63.6972 -907.725
      vertex 85.725 85.725 -907.725
    endloop
  endfacet
  facet normal 0 0 1
    outer loop
      vertex 70.9583 65.1283 -898.2
      vertex 71.0083 64.6528 -898.2
      vertex 85.725 85.725 -898.2
    endloop
  endfacet
  facet normal -0.994517 -0.104576 0
    outer loop
      vertex 70.9583 65.1283 -898.2
      vertex 71.0083 64.6528 -907.725
      vertex 71.0083 64.6528 -898.2
    endloop
  endfacet
  facet normal -0.994517 -0.104576 0
    outer loop
      vertex 70.9583 65.1283 -907.725
      vertex 71.0083 64.6528 -907.725
      vertex 70.9583 65.1283 -898.2
    endloop
  endfacet
  facet normal 0 0 -1
    outer loop
      vertex 70.9583 65.1283 -907.725
      vertex 85.725 85.725 -907.725
      vertex 71.0083 64.6528 -907.725
    endloop
  endfacet
  facet normal 0 0 1
    outer loop
      vertex 71.0083 -63.6972 -898.2
      vertex 71.025 -64.175 -898.2
      vertex 85.725 -85.725 -898.2
    endloop
  endfacet
  facet normal -0.99939 -0.0349305 0
    outer loop
      vertex 71.0083 -63.6972 -898.2
      vertex 71.025 -64.175 -907.725
      vertex 71.025 -64.175 -898.2
    endloop
  endfacet
  facet normal -0.99939 -0.0349305 0
    outer loop
      vertex 71.0083 -63.6972 -907.725
      vertex 71.025 -64.175 -907.725
      vertex 71.0083 -63.6972 -898.2
    endloop
  endfacet
  facet normal 0 0 -1
    outer loop
      vertex 71.0083 -63.6972 -907.725
      vertex 85.725 -85.725 -907.725
      vertex 71.025 -64.175 -907.725
    endloop
  endfacet
  facet normal 0 0 1
    outer loop
      vertex 71.0083 -64.6528 -898.2
      vertex 85.725 -85.725 -898.2
      vertex 71.025 -64.175 -898.2
    endloop
  endfacet
  facet normal -0.99939 0.0349305 0
    outer loop
      vertex 71.0083 -64.6528 -907.725
      vertex 71.0083 -64.6528 -898.2
      vertex 71.025 -64.175 -898.2
    endloop
  endfacet
  facet normal -0.99939 0.0349305 0
    outer loop
      vertex 71.0083 -64.6528 -907.725
      vertex 71.025 -64.175 -898.2
      vertex 71.025 -64.175 -907.725
    endloop
  endfacet
  facet normal 0 0 -1
    outer loop
      vertex 71.0083 -64.6528 -907.725
      vertex 71.025 -64.175 -907.725
      vertex 85.725 -85.725 -907.725
    endloop
  endfacet
  facet normal 0 0 1
    outer loop
      vertex 71.0083 63.6972 -898.2
      vertex 85.725 85.725 -898.2
      vertex 71.025 64.175 -898.2
    endloop
  endfacet
  facet normal -0.99939 0.0349305 0
    outer loop
      vertex 71.0083 63.6972 -907.725
      vertex 71.0083 63.6972 -898.2
      vertex 71.025 64.175 -898.2
    endloop
  endfacet
  facet normal -0.99939 0.0349305 0
    outer loop
      vertex 71.0083 63.6972 -907.725
      vertex 71.025 64.175 -898.2
      vertex 71.025 64.175 -907.725
    endloop
  endfacet
  facet normal 0 0 -1
    outer loop
      vertex 71.0083 63.6972 -907.725
      vertex 71.025 64.175 -907.725
      vertex 85.725 85.725 -907.725
    endloop
  endfacet
  facet normal 0 0 1
    outer loop
      vertex 71.0083 64.6528 -898.2
      vertex 71.025 64.175 -898.2
      vertex 85.725 85.725 -898.2
    endloop
  endfacet
  facet normal -0.99939 -0.0349305 0
    outer loop
      vertex 71.0083 64.6528 -898.2
      vertex 71.025 64.175 -907.725
      vertex 71.025 64.175 -898.2
    endloop
  endfacet
  facet normal -0.99939 -0.0349305 0
    outer loop
      vertex 71.0083 64.6528 -907.725
      vertex 71.025 64.175 -907.725
      vertex 71.0083 64.6528 -898.2
    endloop
  endfacet
  facet normal 0 0 -1
    outer loop
      vertex 71.0083 64.6528 -907.725
      vertex 85.725 85.725 -907.725
      vertex 71.025 64.175 -907.725
    endloop
  endfacet
  facet normal 0 0 1
    outer loop
      vertex 8.83016 -27.1764 -1.90735e-07
      vertex 10.7044 -26.4943 -1.90735e-07
      vertex 9.56258 -23.6682 -1.90735e-07
    endloop
  endfacet
  facet normal 0.34199 -0.939704 0
    outer loop
      vertex 8.83016 -27.1764 -898.2
      vertex 10.7044 -26.4943 -1.90735e-07
      vertex 8.83016 -27.1764 -1.90735e-07
    endloop
  endfacet
  facet normal 0.34199 -0.939704 0
    outer loop
      vertex 8.83016 -27.1764 -898.2
      vertex 10.7044 -26.4943 -898.2
      vertex 10.7044 -26.4943 -1.90735e-07
    endloop
  endfacet
  facet normal 0 0 1
    outer loop
      vertex 8.83016 -27.1764 -898.2
      vertex 57.325 -64.175 -898.2
      vertex 57.3417 -63.6972 -898.2
    endloop
  endfacet
  facet normal 0 0 1
    outer loop
      vertex 8.83016 -27.1764 -898.2
      vertex 57.3417 -63.6972 -898.2
      vertex 10.7044 -26.4943 -898.2
    endloop
  endfacet
  facet normal 0.34199 0.939704 0
    outer loop
      vertex 8.83016 27.1764 -1.90735e-07
      vertex 10.7044 26.4943 -1.90735e-07
      vertex 10.7044 26.4943 -898.2
    endloop
  endfacet
  facet normal 0 0 1
    outer loop
      vertex 8.83016 27.1764 -1.90735e-07
      vertex 9.56258 23.6682 -1.90735e-07
      vertex 10.7044 26.4943 -1.90735e-07
    endloop
  endfacet
  facet normal 0 0 1
    outer loop
      vertex 8.83016 27.1764 -898.2
      vertex 10.7044 26.4943 -898.2
      vertex 57.3417 63.6972 -898.2
    endloop
  endfacet
  facet normal 0 0 1
    outer loop
      vertex 8.83016 27.1764 -898.2
      vertex 57.3417 63.6972 -898.2
      vertex 57.325 64.175 -898.2
    endloop
  endfacet
  facet normal 0.34199 0.939704 0
    outer loop
      vertex 8.83016 27.1764 -898.2
      vertex 8.83016 27.1764 -1.90735e-07
      vertex 10.7044 26.4943 -898.2
    endloop
  endfacet
  facet normal 1 0 0
    outer loop
      vertex 85.725 -85.725 -898.2
      vertex 85.725 85.725 -907.725
      vertex 85.725 85.725 -898.2
    endloop
  endfacet
  facet normal 1 0 0
    outer loop
      vertex 85.725 -85.725 -907.725
      vertex 85.725 85.725 -907.725
      vertex 85.725 -85.725 -898.2
    endloop
  endfacet
  facet normal 0 0 1
    outer loop
      vertex 9.56258 -23.6682 -1.90735e-07
      vertex 10.7044 -26.4943 -1.90735e-07
      vertex 11.1903 -22.9435 -1.90735e-07
    endloop
  endfacet
  facet normal -0.406733 0.913547 0
    outer loop
      vertex 9.56258 -23.6682 -1.90735e-07
      vertex 11.1903 -22.9435 -1.90735e-07
      vertex 11.1903 -22.9435 -898.2
    endloop
  endfacet
  facet normal -0.406733 0.913547 0
    outer loop
      vertex 9.56258 -23.6682 -898.2
      vertex 11.1903 -22.9435 -898.2
      vertex 11.1903 -22.9435 -907.725
    endloop
  endfacet
  facet normal -0.406733 0.913547 0
    outer loop
      vertex 9.56258 -23.6682 -898.2
      vertex 9.56258 -23.6682 -1.90735e-07
      vertex 11.1903 -22.9435 -898.2
    endloop
  endfacet
  facet normal 0 0 -1
    outer loop
      vertex 9.56258 -23.6682 -907.725
      vertex 11.1903 -22.9435 -907.725
      vertex 57.4747 -62.7508 -907.725
    endloop
  endfacet
  facet normal 0 0 -1
    outer loop
      vertex 9.56258 -23.6682 -907.725
      vertex 57.4747 -62.7508 -907.725
      vertex 57.3917 -63.2216 -907.725
    endloop
  endfacet
  facet normal -0.406733 0.913547 0
    outer loop
      vertex 9.56258 -23.6682 -907.725
      vertex 9.56258 -23.6682 -898.2
      vertex 11.1903 -22.9435 -907.725
    endloop
  endfacet
  facet normal 0 0 1
    outer loop
      vertex 9.56258 23.6682 -1.90735e-07
      vertex 11.1903 22.9435 -1.90735e-07
      vertex 10.7044 26.4943 -1.90735e-07
    endloop
  endfacet
  facet normal -0.406733 -0.913547 0
    outer loop
      vertex 9.56258 23.6682 -898.2
      vertex 11.1903 22.9435 -1.90735e-07
      vertex 9.56258 23.6682 -1.90735e-07
    endloop
  endfacet
  facet normal -0.406733 -0.913547 0
    outer loop
      vertex 9.56258 23.6682 -898.2
      vertex 11.1903 22.9435 -898.2
      vertex 11.1903 22.9435 -1.90735e-07
    endloop
  endfacet
  facet normal -0.406733 -0.913547 0
    outer loop
      vertex 9.56258 23.6682 -907.725
      vertex 11.1903 22.9435 -898.2
      vertex 9.56258 23.6682 -898.2
    endloop
  endfacet
  facet normal -0.406733 -0.913547 0
    outer loop
      vertex 9.56258 23.6682 -907.725
      vertex 11.1903 22.9435 -907.725
      vertex 11.1903 22.9435 -898.2
    endloop
  endfacet
  facet normal 0 0 -1
    outer loop
      vertex 9.56258 23.6682 -907.725
      vertex 57.3917 63.2216 -907.725
      vertex 57.4747 62.7508 -907.725
    endloop
  endfacet
  facet normal 0 0 -1
    outer loop
      vertex 9.56258 23.6682 -907.725
      vertex 57.4747 62.7508 -907.725
      vertex 11.1903 22.9435 -907.725
    endloop
  endfacet
endsolid OpenSCAD_Model
